adm2_pcode,adm2_name,adm1_pcode,adm1_name,wardname,area_km2,pop_total,pop_type,accessible_status,status_source,reporting_partners,reason_category,covering_partners
NG002001,Demsa,NG002,Adamawa,Bille,273.6672926913563,15276.6279296875,Non-IDP,Accessible,confirmed_by_partner_report,FACT,N/A - fully accessible,FACT
NG002001,Demsa,NG002,Adamawa,Borrong,72.07992376403952,5879.435546875,Non-IDP,Inaccessible,confirmed_by_partner_report,FACT,Physical access (terrain,FACT
NG002001,Demsa,NG002,Adamawa,Demsa,243.33806990652704,22542.365234375,Non-IDP,Accessible,confirmed_by_partner_report,FACT,N/A - fully accessible,FACT
NG002001,Demsa,NG002,Adamawa,Dilli,159.4623951074024,5525.09912109375,Non-IDP,Inaccessible,confirmed_by_partner_report,FACT,Other,FACT
NG002001,Demsa,NG002,Adamawa,Dobeli,7.257835388183594e-6,9.725648124003783e-5,Non-IDP,Accessible,default_unreported,NA,NA,FACT
NG002001,Demsa,NG002,Adamawa,Dong,200.52528660694898,20594.8359375,Non-IDP,Accessible,confirmed_by_partner_report,FACT,N/A - fully accessible,FACT
NG002001,Demsa,NG002,Adamawa,Dwam,155.44499573718386,22745.318359375,Non-IDP,Accessible,confirmed_by_partner_report,FACT,N/A - fully accessible,FACT
NG002001,Demsa,NG002,Adamawa,Gengle,20.721241205263482,838.16949462890625,Non-IDP,Inaccessible,confirmed_by_partner_report,FACT,Physical access (terrain,FACT
NG002001,Demsa,NG002,Adamawa,Gereng,0.291794880045414,0,Non-IDP,Accessible,default_unreported,NA,NA,FACT
NG002001,Demsa,NG002,Adamawa,Gorobi,36.60121857758766,1242.0450439453125,Non-IDP,Accessible,default_unreported,NA,NA,FACT
NG002001,Demsa,NG002,Adamawa,Gundo,11.212957745892048,334.16949462890625,Non-IDP,Accessible,default_unreported,NA,NA,FACT
NG002001,Demsa,NG002,Adamawa,Gwamba,152.5249403928023,6047.8857421875,Non-IDP,Inaccessible,confirmed_by_partner_report,FACT,Physical access (terrain,FACT
NG002001,Demsa,NG002,Adamawa,Kodomti,2.0900634856518137,57.0175666809082,Non-IDP,Accessible,default_unreported,NA,NA,FACT
NG002001,Demsa,NG002,Adamawa,Kpasham,252.74620679058884,30512.68359375,Non-IDP,Accessible,confirmed_by_partner_report,FACT,N/A - fully accessible,FACT
NG002001,Demsa,NG002,Adamawa,Libbo,3.1192991049837024,61.42121124267578,Non-IDP,Accessible,default_unreported,NA,NA,FACT
NG002001,Demsa,NG002,Adamawa,Mayo-Lope,2.098045498991769e-5,0.02196350507438183,Non-IDP,Accessible,default_unreported,NA,NA,FACT
NG002001,Demsa,NG002,Adamawa,Mbula,75.33057736321574,3607.09228515625,Non-IDP,Accessible,confirmed_by_partner_report,FACT,N/A - fully accessible,FACT
NG002001,Demsa,NG002,Adamawa,Nassarawo Demsa,138.5315107949438,24696.150390625,Non-IDP,Accessible,confirmed_by_partner_report,FACT,N/A - fully accessible,FACT
NG002001,Demsa,NG002,Adamawa,Ndikong,45.049209141563416,3121.505126953125,Non-IDP,Accessible,default_unreported,NA,NA,FACT
NG002001,Demsa,NG002,Adamawa,Sabon Pegi,11.958952380882204,151.52305603027344,Non-IDP,Accessible,default_unreported,NA,NA,FACT
NG002001,Demsa,NG002,Adamawa,Suktu,51.08139804202239,1183.9293212890625,Non-IDP,Accessible,default_unreported,NA,NA,FACT
NG002001,Demsa,NG002,Adamawa,Yolde Kohi,58.18035554114008,2947.036376953125,Non-IDP,Accessible,default_unreported,NA,NA,FACT
NG002002,Fufore,NG002,Adamawa,Beti,597.9311932478686,41098.578125,Non-IDP,Accessible,confirmed_by_partner_report,FACT,N/A - fully accessible,FACT
NG002002,Fufore,NG002,Adamawa,Bole Yolde Pate,67.90426936197233,3142.256103515625,Non-IDP,Accessible,confirmed_by_partner_report,FACT,N/A - fully accessible,FACT
NG002002,Fufore,NG002,Adamawa,Farang,638.9845646777496,37847.1484375,Non-IDP,Accessible,confirmed_by_partner_report,FACT,N/A - fully accessible,FACT
NG002002,Fufore,NG002,Adamawa,Fufore,101.96804341757345,27929.271484375,Non-IDP,Accessible,confirmed_by_partner_report,FACT,N/A - fully accessible,FACT
NG002002,Fufore,NG002,Adamawa,Girei 2,0.8256390515887737,632.00506591796875,Non-IDP,Accessible,default_unreported,NA,NA,FACT
NG002002,Fufore,NG002,Adamawa,Gurin,621.7470668478176,38694.5859375,Non-IDP,Inaccessible,confirmed_by_partner_report,FACT,Other,FACT
NG002002,Fufore,NG002,Adamawa,Karlahi,418.28041523777625,24103.0390625,Non-IDP,Accessible,default_unreported,NA,NA,FACT
NG002002,Fufore,NG002,Adamawa,Kilange Hirna,63.025488486258745,3769.51513671875,Non-IDP,Accessible,default_unreported,NA,NA,FACT
NG002002,Fufore,NG002,Adamawa,Koma 1,3.2953743397010564,567.39312744140625,Non-IDP,Accessible,default_unreported,NA,NA,FACT
NG002002,Fufore,NG002,Adamawa,Koma 2,6.140246113500357,101.92630004882813,Non-IDP,Accessible,default_unreported,NA,NA,FACT
NG002002,Fufore,NG002,Adamawa,Konkol,32.80339328525415,2747.001708984375,Non-IDP,Accessible,default_unreported,NA,NA,FACT
NG002002,Fufore,NG002,Adamawa,Mapeo,22.93544984600834,2120.131103515625,Non-IDP,Accessible,default_unreported,NA,NA,FACT
NG002002,Fufore,NG002,Adamawa,Mayo Inne,716.2746993465106,43836.234375,Non-IDP,Accessible,confirmed_by_partner_report,FACT,N/A - fully accessible,FACT
NG002002,Fufore,NG002,Adamawa,Mbamba,10.008065600549871,664.6070556640625,Non-IDP,Accessible,default_unreported,NA,NA,FACT
NG002002,Fufore,NG002,Adamawa,Mbilla,1.9260255087539702,1602.38525390625,Non-IDP,Accessible,default_unreported,NA,NA,FACT
NG002002,Fufore,NG002,Adamawa,Modire,29.45299074866712,769.54962158203125,Non-IDP,Accessible,default_unreported,NA,NA,FACT
NG002002,Fufore,NG002,Adamawa,Namtari,2.22750636255907e-4,0.005154266953468323,Non-IDP,Accessible,default_unreported,NA,NA,FACT
NG002002,Fufore,NG002,Adamawa,Ndikong,13.35415087068534,514.8612060546875,Non-IDP,Accessible,default_unreported,NA,NA,FACT
NG002002,Fufore,NG002,Adamawa,Ngurore,0.008207408283300698,0,Non-IDP,Accessible,default_unreported,NA,NA,FACT
NG002002,Fufore,NG002,Adamawa,Pariya,612.9123683121212,38825.453125,Non-IDP,Accessible,confirmed_by_partner_report,FACT,N/A - fully accessible,FACT
NG002002,Fufore,NG002,Adamawa,Ribadu,372.96594679393013,18314.748046875,Non-IDP,Accessible,confirmed_by_partner_report,FACT,N/A - fully accessible,FACT
NG002002,Fufore,NG002,Adamawa,Song Waje,9.751429331896306,1114.4189453125,Non-IDP,Accessible,default_unreported,NA,NA,FACT
NG002002,Fufore,NG002,Adamawa,Uki Tuki,432.75084947516774,9539.923828125,Non-IDP,Accessible,default_unreported,NA,NA,FACT
NG002002,Fufore,NG002,Adamawa,Wuro Bokki,501.4019702919546,31046.08984375,Non-IDP,Accessible,confirmed_by_partner_report,FACT,N/A - fully accessible,FACT
NG002002,Fufore,NG002,Adamawa,Wuro Dole,3.54206560557127,119.76493835449219,Non-IDP,Accessible,default_unreported,NA,NA,FACT
NG002002,Fufore,NG002,Adamawa,Yadim,698.4961739917935,23111.275390625,Non-IDP,Accessible,confirmed_by_partner_report,FACT,N/A - fully accessible,FACT
NG002002,Fufore,NG002,Adamawa,Yoffo,0.3488765225318074,97.68643951416016,Non-IDP,Accessible,default_unreported,NA,NA,FACT
NG002002,Fufore,NG002,Adamawa,Zumo,10.026775432506442,177.42974853515625,Non-IDP,Accessible,default_unreported,NA,NA,FACT
NG002003,Ganye,NG002,Adamawa,Bakari Goso,187.3799077979765,20439.830078125,Non-IDP,Accessible,confirmed_by_partner_report,FACT,N/A - fully accessible,FACT
NG002003,Ganye,NG002,Adamawa,Danaba,5.81723082280606,1107.083984375,Non-IDP,Accessible,default_unreported,NA,NA,FACT
NG002003,Ganye,NG002,Adamawa,Dawo 1,75.69597002075959,341.7181701660156,Non-IDP,Accessible,default_unreported,NA,NA,FACT
NG002003,Ganye,NG002,Adamawa,Gamu,335.90249099500403,17764.41015625,Non-IDP,Accessible,confirmed_by_partner_report,FACT,N/A - fully accessible,FACT
NG002003,Ganye,NG002,Adamawa,Gang Lari,7.719359278678894e-6,4.17873467085883e-4,Non-IDP,Accessible,default_unreported,NA,NA,FACT
NG002003,Ganye,NG002,Adamawa,Gang Tiba,1.203751757144928e-4,5.35210594534874e-4,Non-IDP,Accessible,default_unreported,NA,NA,FACT
NG002003,Ganye,NG002,Adamawa,Ganye 1,4.653091139364183,32197.921875,Non-IDP,Accessible,confirmed_by_partner_report,FACT,N/A - fully accessible,FACT
NG002003,Ganye,NG002,Adamawa,Ganye 2,53.41370061683491,55446.84765625,Non-IDP,Accessible,confirmed_by_partner_report,FACT,N/A - fully accessible,FACT
NG002003,Ganye,NG002,Adamawa,Gurumpawo,658.285806253427,22067.705078125,Non-IDP,Accessible,confirmed_by_partner_report,FACT,N/A - fully accessible,FACT
NG002003,Ganye,NG002,Adamawa,Jaggu,255.18179602301052,23229.8203125,Non-IDP,Accessible,default_unreported,NA,NA,FACT
NG002003,Ganye,NG002,Adamawa,Kiri 2,1.808068319016397,76.844268798828125,Non-IDP,Accessible,default_unreported,NA,NA,FACT
NG002003,Ganye,NG002,Adamawa,Leko,1.709646003345132,56.65764236450195,Non-IDP,Accessible,default_unreported,NA,NA,FACT
NG002003,Ganye,NG002,Adamawa,Mbullo,11.050461479526996,1576.695068359375,Non-IDP,Accessible,default_unreported,NA,NA,FACT
NG002003,Ganye,NG002,Adamawa,Nyibago,45.104354558918104,3029.778076171875,Non-IDP,Inaccessible,confirmed_by_partner_report,FACT,Other,FACT
NG002003,Ganye,NG002,Adamawa,Sangassumi,10.3932935457201,25764.103515625,Non-IDP,Accessible,confirmed_by_partner_report,FACT,N/A - fully accessible,FACT
NG002003,Ganye,NG002,Adamawa,Sugu,460.42461853328706,30806.962890625,Non-IDP,Inaccessible,confirmed_by_partner_report,FACT,Other,FACT
NG002003,Ganye,NG002,Adamawa,Timdore,111.80759874269438,25907.919921875,Non-IDP,Accessible,confirmed_by_partner_report,FACT,N/A - fully accessible,FACT
NG002003,Ganye,NG002,Adamawa,Toungo 3,3.05826224161914,321.7689514160156,Non-IDP,Accessible,default_unreported,NA,NA,FACT
NG002003,Ganye,NG002,Adamawa,Yebbi,384.1362335235939,24299.6875,Non-IDP,Accessible,confirmed_by_partner_report,FACT,N/A - fully accessible,FACT
NG002003,Ganye,NG002,Adamawa,Yeli,13.784536751689165,51.449031829833984,Non-IDP,Accessible,default_unreported,NA,NA,FACT
NG002004,Gombi,NG002,Adamawa,Boga,290.5871190223384,63483.34765625,Non-IDP,Accessible,confirmed_by_partner_report,NRC,N/A - fully accessible,NRC
NG002004,Gombi,NG002,Adamawa,Dirma,3.8049282798936366,443.5428161621094,Non-IDP,Accessible,default_unreported,NA,NA,NRC
NG002004,Gombi,NG002,Adamawa,Duwa,243.23880920116252,77667.1015625,Non-IDP,Accessible,confirmed_by_partner_report,NRC,N/A - fully accessible,NRC
NG002004,Gombi,NG002,Adamawa,Gaanda,397.50437756335737,24534.841796875,Non-IDP,Accessible,confirmed_by_partner_report,NRC,N/A - fully accessible,NRC
NG002004,Gombi,NG002,Adamawa,Gabon,245.33162414328956,52938.26171875,Non-IDP,Accessible,confirmed_by_partner_report,NRC,N/A - fully accessible,NRC
NG002004,Gombi,NG002,Adamawa,Garaha,34.752911135644915,424.255126953125,Non-IDP,Accessible,default_unreported,NA,NA,NRC
NG002004,Gombi,NG002,Adamawa,Garkida,120.705183590457,22750.255859375,Non-IDP,Accessible,confirmed_by_partner_report,NRC,N/A - fully accessible,NRC
NG002004,Gombi,NG002,Adamawa,Gombi North,67.19539391377735,68201.4921875,Non-IDP,Accessible,confirmed_by_partner_report,NRC,N/A - fully accessible,NRC
NG002004,Gombi,NG002,Adamawa,Gombi South,49.56239689972114,66067.484375,Non-IDP,Accessible,confirmed_by_partner_report,NRC,N/A - fully accessible,NRC
NG002004,Gombi,NG002,Adamawa,Gudu Mboi,20.050325228680716,672.3336181640625,Non-IDP,Accessible,default_unreported,NA,NA,NRC
NG002004,Gombi,NG002,Adamawa,Guyaku,335.94678392648007,23235.5078125,Non-IDP,Accessible,confirmed_by_partner_report,NRC,N/A - fully accessible,NRC
NG002004,Gombi,NG002,Adamawa,Gwapopolok,31.261410186166525,452.7330017089844,Non-IDP,Accessible,default_unreported,NA,NA,NRC
NG002004,Gombi,NG002,Adamawa,Hong,17.716369920404198,999.52850341796875,Non-IDP,Accessible,default_unreported,NA,NA,NRC
NG002004,Gombi,NG002,Adamawa,Kilange Funa,13.104579548023938,789.54144287109375,Non-IDP,Accessible,default_unreported,NA,NA,NRC
NG002004,Gombi,NG002,Adamawa,Kwajaffa,0.2360361699615717,0,Non-IDP,Accessible,default_unreported,NA,NA,NRC
NG002004,Gombi,NG002,Adamawa,Ngohi,1.937093357310295,7.130595684051514,Non-IDP,Accessible,default_unreported,NA,NA,NRC
NG002004,Gombi,NG002,Adamawa,Puba Vidau,0.0034599705591769887,0.0010397114092484117,Non-IDP,Accessible,default_unreported,NA,NA,NRC
NG002004,Gombi,NG002,Adamawa,Sigire,60.2291573704228,3143.597900390625,Non-IDP,Accessible,default_unreported,NA,NA,NRC
NG002004,Gombi,NG002,Adamawa,Tawa,642.1106045619936,39409.04296875,Non-IDP,Accessible,confirmed_by_partner_report,NRC,N/A - fully accessible,NRC
NG002004,Gombi,NG002,Adamawa,Thilbang,6.564899498667717,514.6644287109375,Non-IDP,Accessible,default_unreported,NA,NA,NRC
NG002004,Gombi,NG002,Adamawa,Yang,147.15379715001583,29118.978515625,Non-IDP,Accessible,confirmed_by_partner_report,NRC,N/A - fully accessible,NRC
NG002005,Girei,NG002,Adamawa,Borrong,2.6201773445060037,121.5173568725586,Non-IDP,Accessible,default_unreported,NA,NA,FACT
NG002005,Girei,NG002,Adamawa,Dakri,134.45085331803418,20076.82421875,Non-IDP,Accessible,confirmed_by_partner_report,FACT,N/A - fully accessible,FACT
NG002005,Girei,NG002,Adamawa,Damare,38.729470290070054,39823.43359375,Non-IDP,Accessible,confirmed_by_partner_report,FACT,N/A - fully accessible,FACT
NG002005,Girei,NG002,Adamawa,Demsa,38.69543853185296,585.29034423828125,Non-IDP,Accessible,default_unreported,NA,NA,FACT
NG002005,Girei,NG002,Adamawa,Fufore,0.558353009894371,0,Non-IDP,Accessible,default_unreported,NA,NA,FACT
NG002005,Girei,NG002,Adamawa,Gereng,149.3615959524474,5369.34033203125,Non-IDP,Accessible,confirmed_by_partner_report,FACT,N/A - fully accessible,FACT
NG002005,Girei,NG002,Adamawa,Girei 1,72.88225380739165,41821.3828125,Non-IDP,Accessible,confirmed_by_partner_report,FACT,N/A - fully accessible,FACT
NG002005,Girei,NG002,Adamawa,Girei 2,63.72795536615848,16461.056640625,Non-IDP,Accessible,confirmed_by_partner_report,FACT,N/A - fully accessible,FACT
NG002005,Girei,NG002,Adamawa,Gwadabawa,10.664027589390814,7625.67138671875,Non-IDP,Accessible,confirmed_by_partner_report,FACT,N/A - fully accessible,FACT
NG002005,Girei,NG002,Adamawa,Jera Bakari,163.03780479228666,8463.3623046875,Non-IDP,Inaccessible,confirmed_by_partner_report,FACT,Other,FACT
NG002005,Girei,NG002,Adamawa,Jera Bonyo,142.30000440960148,8418.724609375,Non-IDP,Accessible,confirmed_by_partner_report,FACT,N/A - fully accessible,FACT
NG002005,Girei,NG002,Adamawa,Kilange Hirna,0.866546362262249,65.94566345214844,Non-IDP,Accessible,default_unreported,NA,NA,FACT
NG002005,Girei,NG002,Adamawa,Limawa,0.3382290240151286,2151.494140625,Non-IDP,Inaccessible,confirmed_by_partner_report,FACT,Other,FACT
NG002005,Girei,NG002,Adamawa,Mbamba,13.251479765318871,202.80267333984375,Non-IDP,Accessible,default_unreported,NA,NA,FACT
NG002005,Girei,NG002,Adamawa,Modire,159.75080892661296,46273.83984375,Non-IDP,Accessible,confirmed_by_partner_report,FACT,N/A - fully accessible,FACT
NG002005,Girei,NG002,Adamawa,Namtari,5.127856382727623e-5,4.811359758605249e-5,Non-IDP,Accessible,default_unreported,NA,NA,FACT
NG002005,Girei,NG002,Adamawa,Ngurore,2.299302816390991e-6,0,Non-IDP,Accessible,default_unreported,NA,NA,FACT
NG002005,Girei,NG002,Adamawa,Pariya,69.78265881683434,3266.62890625,Non-IDP,Accessible,confirmed_by_partner_report,FACT,N/A - fully accessible,FACT
NG002005,Girei,NG002,Adamawa,Song Waje,44.34108618459558,2316.185546875,Non-IDP,Accessible,confirmed_by_partner_report,FACT,N/A - fully accessible,FACT
NG002005,Girei,NG002,Adamawa,Suktu,66.60340969618389,3152.494140625,Non-IDP,Accessible,default_unreported,NA,NA,FACT
NG002005,Girei,NG002,Adamawa,Tambo,135.58248407464396,4699.578125,Non-IDP,Inaccessible,confirmed_by_partner_report,FACT,Other,FACT
NG002005,Girei,NG002,Adamawa,Wuro Dole,199.03566860077362,22761.380859375,Non-IDP,Accessible,confirmed_by_partner_report,FACT,N/A - fully accessible,FACT
NG002006,Guyuk,NG002,Adamawa,Banjiram,50.82174984227121,25614.404296875,Non-IDP,Accessible,confirmed_by_partner_report,FACT,N/A - fully accessible,FACT
NG002006,Guyuk,NG002,Adamawa,Bobini,88.40719097000373,13473.1328125,Non-IDP,Inaccessible,confirmed_by_partner_report,FACT,Physical access (terrain,FACT
NG002006,Guyuk,NG002,Adamawa,Bodeno,70.34968059637869,26067.158203125,Non-IDP,Inaccessible,confirmed_by_partner_report,FACT,Physical access (terrain,FACT
NG002006,Guyuk,NG002,Adamawa,Chikila,160.47434267290464,38943.01171875,Non-IDP,Accessible,confirmed_by_partner_report,FACT,N/A - fully accessible,FACT
NG002006,Guyuk,NG002,Adamawa,Dukul,84.19676877349818,11072.8701171875,Non-IDP,Inaccessible,confirmed_by_partner_report,FACT,Physical access (terrain,FACT
NG002006,Guyuk,NG002,Adamawa,Dumna,66.42075994246667,29762.126953125,Non-IDP,Inaccessible,confirmed_by_partner_report,FACT,Physical access (terrain,FACT
NG002006,Guyuk,NG002,Adamawa,Gora,11.483752351134939,1362.1563720703125,Non-IDP,Inaccessible,confirmed_by_partner_report,FACT,Other,FACT
NG002006,Guyuk,NG002,Adamawa,Gundo,5.470653395118117,10.894619941711426,Non-IDP,Accessible,default_unreported,NA,NA,FACT
NG002006,Guyuk,NG002,Adamawa,Guyuk,87.03817248890019,60878.73828125,Non-IDP,Inaccessible,confirmed_by_partner_report,FACT,Physical access (terrain,FACT
NG002006,Guyuk,NG002,Adamawa,Gyawana,0.6713584298366309,0,Non-IDP,Accessible,default_unreported,NA,NA,FACT
NG002006,Guyuk,NG002,Adamawa,Jumbul,2.739933282136917e-5,0,Non-IDP,Accessible,default_unreported,NA,NA,FACT
NG002006,Guyuk,NG002,Adamawa,Ketembere,0.023956150245830417,0.004045148845762014,Non-IDP,Accessible,default_unreported,NA,NA,FACT
NG002006,Guyuk,NG002,Adamawa,Kindiyo,0.03769732846809388,12.889490127563477,Non-IDP,Accessible,default_unreported,NA,NA,FACT
NG002006,Guyuk,NG002,Adamawa,Kola,71.65177376192665,44326.109375,Non-IDP,Accessible,confirmed_by_partner_report,FACT,N/A - fully accessible,FACT
NG002006,Guyuk,NG002,Adamawa,Kombo,6.031766623925186,2351.9228515625,Non-IDP,Inaccessible,confirmed_by_partner_report,FACT,Other,FACT
NG002006,Guyuk,NG002,Adamawa,Lafiya,19.73406285546128,895.083984375,Non-IDP,Accessible,default_unreported,NA,NA,FACT
NG002006,Guyuk,NG002,Adamawa,Lokoro,53.47196227113533,7151.88671875,Non-IDP,Accessible,default_unreported,NA,NA,FACT
NG002006,Guyuk,NG002,Adamawa,Nyuwar / Jessu,9.028860030833904,984.164306640625,Non-IDP,Accessible,default_unreported,NA,NA,FACT
NG002006,Guyuk,NG002,Adamawa,Purakayo,73.06830515553486,29223.841796875,Non-IDP,Inaccessible,confirmed_by_partner_report,FACT,Physical access (terrain,FACT
NG002006,Guyuk,NG002,Adamawa,Shelleng,1.2533717858791352e-4,0.009707040153443813,Non-IDP,Accessible,default_unreported,NA,NA,FACT
NG002006,Guyuk,NG002,Adamawa,Talum,1.5124459528017808,11.455431938171387,Non-IDP,Accessible,default_unreported,NA,NA,FACT
NG002007,Hong,NG002,Adamawa,Bangshika,295.90330265206813,19220.447265625,Non-IDP,Accessible,confirmed_by_partner_report,NRC,N/A - fully accessible,NRC
NG002007,Hong,NG002,Adamawa,Betso,0.05731501834052801,23.602161407470703,Non-IDP,Accessible,default_unreported,NA,NA,NRC
NG002007,Hong,NG002,Adamawa,Daksiri,382.82164279004,16603.375,Non-IDP,Accessible,confirmed_by_partner_report,NRC,N/A - fully accessible,NRC
NG002007,Hong,NG002,Adamawa,Digil,18.15100335510063,547.2791748046875,Non-IDP,Accessible,default_unreported,NA,NA,NRC
NG002007,Hong,NG002,Adamawa,Garaha,863.6055184979743,14327.8544921875,Non-IDP,Accessible,confirmed_by_partner_report,NRC,N/A - fully accessible,NRC
NG002007,Hong,NG002,Adamawa,Gaya-Sikalmi,497.67122684020995,15340.8212890625,Non-IDP,Accessible,confirmed_by_partner_report,NRC,N/A - fully accessible,NRC
NG002007,Hong,NG002,Adamawa,Guyaku,18.115705410352707,920.2587890625,Non-IDP,Accessible,default_unreported,NA,NA,NRC
NG002007,Hong,NG002,Adamawa,Hausari Zadawa,4.020525722126313e-4,0.0012300284579396248,Non-IDP,Accessible,default_unreported,NA,NA,NRC
NG002007,Hong,NG002,Adamawa,Hildi,62.731501156250715,10147.201171875,Non-IDP,Accessible,confirmed_by_partner_report,NRC,N/A - fully accessible,NRC
NG002007,Hong,NG002,Adamawa,Hong,152.77831200862647,14481.7529296875,Non-IDP,Accessible,confirmed_by_partner_report,NRC,N/A - fully accessible,NRC
NG002007,Hong,NG002,Adamawa,Hoserezum,363.8310229818002,13630.9248046875,Non-IDP,Accessible,confirmed_by_partner_report,NRC,N/A - fully accessible,NRC
NG002007,Hong,NG002,Adamawa,Humbutudi,6.171489147203803,285.87921142578125,Non-IDP,Accessible,default_unreported,NA,NA,NRC
NG002007,Hong,NG002,Adamawa,Hussari Tampul,1.4515617368422746,2014.9666748046875,Non-IDP,Accessible,default_unreported,NA,NA,NRC
NG002007,Hong,NG002,Adamawa,Kilange Funa,24.608517602746964,449.6089172363281,Non-IDP,Accessible,default_unreported,NA,NA,NRC
NG002007,Hong,NG002,Adamawa,Kwarhi,53.01717411431408,4084.565185546875,Non-IDP,Accessible,confirmed_by_partner_report,NRC,N/A - fully accessible,NRC
NG002007,Hong,NG002,Adamawa,Manjekin,1.354308387677447e-4,0.027567975223064423,Non-IDP,Accessible,default_unreported,NA,NA,NRC
NG002007,Hong,NG002,Adamawa,Mayo Bani,0.9807347646632194,111.21971893310547,Non-IDP,Accessible,default_unreported,NA,NA,NRC
NG002007,Hong,NG002,Adamawa,Mayo Lope,185.2649275489533,16766.392578125,Non-IDP,Accessible,confirmed_by_partner_report,NRC,N/A - fully accessible,NRC
NG002007,Hong,NG002,Adamawa,Mugulbu,0.26426779890805485,9.386148452758789,Non-IDP,Accessible,default_unreported,NA,NA,NRC
NG002007,Hong,NG002,Adamawa,Ngohi,2.3902970842717663,79.17394256591797,Non-IDP,Accessible,default_unreported,NA,NA,NRC
NG002007,Hong,NG002,Adamawa,Shangui,80.18813113996602,7342.47998046875,Non-IDP,Accessible,confirmed_by_partner_report,NRC,N/A - fully accessible,NRC
NG002007,Hong,NG002,Adamawa,Thilbang,243.47872856812572,24128.783203125,Non-IDP,Accessible,confirmed_by_partner_report,NRC,N/A - fully accessible,NRC
NG002007,Hong,NG002,Adamawa,Uba,12.08439571729958,11712.4384765625,Non-IDP,Accessible,confirmed_by_partner_report,NRC,N/A - fully accessible,NRC
NG002007,Hong,NG002,Adamawa,Uvu Uda,0.7781204490581751,35.43453598022461,Non-IDP,Accessible,default_unreported,NA,NA,NRC
NG002007,Hong,NG002,Adamawa,Yelwa,37.88486829634333,258.4407043457031,Non-IDP,Accessible,default_unreported,NA,NA,NRC
NG002007,Hong,NG002,Adamawa,Zumo,77.13859705307596,489.05902099609375,Non-IDP,Accessible,default_unreported,NA,NA,NRC
NG002008,Jada,NG002,Adamawa,Bakari Goso,25.49990460202534,3899.085205078125,Non-IDP,Accessible,default_unreported,NA,NA,FACT
NG002008,Jada,NG002,Adamawa,Beti,2.0155609551793336,111.29833221435547,Non-IDP,Accessible,default_unreported,NA,NA,FACT
NG002008,Jada,NG002,Adamawa,Danaba,210.88165848644508,25944.44921875,Non-IDP,Inaccessible,confirmed_by_partner_report,FACT,Other,FACT
NG002008,Jada,NG002,Adamawa,Gang Fada,2.961944398788929,78.803985595703125,Non-IDP,Accessible,default_unreported,NA,NA,FACT
NG002008,Jada,NG002,Adamawa,Ganye 2,0.07466972748917342,0.48056259751319885,Non-IDP,Accessible,default_unreported,NA,NA,FACT
NG002008,Jada,NG002,Adamawa,Jada 1,80.39025769520927,17203.04296875,Non-IDP,Accessible,confirmed_by_partner_report,FACT,N/A - fully accessible,FACT
NG002008,Jada,NG002,Adamawa,Jada 2,181.15260329353237,32693.564453125,Non-IDP,Accessible,confirmed_by_partner_report,FACT,N/A - fully accessible,FACT
NG002008,Jada,NG002,Adamawa,Jaggu,1.363637262685269,547.154541015625,Non-IDP,Accessible,default_unreported,NA,NA,FACT
NG002008,Jada,NG002,Adamawa,Karlahi,0.24156429586774758,21.174816131591797,Non-IDP,Accessible,default_unreported,NA,NA,FACT
NG002008,Jada,NG002,Adamawa,Koma 1,282.67297076140596,23430.31640625,Non-IDP,Accessible,confirmed_by_partner_report,FACT,N/A - fully accessible,FACT
NG002008,Jada,NG002,Adamawa,Koma 2,419.7585163418343,20408.21875,Non-IDP,Accessible,confirmed_by_partner_report,FACT,N/A - fully accessible,FACT
NG002008,Jada,NG002,Adamawa,Leko,340.158584376291,42200.24609375,Non-IDP,Accessible,confirmed_by_partner_report,FACT,N/A - fully accessible,FACT
NG002008,Jada,NG002,Adamawa,Mapeo,337.28665628209467,33033.53515625,Non-IDP,Accessible,confirmed_by_partner_report,FACT,N/A - fully accessible,FACT
NG002008,Jada,NG002,Adamawa,Mayo Farang,9.637409548015507,378.3306884765625,Non-IDP,Accessible,default_unreported,NA,NA,FACT
NG002008,Jada,NG002,Adamawa,Mayo Inne,143.59580116913415,5349.5,Non-IDP,Inaccessible,confirmed_by_partner_report,FACT,Other,FACT
NG002008,Jada,NG002,Adamawa,Mayo Kalaye,360.075918878612,19192.89453125,Non-IDP,Accessible,confirmed_by_partner_report,FACT,N/A - fully accessible,FACT
NG002008,Jada,NG002,Adamawa,Mbullo,239.62385681569623,17358.095703125,Non-IDP,Accessible,confirmed_by_partner_report,FACT,N/A - fully accessible,FACT
NG002008,Jada,NG002,Adamawa,Nyibago,176.69899149140835,21065.966796875,Non-IDP,Accessible,confirmed_by_partner_report,FACT,N/A - fully accessible,FACT
NG002008,Jada,NG002,Adamawa,Timdore,27.74806613389214,5112.53173828125,Non-IDP,Accessible,confirmed_by_partner_report,FACT,N/A - fully accessible,FACT
NG002008,Jada,NG002,Adamawa,Tola,3.2956395742778777,19.863908767700195,Non-IDP,Accessible,default_unreported,NA,NA,FACT
NG002008,Jada,NG002,Adamawa,Yadim,0.005868843300131149,0.5086657404899597,Non-IDP,Accessible,default_unreported,NA,NA,FACT
NG002008,Jada,NG002,Adamawa,Yebbi,4.234971357558608,259.7737121582031,Non-IDP,Accessible,default_unreported,NA,NA,FACT
NG002008,Jada,NG002,Adamawa,Yeli,432.31977457191886,69121.359375,Non-IDP,Accessible,confirmed_by_partner_report,FACT,N/A - fully accessible,FACT
NG002009,Lamurde,NG002,Adamawa,Bambam,7.991013422608375e-6,5.814458127133548e-4,Non-IDP,Accessible,default_unreported,NA,NA,NRC
NG002009,Lamurde,NG002,Adamawa,Bare,3.8846593909988405,50.5912971496582,Non-IDP,Accessible,default_unreported,NA,NA,NRC
NG002009,Lamurde,NG002,Adamawa,Chikila,0.04195555716240406,0.003609690349549055,Non-IDP,Accessible,default_unreported,NA,NA,NRC
NG002009,Lamurde,NG002,Adamawa,Dadiya,7.797376271169069e-5,2.0614081586245447e-4,Non-IDP,Accessible,default_unreported,NA,NA,NRC
NG002009,Lamurde,NG002,Adamawa,Dubange,69.48245629718423,3503.4990234375,Non-IDP,Accessible,confirmed_by_partner_report,NRC,N/A - fully accessible,NRC
NG002009,Lamurde,NG002,Adamawa,Dumna,1.205527629926145,2004.10791015625,Non-IDP,Accessible,confirmed_by_partner_report,NRC,N/A - fully accessible,NRC
NG002009,Lamurde,NG002,Adamawa,Gamadiyo,11.25769723576665,3.812277317047119,Non-IDP,Accessible,default_unreported,NA,NA,NRC
NG002009,Lamurde,NG002,Adamawa,Gundo,24.392022296400963,263.1770935058594,Non-IDP,Accessible,default_unreported,NA,NA,NRC
NG002009,Lamurde,NG002,Adamawa,Gyawana,123.88002775202735,17370.28125,Non-IDP,Accessible,confirmed_by_partner_report,NRC,N/A - fully accessible,NRC
NG002009,Lamurde,NG002,Adamawa,Imburu,1.0037484013855458,0,Non-IDP,Accessible,default_unreported,NA,NA,NRC
NG002009,Lamurde,NG002,Adamawa,Jen Ardido,3.41119649708271e-5,0,Non-IDP,Accessible,default_unreported,NA,NA,NRC
NG002009,Lamurde,NG002,Adamawa,Jen Kaigama,9.047705032188241e-5,0,Non-IDP,Accessible,default_unreported,NA,NA,NRC
NG002009,Lamurde,NG002,Adamawa,Kindiyo,0.0067404973163306715,2.5172510147094727,Non-IDP,Accessible,default_unreported,NA,NA,NRC
NG002009,Lamurde,NG002,Adamawa,Kodomti,42.083770706789736,150.73672485351563,Non-IDP,Accessible,default_unreported,NA,NA,NRC
NG002009,Lamurde,NG002,Adamawa,Kola,2.4945151954889296e-6,8.080729116954899e-7,Non-IDP,Accessible,default_unreported,NA,NA,NRC
NG002009,Lamurde,NG002,Adamawa,Lafiya,78.2404070534547,28606.796875,Non-IDP,Accessible,confirmed_by_partner_report,NRC,N/A - fully accessible,NRC
NG002009,Lamurde,NG002,Adamawa,Lamurde,72.36908544445228,16735.470703125,Non-IDP,Accessible,confirmed_by_partner_report,NRC,N/A - fully accessible,NRC
NG002009,Lamurde,NG002,Adamawa,Mona,8.660073071718216e-5,0.0039998856373131275,Non-IDP,Accessible,default_unreported,NA,NA,NRC
NG002009,Lamurde,NG002,Adamawa,Ngbakawo,64.59965785459542,2053.8466796875,Non-IDP,Accessible,confirmed_by_partner_report,NRC,N/A - fully accessible,NRC
NG002009,Lamurde,NG002,Adamawa,Ngbebogun,217.36180884223688,9768.099609375,Non-IDP,Accessible,confirmed_by_partner_report,NRC,N/A - fully accessible,NRC
NG002009,Lamurde,NG002,Adamawa,Nyuwar / Jessu,4.3765235407836734e-4,0.02074407786130905,Non-IDP,Accessible,default_unreported,NA,NA,NRC
NG002009,Lamurde,NG002,Adamawa,Opalo,45.09021402129674,3172.157470703125,Non-IDP,Accessible,confirmed_by_partner_report,NRC,N/A - fully accessible,NRC
NG002009,Lamurde,NG002,Adamawa,Rigange,51.34027121928078,5101.60498046875,Non-IDP,Accessible,confirmed_by_partner_report,NRC,N/A - fully accessible,NRC
NG002009,Lamurde,NG002,Adamawa,Suwa,401.55081291676504,20687.8984375,Non-IDP,Accessible,confirmed_by_partner_report,NRC,N/A - fully accessible,NRC
NG002009,Lamurde,NG002,Adamawa,Vulpi,17.595549764437912,228.6588897705078,Non-IDP,Accessible,default_unreported,NA,NA,NRC
NG002009,Lamurde,NG002,Adamawa,Waduku,151.87367836118543,15379.02734375,Non-IDP,Accessible,confirmed_by_partner_report,NRC,N/A - fully accessible,NRC
NG002010,Madagali,NG002,Adamawa,Bebel,81.6252551120491,19227.626953125,Non-IDP,Accessible,default_unreported,NA,NA,Street Child of Nigeria
NG002010,Madagali,NG002,Adamawa,Bita Izge,7.281608882628046,2711.012939453125,Non-IDP,Accessible,default_unreported,NA,NA,Street Child of Nigeria
NG002010,Madagali,NG002,Adamawa,Duhu,92.70015105868917,28116.392578125,Non-IDP,Accessible,default_unreported,NA,NA,Street Child of Nigeria
NG002010,Madagali,NG002,Adamawa,Garta,9.74003432129389,897.9691162109375,Non-IDP,Accessible,default_unreported,NA,NA,Street Child of Nigeria
NG002010,Madagali,NG002,Adamawa,Gulak,190.7299845938617,58045.078125,Non-IDP,Accessible,default_unreported,NA,NA,Street Child of Nigeria
NG002010,Madagali,NG002,Adamawa,Hambagda Limankara Jaje,0.15513688979146792,121.84507751464844,Non-IDP,Accessible,default_unreported,NA,NA,Street Child of Nigeria
NG002010,Madagali,NG002,Adamawa,Hyambula,53.79765134718451,14424.3955078125,Non-IDP,Accessible,default_unreported,NA,NA,Street Child of Nigeria
NG002010,Madagali,NG002,Adamawa,Kirchinga,122.29536536093876,13175.8583984375,Non-IDP,Accessible,default_unreported,NA,NA,Street Child of Nigeria
NG002010,Madagali,NG002,Adamawa,Madagali,12.71943652244091,43019.10546875,Non-IDP,Accessible,default_unreported,NA,NA,Street Child of Nigeria
NG002010,Madagali,NG002,Adamawa,Ngurthavu Kopa,0.1425049240682825,32.05160903930664,Non-IDP,Accessible,default_unreported,NA,NA,Street Child of Nigeria
NG002010,Madagali,NG002,Adamawa,Ninkisi / Wuro Ngiki,4.3079025402882545,552.72662353515625,Non-IDP,Accessible,default_unreported,NA,NA,Street Child of Nigeria
NG002010,Madagali,NG002,Adamawa,Pallam,169.72149916922592,21089.8984375,Non-IDP,Accessible,default_unreported,NA,NA,Street Child of Nigeria
NG002010,Madagali,NG002,Adamawa,Sukur,141.488436297884,41718.81640625,Non-IDP,Accessible,default_unreported,NA,NA,Street Child of Nigeria
NG002010,Madagali,NG002,Adamawa,Tumbara / Ngabili,1.083904290139243,64.572479248046875,Non-IDP,Accessible,default_unreported,NA,NA,Street Child of Nigeria
NG002010,Madagali,NG002,Adamawa,Waga-Chakawa,148.01065535586685,20416.451171875,Non-IDP,Accessible,default_unreported,NA,NA,Street Child of Nigeria
NG002010,Madagali,NG002,Adamawa,Wula,28.24670404321742,5083.25927734375,Non-IDP,Accessible,default_unreported,NA,NA,Street Child of Nigeria
NG002011,Maiha,NG002,Adamawa,Belel,173.38163809209703,35356.7265625,Non-IDP,Accessible,confirmed_by_partner_report,NRC,N/A - fully accessible,NRC
NG002011,Maiha,NG002,Adamawa,Farang,1.1214307018311229e-4,4.31230291724205e-4,Non-IDP,Accessible,default_unreported,NA,NA,NRC
NG002011,Maiha,NG002,Adamawa,Hoserezum,7.117797314822554,326.89215087890625,Non-IDP,Accessible,default_unreported,NA,NA,NRC
NG002011,Maiha,NG002,Adamawa,Humbutudi,102.34129540175701,4626.109375,Non-IDP,Accessible,confirmed_by_partner_report,NRC,N/A - fully accessible,NRC
NG002011,Maiha,NG002,Adamawa,Konkol,127.31886752799602,18210.79296875,Non-IDP,Accessible,confirmed_by_partner_report,NRC,N/A - fully accessible,NRC
NG002011,Maiha,NG002,Adamawa,Maiha Gari,74.56454164770746,27232.060546875,Non-IDP,Accessible,default_unreported,NA,NA,NRC
NG002011,Maiha,NG002,Adamawa,Manjekin,132.3100876735528,6948.7421875,Non-IDP,Accessible,confirmed_by_partner_report,NRC,N/A - fully accessible,NRC
NG002011,Maiha,NG002,Adamawa,Mayo Nguli,82.75903399515259,30712.51171875,Non-IDP,Accessible,confirmed_by_partner_report,NRC,N/A - fully accessible,NRC
NG002011,Maiha,NG002,Adamawa,Mugulbu,0.9125443437769413,81.6003189086914,Non-IDP,Accessible,default_unreported,NA,NA,NRC
NG002011,Maiha,NG002,Adamawa,Nduku,3.537162852452874,697.548583984375,Non-IDP,Accessible,confirmed_by_partner_report,NRC,N/A - fully accessible,NRC
NG002011,Maiha,NG002,Adamawa,Pakka,19.717796656429172,7876.92333984375,Non-IDP,Accessible,confirmed_by_partner_report,NRC,N/A - fully accessible,NRC
NG002011,Maiha,NG002,Adamawa,Sorau A,415.5581768463087,29778.515625,Non-IDP,Accessible,confirmed_by_partner_report,NRC,N/A - fully accessible,NRC
NG002011,Maiha,NG002,Adamawa,Sorau B,397.5578274003113,27648.11328125,Non-IDP,Accessible,confirmed_by_partner_report,NRC,N/A - fully accessible,NRC
NG002011,Maiha,NG002,Adamawa,Tambajam,110.12207415412426,19463,Non-IDP,Accessible,confirmed_by_partner_report,NRC,N/A - fully accessible,NRC
NG002011,Maiha,NG002,Adamawa,Zumo,26.13496735660279,1740.2923583984375,Non-IDP,Accessible,confirmed_by_partner_report,NRC,N/A - fully accessible,NRC
NG002012,Mayo-Belwa,NG002,Adamawa,Bajama,186.2229171659911,11632.6396484375,Non-IDP,Accessible,confirmed_by_partner_report,FACT,N/A - fully accessible,FACT
NG002012,Mayo-Belwa,NG002,Adamawa,Bille,4.179029224027053,174.4573974609375,Non-IDP,Accessible,default_unreported,NA,NA,FACT
NG002012,Mayo-Belwa,NG002,Adamawa,Binyeri,123.48995042630101,10669.38671875,Non-IDP,Inaccessible,confirmed_by_partner_report,FACT,Other,FACT
NG002012,Mayo-Belwa,NG002,Adamawa,Bubong,0.11380618765616417,24.24898338317871,Non-IDP,Accessible,default_unreported,NA,NA,FACT
NG002012,Mayo-Belwa,NG002,Adamawa,Dankum,0.004489848410991829,0.018177058547735214,Non-IDP,Accessible,default_unreported,NA,NA,FACT
NG002012,Mayo-Belwa,NG002,Adamawa,Gang Fada,146.89040457812692,6764.6220703125,Non-IDP,Accessible,confirmed_by_partner_report,FACT,N/A - fully accessible,FACT
NG002012,Mayo-Belwa,NG002,Adamawa,Gang Tiba,0.2836872263810635,22.357315063476563,Non-IDP,Accessible,default_unreported,NA,NA,FACT
NG002012,Mayo-Belwa,NG002,Adamawa,Gengle,284.079487585665,15940.953125,Non-IDP,Inaccessible,confirmed_by_partner_report,FACT,Physical access (terrain,FACT
NG002012,Mayo-Belwa,NG002,Adamawa,Gorobi,245.0490494604445,11664.36328125,Non-IDP,Inaccessible,confirmed_by_partner_report,FACT,Physical access (terrain,FACT
NG002012,Mayo-Belwa,NG002,Adamawa,Jereng,228.070810723989,14454.447265625,Non-IDP,Accessible,confirmed_by_partner_report,FACT,N/A - fully accessible,FACT
NG002012,Mayo-Belwa,NG002,Adamawa,Kpasham,1.0246941840831338,209.1394500732422,Non-IDP,Accessible,default_unreported,NA,NA,FACT
NG002012,Mayo-Belwa,NG002,Adamawa,Mayo Farang,499.28203488153554,27750.0078125,Non-IDP,Accessible,confirmed_by_partner_report,FACT,N/A - fully accessible,FACT
NG002012,Mayo-Belwa,NG002,Adamawa,Mayo Inne,92.11611051603883,5312.56201171875,Non-IDP,Inaccessible,confirmed_by_partner_report,FACT,Other,FACT
NG002012,Mayo-Belwa,NG002,Adamawa,Mayo Kalaye,2.6976136002337774,275.5903015136719,Non-IDP,Accessible,default_unreported,NA,NA,FACT
NG002012,Mayo-Belwa,NG002,Adamawa,Mayo-Lope,3.913371446098609e-5,6.772510096197948e-5,Non-IDP,Accessible,default_unreported,NA,NA,FACT
NG002012,Mayo-Belwa,NG002,Adamawa,Mbilla,31.066115855132402,20590.6875,Non-IDP,Accessible,confirmed_by_partner_report,FACT,N/A - fully accessible,FACT
NG002012,Mayo-Belwa,NG002,Adamawa,Mbullo,1.9927883185884654,89.62080383300781,Non-IDP,Accessible,default_unreported,NA,NA,FACT
NG002012,Mayo-Belwa,NG002,Adamawa,Nassarawo Demsa,0.23398247140067815,11.357871055603027,Non-IDP,Accessible,default_unreported,NA,NA,FACT
NG002012,Mayo-Belwa,NG002,Adamawa,Ndikong,275.63889790390004,16765.931640625,Non-IDP,Inaccessible,confirmed_by_partner_report,FACT,Physical access (terrain,FACT
NG002012,Mayo-Belwa,NG002,Adamawa,Ngurore,0.03762287304154038,16.897663116455078,Non-IDP,Accessible,default_unreported,NA,NA,FACT
NG002012,Mayo-Belwa,NG002,Adamawa,Pupule,5.715907111018896e-5,8.981624705484137e-5,Non-IDP,Accessible,default_unreported,NA,NA,FACT
NG002012,Mayo-Belwa,NG002,Adamawa,Ribadu,83.0948298669231,7264.517578125,Non-IDP,Accessible,confirmed_by_partner_report,FACT,N/A - fully accessible,FACT
NG002012,Mayo-Belwa,NG002,Adamawa,Tagallang,6.76013705946716e-5,0.006616111844778061,Non-IDP,Accessible,default_unreported,NA,NA,FACT
NG002012,Mayo-Belwa,NG002,Adamawa,Tola,184.07982076765728,12900.595703125,Non-IDP,Accessible,confirmed_by_partner_report,FACT,N/A - fully accessible,FACT
NG002012,Mayo-Belwa,NG002,Adamawa,Yebbi,20.636605288796083,517.83599853515625,Non-IDP,Accessible,default_unreported,NA,NA,FACT
NG002012,Mayo-Belwa,NG002,Adamawa,Yoffo,230.30521868956495,12802.203125,Non-IDP,Accessible,default_unreported,NA,NA,FACT
NG002012,Mayo-Belwa,NG002,Adamawa,Zing,7.689256072044372e-7,8.8729546405375e-5,Non-IDP,Accessible,default_unreported,NA,NA,FACT
NG002013,Michika,NG002,Adamawa,Bazza Margi,41.46044194123686,7548.12353515625,Non-IDP,Accessible,confirmed_by_partner_report,NRC,N/A - fully accessible,NRC
NG002013,Michika,NG002,Adamawa,Betso,11.67528500794357,2523.968994140625,Non-IDP,Accessible,default_unreported,NA,NA,NRC
NG002013,Michika,NG002,Adamawa,Dille Huyim,0.024799378284174004,1.5429786443710327,Non-IDP,Accessible,default_unreported,NA,NA,NRC
NG002013,Michika,NG002,Adamawa,Duhu,0.08255975311034917,30.60960578918457,Non-IDP,Accessible,default_unreported,NA,NA,NRC
NG002013,Michika,NG002,Adamawa,Futuless,79.76750663038588,13441.3056640625,Non-IDP,Accessible,confirmed_by_partner_report,NRC,N/A - fully accessible,NRC
NG002013,Michika,NG002,Adamawa,Garta,76.37126619569754,11407.056640625,Non-IDP,Accessible,confirmed_by_partner_report,NRC,N/A - fully accessible,NRC
NG002013,Michika,NG002,Adamawa,Hussari Tampul,9.049946693976015,642.06158447265625,Non-IDP,Accessible,default_unreported,NA,NA,NRC
NG002013,Michika,NG002,Adamawa,Jigalambu,57.56587093422713,12730.8310546875,Non-IDP,Accessible,confirmed_by_partner_report,NRC,N/A - fully accessible,NRC
NG002013,Michika,NG002,Adamawa,Kirchinga,1.606295576509878,386.9957580566406,Non-IDP,Accessible,default_unreported,NA,NA,NRC
NG002013,Michika,NG002,Adamawa,Lassa,1.295426890850067e-4,0.005003817845135927,Non-IDP,Accessible,default_unreported,NA,NA,NRC
NG002013,Michika,NG002,Adamawa,Madzi,59.09018780278206,14135.927734375,Non-IDP,Accessible,confirmed_by_partner_report,NRC,N/A - fully accessible,NRC
NG002013,Michika,NG002,Adamawa,Michika 1,4.409015942379236,13913.31640625,Non-IDP,Accessible,confirmed_by_partner_report,NRC,N/A - fully accessible,NRC
NG002013,Michika,NG002,Adamawa,Michika 2,20.151203514565946,25427.0859375,Non-IDP,Accessible,confirmed_by_partner_report,NRC,N/A - fully accessible,NRC
NG002013,Michika,NG002,Adamawa,Mijilu,14.301249791456907,1477.4486083984375,Non-IDP,Accessible,default_unreported,NA,NA,NRC
NG002013,Michika,NG002,Adamawa,Moda / Dlaka,21.843030114282072,12984.091796875,Non-IDP,Accessible,confirmed_by_partner_report,NRC,N/A - fully accessible,NRC
NG002013,Michika,NG002,Adamawa,Munkavachitta,20.66298403774154,4824.619140625,Non-IDP,Accessible,confirmed_by_partner_report,NRC,N/A - fully accessible,NRC
NG002013,Michika,NG002,Adamawa,Ngurthavu Kopa,7.430383685834886e-5,0.0018056586850434542,Non-IDP,Accessible,default_unreported,NA,NA,NRC
NG002013,Michika,NG002,Adamawa,Ninkisi / Wuro Ngiki,86.28296872357632,22122.9296875,Non-IDP,Accessible,confirmed_by_partner_report,NRC,N/A - fully accessible,NRC
NG002013,Michika,NG002,Adamawa,Pallam,0.7428562665712833,1.7096222639083862,Non-IDP,Accessible,default_unreported,NA,NA,NRC
NG002013,Michika,NG002,Adamawa,Sina Kamale,71.02190523907603,8637.087890625,Non-IDP,Accessible,default_unreported,NA,NA,NRC
NG002013,Michika,NG002,Adamawa,Tsukumu / Tilijo,96.98552675486613,16675.4375,Non-IDP,Accessible,confirmed_by_partner_report,NRC,N/A - fully accessible,NRC
NG002013,Michika,NG002,Adamawa,Tumbara / Ngabili,80.79255075792193,5218.62255859375,Non-IDP,Accessible,confirmed_by_partner_report,NRC,N/A - fully accessible,NRC
NG002013,Michika,NG002,Adamawa,Vih / Boka,86.91303146754217,13289.2822265625,Non-IDP,Accessible,confirmed_by_partner_report,NRC,N/A - fully accessible,NRC
NG002013,Michika,NG002,Adamawa,Wambilimi / Tili,34.91877705649907,13464.1982421875,Non-IDP,Accessible,confirmed_by_partner_report,NRC,N/A - fully accessible,NRC
NG002013,Michika,NG002,Adamawa,Zah,154.1160883733419,22994.341796875,Non-IDP,Accessible,confirmed_by_partner_report,NRC,N/A - fully accessible,NRC
NG002014,Mubi North,NG002,Adamawa,Bahuli,141.34061860335635,39205.06640625,Non-IDP,Accessible,confirmed_by_partner_report,NRC,N/A - fully accessible,NRC
NG002014,Mubi North,NG002,Adamawa,Betso,82.05097183666122,14310.9921875,Non-IDP,Accessible,confirmed_by_partner_report,NRC,N/A - fully accessible,NRC
NG002014,Mubi North,NG002,Adamawa,Digil,121.87761246214295,13312.4580078125,Non-IDP,Accessible,confirmed_by_partner_report,NRC,N/A - fully accessible,NRC
NG002014,Mubi North,NG002,Adamawa,Hussari Tampul,0.5972186417775154,808.7506103515625,Non-IDP,Accessible,default_unreported,NA,NA,NRC
NG002014,Mubi North,NG002,Adamawa,Kolere,0.4965033216460049,4731.36865234375,Non-IDP,Accessible,confirmed_by_partner_report,NRC,N/A - fully accessible,NRC
NG002014,Mubi North,NG002,Adamawa,Lamurde,0.29253074596627054,1366.8475341796875,Non-IDP,Accessible,confirmed_by_partner_report,NRC,N/A - fully accessible,NRC
NG002014,Mubi North,NG002,Adamawa,Lokuwa,10.948433995706454,26560.67578125,Non-IDP,Accessible,confirmed_by_partner_report,NRC,N/A - fully accessible,NRC
NG002014,Mubi North,NG002,Adamawa,Mayo Bani,79.12392115598202,10759.7578125,Non-IDP,Accessible,confirmed_by_partner_report,NRC,N/A - fully accessible,NRC
NG002014,Mubi North,NG002,Adamawa,Mayo Lope,2.88288796423316,596.322998046875,Non-IDP,Accessible,default_unreported,NA,NA,NRC
NG002014,Mubi North,NG002,Adamawa,Mijilu,128.94533953980732,15944.591796875,Non-IDP,Accessible,confirmed_by_partner_report,NRC,N/A - fully accessible,NRC
NG002014,Mubi North,NG002,Adamawa,Muchalla,234.88950544719506,18932.162109375,Non-IDP,Accessible,confirmed_by_partner_report,NRC,N/A - fully accessible,NRC
NG002014,Mubi North,NG002,Adamawa,Mujara,12.373010540282536,8712.7626953125,Non-IDP,Accessible,confirmed_by_partner_report,NRC,N/A - fully accessible,NRC
NG002014,Mubi North,NG002,Adamawa,Sabon Layi,1.5092713799233972,7179.6181640625,Non-IDP,Accessible,confirmed_by_partner_report,NRC,N/A - fully accessible,NRC
NG002014,Mubi North,NG002,Adamawa,Uba,5.023046396444798,1291.372802734375,Non-IDP,Accessible,default_unreported,NA,NA,NRC
NG002014,Mubi North,NG002,Adamawa,Vimtim,97.15308618345432,12444.0986328125,Non-IDP,Accessible,confirmed_by_partner_report,NRC,N/A - fully accessible,NRC
NG002014,Mubi North,NG002,Adamawa,Yelwa,14.728259823044949,21724.09375,Non-IDP,Accessible,confirmed_by_partner_report,NRC,N/A - fully accessible,NRC
NG002014,Mubi North,NG002,Adamawa,Zah,2.676110908430159,86.4880599975586,Non-IDP,Accessible,default_unreported,NA,NA,NRC
NG002015,Mubi South,NG002,Adamawa,Bahuli,23.695124163127215,3495.51318359375,Non-IDP,Accessible,confirmed_by_partner_report,NRC,N/A - fully accessible,NRC
NG002015,Mubi South,NG002,Adamawa,Dirbishi,44.48526521682763,22023.6640625,Non-IDP,Accessible,confirmed_by_partner_report,NRC,N/A - fully accessible,NRC
NG002015,Mubi South,NG002,Adamawa,Duvu,53.70592178562301,35235.21484375,Non-IDP,Accessible,default_unreported,NA,NA,NRC
NG002015,Mubi South,NG002,Adamawa,Gella,43.177413775980355,6524.681640625,Non-IDP,Accessible,confirmed_by_partner_report,NRC,N/A - fully accessible,NRC
NG002015,Mubi South,NG002,Adamawa,Gude,60.36494602405405,24415.0625,Non-IDP,Accessible,confirmed_by_partner_report,NRC,N/A - fully accessible,NRC
NG002015,Mubi South,NG002,Adamawa,Hoserezum,0.18457157486471534,10.022905349731445,Non-IDP,Accessible,default_unreported,NA,NA,NRC
NG002015,Mubi South,NG002,Adamawa,Humbutudi,8.245675647635698,463.4974060058594,Non-IDP,Accessible,default_unreported,NA,NA,NRC
NG002015,Mubi South,NG002,Adamawa,Kolere,0.24498058583839494,2275.056396484375,Non-IDP,Accessible,confirmed_by_partner_report,NRC,N/A - fully accessible,NRC
NG002015,Mubi South,NG002,Adamawa,Kwaja,34.01423404533398,4636.1953125,Non-IDP,Accessible,default_unreported,NA,NA,NRC
NG002015,Mubi South,NG002,Adamawa,Lamurde,31.42826684302035,37900.82421875,Non-IDP,Accessible,confirmed_by_partner_report,NRC,N/A - fully accessible,NRC
NG002015,Mubi South,NG002,Adamawa,Lokuwa,0.6630532551756502,3724.478515625,Non-IDP,Accessible,confirmed_by_partner_report,NRC,N/A - fully accessible,NRC
NG002015,Mubi South,NG002,Adamawa,Mayo Lope,8.372021623722494,1067.3543701171875,Non-IDP,Accessible,default_unreported,NA,NA,NRC
NG002015,Mubi South,NG002,Adamawa,Mugulbu,101.56280455227727,9834.67578125,Non-IDP,Accessible,confirmed_by_partner_report,NRC,N/A - fully accessible,NRC
NG002015,Mubi South,NG002,Adamawa,Mujara,122.83157905338139,54057.3203125,Non-IDP,Accessible,confirmed_by_partner_report,NRC,N/A - fully accessible,NRC
NG002015,Mubi South,NG002,Adamawa,Nassarawo,7.603482105012417,30548.2734375,Non-IDP,Accessible,confirmed_by_partner_report,NRC,N/A - fully accessible,NRC
NG002015,Mubi South,NG002,Adamawa,Nduku,77.8378956967857,14700.4833984375,Non-IDP,Accessible,confirmed_by_partner_report,NRC,N/A - fully accessible,NRC
NG002015,Mubi South,NG002,Adamawa,Pakka,4.993625125198871,4088.921142578125,Non-IDP,Accessible,confirmed_by_partner_report,NRC,N/A - fully accessible,NRC
NG002015,Mubi South,NG002,Adamawa,Sabon Layi,0.1112665362500772,960.21826171875,Non-IDP,Accessible,confirmed_by_partner_report,NRC,N/A - fully accessible,NRC
NG002015,Mubi South,NG002,Adamawa,Vimtim,0.19220797040889784,95.28925323486328,Non-IDP,Accessible,default_unreported,NA,NA,NRC
NG002015,Mubi South,NG002,Adamawa,Yelwa,15.359022717259455,1566.8099365234375,Non-IDP,Accessible,confirmed_by_partner_report,NRC,N/A - fully accessible,NRC
NG002016,Numan,NG002,Adamawa,Bare,101.21658952468037,11197.927734375,Non-IDP,Accessible,confirmed_by_partner_report,NRC,N/A - fully accessible,NRC
NG002016,Numan,NG002,Adamawa,Bwalki,121.19794382530654,4118.2099609375,Non-IDP,Accessible,default_unreported,NA,NA,NRC
NG002016,Numan,NG002,Adamawa,Dilli,15.901171495489955,275.2060241699219,Non-IDP,Accessible,default_unreported,NA,NA,NRC
NG002016,Numan,NG002,Adamawa,Dobeli,2.2051194861487602e-5,8.768689003773034e-4,Non-IDP,Accessible,default_unreported,NA,NA,NRC
NG002016,Numan,NG002,Adamawa,Dong,25.195720547818162,694.6903076171875,Non-IDP,Accessible,default_unreported,NA,NA,NRC
NG002016,Numan,NG002,Adamawa,Dwam,1.0890010512816906,33.908729553222656,Non-IDP,Accessible,default_unreported,NA,NA,NRC
NG002016,Numan,NG002,Adamawa,Gamadiyo,87.3388015790127,3697.76611328125,Non-IDP,Accessible,confirmed_by_partner_report,NRC,N/A - fully accessible,NRC
NG002016,Numan,NG002,Adamawa,Gundo,28.027269136571647,1661.0152587890625,Non-IDP,Accessible,default_unreported,NA,NA,NRC
NG002016,Numan,NG002,Adamawa,Gyawana,4.910429838107586,112.04012298583984,Non-IDP,Accessible,default_unreported,NA,NA,NRC
NG002016,Numan,NG002,Adamawa,Imburu,70.19764565064025,29357.541015625,Non-IDP,Accessible,confirmed_by_partner_report,NRC,N/A - fully accessible,NRC
NG002016,Numan,NG002,Adamawa,Kiri,5.16374684497714e-6,0,Non-IDP,Accessible,default_unreported,NA,NA,NRC
NG002016,Numan,NG002,Adamawa,Kodomti,170.67871959884928,4694.755859375,Non-IDP,Accessible,confirmed_by_partner_report,NRC,N/A - fully accessible,NRC
NG002016,Numan,NG002,Adamawa,Kpasham,128.66298636420964,4689.71337890625,Non-IDP,Accessible,default_unreported,NA,NA,NRC
NG002016,Numan,NG002,Adamawa,Nassarawo Demsa,5.594284145249366,34500.59765625,Non-IDP,Accessible,confirmed_by_partner_report,NRC,N/A - fully accessible,NRC
NG002016,Numan,NG002,Adamawa,Numan 1,5.564341684403479,9466.8203125,Non-IDP,Accessible,confirmed_by_partner_report,NRC,N/A - fully accessible,NRC
NG002016,Numan,NG002,Adamawa,Numan 2,4.297644798940182,4270.00830078125,Non-IDP,Accessible,confirmed_by_partner_report,NRC,N/A - fully accessible,NRC
NG002016,Numan,NG002,Adamawa,Numan 3,0.6258091602705754,4249.23681640625,Non-IDP,Accessible,confirmed_by_partner_report,NRC,N/A - fully accessible,NRC
NG002016,Numan,NG002,Adamawa,Sabon Pegi,30.20525449641944,23655.71875,Non-IDP,Accessible,confirmed_by_partner_report,NRC,N/A - fully accessible,NRC
NG002016,Numan,NG002,Adamawa,Vulpi,238.32717594527196,5228.6181640625,Non-IDP,Accessible,confirmed_by_partner_report,NRC,N/A - fully accessible,NRC
NG002016,Numan,NG002,Adamawa,Waduku,2.5247072424008845,1.4033610820770264,Non-IDP,Accessible,default_unreported,NA,NA,NRC
NG002017,Shelleng,NG002,Adamawa,Bakta,98.2213618334303,16717.9765625,Non-IDP,Accessible,confirmed_by_partner_report,FACT,N/A - fully accessible,FACT
NG002017,Shelleng,NG002,Adamawa,Banjiram,4.192652408151937,98.14790344238281,Non-IDP,Accessible,default_unreported,NA,NA,FACT
NG002017,Shelleng,NG002,Adamawa,Bodeno,0.020985231831349434,1.4952219724655151,Non-IDP,Accessible,default_unreported,NA,NA,FACT
NG002017,Shelleng,NG002,Adamawa,Bodwai,351.67415338321524,63959.42578125,Non-IDP,Accessible,confirmed_by_partner_report,FACT,N/A - fully accessible,FACT
NG002017,Shelleng,NG002,Adamawa,Dirma,9.350040578842163e-5,8.336850441992283e-4,Non-IDP,Accessible,default_unreported,NA,NA,FACT
NG002017,Shelleng,NG002,Adamawa,Duwa,29.98321724506283,7739.4609375,Non-IDP,Accessible,default_unreported,NA,NA,FACT
NG002017,Shelleng,NG002,Adamawa,Gundo,108.8598745356524,29875.8359375,Non-IDP,Accessible,confirmed_by_partner_report,FACT,N/A - fully accessible,FACT
NG002017,Shelleng,NG002,Adamawa,Gwalasho,0.4041828695952892,0,Non-IDP,Accessible,default_unreported,NA,NA,FACT
NG002017,Shelleng,NG002,Adamawa,Gwamba,1.1513215437531472e-5,0.0022908898536115885,Non-IDP,Accessible,default_unreported,NA,NA,FACT
NG002017,Shelleng,NG002,Adamawa,Gwapopolok,69.62971364438059,2088.93603515625,Non-IDP,Accessible,default_unreported,NA,NA,FACT
NG002017,Shelleng,NG002,Adamawa,Jumbul,160.15428222763157,48300.32421875,Non-IDP,Accessible,confirmed_by_partner_report,FACT,N/A - fully accessible,FACT
NG002017,Shelleng,NG002,Adamawa,Ketembere,79.6666434041878,43480.19921875,Non-IDP,Accessible,confirmed_by_partner_report,FACT,N/A - fully accessible,FACT
NG002017,Shelleng,NG002,Adamawa,Kiri,43.25576052253181,37455.921875,Non-IDP,Accessible,confirmed_by_partner_report,FACT,N/A - fully accessible,FACT
NG002017,Shelleng,NG002,Adamawa,Kola,50.55419231711668,2059.49560546875,Non-IDP,Accessible,default_unreported,NA,NA,FACT
NG002017,Shelleng,NG002,Adamawa,Libbo,236.0646033624878,60635.94140625,Non-IDP,Accessible,confirmed_by_partner_report,FACT,N/A - fully accessible,FACT
NG002017,Shelleng,NG002,Adamawa,Purakayo,1.2144027466325713e-4,0.0018855162197723985,Non-IDP,Accessible,default_unreported,NA,NA,FACT
NG002017,Shelleng,NG002,Adamawa,Shelleng,82.63782365411043,103300.046875,Non-IDP,Accessible,confirmed_by_partner_report,FACT,N/A - fully accessible,FACT
NG002017,Shelleng,NG002,Adamawa,Talum,132.4710979315472,25944.693359375,Non-IDP,Accessible,confirmed_by_partner_report,FACT,N/A - fully accessible,FACT
NG002017,Shelleng,NG002,Adamawa,Waltandi,0.006421108150601387,0,Non-IDP,Accessible,default_unreported,NA,NA,FACT
NG002017,Shelleng,NG002,Adamawa,Yang,63.38678714954567,4282.84521484375,Non-IDP,Accessible,default_unreported,NA,NA,FACT
NG002018,Song,NG002,Adamawa,Bakta,38.5393567321105,6923.28857421875,Non-IDP,Accessible,default_unreported,NA,NA,FACT
NG002018,Song,NG002,Adamawa,Bodwai,7.47409770488739e-5,0.0017533859936520457,Non-IDP,Accessible,default_unreported,NA,NA,FACT
NG002018,Song,NG002,Adamawa,Boga,3.6523390582437516,254.4536590576172,Non-IDP,Accessible,default_unreported,NA,NA,FACT
NG002018,Song,NG002,Adamawa,Dirma,513.421485302287,41620.33984375,Non-IDP,Accessible,confirmed_by_partner_report,FACT,N/A - fully accessible,FACT
NG002018,Song,NG002,Adamawa,Dumne,151.05029146079875,23159.375,Non-IDP,Accessible,confirmed_by_partner_report,FACT,N/A - fully accessible,FACT
NG002018,Song,NG002,Adamawa,Duwa,51.50396600617647,7215.97509765625,Non-IDP,Accessible,default_unreported,NA,NA,FACT
NG002018,Song,NG002,Adamawa,Farang,81.77470756606047,1373.067626953125,Non-IDP,Accessible,confirmed_by_partner_report,FACT,N/A - fully accessible,FACT
NG002018,Song,NG002,Adamawa,Gudu Mboi,520.6512435993252,14798.4609375,Non-IDP,Accessible,confirmed_by_partner_report,FACT,N/A - fully accessible,FACT
NG002018,Song,NG002,Adamawa,Hoserezum,6.550708527483662,187.07623291015625,Non-IDP,Accessible,default_unreported,NA,NA,FACT
NG002018,Song,NG002,Adamawa,Jera Bonyo,4.383034368299931,129.96475219726563,Non-IDP,Accessible,default_unreported,NA,NA,FACT
NG002018,Song,NG002,Adamawa,Kilange Funa,706.5419454807062,27894.994140625,Non-IDP,Accessible,confirmed_by_partner_report,FACT,N/A - fully accessible,FACT
NG002018,Song,NG002,Adamawa,Kilange Hirna,112.97850043597079,11983.619140625,Non-IDP,Accessible,confirmed_by_partner_report,FACT,N/A - fully accessible,FACT
NG002018,Song,NG002,Adamawa,Konkol,0.9752619915311337,6.684911727905273,Non-IDP,Accessible,default_unreported,NA,NA,FACT
NG002018,Song,NG002,Adamawa,Libbo,17.389918274531475,2502.784423828125,Non-IDP,Accessible,confirmed_by_partner_report,FACT,N/A - fully accessible,FACT
NG002018,Song,NG002,Adamawa,Sigire,241.99196762372088,24412.783203125,Non-IDP,Accessible,confirmed_by_partner_report,FACT,N/A - fully accessible,FACT
NG002018,Song,NG002,Adamawa,Song Gari,220.3005853388127,81478.140625,Non-IDP,Accessible,confirmed_by_partner_report,FACT,N/A - fully accessible,FACT
NG002018,Song,NG002,Adamawa,Song Waje,604.0633195921939,49048.375,Non-IDP,Accessible,confirmed_by_partner_report,FACT,N/A - fully accessible,FACT
NG002018,Song,NG002,Adamawa,Sorau A,1.4673625946044923e-4,0.006940858438611031,Non-IDP,Accessible,default_unreported,NA,NA,FACT
NG002018,Song,NG002,Adamawa,Sorau B,3.0510065531730654e-4,7.131793536245823e-4,Non-IDP,Accessible,default_unreported,NA,NA,FACT
NG002018,Song,NG002,Adamawa,Suktu,514.3866568198034,28954.88671875,Non-IDP,Accessible,default_unreported,NA,NA,FACT
NG002018,Song,NG002,Adamawa,Talum,1.4170385637787581,45.457759857177734,Non-IDP,Accessible,default_unreported,NA,NA,FACT
NG002018,Song,NG002,Adamawa,Tambo,11.795965121584773,225.5569610595703,Non-IDP,Accessible,default_unreported,NA,NA,FACT
NG002018,Song,NG002,Adamawa,Tawa,10.224889580187961,395.5827331542969,Non-IDP,Accessible,default_unreported,NA,NA,FACT
NG002018,Song,NG002,Adamawa,Thilbang,2.5535988899562954,261.15032958984375,Non-IDP,Accessible,default_unreported,NA,NA,FACT
NG002018,Song,NG002,Adamawa,Waltandi,203.82039131060054,42633.19921875,Non-IDP,Accessible,confirmed_by_partner_report,FACT,N/A - fully accessible,FACT
NG002018,Song,NG002,Adamawa,Wuro Bokki,29.610731072693824,1794.3594970703125,Non-IDP,Accessible,default_unreported,NA,NA,FACT
NG002018,Song,NG002,Adamawa,Wuro Dole,3.5884592738522887,40.3067512512207,Non-IDP,Accessible,default_unreported,NA,NA,FACT
NG002018,Song,NG002,Adamawa,Zumo,1055.420101640759,23046.359375,Non-IDP,Accessible,confirmed_by_partner_report,FACT,N/A - fully accessible,FACT
NG002019,Toungo,NG002,Adamawa,Dawo 1,496.31406747486807,2183.796142578125,Non-IDP,Accessible,default_unreported,NA,NA,FACT
NG002019,Toungo,NG002,Adamawa,Dawo 2,1076.426234326718,7611.03466796875,Non-IDP,Accessible,confirmed_by_partner_report,FACT,N/A - fully accessible,FACT
NG002019,Toungo,NG002,Adamawa,Gamu,25.345152936994435,1091.7265625,Non-IDP,Inaccessible,confirmed_by_partner_report,FACT,Other,FACT
NG002019,Toungo,NG002,Adamawa,Gang Dole,0.023682735919142026,2.6103587515535764e-5,Non-IDP,Accessible,default_unreported,NA,NA,FACT
NG002019,Toungo,NG002,Adamawa,Gangumi,2.7498787624979557e-4,0,Non-IDP,Accessible,default_unreported,NA,NA,FACT
NG002019,Toungo,NG002,Adamawa,Gashaka,0.7605362195113241,0.5636590719223022,Non-IDP,Accessible,default_unreported,NA,NA,FACT
NG002019,Toungo,NG002,Adamawa,Gumti,2323.5140264607144,2513.658447265625,Non-IDP,Accessible,confirmed_by_partner_report,FACT,N/A - fully accessible,FACT
NG002019,Toungo,NG002,Adamawa,Gurumpawo,9.447161172247649,1.3003625869750977,Non-IDP,Accessible,default_unreported,NA,NA,FACT
NG002019,Toungo,NG002,Adamawa,Jamtari,1.703359628178602,12.340620994567871,Non-IDP,Accessible,default_unreported,NA,NA,FACT
NG002019,Toungo,NG002,Adamawa,Kiri 1,666.5272280092688,8351.19140625,Non-IDP,Accessible,confirmed_by_partner_report,FACT,N/A - fully accessible,FACT
NG002019,Toungo,NG002,Adamawa,Kiri 2,161.12536190426852,4013.125732421875,Non-IDP,Accessible,confirmed_by_partner_report,FACT,N/A - fully accessible,FACT
NG002019,Toungo,NG002,Adamawa,Kogin Baba 1,142.9517438628191,1410.696533203125,Non-IDP,Accessible,confirmed_by_partner_report,FACT,N/A - fully accessible,FACT
NG002019,Toungo,NG002,Adamawa,Kogin Baba 2,1063.5584154239573,4750.78369140625,Non-IDP,Accessible,confirmed_by_partner_report,FACT,N/A - fully accessible,FACT
NG002019,Toungo,NG002,Adamawa,Kussum / Badakoshi,0.13027907858168847,0.09865352511405945,Non-IDP,Accessible,default_unreported,NA,NA,FACT
NG002019,Toungo,NG002,Adamawa,Sugu,24.59507764839972,534.67230224609375,Non-IDP,Accessible,default_unreported,NA,NA,FACT
NG002019,Toungo,NG002,Adamawa,Toungo 1,42.972508970184805,13952.4921875,Non-IDP,Accessible,confirmed_by_partner_report,FACT,N/A - fully accessible,FACT
NG002019,Toungo,NG002,Adamawa,Toungo 2,583.0699697568614,27079.05078125,Non-IDP,Accessible,confirmed_by_partner_report,FACT,N/A - fully accessible,FACT
NG002019,Toungo,NG002,Adamawa,Toungo 3,264.2716579393425,19739.6015625,Non-IDP,Accessible,confirmed_by_partner_report,FACT,N/A - fully accessible,FACT
NG002020,Yola North,NG002,Adamawa,Ajiya,1.5296450751976394,16371.6435546875,Non-IDP,Accessible,confirmed_by_partner_report,NRC,N/A - fully accessible,NRC
NG002020,Yola North,NG002,Adamawa,Alkalawa,1.0694249208721667,11973.505859375,Non-IDP,Accessible,confirmed_by_partner_report,NRC,N/A - fully accessible,NRC
NG002020,Yola North,NG002,Adamawa,Bole Yolde Pate,2.585267277269572,5454.78173828125,Non-IDP,Accessible,confirmed_by_partner_report,NRC,N/A - fully accessible,NRC
NG002020,Yola North,NG002,Adamawa,Damare,1.9776173520869613,1003.0555419921875,Non-IDP,Accessible,default_unreported,NA,NA,NRC
NG002020,Yola North,NG002,Adamawa,Doubeli,0.513620734855745,5139.2099609375,Non-IDP,Accessible,confirmed_by_partner_report,NRC,N/A - fully accessible,NRC
NG002020,Yola North,NG002,Adamawa,Gwadabawa,16.935848346578123,71203.984375,Non-IDP,Accessible,confirmed_by_partner_report,NRC,N/A - fully accessible,NRC
NG002020,Yola North,NG002,Adamawa,Jambutu,7.4698003111983535,55428.23828125,Non-IDP,Accessible,confirmed_by_partner_report,NRC,N/A - fully accessible,NRC
NG002020,Yola North,NG002,Adamawa,Karewa,34.000932150516334,151516.546875,Non-IDP,Accessible,confirmed_by_partner_report,NRC,N/A - fully accessible,NRC
NG002020,Yola North,NG002,Adamawa,Limawa,0.4509512981698513,5554.6728515625,Non-IDP,Accessible,confirmed_by_partner_report,NRC,N/A - fully accessible,NRC
NG002020,Yola North,NG002,Adamawa,Luggere,2.2582973734602034,20433.3671875,Non-IDP,Accessible,confirmed_by_partner_report,NRC,N/A - fully accessible,NRC
NG002020,Yola North,NG002,Adamawa,Namtari,6.591235280834675,19690.71875,Non-IDP,Accessible,confirmed_by_partner_report,NRC,N/A - fully accessible,NRC
NG002020,Yola North,NG002,Adamawa,Nassarawo,3.9364984299399106,38628.4140625,Non-IDP,Accessible,confirmed_by_partner_report,NRC,N/A - fully accessible,NRC
NG002020,Yola North,NG002,Adamawa,Rumde,0.40839337441837414,3947.24365234375,Non-IDP,Accessible,confirmed_by_partner_report,NRC,N/A - fully accessible,NRC
NG002020,Yola North,NG002,Adamawa,Yelwa,0.4515130562292449,5155.01953125,Non-IDP,Accessible,confirmed_by_partner_report,NRC,N/A - fully accessible,NRC
NG002021,Yola South,NG002,Adamawa,Adarawo,6.2948563708571195,26571.12890625,Non-IDP,Accessible,confirmed_by_partner_report,NRC,N/A - fully accessible,NRC
NG002021,Yola South,NG002,Adamawa,Bako,1.4788112965045497,12102.5703125,Non-IDP,Accessible,confirmed_by_partner_report,NRC,N/A - fully accessible,NRC
NG002021,Yola South,NG002,Adamawa,Beti,0.16888488747760652,0.1736721396446228,Non-IDP,Accessible,default_unreported,NA,NA,NRC
NG002021,Yola South,NG002,Adamawa,Bole Yolde Pate,175.87597851851964,95765.0859375,Non-IDP,Accessible,confirmed_by_partner_report,NRC,N/A - fully accessible,NRC
NG002021,Yola South,NG002,Adamawa,Dakri,3.4051156231894493e-4,0.0803612470626831,Non-IDP,Accessible,default_unreported,NA,NA,NRC
NG002021,Yola South,NG002,Adamawa,Damare,0.03065207268214226,0.001871010521426797,Non-IDP,Accessible,default_unreported,NA,NA,NRC
NG002021,Yola South,NG002,Adamawa,Demsa,39.723163529716864,2295.246337890625,Non-IDP,Accessible,confirmed_by_partner_report,NRC,N/A - fully accessible,NRC
NG002021,Yola South,NG002,Adamawa,Fufore,0.700850884489119,58.40476608276367,Non-IDP,Accessible,default_unreported,NA,NA,NRC
NG002021,Yola South,NG002,Adamawa,Gwadabawa,7.60404473348248,659.97857666015625,Non-IDP,Accessible,default_unreported,NA,NA,NRC
NG002021,Yola South,NG002,Adamawa,Jambutu,0.030045373735785485,20.114459991455078,Non-IDP,Accessible,default_unreported,NA,NA,NRC
NG002021,Yola South,NG002,Adamawa,Karewa,7.090970837052703,4196.4033203125,Non-IDP,Accessible,default_unreported,NA,NA,NRC
NG002021,Yola South,NG002,Adamawa,Makama A,4.727241586436331,37243.7890625,Non-IDP,Accessible,confirmed_by_partner_report,NRC,N/A - fully accessible,NRC
NG002021,Yola South,NG002,Adamawa,Makama B,2.4990520142478645,16697.568359375,Non-IDP,Accessible,confirmed_by_partner_report,NRC,N/A - fully accessible,NRC
NG002021,Yola South,NG002,Adamawa,Mayo Inne,2.066220114827156e-4,0.004772884305566549,Non-IDP,Accessible,default_unreported,NA,NA,NRC
NG002021,Yola South,NG002,Adamawa,Mbamba,151.1896139568517,39921.83984375,Non-IDP,Accessible,confirmed_by_partner_report,NRC,N/A - fully accessible,NRC
NG002021,Yola South,NG002,Adamawa,Mbamoi,0.9672349616315216,9847.8623046875,Non-IDP,Accessible,confirmed_by_partner_report,NRC,N/A - fully accessible,NRC
NG002021,Yola South,NG002,Adamawa,Namtari,323.49751298279546,128260.453125,Non-IDP,Accessible,confirmed_by_partner_report,NRC,N/A - fully accessible,NRC
NG002021,Yola South,NG002,Adamawa,Ndikong,102.84311734490348,6076.23681640625,Non-IDP,Accessible,default_unreported,NA,NA,NRC
NG002021,Yola South,NG002,Adamawa,Ngurore,139.3026272737366,48890.04296875,Non-IDP,Accessible,confirmed_by_partner_report,NRC,N/A - fully accessible,NRC
NG002021,Yola South,NG002,Adamawa,Toungo,2.2185753068960907,20722.8046875,Non-IDP,Accessible,confirmed_by_partner_report,NRC,N/A - fully accessible,NRC
NG002021,Yola South,NG002,Adamawa,Uki Tuki,26.47618428371501,1115.3016357421875,Non-IDP,Accessible,default_unreported,NA,NA,NRC
NG002021,Yola South,NG002,Adamawa,Yolde Kohi,180.12431620321559,21195.6796875,Non-IDP,Accessible,confirmed_by_partner_report,NRC,N/A - fully accessible,NRC
NG007002,Agatu,NG007,Benue,Akpanaja,54.418996517714646,1938.2308349609375,Non-IDP,Accessible,default_unreported,NA,NA,CRS
NG007002,Agatu,NG007,Benue,Bagana,0.00014213005638122559,0,Non-IDP,Accessible,default_unreported,NA,NA,CRS
NG007002,Agatu,NG007,Benue,Egba,75.41439127332377,5949.4912109375,Non-IDP,Accessible,default_unreported,NA,NA,CRS
NG007002,Agatu,NG007,Benue,Enungba,98.23409363755832,7970.158203125,Non-IDP,Accessible,default_unreported,NA,NA,CRS
NG007002,Agatu,NG007,Benue,Icheke,1.6592187356948853e-4,0,Non-IDP,Accessible,default_unreported,NA,NA,CRS
NG007002,Agatu,NG007,Benue,Loko,40.51491126466693,1205.5867919921875,Non-IDP,Accessible,default_unreported,NA,NA,CRS
NG007002,Agatu,NG007,Benue,Mbapupuu / Tswarev,2.298046646104097,176.0330352783203,Non-IDP,Accessible,default_unreported,NA,NA,CRS
NG007002,Agatu,NG007,Benue,Obagaji,132.94578216995572,9463.86328125,Non-IDP,Accessible,default_unreported,NA,NA,CRS
NG007002,Agatu,NG007,Benue,Odoh,1.5549561214204594e-4,0,Non-IDP,Accessible,default_unreported,NA,NA,CRS
NG007002,Agatu,NG007,Benue,Odugbeho,93.77616854201528,4255.3291015625,Non-IDP,Accessible,default_unreported,NA,NA,CRS
NG007002,Agatu,NG007,Benue,Ogbaulu,189.67341290967988,4817.7431640625,Non-IDP,Accessible,default_unreported,NA,NA,CRS
NG007002,Agatu,NG007,Benue,Ogwule - Kaduna,116.47068880973679,7844.818359375,Non-IDP,Accessible,default_unreported,NA,NA,CRS
NG007002,Agatu,NG007,Benue,Ogwule - Ogbaulu,167.6945250827679,7113.73681640625,Non-IDP,Accessible,default_unreported,NA,NA,CRS
NG007002,Agatu,NG007,Benue,Ojantelle / Akpete,15.942710086170674,258.3697814941406,Non-IDP,Accessible,default_unreported,NA,NA,CRS
NG007002,Agatu,NG007,Benue,Okokolo,19.59453148912122,2028.7044677734375,Non-IDP,Accessible,default_unreported,NA,NA,CRS
NG007002,Agatu,NG007,Benue,Oshigbudu,85.7541536348095,6866.9931640625,Non-IDP,Accessible,default_unreported,NA,NA,CRS
NG007002,Agatu,NG007,Benue,Usha,138.07226241630852,7533.0185546875,Non-IDP,Accessible,default_unreported,NA,NA,CRS
NG007006,Guma,NG007,Benue,Abinsi,99.02352637258959,18994.185546875,Non-IDP,Accessible,confirmed_by_partner_report (blank row - not flagged),NA,NA,COOPI
NG007006,Guma,NG007,Benue,Agan,43.92570422729302,3046.17822265625,Non-IDP,Accessible,default_unreported,NA,NA,COOPI
NG007006,Guma,NG007,Benue,Agbashi,0.03871327061939239,0.5124066472053528,Non-IDP,Accessible,default_unreported,NA,NA,COOPI
NG007006,Guma,NG007,Benue,Akwana,6.009247398376465e-5,0,Non-IDP,Accessible,default_unreported,NA,NA,COOPI
NG007006,Guma,NG007,Benue,Amiri,1.7107153529292372e-4,0.0064046336337924,Non-IDP,Accessible,default_unreported,NA,NA,COOPI
NG007006,Guma,NG007,Benue,Fiidi,22.233807916373625,7006.69140625,Non-IDP,Accessible,confirmed_by_partner_report (blank row - not flagged),NA,NA,COOPI
NG007006,Guma,NG007,Benue,Galadima,3.81116745647043e-4,0.0034362678416073322,Non-IDP,Accessible,default_unreported,NA,NA,COOPI
NG007006,Guma,NG007,Benue,Iwagu,2.944020072221756e-4,0.007958468981087208,Non-IDP,Accessible,default_unreported,NA,NA,COOPI
NG007006,Guma,NG007,Benue,Kaambe,235.6936604308157,16713.15234375,Non-IDP,Inaccessible,confirmed_by_partner_report,COOPI,NA,COOPI
NG007006,Guma,NG007,Benue,Kadarko,10.03826061619939,864.37884521484375,Non-IDP,Inaccessible,confirmed_by_partner_report,COOPI,NA,COOPI
NG007006,Guma,NG007,Benue,Madaki,7.370719424292445,943.41888427734375,Non-IDP,Accessible,confirmed_by_partner_report (blank row - not flagged),NA,NA,COOPI
NG007006,Guma,NG007,Benue,Mbabai,62.500027871816634,5447.27978515625,Non-IDP,Accessible,confirmed_by_partner_report (blank row - not flagged),NA,NA,COOPI
NG007006,Guma,NG007,Benue,Mbachaverikyondo,6.016587749656905,981.50555419921875,Non-IDP,Accessible,confirmed_by_partner_report (blank row - not flagged),NA,NA,COOPI
NG007006,Guma,NG007,Benue,Mbadwem,696.8773054644658,22448.2421875,Non-IDP,Inaccessible,confirmed_by_partner_report,COOPI,NA,COOPI
NG007006,Guma,NG007,Benue,Mbanyaber,8.334382487986565,1231.4405517578125,Non-IDP,Accessible,default_unreported,NA,NA,COOPI
NG007006,Guma,NG007,Benue,Mbawa,431.03611414624834,43164.6328125,Non-IDP,Accessible,confirmed_by_partner_report (blank row - not flagged),NA,NA,COOPI
NG007006,Guma,NG007,Benue,Mbaya,16.012353312616348,2984.803955078125,Non-IDP,Accessible,default_unreported,NA,NA,COOPI
NG007006,Guma,NG007,Benue,Mbayer / Yandev,403.238027221862,11768.7412109375,Non-IDP,Inaccessible,confirmed_by_partner_report,COOPI,NA,COOPI
NG007006,Guma,NG007,Benue,Nyiev,346.3918745239861,23971.51171875,Non-IDP,Accessible,confirmed_by_partner_report (blank row - not flagged),NA,NA,COOPI
NG007006,Guma,NG007,Benue,Nzorov,147.18986315855742,15179.1083984375,Non-IDP,Accessible,confirmed_by_partner_report (blank row - not flagged),NA,NA,COOPI
NG007006,Guma,NG007,Benue,Obene,4.951463705301285e-5,0,Non-IDP,Accessible,default_unreported,NA,NA,COOPI
NG007006,Guma,NG007,Benue,Saghev,175.93850316107512,15622.7041015625,Non-IDP,Inaccessible,confirmed_by_partner_report,COOPI,NA,COOPI
NG007006,Guma,NG007,Benue,Tombo,337.03671717993257,3948.9443359375,Non-IDP,Accessible,default_unreported,NA,NA,COOPI
NG007006,Guma,NG007,Benue,Uvir,357.6529221135764,18481.353515625,Non-IDP,Accessible,confirmed_by_partner_report (blank row - not flagged),NA,NA,COOPI
NG007008,Gwer West,NG007,Benue,Adoka Ehaje,0.36838201100969314,97.56098175048828,Non-IDP,Accessible,default_unreported,NA,NA,CRS
NG007008,Gwer West,NG007,Benue,Akpanaja,2.375510728135705e-4,8.108355104923248e-4,Non-IDP,Accessible,default_unreported,NA,NA,CRS
NG007008,Gwer West,NG007,Benue,Avihijime,72.0019025874157,2926.044189453125,Non-IDP,Accessible,default_unreported,NA,NA,CRS
NG007008,Gwer West,NG007,Benue,Bar,15.098899096115709,606.19427490234375,Non-IDP,Accessible,default_unreported,NA,NA,CRS
NG007008,Gwer West,NG007,Benue,Edikwu 2,1.2578627126760482,11.9635591506958,Non-IDP,Accessible,default_unreported,NA,NA,CRS
NG007008,Gwer West,NG007,Benue,Entekpa,14.38557322667408,684.3221435546875,Non-IDP,Accessible,default_unreported,NA,NA,CRS
NG007008,Gwer West,NG007,Benue,Gbaange-Tongov,146.4953217861492,2425.907470703125,Non-IDP,Accessible,default_unreported,NA,NA,CRS
NG007008,Gwer West,NG007,Benue,Gee,67.4907756914425,5132.1162109375,Non-IDP,Accessible,default_unreported,NA,NA,CRS
NG007008,Gwer West,NG007,Benue,Ikyaghev,155.0512538242445,43131.94140625,Non-IDP,Accessible,default_unreported,NA,NA,CRS
NG007008,Gwer West,NG007,Benue,Mbabuande,133.4684767308824,3804.23828125,Non-IDP,Accessible,default_unreported,NA,NA,CRS
NG007008,Gwer West,NG007,Benue,Mbachohon,152.36460882203497,8318.8779296875,Non-IDP,Accessible,default_unreported,NA,NA,CRS
NG007008,Gwer West,NG007,Benue,Mbalom,45.42970698715782,1477.0213623046875,Non-IDP,Accessible,default_unreported,NA,NA,CRS
NG007008,Gwer West,NG007,Benue,Mbapa,38.559010198848604,1184.2220458984375,Non-IDP,Accessible,default_unreported,NA,NA,CRS
NG007008,Gwer West,NG007,Benue,Mbapupuu / Tswarev,63.05294000602794,2118.58203125,Non-IDP,Accessible,default_unreported,NA,NA,CRS
NG007008,Gwer West,NG007,Benue,Mbasombo,42.765768563997746,1688.8560791015625,Non-IDP,Accessible,default_unreported,NA,NA,CRS
NG007008,Gwer West,NG007,Benue,Merkyen,18.585229272912503,402.3204345703125,Non-IDP,Accessible,default_unreported,NA,NA,CRS
NG007008,Gwer West,NG007,Benue,Modern Market,1.6759946217239574,107.47549438476563,Non-IDP,Accessible,default_unreported,NA,NA,CRS
NG007008,Gwer West,NG007,Benue,Nyamshi / Mbanyamshi,59.47793757541418,2166.856201171875,Non-IDP,Accessible,default_unreported,NA,NA,CRS
NG007008,Gwer West,NG007,Benue,Odugbeho,66.74592902947474,1264.5908203125,Non-IDP,Accessible,default_unreported,NA,NA,CRS
NG007008,Gwer West,NG007,Benue,Ogbaulu,1.997503346865058,294.93743896484375,Non-IDP,Accessible,default_unreported,NA,NA,CRS
NG007008,Gwer West,NG007,Benue,Saghev Ukusu,165.05379040855885,4806.85693359375,Non-IDP,Accessible,default_unreported,NA,NA,CRS
NG007008,Gwer West,NG007,Benue,Sengev,38.723550656520125,1151.0982666015625,Non-IDP,Accessible,default_unreported,NA,NA,CRS
NG007008,Gwer West,NG007,Benue,Sengev / Yengev,54.2299818890028,1455.802001953125,Non-IDP,Accessible,default_unreported,NA,NA,CRS
NG007008,Gwer West,NG007,Benue,Tijime,95.89671412301325,4044.905029296875,Non-IDP,Accessible,default_unreported,NA,NA,CRS
NG007008,Gwer West,NG007,Benue,Tsambe / Mbesev,65.62668609708834,1462.256103515625,Non-IDP,Accessible,default_unreported,NA,NA,CRS
NG007008,Gwer West,NG007,Benue,Tyoughatee / Ijaha,111.01319853271579,2121.341552734375,Non-IDP,Accessible,default_unreported,NA,NA,CRS
NG007008,Gwer West,NG007,Benue,Ugboju Ehaje,0.02262027024574671,1.0461968183517456,Non-IDP,Accessible,default_unreported,NA,NA,CRS
NG007008,Gwer West,NG007,Benue,Ugee,63.49211279616013,1650.4222412109375,Non-IDP,Accessible,default_unreported,NA,NA,CRS
NG007011,Kwande,NG007,Benue,Agba / Kyan,114.8642887115562,37429.53515625,Non-IDP,Accessible,confirmed_by_partner_report,Save the Children,N/A - fully accessible,Save the Children
NG007011,Kwande,NG007,Benue,Bebi,7.901080679459846e-5,5.633074033539742e-5,Non-IDP,Accessible,default_unreported,NA,NA,Save the Children
NG007011,Kwande,NG007,Benue,Becheve,3.5640927651384846e-4,7.35745532438159e-4,Non-IDP,Accessible,default_unreported,NA,NA,Save the Children
NG007011,Kwande,NG007,Benue,Bete,1.709326308965683e-5,1.9720189447980374e-4,Non-IDP,Accessible,default_unreported,NA,NA,Save the Children
NG007011,Kwande,NG007,Benue,Bishiri North,8.386222287208875e-5,0.001223691855557263,Non-IDP,Accessible,default_unreported,NA,NA,Save the Children
NG007011,Kwande,NG007,Benue,Kashimbila,5.844071463954178e-4,7.73353036493063e-4,Non-IDP,Accessible,default_unreported,NA,NA,Save the Children
NG007011,Kwande,NG007,Benue,Kumakwagh,261.0349211437016,31357.8984375,Non-IDP,Inaccessible,confirmed_by_partner_report,Save the Children,Insecurity / conflict,Save the Children
NG007011,Kwande,NG007,Benue,Liev L,482.99171976015566,53449.84375,Non-IDP,Accessible,confirmed_by_partner_report,Save the Children,N/A - fully accessible,Save the Children
NG007011,Kwande,NG007,Benue,Liev Ll,452.84034595845606,40379.765625,Non-IDP,Accessible,confirmed_by_partner_report,Save the Children,N/A - fully accessible,Save the Children
NG007011,Kwande,NG007,Benue,Mbadura,72.09225635448546,16358.775390625,Non-IDP,Accessible,confirmed_by_partner_report,Save the Children,N/A - fully accessible,Save the Children
NG007011,Kwande,NG007,Benue,Mbagbera,0.319281344091177,16.43599510192871,Non-IDP,Accessible,default_unreported,NA,NA,Save the Children
NG007011,Kwande,NG007,Benue,Mbaikyor,354.715366202557,41907.6953125,Non-IDP,Accessible,confirmed_by_partner_report (blank row - not flagged),NA,NA,Save the Children
NG007011,Kwande,NG007,Benue,Mbaketsa,46.710899085413814,19948.302734375,Non-IDP,Accessible,confirmed_by_partner_report,Save the Children,N/A - fully accessible,Save the Children
NG007011,Kwande,NG007,Benue,Mbakyaha,4.839616505788326,1222.824951171875,Non-IDP,Accessible,confirmed_by_partner_report,Save the Children,N/A - fully accessible,Save the Children
NG007011,Kwande,NG007,Benue,Mbatyough,2.4500390784660597,312.9549560546875,Non-IDP,Accessible,default_unreported,NA,NA,Save the Children
NG007011,Kwande,NG007,Benue,Mbayoo,24.125838316104055,16050.7568359375,Non-IDP,Accessible,confirmed_by_partner_report,Save the Children,N/A - fully accessible,Save the Children
NG007011,Kwande,NG007,Benue,Menev,158.5502930843086,23647.54296875,Non-IDP,Accessible,confirmed_by_partner_report,Save the Children,N/A - fully accessible,Save the Children
NG007011,Kwande,NG007,Benue,Michihe,203.62244525170578,8949.4384765625,Non-IDP,Accessible,default_unreported,NA,NA,Save the Children
NG007011,Kwande,NG007,Benue,Moon,204.37673812656303,7636.599609375,Non-IDP,Inaccessible,confirmed_by_partner_report,Save the Children,Insecurity / conflict,Save the Children
NG007011,Kwande,NG007,Benue,Tondov L,49.41430639972496,19680.298828125,Non-IDP,Accessible,confirmed_by_partner_report,Save the Children,N/A - fully accessible,Save the Children
NG007011,Kwande,NG007,Benue,Tondov Ll,124.08901906898188,33345.49609375,Non-IDP,Accessible,confirmed_by_partner_report,Save the Children,N/A - fully accessible,Save the Children
NG007011,Kwande,NG007,Benue,Township,22.87747153002417,33645.87109375,Non-IDP,Accessible,confirmed_by_partner_report,Save the Children,N/A - fully accessible,Save the Children
NG007011,Kwande,NG007,Benue,Usar,10.529613901535988,6514.87158203125,Non-IDP,Accessible,confirmed_by_partner_report,Save the Children,N/A - fully accessible,Save the Children
NG007011,Kwande,NG007,Benue,Utanga,6.948175508230925e-4,0.0910416841506958,Non-IDP,Accessible,default_unreported,NA,NA,Save the Children
NG007011,Kwande,NG007,Benue,Utange,0.42623749320146626,20.5665225982666,Non-IDP,Accessible,default_unreported,NA,NA,Save the Children
NG007011,Kwande,NG007,Benue,Yaav,235.04127739687968,28900.357421875,Non-IDP,Accessible,confirmed_by_partner_report,Save the Children,N/A - fully accessible,Save the Children
NG007012,Logo,NG007,Benue,Akwana,0.0023934704675897954,0.4007079005241394,Non-IDP,Accessible,default_unreported,NA,NA,CRS
NG007012,Logo,NG007,Benue,Binev,1.2204197004123032,117.37771606445313,Non-IDP,Accessible,default_unreported,NA,NA,CRS
NG007012,Logo,NG007,Benue,Ityuluv,0.9987699744434356,223.3858184814453,Non-IDP,Accessible,default_unreported,NA,NA,CRS
NG007012,Logo,NG007,Benue,Iwar,4.047707842128456,1639.0748291015625,Non-IDP,Accessible,default_unreported,NA,NA,CRS
NG007012,Logo,NG007,Benue,Mbaapen,76.07155789355323,7286.97412109375,Non-IDP,Accessible,default_unreported,NA,NA,CRS
NG007012,Logo,NG007,Benue,Mbaatikyaa,6.5674552333498,1802.427734375,Non-IDP,Accessible,default_unreported,NA,NA,CRS
NG007012,Logo,NG007,Benue,Mbadyul,60.12612668439305,18988.42578125,Non-IDP,Accessible,default_unreported,NA,NA,CRS
NG007012,Logo,NG007,Benue,Mbagber,137.48617481140016,25995.919921875,Non-IDP,Accessible,default_unreported,NA,NA,CRS
NG007012,Logo,NG007,Benue,Mbater,150.88831068361998,31373.171875,Non-IDP,Accessible,default_unreported,NA,NA,CRS
NG007012,Logo,NG007,Benue,Mbavuur,161.9201077108283,26727.017578125,Non-IDP,Accessible,default_unreported,NA,NA,CRS
NG007012,Logo,NG007,Benue,Mbayam,62.78678288946438,40250.91796875,Non-IDP,Accessible,default_unreported,NA,NA,CRS
NG007012,Logo,NG007,Benue,Nenzev,187.9679112460301,14820.2783203125,Non-IDP,Accessible,default_unreported,NA,NA,CRS
NG007012,Logo,NG007,Benue,Saghev,268.7431032114482,23260.83203125,Non-IDP,Accessible,default_unreported,NA,NA,CRS
NG007012,Logo,NG007,Benue,Tombo,283.6586172519784,24105.94921875,Non-IDP,Accessible,default_unreported,NA,NA,CRS
NG007012,Logo,NG007,Benue,Tsaav,52.973428694317846,3693.4140625,Non-IDP,Accessible,default_unreported,NA,NA,CRS
NG007012,Logo,NG007,Benue,Tswarev / Ukembergya,124.56609796247179,13261.3603515625,Non-IDP,Accessible,default_unreported,NA,NA,CRS
NG007012,Logo,NG007,Benue,Turan,150.565430073694,11153.7646484375,Non-IDP,Accessible,default_unreported,NA,NA,CRS
NG007012,Logo,NG007,Benue,Yonov,219.07993336777187,20773.0859375,Non-IDP,Accessible,default_unreported,NA,NA,CRS
NG007013,Makurdi,NG007,Benue,Agan,98.45916213481027,17645.623046875,Non-IDP,Accessible,confirmed_by_partner_report,Malteser,N/A - fully accessible,Malteser
NG007013,Makurdi,NG007,Benue,Akpanaja,10.92043703948241,159.22607421875,Non-IDP,Accessible,default_unreported,NA,NA,Malteser
NG007013,Makurdi,NG007,Benue,Ankpa / Wadata,4.937592269909955,37883.8203125,Non-IDP,Accessible,confirmed_by_partner_report,Malteser,N/A - fully accessible,Malteser
NG007013,Makurdi,NG007,Benue,Bar,159.93566675310456,117880.2265625,Non-IDP,Accessible,confirmed_by_partner_report,Malteser,Insecurity / conflict,Malteser
NG007013,Makurdi,NG007,Benue,Central / South Mission,4.42205942588675,27563.37109375,Non-IDP,Accessible,confirmed_by_partner_report,Malteser,N/A - fully accessible,Malteser
NG007013,Makurdi,NG007,Benue,Clerk / Market,9.350694314013348,70198.71875,Non-IDP,Accessible,confirmed_by_partner_report,Malteser,N/A - fully accessible,Malteser
NG007013,Makurdi,NG007,Benue,Fiidi,160.47566106731628,183859.03125,Non-IDP,Accessible,confirmed_by_partner_report,Malteser,N/A - fully accessible,Malteser
NG007013,Makurdi,NG007,Benue,Mbalagh,116.88204808191364,13042.779296875,Non-IDP,Accessible,confirmed_by_partner_report,Malteser,Insecurity / conflict,Malteser
NG007013,Makurdi,NG007,Benue,Mbawa,59.860925681715855,4412.6689453125,Non-IDP,Accessible,default_unreported,NA,NA,Malteser
NG007013,Makurdi,NG007,Benue,Mbayer / Yandev,51.22374117379546,3752.4580078125,Non-IDP,Accessible,default_unreported,NA,NA,Malteser
NG007013,Makurdi,NG007,Benue,Modern Market,60.04157106485796,45606.74609375,Non-IDP,Accessible,confirmed_by_partner_report,Malteser,flooding,Malteser
NG007013,Makurdi,NG007,Benue,North Bank 1,177.04639631056506,95578.796875,Non-IDP,Inaccessible,confirmed_by_partner_report,Malteser,Insecurity / conflict,Malteser
NG007013,Makurdi,NG007,Benue,North Bank 2,9.383953631751776,25351.962890625,Non-IDP,Accessible,confirmed_by_partner_report,Malteser,N/A - fully accessible,Malteser
NG007013,Makurdi,NG007,Benue,Nyamshi / Mbanyamshi,7.752257249686957,474.8552551269531,Non-IDP,Accessible,default_unreported,NA,NA,Malteser
NG007013,Makurdi,NG007,Benue,Tyoughatee / Ijaha,19.404911496520846,709.02886962890625,Non-IDP,Accessible,default_unreported,NA,NA,Malteser
NG007013,Makurdi,NG007,Benue,Wailomayo,13.058332760191917,57101.63671875,Non-IDP,Accessible,confirmed_by_partner_report,Malteser,N/A - fully accessible,Malteser
NG008001,Abadam,NG008,Borno,Arege,1910.578952815768,27543.15234375,Non-IDP,Inaccessible,confirmed_by_partner_report,FACT,Insecurity / conflict,FACT
NG008001,Abadam,NG008,Borno,Banowa,945.3382919213047,17469.517578125,Non-IDP,Inaccessible,confirmed_by_partner_report,FACT,Insecurity / conflict,FACT
NG008001,Abadam,NG008,Borno,Bogum,202.19617013488156,9092.859375,Non-IDP,Inaccessible,confirmed_by_partner_report,FACT,Insecurity / conflict,FACT
NG008001,Abadam,NG008,Borno,Doro,290.6577158219471,3694.845703125,Non-IDP,Inaccessible,confirmed_by_partner_report,FACT,Insecurity / conflict,FACT
NG008001,Abadam,NG008,Borno,Foguwa,552.3616575475796,27088.95703125,Non-IDP,Inaccessible,confirmed_by_partner_report,FACT,Insecurity / conflict,FACT
NG008001,Abadam,NG008,Borno,Gudumbali East,2.8067258813470763,80.00052642822266,Non-IDP,Inaccessible,confirmed_by_partner_report,FACT,Insecurity / conflict,FACT
NG008001,Abadam,NG008,Borno,Gudumbali West,16.114487334470407,1293.5135498046875,Non-IDP,Inaccessible,confirmed_by_partner_report,FACT,Insecurity / conflict,FACT
NG008001,Abadam,NG008,Borno,Yituwa,238.36117840532464,11891.10546875,Non-IDP,Accessible,default_unreported,NA,NA,FACT
NG008002,Askira/Uba,NG008,Borno,Askira East,98.97006192868336,11626.001953125,Non-IDP,Inaccessible,confirmed_by_partner_report,FACT,Other,FACT
NG008002,Askira/Uba,NG008,Borno,Bazza Margi,3.725830281435013,154.70323181152344,Non-IDP,Accessible,default_unreported,NA,NA,FACT
NG008002,Askira/Uba,NG008,Borno,Dille Huyim,339.3927145187329,8929.8466796875,Non-IDP,Accessible,confirmed_by_partner_report,FACT,N/A - fully accessible,FACT
NG008002,Askira/Uba,NG008,Borno,Garaha,0.2223169999849546,0.10807535797357559,Non-IDP,Accessible,default_unreported,NA,NA,FACT
NG008002,Askira/Uba,NG008,Borno,Garkida,0.6524208357567769,9.051218032836914,Non-IDP,Accessible,default_unreported,NA,NA,FACT
NG008002,Askira/Uba,NG008,Borno,Gaya-Sikalmi,5.587384209219903,52.28498077392578,Non-IDP,Accessible,default_unreported,NA,NA,FACT
NG008002,Askira/Uba,NG008,Borno,Hausari Zadawa,245.61277814128198,13247.5771484375,Non-IDP,Accessible,confirmed_by_partner_report,FACT,N/A - fully accessible,FACT
NG008002,Askira/Uba,NG008,Borno,Hildi,0.8533421151123642,0.7756214141845703,Non-IDP,Accessible,default_unreported,NA,NA,FACT
NG008002,Askira/Uba,NG008,Borno,Hussari Tampul,139.72212929940332,8950.4619140625,Non-IDP,Accessible,confirmed_by_partner_report,FACT,N/A - fully accessible,FACT
NG008002,Askira/Uba,NG008,Borno,Jigalambu,0.014114416223578155,0.040036674588918686,Non-IDP,Accessible,default_unreported,NA,NA,FACT
NG008002,Askira/Uba,NG008,Borno,Kautikari,56.91533478395235,71.59911346435547,Non-IDP,Accessible,default_unreported,NA,NA,FACT
NG008002,Askira/Uba,NG008,Borno,Kirchinga,0.006396358774721511,0.31223395466804504,Non-IDP,Accessible,default_unreported,NA,NA,FACT
NG008002,Askira/Uba,NG008,Borno,Kwajaffa,18.664656766957474,142.8448486328125,Non-IDP,Accessible,default_unreported,NA,NA,FACT
NG008002,Askira/Uba,NG008,Borno,Lassa,52.121915016670854,12147.7099609375,Non-IDP,Accessible,confirmed_by_partner_report,FACT,N/A - fully accessible,FACT
NG008002,Askira/Uba,NG008,Borno,Madzi,0.0025807902665138244,3.3390679163858294e-4,Non-IDP,Accessible,default_unreported,NA,NA,FACT
NG008002,Askira/Uba,NG008,Borno,Mandaragirau,25.39997336538392,386.3124084472656,Non-IDP,Accessible,default_unreported,NA,NA,FACT
NG008002,Askira/Uba,NG008,Borno,Mayo Lope,3.272249798709899,56.464073181152344,Non-IDP,Accessible,default_unreported,NA,NA,FACT
NG008002,Askira/Uba,NG008,Borno,Mbalala,8.68802948016712,63.62537384033203,Non-IDP,Accessible,default_unreported,NA,NA,FACT
NG008002,Askira/Uba,NG008,Borno,Mussa,347.898570753631,7194.47412109375,Non-IDP,Accessible,confirmed_by_partner_report,FACT,N/A - fully accessible,FACT
NG008002,Askira/Uba,NG008,Borno,Ngohi,483.27371831395527,11216.0595703125,Non-IDP,Accessible,confirmed_by_partner_report,FACT,N/A - fully accessible,FACT
NG008002,Askira/Uba,NG008,Borno,Ngulde,542.9105941638123,5029.42919921875,Non-IDP,Accessible,confirmed_by_partner_report,FACT,N/A - fully accessible,FACT
NG008002,Askira/Uba,NG008,Borno,Ngurthavu Kopa,170.0343436223848,7227.7783203125,Non-IDP,Accessible,confirmed_by_partner_report,FACT,N/A - fully accessible,FACT
NG008002,Askira/Uba,NG008,Borno,Rumirgo Chul,186.5214820012827,10409.060546875,Non-IDP,Accessible,confirmed_by_partner_report,FACT,N/A - fully accessible,FACT
NG008002,Askira/Uba,NG008,Borno,Tsukumu / Tilijo,1.03100502390337,3.1442575454711914,Non-IDP,Accessible,default_unreported,NA,NA,FACT
NG008002,Askira/Uba,NG008,Borno,Tumbara / Ngabili,9.394196529995498e-4,6.173427100293338e-4,Non-IDP,Accessible,default_unreported,NA,NA,FACT
NG008002,Askira/Uba,NG008,Borno,Uba,82.99441106729788,20778.228515625,Non-IDP,Accessible,confirmed_by_partner_report,FACT,N/A - fully accessible,FACT
NG008002,Askira/Uba,NG008,Borno,Uvu Uda,122.82519794902325,6139.0166015625,Non-IDP,Accessible,default_unreported,NA,NA,FACT
NG008002,Askira/Uba,NG008,Borno,Wamdeo Giwi,210.3137827634964,9373.2255859375,Non-IDP,Accessible,confirmed_by_partner_report,FACT,N/A - fully accessible,FACT
NG008003,Bama,NG008,Borno,Abbaram,451.69204602812766,14113.8291015625,Non-IDP,Accessible,confirmed_by_partner_report (blank row - not flagged),NA,NA,PLAN
NG008003,Bama,NG008,Borno,Amchaka,311.03651103775024,7329.1982421875,Non-IDP,Accessible,default_unreported,NA,NA,PLAN
NG008003,Bama,NG008,Borno,Andara,381.057637081584,11373.185546875,Non-IDP,Accessible,default_unreported,NA,NA,PLAN
NG008003,Bama,NG008,Borno,Banki,192.87842741826856,60861.32421875,Non-IDP,Accessible,default_unreported,NA,NA,PLAN
NG008003,Bama,NG008,Borno,Bita Izge,2.8442092167112043,11.926663398742676,Non-IDP,Accessible,default_unreported,NA,NA,PLAN
NG008003,Bama,NG008,Borno,Bogomari,694.8000735269279,38827.9140625,Non-IDP,Accessible,confirmed_by_partner_report (blank row - not flagged),NA,NA,PLAN
NG008003,Bama,NG008,Borno,Dipchari,130.4715420227607,10454.8671875,Non-IDP,Accessible,default_unreported,NA,NA,PLAN
NG008003,Bama,NG008,Borno,Goniri,122.78958058310477,4102.7705078125,Non-IDP,Accessible,default_unreported,NA,NA,PLAN
NG008003,Bama,NG008,Borno,Gulumba,582.8910997956793,16260.4375,Non-IDP,Accessible,confirmed_by_partner_report (blank row - not flagged),NA,NA,PLAN
NG008003,Bama,NG008,Borno,Jarawa,31.621975670717987,312.5839538574219,Non-IDP,Accessible,default_unreported,NA,NA,PLAN
NG008003,Bama,NG008,Borno,Kasugula,134.7435328586185,59660.4296875,Non-IDP,Accessible,confirmed_by_partner_report (blank row - not flagged),NA,NA,PLAN
NG008003,Bama,NG008,Borno,Kawuri,11.167520489672397,706.50677490234375,Non-IDP,Accessible,default_unreported,NA,NA,PLAN
NG008003,Bama,NG008,Borno,Kirawa Jimin,29.35545778334637,293.44677734375,Non-IDP,Accessible,default_unreported,NA,NA,PLAN
NG008003,Bama,NG008,Borno,Kumshe,347.88148987597464,14970.4619140625,Non-IDP,Accessible,confirmed_by_partner_report (blank row - not flagged),NA,NA,PLAN
NG008003,Bama,NG008,Borno,Mada,1529.1549827508559,7348.70263671875,Non-IDP,Accessible,default_unreported,NA,NA,PLAN
NG008003,Bama,NG008,Borno,Magarta,86.50205894130802,950.47357177734375,Non-IDP,Accessible,confirmed_by_partner_report (blank row - not flagged),NA,NA,PLAN
NG008003,Bama,NG008,Borno,Pulka Bokko,52.34503195229697,469.2529296875,Non-IDP,Accessible,default_unreported,NA,NA,PLAN
NG008003,Bama,NG008,Borno,Shehuri,7.966827132514506,60659.43359375,Non-IDP,Accessible,confirmed_by_partner_report (blank row - not flagged),NA,NA,PLAN
NG008003,Bama,NG008,Borno,Soye,514.6361868636334,48039.9765625,Non-IDP,Accessible,confirmed_by_partner_report (blank row - not flagged),NA,NA,PLAN
NG008003,Bama,NG008,Borno,Wala Warabe Dure,10.30107977519986,44.475032806396484,Non-IDP,Accessible,default_unreported,NA,NA,PLAN
NG008003,Bama,NG008,Borno,Yabal,151.15806089776038,2450.58544921875,Non-IDP,Accessible,default_unreported,NA,NA,PLAN
NG008003,Bama,NG008,Borno,Yabiri,346.3591996289245,22181.005859375,Non-IDP,Accessible,confirmed_by_partner_report (blank row - not flagged),NA,NA,PLAN
NG008003,Bama,NG008,Borno,Zangeri,372.9945170337738,7544.759765625,Non-IDP,Accessible,default_unreported,NA,NA,PLAN
NG008004,Bayo,NG008,Borno,Balbaya,121.05257023125993,10207.8662109375,Non-IDP,Accessible,confirmed_by_partner_report,FACT,N/A - fully accessible,FACT
NG008004,Bayo,NG008,Borno,Briyel,47.95284264216193,10982.9951171875,Non-IDP,Accessible,confirmed_by_partner_report,FACT,N/A - fully accessible,FACT
NG008004,Bayo,NG008,Borno,Gamadadi,25.6843858716079,6081.01513671875,Non-IDP,Accessible,confirmed_by_partner_report,FACT,N/A - fully accessible,FACT
NG008004,Bayo,NG008,Borno,Gasi,13.088165177808792,461.81011962890625,Non-IDP,Accessible,default_unreported,NA,NA,FACT
NG008004,Bayo,NG008,Borno,Gwani / Shinga / Wade,15.968473975709438,1602.47216796875,Non-IDP,Inaccessible,confirmed_by_partner_report,FACT,Other,FACT
NG008004,Bayo,NG008,Borno,Hinna,5.264495647113555,284.2428894042969,Non-IDP,Accessible,default_unreported,NA,NA,FACT
NG008004,Bayo,NG008,Borno,Jagali North,31.086124698277892,2538.99072265625,Non-IDP,Accessible,default_unreported,NA,NA,FACT
NG008004,Bayo,NG008,Borno,Jagali South,1.9972898168963193,186.88739013671875,Non-IDP,Accessible,default_unreported,NA,NA,FACT
NG008004,Bayo,NG008,Borno,Jaradali,186.3157477947262,16430.916015625,Non-IDP,Accessible,confirmed_by_partner_report,FACT,N/A - fully accessible,FACT
NG008004,Bayo,NG008,Borno,Jaragol,117.24287411522948,8654.052734375,Non-IDP,Accessible,confirmed_by_partner_report,FACT,N/A - fully accessible,FACT
NG008004,Bayo,NG008,Borno,Kurba Gayi,53.43797886874133,5899.9287109375,Non-IDP,Inaccessible,confirmed_by_partner_report,FACT,Other,FACT
NG008004,Bayo,NG008,Borno,Kwaya Kusar,0.28267579681909083,3.2972469329833984,Non-IDP,Accessible,default_unreported,NA,NA,FACT
NG008004,Bayo,NG008,Borno,Limanti,108.44706192170858,13153.015625,Non-IDP,Accessible,confirmed_by_partner_report,FACT,N/A - fully accessible,FACT
NG008004,Bayo,NG008,Borno,Ruhu,0.03583593116170168,0,Non-IDP,Accessible,default_unreported,NA,NA,FACT
NG008004,Bayo,NG008,Borno,Telli,123.10609423844672,12130.84375,Non-IDP,Accessible,confirmed_by_partner_report,FACT,N/A - fully accessible,FACT
NG008004,Bayo,NG008,Borno,Tetteba,4.024758116851688,92.80603790283203,Non-IDP,Accessible,default_unreported,NA,NA,FACT
NG008004,Bayo,NG008,Borno,Walama,0.17290508501452062,0,Non-IDP,Accessible,default_unreported,NA,NA,FACT
NG008004,Bayo,NG008,Borno,Wuyo,286.8155265694979,26426.22265625,Non-IDP,Accessible,confirmed_by_partner_report,FACT,N/A - fully accessible,FACT
NG008004,Bayo,NG008,Borno,Zara,35.65717145092291,3000.41845703125,Non-IDP,Accessible,confirmed_by_partner_report,FACT,N/A - fully accessible,FACT
NG008005,Biu,NG008,Borno,Azir Multe,56.65083834325799,2649.620849609375,Non-IDP,Accessible,confirmed_by_partner_report,FACT,N/A - fully accessible,FACT
NG008005,Biu,NG008,Borno,Balbaya,6.057519995995174,20.782102584838867,Non-IDP,Accessible,default_unreported,NA,NA,FACT
NG008005,Biu,NG008,Borno,Bara,1.7983657852641386,129.50311279296875,Non-IDP,Accessible,default_unreported,NA,NA,FACT
NG008005,Biu,NG008,Borno,Bumsa,2.472366178812158,25.18916893005371,Non-IDP,Accessible,default_unreported,NA,NA,FACT
NG008005,Biu,NG008,Borno,Buni Gari,45.28110511225366,307.50048828125,Non-IDP,Accessible,default_unreported,NA,NA,FACT
NG008005,Biu,NG008,Borno,Buratai,1191.2160273122959,13892.5068359375,Non-IDP,Accessible,confirmed_by_partner_report,FACT,N/A - fully accessible,FACT
NG008005,Biu,NG008,Borno,Dokshi,27.570856205820352,18.498517990112305,Non-IDP,Accessible,default_unreported,NA,NA,FACT
NG008005,Biu,NG008,Borno,Dugja,87.00869371622444,50743.82421875,Non-IDP,Accessible,confirmed_by_partner_report,FACT,N/A - fully accessible,FACT
NG008005,Biu,NG008,Borno,Gagure,0.15203494527614117,12.501157760620117,Non-IDP,Accessible,default_unreported,NA,NA,FACT
NG008005,Biu,NG008,Borno,Galdimari,10.14875260621667,34928.01171875,Non-IDP,Accessible,confirmed_by_partner_report,FACT,N/A - fully accessible,FACT
NG008005,Biu,NG008,Borno,Garubula,653.3146016428756,26812.705078125,Non-IDP,Accessible,confirmed_by_partner_report,FACT,N/A - fully accessible,FACT
NG008005,Biu,NG008,Borno,Gongdi,3.7996827158824638,8.543301582336426,Non-IDP,Accessible,default_unreported,NA,NA,FACT
NG008005,Biu,NG008,Borno,Grim Damchoba,42.88547180166968,2435.02978515625,Non-IDP,Inaccessible,confirmed_by_partner_report,FACT,Other,FACT
NG008005,Biu,NG008,Borno,Gunda,536.0285198220964,22685.3359375,Non-IDP,Accessible,confirmed_by_partner_report,FACT,N/A - fully accessible,FACT
NG008005,Biu,NG008,Borno,Gur,491.1599669366973,10710.80859375,Non-IDP,Accessible,confirmed_by_partner_report,FACT,N/A - fully accessible,FACT
NG008005,Biu,NG008,Borno,Guwal,6.519001189961234,495.2001647949219,Non-IDP,Accessible,default_unreported,NA,NA,FACT
NG008005,Biu,NG008,Borno,Kidda,58.38206605849249,1239.4039306640625,Non-IDP,Accessible,default_unreported,NA,NA,FACT
NG008005,Biu,NG008,Borno,Kwajaffa,0.08672596275446845,269.81072998046875,Non-IDP,Accessible,default_unreported,NA,NA,FACT
NG008005,Biu,NG008,Borno,Kwaya Kusar,72.34491314380948,2718.4375,Non-IDP,Accessible,default_unreported,NA,NA,FACT
NG008005,Biu,NG008,Borno,Mandaragirau,310.9878283572627,13134.337890625,Non-IDP,Accessible,default_unreported,NA,NA,FACT
NG008005,Biu,NG008,Borno,Miringa,123.64674487634373,21499.349609375,Non-IDP,Accessible,confirmed_by_partner_report,FACT,N/A - fully accessible,FACT
NG008005,Biu,NG008,Borno,Ngulde,14.966098186227022,79.24232482910156,Non-IDP,Accessible,default_unreported,NA,NA,FACT
NG008005,Biu,NG008,Borno,Sakwa Hema,9.510428205152094,170.0872802734375,Non-IDP,Accessible,default_unreported,NA,NA,FACT
NG008005,Biu,NG008,Borno,Silumthla,6.192202612208978,18890.908203125,Non-IDP,Inaccessible,confirmed_by_partner_report,FACT,Other,FACT
NG008005,Biu,NG008,Borno,Tetteba,44.083573226134774,2032.9117431640625,Non-IDP,Accessible,default_unreported,NA,NA,FACT
NG008005,Biu,NG008,Borno,Yawi,50.932625658648014,26520.48828125,Non-IDP,Accessible,confirmed_by_partner_report,FACT,N/A - fully accessible,FACT
NG008005,Biu,NG008,Borno,Zara,40.51072934647307,1170.5867919921875,Non-IDP,Accessible,default_unreported,NA,NA,FACT
NG008005,Biu,NG008,Borno,Zarawuyaku,213.77771376909328,36663.02734375,Non-IDP,Accessible,confirmed_by_partner_report,FACT,N/A - fully accessible,FACT
NG008006,Chibok,NG008,Borno,Azir Multe,230.1989437423265,6490.93603515625,Non-IDP,Inaccessible,confirmed_by_partner_report,IMC,Insecurity / conflict,IMC
NG008006,Chibok,NG008,Borno,Garu,30.965890110954643,18078.103515625,Non-IDP,Accessible,confirmed_by_partner_report,IMC,N/A - fully accessible,IMC
NG008006,Chibok,NG008,Borno,Gatamarwa,70.42064108085421,6421.65771484375,Non-IDP,Inaccessible,confirmed_by_partner_report,IMC,Insecurity / conflict,IMC
NG008006,Chibok,NG008,Borno,Gumsuri,10.724501795855403,386.1134033203125,Non-IDP,Accessible,default_unreported,NA,NA,IMC
NG008006,Chibok,NG008,Borno,Hausari Zadawa,2.761899865015264,14.226052284240723,Non-IDP,Accessible,default_unreported,NA,NA,IMC
NG008006,Chibok,NG008,Borno,Kautikari,159.21502500200558,17589.7578125,Non-IDP,Inaccessible,confirmed_by_partner_report,IMC,Insecurity / conflict,IMC
NG008006,Chibok,NG008,Borno,Korongillum,291.9561208562243,12848.7373046875,Non-IDP,Inaccessible,confirmed_by_partner_report,IMC,Insecurity / conflict,IMC
NG008006,Chibok,NG008,Borno,Kuburmbulla,271.82583973664083,15512.1494140625,Non-IDP,Inaccessible,confirmed_by_partner_report,IMC,Insecurity / conflict,IMC
NG008006,Chibok,NG008,Borno,Likama,35.79459091018081,9163.029296875,Non-IDP,Accessible,confirmed_by_partner_report,IMC,N/A - fully accessible,IMC
NG008006,Chibok,NG008,Borno,Mbalala,221.06130120583128,23940.91796875,Non-IDP,Accessible,confirmed_by_partner_report,IMC,Other,IMC
NG008006,Chibok,NG008,Borno,Mboakura,92.70180845939522,4334.748046875,Non-IDP,Accessible,default_unreported,NA,NA,IMC
NG008006,Chibok,NG008,Borno,Mussa,1.3793741839259128,247.8027801513672,Non-IDP,Accessible,default_unreported,NA,NA,IMC
NG008006,Chibok,NG008,Borno,Ngohi,100.39857614722177,2603.688720703125,Non-IDP,Accessible,default_unreported,NA,NA,IMC
NG008006,Chibok,NG008,Borno,Ngulde,69.25666097401881,559.34954833984375,Non-IDP,Accessible,default_unreported,NA,NA,IMC
NG008006,Chibok,NG008,Borno,Nzuba Wayaram,9.402049866914749e-4,0.022284243255853653,Non-IDP,Accessible,default_unreported,NA,NA,IMC
NG008006,Chibok,NG008,Borno,Pemi,71.72532363182593,7085.4921875,Non-IDP,Inaccessible,confirmed_by_partner_report,IMC,Insecurity / conflict,IMC
NG008006,Chibok,NG008,Borno,Shikarkir,93.88950672447896,7890.5419921875,Non-IDP,Inaccessible,confirmed_by_partner_report,IMC,Insecurity / conflict,IMC
NG008006,Chibok,NG008,Borno,Whuntaku,170.52211128779172,28558.8359375,Non-IDP,Accessible,confirmed_by_partner_report,IMC,Other,IMC
NG008007,Damboa,NG008,Borno,Ajigin A,839.4523015105509,10317.7236328125,Non-IDP,Inaccessible,confirmed_by_partner_report,IMC,Insecurity / conflict,IMC
NG008007,Damboa,NG008,Borno,Ajigin B,308.94789185432995,4027.937255859375,Non-IDP,Accessible,default_unreported,NA,NA,IMC
NG008007,Damboa,NG008,Borno,Azir Multe,639.358264949957,25117.669921875,Non-IDP,Inaccessible,confirmed_by_partner_report,IMC,Insecurity / conflict,IMC
NG008007,Damboa,NG008,Borno,Bego Yerwa,487.5337658738365,10091.087890625,Non-IDP,Accessible,default_unreported,NA,NA,IMC
NG008007,Damboa,NG008,Borno,Bita Izge,865.1738470088377,6033.36328125,Non-IDP,Accessible,default_unreported,NA,NA,IMC
NG008007,Damboa,NG008,Borno,Buni Gari,18.03550238671919,24.79482078552246,Non-IDP,Accessible,default_unreported,NA,NA,IMC
NG008007,Damboa,NG008,Borno,Buratai,152.98301903834604,415.67730712890625,Non-IDP,Inaccessible,confirmed_by_partner_report,IMC,Insecurity / conflict,IMC
NG008007,Damboa,NG008,Borno,Dalwa,221.23830321836041,369.27655029296875,Non-IDP,Accessible,default_unreported,NA,NA,IMC
NG008007,Damboa,NG008,Borno,Damboa,126.12916833933589,63803.4140625,Non-IDP,Accessible,confirmed_by_partner_report,IMC,N/A - fully accessible,IMC
NG008007,Damboa,NG008,Borno,Dille Huyim,157.55510999550188,1260.3865966796875,Non-IDP,Inaccessible,confirmed_by_partner_report,IMC,Insecurity / conflict,IMC
NG008007,Damboa,NG008,Borno,Foi,187.09047241013133,1055.8714599609375,Non-IDP,Accessible,default_unreported,NA,NA,IMC
NG008007,Damboa,NG008,Borno,Goneri,4.31458401978159,275.8860168457031,Non-IDP,Accessible,default_unreported,NA,NA,IMC
NG008007,Damboa,NG008,Borno,Gulak,0.0068829597469568255,0,Non-IDP,Accessible,default_unreported,NA,NA,IMC
NG008007,Damboa,NG008,Borno,Gumsuri,905.4081483615691,30544.73828125,Non-IDP,Accessible,confirmed_by_partner_report,IMC,Other,IMC
NG008007,Damboa,NG008,Borno,Gur,4.507740909572004,12.400237083435059,Non-IDP,Accessible,default_unreported,NA,NA,IMC
NG008007,Damboa,NG008,Borno,Kafa Mafi,395.43403191369816,4925.46923828125,Non-IDP,Accessible,default_unreported,NA,NA,IMC
NG008007,Damboa,NG008,Borno,Kautikari,1.5438840350272584e-5,1.8784748681355268e-4,Non-IDP,Accessible,default_unreported,NA,NA,IMC
NG008007,Damboa,NG008,Borno,Mallumdunari,17.3172696452055,330.65966796875,Non-IDP,Accessible,default_unreported,NA,NA,IMC
NG008007,Damboa,NG008,Borno,Mboakura,6.817047515141894e-8,0,Non-IDP,Accessible,default_unreported,NA,NA,IMC
NG008007,Damboa,NG008,Borno,Mulgoi Kobchi,870.5337791188774,9229.2802734375,Non-IDP,Accessible,default_unreported,NA,NA,IMC
NG008007,Damboa,NG008,Borno,Ngulde,1.0946273040771484e-4,5.082288989797235e-4,Non-IDP,Accessible,default_unreported,NA,NA,IMC
NG008007,Damboa,NG008,Borno,Ngurthavu Kopa,21.44501000530976,1056.266357421875,Non-IDP,Accessible,default_unreported,NA,NA,IMC
NG008007,Damboa,NG008,Borno,Nzuba Wayaram,264.75194251733114,35897.21484375,Non-IDP,Inaccessible,confirmed_by_partner_report,IMC,Insecurity / conflict,IMC
NG008007,Damboa,NG008,Borno,Shetimare,177.3303630585774,413.9576110839844,Non-IDP,Accessible,default_unreported,NA,NA,IMC
NG008007,Damboa,NG008,Borno,Wawa Korede,702.3222944642619,15603.330078125,Non-IDP,Inaccessible,confirmed_by_partner_report,IMC,Insecurity / conflict,IMC
NG008008,Dikwa,NG008,Borno,Abbaram,43.313256063721774,2594.095703125,Non-IDP,Accessible,default_unreported,NA,NA,Street Child of Nigeria
NG008008,Dikwa,NG008,Borno,Afuye,117.74986600855506,5067.05029296875,Non-IDP,Accessible,default_unreported,NA,NA,Street Child of Nigeria
NG008008,Dikwa,NG008,Borno,Ala,0.23218261548865587,0,Non-IDP,Accessible,default_unreported,NA,NA,Street Child of Nigeria
NG008008,Dikwa,NG008,Borno,Boboshe,421.1883385788439,13864.78125,Non-IDP,Accessible,default_unreported,NA,NA,Street Child of Nigeria
NG008008,Dikwa,NG008,Borno,Dikwa,121.08284183705533,55950.55078125,Non-IDP,Accessible,default_unreported,NA,NA,Street Child of Nigeria
NG008008,Dikwa,NG008,Borno,Gajibo,105.43779985208451,8148.31689453125,Non-IDP,Accessible,default_unreported,NA,NA,Street Child of Nigeria
NG008008,Dikwa,NG008,Borno,Gawa,46.92831779026383,5278.19775390625,Non-IDP,Accessible,default_unreported,NA,NA,Street Child of Nigeria
NG008008,Dikwa,NG008,Borno,Gulumba,116.95222875892728,2613.02685546875,Non-IDP,Accessible,default_unreported,NA,NA,Street Child of Nigeria
NG008008,Dikwa,NG008,Borno,Jarawa,65.37223814401116,814.28302001953125,Non-IDP,Accessible,default_unreported,NA,NA,Street Child of Nigeria
NG008008,Dikwa,NG008,Borno,Kala,7.517201220574379,3.278796911239624,Non-IDP,Accessible,default_unreported,NA,NA,Street Child of Nigeria
NG008008,Dikwa,NG008,Borno,Logumani,6.831647350249589,187.21617126464844,Non-IDP,Accessible,default_unreported,NA,NA,Street Child of Nigeria
NG008008,Dikwa,NG008,Borno,Magarta,295.6988443682409,4768.4169921875,Non-IDP,Accessible,default_unreported,NA,NA,Street Child of Nigeria
NG008008,Dikwa,NG008,Borno,Mala Maja,221.6518491180167,8253.642578125,Non-IDP,Accessible,default_unreported,NA,NA,Street Child of Nigeria
NG008008,Dikwa,NG008,Borno,Mudu Kaza,323.8672294643583,8477.84375,Non-IDP,Accessible,default_unreported,NA,NA,Street Child of Nigeria
NG008008,Dikwa,NG008,Borno,Mujigine,62.56389630373367,1475.490966796875,Non-IDP,Accessible,default_unreported,NA,NA,Street Child of Nigeria
NG008008,Dikwa,NG008,Borno,Muliye,309.0484659629097,6590.6796875,Non-IDP,Accessible,default_unreported,NA,NA,Street Child of Nigeria
NG008008,Dikwa,NG008,Borno,Ndufu,0.4302085342506543,0,Non-IDP,Accessible,default_unreported,NA,NA,Street Child of Nigeria
NG008008,Dikwa,NG008,Borno,Ngudoram,87.16534390994691,6813.2607421875,Non-IDP,Accessible,default_unreported,NA,NA,Street Child of Nigeria
NG008008,Dikwa,NG008,Borno,Ufaye,31.75130674018812,1992.524169921875,Non-IDP,Accessible,default_unreported,NA,NA,Street Child of Nigeria
NG008008,Dikwa,NG008,Borno,Warshele,58.39740027577784,2590.869873046875,Non-IDP,Accessible,default_unreported,NA,NA,Street Child of Nigeria
NG008008,Dikwa,NG008,Borno,Zangeri,0.9605125836335949,50.88666534423828,Non-IDP,Accessible,default_unreported,NA,NA,Street Child of Nigeria
NG008009,Gubio,NG008,Borno,Ardimini,304.78795766742826,23347.458984375,Non-IDP,Inaccessible,confirmed_by_partner_report,FACT,Insecurity / conflict,FACT
NG008009,Gubio,NG008,Borno,Borko,2.0279072518310546,98.80348205566406,Non-IDP,Accessible,default_unreported,NA,NA,FACT
NG008009,Gubio,NG008,Borno,Dabira,210.86121745033302,20599.271484375,Non-IDP,Inaccessible,confirmed_by_partner_report,FACT,Other,FACT
NG008009,Gubio,NG008,Borno,Felo,199.56925619753954,6374.36474609375,Non-IDP,Inaccessible,confirmed_by_partner_report,FACT,Insecurity / conflict,FACT
NG008009,Gubio,NG008,Borno,Futchimiram,11.13343271661672,1459.1317138671875,Non-IDP,Inaccessible,confirmed_by_partner_report,FACT,Insecurity / conflict,FACT
NG008009,Gubio,NG008,Borno,Gadai,23.525560282074853,2079.536865234375,Non-IDP,Inaccessible,confirmed_by_partner_report,FACT,Other,FACT
NG008009,Gubio,NG008,Borno,Gamawo,50.566574562790635,6225.7490234375,Non-IDP,Inaccessible,confirmed_by_partner_report,FACT,Other,FACT
NG008009,Gubio,NG008,Borno,Gashigar,3.039323183352709,459.8672790527344,Non-IDP,Accessible,default_unreported,NA,NA,FACT
NG008009,Gubio,NG008,Borno,Gazabure,589.1542170274105,54264.984375,Non-IDP,Inaccessible,confirmed_by_partner_report,FACT,Insecurity / conflict,FACT
NG008009,Gubio,NG008,Borno,Gubio 1,213.83917980750704,45209.86328125,Non-IDP,Inaccessible,confirmed_by_partner_report,FACT,Access denied by authorities / community,FACT
NG008009,Gubio,NG008,Borno,Gubio 2,136.4676091888199,18814.380859375,Non-IDP,Inaccessible,confirmed_by_partner_report,FACT,Access denied by authorities / community,FACT
NG008009,Gubio,NG008,Borno,Gudumbali West,21.193449761806168,856.7744140625,Non-IDP,Accessible,default_unreported,NA,NA,FACT
NG008009,Gubio,NG008,Borno,Kareto,15.337875597177744,1360.2288818359375,Non-IDP,Accessible,default_unreported,NA,NA,FACT
NG008009,Gubio,NG008,Borno,Kingowa,284.4142936048403,24124.13671875,Non-IDP,Inaccessible,confirmed_by_partner_report,FACT,Insecurity / conflict,FACT
NG008009,Gubio,NG008,Borno,Layi,0.07653524497094005,0.07855450361967087,Non-IDP,Accessible,default_unreported,NA,NA,FACT
NG008009,Gubio,NG008,Borno,Moduri,46.54594044576378,4022.473876953125,Non-IDP,Inaccessible,confirmed_by_partner_report,FACT,Other,FACT
NG008009,Gubio,NG008,Borno,Ngamma,6.033742458753705,186.6530303955078,Non-IDP,Accessible,default_unreported,NA,NA,FACT
NG008009,Gubio,NG008,Borno,Ngetra,589.187441360708,75131.5625,Non-IDP,Inaccessible,confirmed_by_partner_report,FACT,Insecurity / conflict,FACT
NG008009,Gubio,NG008,Borno,Ngulabamma,17.33609183311297,1267.454833984375,Non-IDP,Inaccessible,confirmed_by_partner_report,FACT,Other,FACT
NG008009,Gubio,NG008,Borno,Sabsabuwa,0.07381515540176761,10.53564739227295,Non-IDP,Accessible,default_unreported,NA,NA,FACT
NG008009,Gubio,NG008,Borno,Zari,1.9888447865697145,192.24853515625,Non-IDP,Accessible,default_unreported,NA,NA,FACT
NG008009,Gubio,NG008,Borno,Zowo,581.451007882781,37377.0703125,Non-IDP,Inaccessible,confirmed_by_partner_report,FACT,Insecurity / conflict,FACT
NG008010,Guzamala,NG008,Borno,Aduwa,268.4654186907943,22090.4296875,Non-IDP,Inaccessible,confirmed_by_partner_report,FACT,Insecurity / conflict,FACT
NG008010,Guzamala,NG008,Borno,Alagarno,163.56248452421164,8055.7724609375,Non-IDP,Inaccessible,confirmed_by_partner_report,FACT,Insecurity / conflict,FACT
NG008010,Guzamala,NG008,Borno,Alarge,14.863631909103221,656.25738525390625,Non-IDP,Accessible,default_unreported,NA,NA,FACT
NG008010,Guzamala,NG008,Borno,Badu,33.815600507165435,4346.85546875,Non-IDP,Inaccessible,confirmed_by_partner_report,FACT,Insecurity / conflict,FACT
NG008010,Guzamala,NG008,Borno,Banowa,178.9226178455759,7569.5703125,Non-IDP,Inaccessible,confirmed_by_partner_report,FACT,Insecurity / conflict,FACT
NG008010,Guzamala,NG008,Borno,Felo,2.6011941199425634,5.8297529220581055,Non-IDP,Accessible,default_unreported,NA,NA,FACT
NG008010,Guzamala,NG008,Borno,Gashigar,7.4064023041236995,595.91845703125,Non-IDP,Accessible,default_unreported,NA,NA,FACT
NG008010,Guzamala,NG008,Borno,Gazabure,18.913030333026246,548.48431396484375,Non-IDP,Inaccessible,confirmed_by_partner_report,FACT,Insecurity / conflict,FACT
NG008010,Guzamala,NG008,Borno,Gudumbali East,528.0449566156219,47167.30859375,Non-IDP,Inaccessible,confirmed_by_partner_report,FACT,Insecurity / conflict,FACT
NG008010,Guzamala,NG008,Borno,Gudumbali West,622.5510512368929,36271.375,Non-IDP,Inaccessible,confirmed_by_partner_report,FACT,Insecurity / conflict,FACT
NG008010,Guzamala,NG008,Borno,Guworam,81.07442694915437,4753.93896484375,Non-IDP,Inaccessible,confirmed_by_partner_report,FACT,Insecurity / conflict,FACT
NG008010,Guzamala,NG008,Borno,Guzamala East,91.43259878448772,8203.5478515625,Non-IDP,Inaccessible,confirmed_by_partner_report,FACT,Insecurity / conflict,FACT
NG008010,Guzamala,NG008,Borno,Guzamala West,126.13058985097906,13053.1845703125,Non-IDP,Inaccessible,confirmed_by_partner_report,FACT,Insecurity / conflict,FACT
NG008010,Guzamala,NG008,Borno,Jigalta,17.764203546658397,3001.037841796875,Non-IDP,Inaccessible,confirmed_by_partner_report,FACT,Insecurity / conflict,FACT
NG008010,Guzamala,NG008,Borno,Kingarwa,116.82616581839628,5599.392578125,Non-IDP,Inaccessible,confirmed_by_partner_report,FACT,Insecurity / conflict,FACT
NG008010,Guzamala,NG008,Borno,Kukawa,31.167562932097674,876.06378173828125,Non-IDP,Inaccessible,confirmed_by_partner_report,FACT,Insecurity / conflict,FACT
NG008010,Guzamala,NG008,Borno,Kumalia,13.03940908998704,771.3157958984375,Non-IDP,Accessible,default_unreported,NA,NA,FACT
NG008010,Guzamala,NG008,Borno,Mairari,113.9001526341703,11624.7138671875,Non-IDP,Inaccessible,confirmed_by_partner_report,FACT,Insecurity / conflict,FACT
NG008010,Guzamala,NG008,Borno,Moduri,334.2610784714836,23309.095703125,Non-IDP,Inaccessible,confirmed_by_partner_report,FACT,Insecurity / conflict,FACT
NG008010,Guzamala,NG008,Borno,Monguno,53.02654811776876,1833.46044921875,Non-IDP,Inaccessible,confirmed_by_partner_report,FACT,N/A - fully accessible,FACT
NG008010,Guzamala,NG008,Borno,Wamiri,370.5245322785893,24379.62890625,Non-IDP,Inaccessible,confirmed_by_partner_report,FACT,Insecurity / conflict,FACT
NG008010,Guzamala,NG008,Borno,Wulo,0.03889878642019629,1.5540462732315063,Non-IDP,Accessible,default_unreported,NA,NA,FACT
NG008010,Guzamala,NG008,Borno,Yoyo,9.46502336215949,506.1464538574219,Non-IDP,Accessible,default_unreported,NA,NA,FACT
NG008011,Gwoza,NG008,Borno,Ashigashiya,32.47088929225874,7402.56396484375,Non-IDP,Accessible,default_unreported,NA,NA,NRC
NG008011,Gwoza,NG008,Borno,Bita Izge,1208.3294951794164,26665.68359375,Non-IDP,Accessible,confirmed_by_partner_report,NRC,N/A - fully accessible,NRC
NG008011,Gwoza,NG008,Borno,Bulabulin,111.137071420681,47371.1171875,Non-IDP,Accessible,confirmed_by_partner_report,NRC,N/A - fully accessible,NRC
NG008011,Gwoza,NG008,Borno,Chikide Jahode,58.509658877158586,24168.21484375,Non-IDP,Accessible,default_unreported,NA,NA,NRC
NG008011,Gwoza,NG008,Borno,Gava Agapalwa,61.412300671868444,16664.08984375,Non-IDP,Accessible,confirmed_by_partner_report,NRC,N/A - fully accessible,NRC
NG008011,Gwoza,NG008,Borno,Guduf A and B,55.80997696844284,22977.90234375,Non-IDP,Accessible,confirmed_by_partner_report,NRC,N/A - fully accessible,NRC
NG008011,Gwoza,NG008,Borno,Gulak,6.209098580085717,405.9381408691406,Non-IDP,Accessible,default_unreported,NA,NA,NRC
NG008011,Gwoza,NG008,Borno,Hambagda Limankara Jaje,682.5182611846315,21805.94921875,Non-IDP,Accessible,default_unreported,NA,NA,NRC
NG008011,Gwoza,NG008,Borno,Hausari Gaddamayo,4.16344341037941,35802.7421875,Non-IDP,Accessible,confirmed_by_partner_report,NRC,N/A - fully accessible,NRC
NG008011,Gwoza,NG008,Borno,Hyambula,30.97821242110729,332.9685974121094,Non-IDP,Accessible,default_unreported,NA,NA,NRC
NG008011,Gwoza,NG008,Borno,Kirawa Jimin,197.22565801824808,18284.314453125,Non-IDP,Accessible,confirmed_by_partner_report,NRC,N/A - fully accessible,NRC
NG008011,Gwoza,NG008,Borno,Kurunabasa Ngoshe Sama,105.39782654716146,14614.875,Non-IDP,Accessible,default_unreported,NA,NA,NRC
NG008011,Gwoza,NG008,Borno,Ngoshe,21.290770742908478,13160.6455078125,Non-IDP,Accessible,confirmed_by_partner_report,NRC,N/A - fully accessible,NRC
NG008011,Gwoza,NG008,Borno,Pulka Bokko,202.62030704355212,57319.921875,Non-IDP,Accessible,confirmed_by_partner_report,NRC,N/A - fully accessible,NRC
NG008011,Gwoza,NG008,Borno,Soye,43.572347350724044,3706.164306640625,Non-IDP,Accessible,default_unreported,NA,NA,NRC
NG008011,Gwoza,NG008,Borno,Waga-Chakawa,0.24334234305511782,0.015630189329385757,Non-IDP,Accessible,default_unreported,NA,NA,NRC
NG008011,Gwoza,NG008,Borno,Wala Warabe Dure,622.516464834574,25958.943359375,Non-IDP,Accessible,confirmed_by_partner_report,NRC,N/A - fully accessible,NRC
NG008011,Gwoza,NG008,Borno,Yabal,311.75901033131146,1154.380859375,Non-IDP,Accessible,default_unreported,NA,NA,NRC
NG008012,Hawul,NG008,Borno,Bila Gusi,28.30537554818058,1114.6766357421875,Non-IDP,Accessible,default_unreported,NA,NA,FACT
NG008012,Hawul,NG008,Borno,Bilingwi,60.76889776328562,16620.44921875,Non-IDP,Inaccessible,confirmed_by_partner_report,FACT,Other,FACT
NG008012,Hawul,NG008,Borno,Buma,63.674295349022934,4317.98291015625,Non-IDP,Accessible,confirmed_by_partner_report,FACT,N/A - fully accessible,FACT
NG008012,Hawul,NG008,Borno,Dugja,2.4913543134904437,98.59192657470703,Non-IDP,Accessible,default_unreported,NA,NA,FACT
NG008012,Hawul,NG008,Borno,Gabon,0.008283295792102813,0,Non-IDP,Accessible,default_unreported,NA,NA,FACT
NG008012,Hawul,NG008,Borno,Galdimari,0.08921421464169026,0.9079956412315369,Non-IDP,Accessible,default_unreported,NA,NA,FACT
NG008012,Hawul,NG008,Borno,Garkida,182.48571404536293,6293.2373046875,Non-IDP,Inaccessible,confirmed_by_partner_report,FACT,Other,FACT
NG008012,Hawul,NG008,Borno,Garubula,0.6027908007066249,6.401045799255371,Non-IDP,Accessible,default_unreported,NA,NA,FACT
NG008012,Hawul,NG008,Borno,Gongdi,7.200114657352328,354.65399169921875,Non-IDP,Accessible,default_unreported,NA,NA,FACT
NG008012,Hawul,NG008,Borno,Grim Damchoba,263.23225120404373,21143.017578125,Non-IDP,Accessible,confirmed_by_partner_report,FACT,N/A - fully accessible,FACT
NG008012,Hawul,NG008,Borno,Guyaku,3.3225175951684136,294.617431640625,Non-IDP,Inaccessible,confirmed_by_partner_report,FACT,Other,FACT
NG008012,Hawul,NG008,Borno,Gwanzang,314.6619375344575,24713.03125,Non-IDP,Accessible,confirmed_by_partner_report,FACT,N/A - fully accessible,FACT
NG008012,Hawul,NG008,Borno,Gwaskara,6.189529535044359,577.19677734375,Non-IDP,Accessible,default_unreported,NA,NA,FACT
NG008012,Hawul,NG008,Borno,Hizhi Bwala,91.01170564207945,13608.8896484375,Non-IDP,Inaccessible,confirmed_by_partner_report,FACT,Physical access (terrain,FACT
NG008012,Hawul,NG008,Borno,Kidda,60.49001475441506,12323.8642578125,Non-IDP,Accessible,confirmed_by_partner_report,FACT,N/A - fully accessible,FACT
NG008012,Hawul,NG008,Borno,Kubuku,6.373366446530342,338.3855285644531,Non-IDP,Accessible,default_unreported,NA,NA,FACT
NG008012,Hawul,NG008,Borno,Kwajaffa,468.4668005632997,22948.384765625,Non-IDP,Accessible,confirmed_by_partner_report,FACT,N/A - fully accessible,FACT
NG008012,Hawul,NG008,Borno,Kwaya Bura,118.85323889303065,17028.693359375,Non-IDP,Accessible,confirmed_by_partner_report,FACT,N/A - fully accessible,FACT
NG008012,Hawul,NG008,Borno,Mandaragirau,37.61740944719263,1218.7796630859375,Non-IDP,Accessible,default_unreported,NA,NA,FACT
NG008012,Hawul,NG008,Borno,Marama Kidang,79.92678343593239,18259.962890625,Non-IDP,Accessible,confirmed_by_partner_report,FACT,N/A - fully accessible,FACT
NG008012,Hawul,NG008,Borno,Ngohi,0.35426060069429877,2.969168186187744,Non-IDP,Accessible,default_unreported,NA,NA,FACT
NG008012,Hawul,NG008,Borno,Ngulde,0.08814764236171543,0.004507970530539751,Non-IDP,Accessible,default_unreported,NA,NA,FACT
NG008012,Hawul,NG008,Borno,Pama Waitam,190.5594727810297,8851.32421875,Non-IDP,Accessible,confirmed_by_partner_report,FACT,N/A - fully accessible,FACT
NG008012,Hawul,NG008,Borno,Puba Vidau,382.27873758141226,17472.880859375,Non-IDP,Inaccessible,confirmed_by_partner_report,FACT,Access denied by authorities / community,FACT
NG008012,Hawul,NG008,Borno,Sakwa Hema,100.86692826326478,15365.7265625,Non-IDP,Accessible,confirmed_by_partner_report,FACT,N/A - fully accessible,FACT
NG008012,Hawul,NG008,Borno,Shaffa,55.55224489250421,13269.7158203125,Non-IDP,Accessible,confirmed_by_partner_report,FACT,N/A - fully accessible,FACT
NG008012,Hawul,NG008,Borno,Tawa,1.7891056361332536,5.75339412689209,Non-IDP,Accessible,default_unreported,NA,NA,FACT
NG008012,Hawul,NG008,Borno,Walama,0.7011539454784393,73.610931396484375,Non-IDP,Accessible,default_unreported,NA,NA,FACT
NG008012,Hawul,NG008,Borno,Yawi,0.03741514336028695,0,Non-IDP,Accessible,default_unreported,NA,NA,FACT
NG008013,Jere,NG008,Borno,Ajiri,64.18458672682765,3421.701416015625,Non-IDP,Accessible,confirmed_by_partner_report,NRC,N/A - fully accessible,NRC
NG008013,Jere,NG008,Borno,Alau,71.39741392111095,9216.0966796875,Non-IDP,Accessible,confirmed_by_partner_report,NRC,N/A - fully accessible,NRC
NG008013,Jere,NG008,Borno,Auno,22.902543862035408,12258.2861328125,Non-IDP,Accessible,confirmed_by_partner_report,NRC,N/A - fully accessible,NRC
NG008013,Jere,NG008,Borno,Bolori 2,2.0960607165298013,11012.1435546875,Non-IDP,Accessible,default_unreported,NA,NA,NRC
NG008013,Jere,NG008,Borno,Dala,48.101551585640905,28455.02734375,Non-IDP,Accessible,confirmed_by_partner_report,NRC,N/A - fully accessible,NRC
NG008013,Jere,NG008,Borno,Dalori,12.481621196476452,11394.736328125,Non-IDP,Accessible,confirmed_by_partner_report,NRC,N/A - fully accessible,NRC
NG008013,Jere,NG008,Borno,Dalwa,36.682235347047516,860.25299072265625,Non-IDP,Accessible,default_unreported,NA,NA,NRC
NG008013,Jere,NG008,Borno,Dusuman,65.32236447107464,76305.7421875,Non-IDP,Accessible,confirmed_by_partner_report,NRC,N/A - fully accessible,NRC
NG008013,Jere,NG008,Borno,Galtimari,49.46316051178156,188600.9375,Non-IDP,Accessible,confirmed_by_partner_report,NRC,N/A - fully accessible,NRC
NG008013,Jere,NG008,Borno,Gamboru,0.6690002341730131,13208.0390625,Non-IDP,Accessible,confirmed_by_partner_report,NRC,N/A - fully accessible,NRC
NG008013,Jere,NG008,Borno,Gomari,7.600324320871472,116064.78125,Non-IDP,Accessible,confirmed_by_partner_report,NRC,N/A - fully accessible,NRC
NG008013,Jere,NG008,Borno,Gongolong,180.73283283580756,20195.59375,Non-IDP,Accessible,confirmed_by_partner_report,NRC,N/A - fully accessible,NRC
NG008013,Jere,NG008,Borno,Gwange 1,0.13200070682762563,3524.37890625,Non-IDP,Accessible,default_unreported,NA,NA,NRC
NG008013,Jere,NG008,Borno,Gwange 2,0.0020802465109350304,53.59340286254883,Non-IDP,Accessible,default_unreported,NA,NA,NRC
NG008013,Jere,NG008,Borno,Gwange 3,0.3309107426765349,4555.9462890625,Non-IDP,Accessible,default_unreported,NA,NA,NRC
NG008013,Jere,NG008,Borno,Khaddamari,63.34072013031678,22653.265625,Non-IDP,Accessible,default_unreported,NA,NA,NRC
NG008013,Jere,NG008,Borno,Lamisula,0.033096659238938245,664.0181884765625,Non-IDP,Accessible,default_unreported,NA,NA,NRC
NG008013,Jere,NG008,Borno,Limanti,13.66828834012486,2785.4228515625,Non-IDP,Accessible,confirmed_by_partner_report,NRC,N/A - fully accessible,NRC
NG008013,Jere,NG008,Borno,Loskuri,3.9411953173977734,486.5799255371094,Non-IDP,Accessible,default_unreported,NA,NA,NRC
NG008013,Jere,NG008,Borno,Maimusari,2.1895060002637368,49868.9765625,Non-IDP,Accessible,confirmed_by_partner_report,NRC,N/A - fully accessible,NRC
NG008013,Jere,NG008,Borno,Mairi,28.39961987178779,148482.6875,Non-IDP,Accessible,confirmed_by_partner_report,NRC,N/A - fully accessible,NRC
NG008013,Jere,NG008,Borno,Maisandari,0.39620616190322977,3440.748046875,Non-IDP,Accessible,default_unreported,NA,NA,NRC
NG008013,Jere,NG008,Borno,Mashamari,10.917677397100583,176948.953125,Non-IDP,Accessible,confirmed_by_partner_report,NRC,N/A - fully accessible,NRC
NG008013,Jere,NG008,Borno,Masu,25.779564794924198,377.40643310546875,Non-IDP,Accessible,default_unreported,NA,NA,NRC
NG008013,Jere,NG008,Borno,Old Maiduguri,43.17629838722334,106297.421875,Non-IDP,Accessible,confirmed_by_partner_report,NRC,N/A - fully accessible,NRC
NG008013,Jere,NG008,Borno,Tamsum Gamdua,44.02170388868475,98141.8984375,Non-IDP,Accessible,confirmed_by_partner_report,NRC,N/A - fully accessible,NRC
NG008013,Jere,NG008,Borno,Tuba,274.0718555526378,4894.2275390625,Non-IDP,Accessible,default_unreported,NA,NA,NRC
NG008013,Jere,NG008,Borno,Yajiwa,1.0412855411927104,5414.20361328125,Non-IDP,Accessible,default_unreported,NA,NA,NRC
NG008014,Kaga,NG008,Borno,Benisheikh,146.23036658658552,26641.69140625,Non-IDP,Accessible,confirmed_by_partner_report,FACT,N/A - fully accessible,FACT
NG008014,Kaga,NG008,Borno,Borgozo,101.80500314704935,2227.19189453125,Non-IDP,Accessible,confirmed_by_partner_report,FACT,N/A - fully accessible,FACT
NG008014,Kaga,NG008,Borno,Damakasu,12.253348923851966,429.5318298339844,Non-IDP,Accessible,confirmed_by_partner_report,FACT,N/A - fully accessible,FACT
NG008014,Kaga,NG008,Borno,Dogoma Jalori,191.92831405557968,2131.20263671875,Non-IDP,Accessible,default_unreported,NA,NA,FACT
NG008014,Kaga,NG008,Borno,Dongo,75.49412304071163,2562.322021484375,Non-IDP,Accessible,confirmed_by_partner_report,FACT,N/A - fully accessible,FACT
NG008014,Kaga,NG008,Borno,Foi,605.3804390796868,4477.345703125,Non-IDP,Accessible,confirmed_by_partner_report,FACT,N/A - fully accessible,FACT
NG008014,Kaga,NG008,Borno,Galangi,35.134700667027,824.627685546875,Non-IDP,Accessible,default_unreported,NA,NA,FACT
NG008014,Kaga,NG008,Borno,Gambir Moduri,2.1527702185332775,14.936702728271484,Non-IDP,Accessible,default_unreported,NA,NA,FACT
NG008014,Kaga,NG008,Borno,Goneri,1.5005714045549632,1.6196624040603638,Non-IDP,Accessible,default_unreported,NA,NA,FACT
NG008014,Kaga,NG008,Borno,Gotala Gotumba,0.1661541056241179,0,Non-IDP,Accessible,default_unreported,NA,NA,FACT
NG008014,Kaga,NG008,Borno,Guwo,127.12736672713208,2852.956787109375,Non-IDP,Accessible,default_unreported,NA,NA,FACT
NG008014,Kaga,NG008,Borno,Jakana,3.1124952127108574,257.65179443359375,Non-IDP,Accessible,default_unreported,NA,NA,FACT
NG008014,Kaga,NG008,Borno,Kafa Mafi,2.9895047511556347,0,Non-IDP,Accessible,default_unreported,NA,NA,FACT
NG008014,Kaga,NG008,Borno,Karagawaru,253.10842590070504,14451.931640625,Non-IDP,Accessible,confirmed_by_partner_report,FACT,N/A - fully accessible,FACT
NG008014,Kaga,NG008,Borno,Kukareta Warsala,29.76825972380936,584.92303466796875,Non-IDP,Accessible,default_unreported,NA,NA,FACT
NG008014,Kaga,NG008,Borno,Mainok,118.66323242976189,16922.345703125,Non-IDP,Accessible,confirmed_by_partner_report,FACT,N/A - fully accessible,FACT
NG008014,Kaga,NG008,Borno,Marguba,226.76585669877625,9820.5078125,Non-IDP,Accessible,confirmed_by_partner_report,FACT,N/A - fully accessible,FACT
NG008014,Kaga,NG008,Borno,Ngamdu,545.9646899358034,38694.25,Non-IDP,Accessible,confirmed_by_partner_report,FACT,N/A - fully accessible,FACT
NG008014,Kaga,NG008,Borno,Ngurbuwa,1.7697121696677207,0,Non-IDP,Accessible,default_unreported,NA,NA,FACT
NG008014,Kaga,NG008,Borno,Shetimare,207.76256090015968,2926.776123046875,Non-IDP,Accessible,default_unreported,NA,NA,FACT
NG008014,Kaga,NG008,Borno,Tobolo,128.2833709820404,2026.918701171875,Non-IDP,Accessible,default_unreported,NA,NA,FACT
NG008014,Kaga,NG008,Borno,Wajiro,332.89269368973925,13338.853515625,Non-IDP,Accessible,confirmed_by_partner_report,FACT,N/A - fully accessible,FACT
NG008014,Kaga,NG008,Borno,Wassaram,87.88163144757166,4744.5341796875,Non-IDP,Accessible,confirmed_by_partner_report,FACT,N/A - fully accessible,FACT
NG008015,Kala/Balge,NG008,Borno,Daima,121.454378137796,3227.656982421875,Non-IDP,Accessible,confirmed_by_partner_report (blank row - not flagged),NA,NA,PLAN
NG008015,Kala/Balge,NG008,Borno,Jarawa,298.6362605205569,5999.03466796875,Non-IDP,Accessible,confirmed_by_partner_report (blank row - not flagged),NA,NA,PLAN
NG008015,Kala/Balge,NG008,Borno,Jilbe,176.66934769350672,3175.8369140625,Non-IDP,Accessible,default_unreported,NA,NA,PLAN
NG008015,Kala/Balge,NG008,Borno,Kala,624.6049657714574,13814.0185546875,Non-IDP,Accessible,confirmed_by_partner_report (blank row - not flagged),NA,NA,PLAN
NG008015,Kala/Balge,NG008,Borno,Kalma Kumaga,82.21459528581842,2879.470458984375,Non-IDP,Accessible,default_unreported,NA,NA,PLAN
NG008015,Kala/Balge,NG008,Borno,Komakandi,191.80014881022151,2803.381591796875,Non-IDP,Accessible,confirmed_by_partner_report (blank row - not flagged),NA,NA,PLAN
NG008015,Kala/Balge,NG008,Borno,Mada,487.30900405674527,4864.2763671875,Non-IDP,Accessible,confirmed_by_partner_report (blank row - not flagged),NA,NA,PLAN
NG008015,Kala/Balge,NG008,Borno,Moholo,54.77418454937172,1407.38720703125,Non-IDP,Accessible,confirmed_by_partner_report (blank row - not flagged),NA,NA,PLAN
NG008015,Kala/Balge,NG008,Borno,Ndufu,105.14209792730522,477.02093505859375,Non-IDP,Accessible,default_unreported,NA,NA,PLAN
NG008015,Kala/Balge,NG008,Borno,Rann,164.35860730227537,14523.578125,Non-IDP,Accessible,confirmed_by_partner_report (blank row - not flagged),NA,NA,PLAN
NG008015,Kala/Balge,NG008,Borno,Sigal Karche,112.99023986360913,8842.1865234375,Non-IDP,Accessible,confirmed_by_partner_report (blank row - not flagged),NA,NA,PLAN
NG008016,Konduga,NG008,Borno,Abbaram,136.79732371323064,4688.69921875,Non-IDP,Accessible,default_unreported,NA,NA,NRC
NG008016,Konduga,NG008,Borno,Ajiri,732.6871526032343,10036.1435546875,Non-IDP,Accessible,default_unreported,NA,NA,NRC
NG008016,Konduga,NG008,Borno,Alau,1.825764922296524,4.2245192527771,Non-IDP,Accessible,default_unreported,NA,NA,NRC
NG008016,Konduga,NG008,Borno,Auno,491.0711503071538,140705.546875,Non-IDP,Accessible,confirmed_by_partner_report,NRC,N/A - fully accessible,NRC
NG008016,Konduga,NG008,Borno,Bego Yerwa,148.13554501977762,6554.99658203125,Non-IDP,Accessible,default_unreported,NA,NA,NRC
NG008016,Konduga,NG008,Borno,Bita Izge,163.12595527258233,1687.8114013671875,Non-IDP,Accessible,default_unreported,NA,NA,NRC
NG008016,Konduga,NG008,Borno,Bolori 1,2.087939983571321,2187.20068359375,Non-IDP,Accessible,default_unreported,NA,NA,NRC
NG008016,Konduga,NG008,Borno,Borgozo,312.5721795028862,1444.8739013671875,Non-IDP,Accessible,default_unreported,NA,NA,NRC
NG008016,Konduga,NG008,Borno,Dala,7.120647446148179,1.1842447519302368,Non-IDP,Accessible,default_unreported,NA,NA,NRC
NG008016,Konduga,NG008,Borno,Dalori,62.08451306927267,17742.77734375,Non-IDP,Accessible,confirmed_by_partner_report,NRC,N/A - fully accessible,NRC
NG008016,Konduga,NG008,Borno,Dalwa,2894.8010293134125,19675.67578125,Non-IDP,Accessible,confirmed_by_partner_report,NRC,N/A - fully accessible,NRC
NG008016,Konduga,NG008,Borno,Damboa,70.00429042335779,381.3327331542969,Non-IDP,Accessible,default_unreported,NA,NA,NRC
NG008016,Konduga,NG008,Borno,Foi,468.6935727064954,3432.996337890625,Non-IDP,Accessible,default_unreported,NA,NA,NRC
NG008016,Konduga,NG008,Borno,Gajiganna,52.59846887746394,1903.29296875,Non-IDP,Accessible,default_unreported,NA,NA,NRC
NG008016,Konduga,NG008,Borno,Gawa,8.970528134481668,858.67535400390625,Non-IDP,Accessible,default_unreported,NA,NA,NRC
NG008016,Konduga,NG008,Borno,Gomari,0.1349688667802289,1858.09228515625,Non-IDP,Accessible,confirmed_by_partner_report,NRC,N/A - fully accessible,NRC
NG008016,Konduga,NG008,Borno,Goniri,1.7264634314358085,0,Non-IDP,Accessible,default_unreported,NA,NA,NRC
NG008016,Konduga,NG008,Borno,Hoyo Chingua,42.28316656377362,2686.52783203125,Non-IDP,Accessible,default_unreported,NA,NA,NRC
NG008016,Konduga,NG008,Borno,Jakana,731.9950836447696,26133.28515625,Non-IDP,Accessible,confirmed_by_partner_report,NRC,N/A - fully accessible,NRC
NG008016,Konduga,NG008,Borno,Kalizoram,1.347241235569954,3.588820457458496,Non-IDP,Accessible,default_unreported,NA,NA,NRC
NG008016,Konduga,NG008,Borno,Karagawaru,17.836027043870388,1134.599609375,Non-IDP,Accessible,default_unreported,NA,NA,NRC
NG008016,Konduga,NG008,Borno,Kasugula,1.7564154937572478,19.21077537536621,Non-IDP,Accessible,default_unreported,NA,NA,NRC
NG008016,Konduga,NG008,Borno,Kawuri,259.57361346463824,10818.5732421875,Non-IDP,Accessible,default_unreported,NA,NA,NRC
NG008016,Konduga,NG008,Borno,Konduga,87.21580912747777,31401.54296875,Non-IDP,Accessible,confirmed_by_partner_report,NRC,N/A - fully accessible,NRC
NG008016,Konduga,NG008,Borno,Loskuri,75.89904699768472,1544.712158203125,Non-IDP,Accessible,default_unreported,NA,NA,NRC
NG008016,Konduga,NG008,Borno,Mafa,14.463997650902272,23.127256393432617,Non-IDP,Accessible,default_unreported,NA,NA,NRC
NG008016,Konduga,NG008,Borno,Mainok,16.73251714150095,199.3098602294922,Non-IDP,Accessible,default_unreported,NA,NA,NRC
NG008016,Konduga,NG008,Borno,Mairi,8.261626906049193,228.9373321533203,Non-IDP,Accessible,default_unreported,NA,NA,NRC
NG008016,Konduga,NG008,Borno,Malari,0.31097535060933235,1294.533935546875,Non-IDP,Accessible,confirmed_by_partner_report,NRC,N/A - fully accessible,NRC
NG008016,Konduga,NG008,Borno,Mulgoi Kobchi,2.997832998501108,0,Non-IDP,Accessible,default_unreported,NA,NA,NRC
NG008016,Konduga,NG008,Borno,Shehuri,0.03575708777841679,5.175342082977295,Non-IDP,Accessible,default_unreported,NA,NA,NRC
NG008016,Konduga,NG008,Borno,Tamsum Gamdua,19.46394524591434,1060.8421630859375,Non-IDP,Accessible,default_unreported,NA,NA,NRC
NG008016,Konduga,NG008,Borno,Titiwa,33.31114550511038,840.77655029296875,Non-IDP,Accessible,default_unreported,NA,NA,NRC
NG008016,Konduga,NG008,Borno,Tobolo,3.148277331285238,2.1778275966644287,Non-IDP,Accessible,default_unreported,NA,NA,NRC
NG008016,Konduga,NG008,Borno,Tuba,21.8714054730525,1219.3643798828125,Non-IDP,Accessible,default_unreported,NA,NA,NRC
NG008016,Konduga,NG008,Borno,Yabal,677.5788778265421,16310.6181640625,Non-IDP,Accessible,confirmed_by_partner_report,NRC,N/A - fully accessible,NRC
NG008016,Konduga,NG008,Borno,Yajiwa,2.7501141060537306,2119.355224609375,Non-IDP,Accessible,default_unreported,NA,NA,NRC
NG008016,Konduga,NG008,Borno,Yale,2.547986945249319,9954.5458984375,Non-IDP,Accessible,confirmed_by_partner_report,NRC,N/A - fully accessible,NRC
NG008017,Kukawa,NG008,Borno,Alagarno,1407.8652664620927,20085.0078125,Non-IDP,Inaccessible,confirmed_by_partner_report,FACT,Insecurity / conflict,FACT
NG008017,Kukawa,NG008,Borno,Arege,259.15652858166027,1944.7635498046875,Non-IDP,Inaccessible,confirmed_by_partner_report,FACT,Insecurity / conflict,FACT
NG008017,Kukawa,NG008,Borno,Baga,1074.7487132725298,69094.1953125,Non-IDP,Inaccessible,confirmed_by_partner_report,FACT,Insecurity / conflict,FACT
NG008017,Kukawa,NG008,Borno,Banowa,116.78173230554938,4043.771240234375,Non-IDP,Inaccessible,confirmed_by_partner_report,FACT,Insecurity / conflict,FACT
NG008017,Kukawa,NG008,Borno,Barwati,120.71703761053848,908.512939453125,Non-IDP,Inaccessible,confirmed_by_partner_report,FACT,Insecurity / conflict,FACT
NG008017,Kukawa,NG008,Borno,Bundur,70.74534032726956,2402.793701171875,Non-IDP,Inaccessible,confirmed_by_partner_report,FACT,Insecurity / conflict,FACT
NG008017,Kukawa,NG008,Borno,Dogoshi,304.45205984669064,3007.008544921875,Non-IDP,Inaccessible,confirmed_by_partner_report,FACT,Insecurity / conflict,FACT
NG008017,Kukawa,NG008,Borno,Doro,1069.3922114151942,51265.40625,Non-IDP,Inaccessible,confirmed_by_partner_report,FACT,Insecurity / conflict,FACT
NG008017,Kukawa,NG008,Borno,Guworam,46.119949600206375,484.84295654296875,Non-IDP,Inaccessible,confirmed_by_partner_report,FACT,Insecurity / conflict,FACT
NG008017,Kukawa,NG008,Borno,Kauwa,92.62991799255788,13083.8798828125,Non-IDP,Inaccessible,confirmed_by_partner_report,FACT,Insecurity / conflict,FACT
NG008017,Kukawa,NG008,Borno,Kekeno,523.3770373555178,19842.48828125,Non-IDP,Inaccessible,confirmed_by_partner_report,FACT,Insecurity / conflict,FACT
NG008017,Kukawa,NG008,Borno,Kukawa,746.6880807861385,37610.64453125,Non-IDP,Inaccessible,confirmed_by_partner_report,FACT,Insecurity / conflict,FACT
NG008017,Kukawa,NG008,Borno,Mintar,167.5678473558159,96.81243133544922,Non-IDP,Accessible,default_unreported,NA,NA,FACT
NG008017,Kukawa,NG008,Borno,Monguno,37.79228116835274,2224.40185546875,Non-IDP,Inaccessible,confirmed_by_partner_report,FACT,Insecurity / conflict,FACT
NG008017,Kukawa,NG008,Borno,Ngurno,30.21539938108504,223.17713928222656,Non-IDP,Accessible,default_unreported,NA,NA,FACT
NG008017,Kukawa,NG008,Borno,Yoyo,230.52579344347183,5746.77685546875,Non-IDP,Inaccessible,confirmed_by_partner_report,FACT,Insecurity / conflict,FACT
NG008018,Kwaya Kusar,NG008,Borno,Balbaya,23.932303520213605,1570.18310546875,Non-IDP,Accessible,default_unreported,NA,NA,FACT
NG008018,Kwaya Kusar,NG008,Borno,Bila Gusi,62.80294589490614,11831.8642578125,Non-IDP,Accessible,confirmed_by_partner_report,FACT,N/A - fully accessible,FACT
NG008018,Kwaya Kusar,NG008,Borno,Gasi,9.390851380283715,590.93060302734375,Non-IDP,Accessible,default_unreported,NA,NA,FACT
NG008018,Kwaya Kusar,NG008,Borno,Gongdi,45.337940168549736,9868.255859375,Non-IDP,Accessible,confirmed_by_partner_report,FACT,N/A - fully accessible,FACT
NG008018,Kwaya Kusar,NG008,Borno,Grim Damchoba,7.883678062261886,282.09051513671875,Non-IDP,Accessible,default_unreported,NA,NA,FACT
NG008018,Kwaya Kusar,NG008,Borno,Guwal,28.256208362088024,5871.2158203125,Non-IDP,Accessible,confirmed_by_partner_report,FACT,N/A - fully accessible,FACT
NG008018,Kwaya Kusar,NG008,Borno,Jaradali,1.555651461520195,99.53788757324219,Non-IDP,Accessible,default_unreported,NA,NA,FACT
NG008018,Kwaya Kusar,NG008,Borno,Kubuku,66.32067089021226,6552.15087890625,Non-IDP,Accessible,confirmed_by_partner_report,FACT,N/A - fully accessible,FACT
NG008018,Kwaya Kusar,NG008,Borno,Kurba Gayi,126.96078351410235,15269.9609375,Non-IDP,Accessible,confirmed_by_partner_report,FACT,N/A - fully accessible,FACT
NG008018,Kwaya Kusar,NG008,Borno,Kwaya Kusar,214.51900080460408,38487.83203125,Non-IDP,Accessible,confirmed_by_partner_report,FACT,N/A - fully accessible,FACT
NG008018,Kwaya Kusar,NG008,Borno,Peta,40.53555520705238,9179.2333984375,Non-IDP,Accessible,confirmed_by_partner_report,FACT,N/A - fully accessible,FACT
NG008018,Kwaya Kusar,NG008,Borno,Wada,50.33919272715339,7627.0927734375,Non-IDP,Accessible,confirmed_by_partner_report,FACT,N/A - fully accessible,FACT
NG008018,Kwaya Kusar,NG008,Borno,Walama,43.273182507462266,2088.55615234375,Non-IDP,Accessible,default_unreported,NA,NA,FACT
NG008018,Kwaya Kusar,NG008,Borno,Wawa,68.96450898301912,5036.31494140625,Non-IDP,Accessible,confirmed_by_partner_report,FACT,N/A - fully accessible,FACT
NG008018,Kwaya Kusar,NG008,Borno,Wuyo,35.55832745907855,3284.372802734375,Non-IDP,Accessible,default_unreported,NA,NA,FACT
NG008018,Kwaya Kusar,NG008,Borno,Yimirdalang,106.67809986615413,8773,Non-IDP,Accessible,confirmed_by_partner_report,FACT,N/A - fully accessible,FACT
NG008019,Mafa,NG008,Borno,Ajiri,318.1479333632389,4857.06103515625,Non-IDP,Inaccessible,confirmed_by_partner_report,FHI 360,Insecurity / conflict,FHI 360
NG008019,Mafa,NG008,Borno,Boboshe,1.745936514935732,1044.88427734375,Non-IDP,Accessible,default_unreported,NA,NA,FHI 360
NG008019,Mafa,NG008,Borno,Dalori,24.147153718457812,111.47176361083984,Non-IDP,Accessible,confirmed_by_partner_report,FHI 360,Physical access (terrain,FHI 360
NG008019,Mafa,NG008,Borno,Damakulli,34.52246535975519,588.70111083984375,Non-IDP,Accessible,default_unreported,NA,NA,FHI 360
NG008019,Mafa,NG008,Borno,Gawa,294.1861833659412,12291.4189453125,Non-IDP,Inaccessible,confirmed_by_partner_report,FHI 360,Insecurity / conflict,FHI 360
NG008019,Mafa,NG008,Borno,Kabulawa,3.9718191389606,0,Non-IDP,Accessible,default_unreported,NA,NA,FHI 360
NG008019,Mafa,NG008,Borno,Khaddamari,25.855870710817147,1107.419677734375,Non-IDP,Inaccessible,confirmed_by_partner_report,FHI 360,Insecurity / conflict,FHI 360
NG008019,Mafa,NG008,Borno,Koshebe,126.18069125587844,4480.94873046875,Non-IDP,Inaccessible,confirmed_by_partner_report,FHI 360,Insecurity / conflict,FHI 360
NG008019,Mafa,NG008,Borno,Laje,361.678030871066,2953.15234375,Non-IDP,Inaccessible,confirmed_by_partner_report,FHI 360,Insecurity / conflict,FHI 360
NG008019,Mafa,NG008,Borno,Limanti,394.0006185431497,5496.15576171875,Non-IDP,Inaccessible,confirmed_by_partner_report,FHI 360,Insecurity / conflict,FHI 360
NG008019,Mafa,NG008,Borno,Loskuri,297.2084069595044,4622.09765625,Non-IDP,Accessible,default_unreported,NA,NA,FHI 360
NG008019,Mafa,NG008,Borno,Ma'Afa,127.00172480397745,2051.3759765625,Non-IDP,Accessible,default_unreported,NA,NA,FHI 360
NG008019,Mafa,NG008,Borno,Mafa,603.6589216452553,20336.212890625,Non-IDP,Accessible,confirmed_by_partner_report,FHI 360,N/A - fully accessible,FHI 360
NG008019,Mafa,NG008,Borno,Maiwa,12.310793195596219,380.94879150390625,Non-IDP,Accessible,default_unreported,NA,NA,FHI 360
NG008019,Mafa,NG008,Borno,Masu,388.3200470990977,3548.849609375,Non-IDP,Inaccessible,confirmed_by_partner_report,FHI 360,Insecurity / conflict,FHI 360
NG008019,Mafa,NG008,Borno,Miye,22.531334290730953,1147.8690185546875,Non-IDP,Inaccessible,confirmed_by_partner_report,FHI 360,Insecurity / conflict,FHI 360
NG008019,Mafa,NG008,Borno,Mofio,34.62308722415087,427.83599853515625,Non-IDP,Accessible,default_unreported,NA,NA,FHI 360
NG008019,Mafa,NG008,Borno,Mujigine,284.83298767975646,6577.4130859375,Non-IDP,Inaccessible,confirmed_by_partner_report,FHI 360,Insecurity / conflict,FHI 360
NG008019,Mafa,NG008,Borno,Tamsum Gamdua,46.895885666304324,1024.8828125,Non-IDP,Accessible,confirmed_by_partner_report,FHI 360,N/A - fully accessible,FHI 360
NG008019,Mafa,NG008,Borno,Yabal,2.2477388247835766,0,Non-IDP,Accessible,default_unreported,NA,NA,FHI 360
NG008019,Mafa,NG008,Borno,Zengebe,250.0541547087957,1848.48681640625,Non-IDP,Accessible,default_unreported,NA,NA,FHI 360
NG008020,Magumeri,NG008,Borno,Ardimini,44.109671629103424,4128.42138671875,Non-IDP,Accessible,default_unreported,NA,NA,INTERSOS
NG008020,Magumeri,NG008,Borno,Ardoram,314.87128984908486,18666.69140625,Non-IDP,Accessible,default_unreported,NA,NA,INTERSOS
NG008020,Magumeri,NG008,Borno,Auno,21.524159388768734,1256.260986328125,Non-IDP,Accessible,default_unreported,NA,NA,INTERSOS
NG008020,Magumeri,NG008,Borno,Ayi Yasku,365.14635246544447,8942.517578125,Non-IDP,Accessible,default_unreported,NA,NA,INTERSOS
NG008020,Magumeri,NG008,Borno,Borko,46.29882477169317,1439.2413330078125,Non-IDP,Accessible,default_unreported,NA,NA,INTERSOS
NG008020,Magumeri,NG008,Borno,Borno Yesu,871.6660808196679,33349.34375,Non-IDP,Accessible,confirmed_by_partner_report,INTERSOS,NA,INTERSOS
NG008020,Magumeri,NG008,Borno,Furram,225.6562981484053,18225.1640625,Non-IDP,Accessible,confirmed_by_partner_report,INTERSOS,NA,INTERSOS
NG008020,Magumeri,NG008,Borno,Gadai,22.730953412995042,758.9654541015625,Non-IDP,Accessible,default_unreported,NA,NA,INTERSOS
NG008020,Magumeri,NG008,Borno,Gajiganna,128.79263766147005,21585.927734375,Non-IDP,Accessible,confirmed_by_partner_report,INTERSOS,NA,INTERSOS
NG008020,Magumeri,NG008,Borno,Gamawo,10.544228697581932,1143.825927734375,Non-IDP,Accessible,default_unreported,NA,NA,INTERSOS
NG008020,Magumeri,NG008,Borno,Gubio 1,57.693163369565156,4862.39892578125,Non-IDP,Accessible,default_unreported,NA,NA,INTERSOS
NG008020,Magumeri,NG008,Borno,Hoyo Chingua,448.9662732173708,37132.10546875,Non-IDP,Accessible,default_unreported,NA,NA,INTERSOS
NG008020,Magumeri,NG008,Borno,Jakana,213.76980517833377,8850.6787109375,Non-IDP,Accessible,default_unreported,NA,NA,INTERSOS
NG008020,Magumeri,NG008,Borno,Kalizoram,1229.9862458044015,41464.81640625,Non-IDP,Accessible,confirmed_by_partner_report,INTERSOS,NA,INTERSOS
NG008020,Magumeri,NG008,Borno,Karagawaru,161.4919842552991,3832.1005859375,Non-IDP,Accessible,default_unreported,NA,NA,INTERSOS
NG008020,Magumeri,NG008,Borno,Kareram,89.29744169158316,12449.52734375,Non-IDP,Accessible,default_unreported,NA,NA,INTERSOS
NG008020,Magumeri,NG008,Borno,Kukareta Warsala,18.66402220159501,511.5330505371094,Non-IDP,Accessible,default_unreported,NA,NA,INTERSOS
NG008020,Magumeri,NG008,Borno,Kupti,162.33090948333694,19481.123046875,Non-IDP,Accessible,confirmed_by_partner_report,INTERSOS,NA,INTERSOS
NG008020,Magumeri,NG008,Borno,Mafa,10.560551246051604,211.77479553222656,Non-IDP,Accessible,default_unreported,NA,NA,INTERSOS
NG008020,Magumeri,NG008,Borno,Magumeri,242.31704882571708,27182.021484375,Non-IDP,Accessible,confirmed_by_partner_report,INTERSOS,NA,INTERSOS
NG008020,Magumeri,NG008,Borno,Miye,1.7926003988279393,2523.905517578125,Non-IDP,Accessible,confirmed_by_partner_report (blank row - not flagged),NA,NA,INTERSOS
NG008020,Magumeri,NG008,Borno,Ngamdu,61.597894210053255,1385.8004150390625,Non-IDP,Accessible,default_unreported,NA,NA,INTERSOS
NG008020,Magumeri,NG008,Borno,Ngamma,271.24650124579983,23822.166015625,Non-IDP,Accessible,confirmed_by_partner_report,INTERSOS,NA,INTERSOS
NG008020,Magumeri,NG008,Borno,Ngulabamma,347.2810289694844,22360.845703125,Non-IDP,Accessible,confirmed_by_partner_report,INTERSOS,NA,INTERSOS
NG008020,Magumeri,NG008,Borno,Sasawa / Kabaru,13.486781729230165,154.04940795898438,Non-IDP,Accessible,confirmed_by_partner_report (blank row - not flagged),NA,NA,INTERSOS
NG008020,Magumeri,NG008,Borno,Titiwa,575.5726690992929,31370.298828125,Non-IDP,Accessible,confirmed_by_partner_report,INTERSOS,NA,INTERSOS
NG008021,Maiduguri,NG008,Borno,Auno,5.285479918015119,5054.7744140625,Non-IDP,Accessible,default_unreported,NA,NA,INTERSOS
NG008021,Maiduguri,NG008,Borno,Bolori 1,24.322066902808487,282234.53125,Non-IDP,Accessible,confirmed_by_partner_report,INTERSOS,NA,INTERSOS
NG008021,Maiduguri,NG008,Borno,Bolori 2,19.26772727431595,250278.578125,Non-IDP,Accessible,confirmed_by_partner_report,INTERSOS,NA,INTERSOS
NG008021,Maiduguri,NG008,Borno,Bulabulin,1.0427595709530115,27440.115234375,Non-IDP,Accessible,confirmed_by_partner_report,INTERSOS,NA,INTERSOS
NG008021,Maiduguri,NG008,Borno,Dala,15.32959040963104,10797.828125,Non-IDP,Accessible,confirmed_by_partner_report (blank row - not flagged),NA,NA,INTERSOS
NG008021,Maiduguri,NG008,Borno,Fezzan,0.2462344887413159,7581.3701171875,Non-IDP,Accessible,confirmed_by_partner_report (blank row - not flagged),NA,NA,INTERSOS
NG008021,Maiduguri,NG008,Borno,Galtimari,4.2508989014755345,52202.35546875,Non-IDP,Accessible,confirmed_by_partner_report (blank row - not flagged),NA,NA,INTERSOS
NG008021,Maiduguri,NG008,Borno,Gamboru,1.4282285716141463,35882.421875,Non-IDP,Accessible,confirmed_by_partner_report (blank row - not flagged),NA,NA,INTERSOS
NG008021,Maiduguri,NG008,Borno,Gomari,0.01695590497802801,265.4743957519531,Non-IDP,Accessible,default_unreported,NA,NA,INTERSOS
NG008021,Maiduguri,NG008,Borno,Gongolong,17.436598019179865,19103.427734375,Non-IDP,Accessible,default_unreported,NA,NA,INTERSOS
NG008021,Maiduguri,NG008,Borno,Gwange 1,1.6818973948451967,39185.7890625,Non-IDP,Accessible,confirmed_by_partner_report (blank row - not flagged),NA,NA,INTERSOS
NG008021,Maiduguri,NG008,Borno,Gwange 2,2.289777968587076,50918.4921875,Non-IDP,Accessible,confirmed_by_partner_report (blank row - not flagged),NA,NA,INTERSOS
NG008021,Maiduguri,NG008,Borno,Gwange 3,3.2139303511053026,69336.6875,Non-IDP,Accessible,confirmed_by_partner_report,INTERSOS,NA,INTERSOS
NG008021,Maiduguri,NG008,Borno,Hausari,1.2840615585968793,28631.30859375,Non-IDP,Accessible,confirmed_by_partner_report (blank row - not flagged),NA,NA,INTERSOS
NG008021,Maiduguri,NG008,Borno,Lamisula,9.814640014925876,138396.75,Non-IDP,Accessible,confirmed_by_partner_report (blank row - not flagged),NA,NA,INTERSOS
NG008021,Maiduguri,NG008,Borno,Limanti,0.8948879152876734,27402.109375,Non-IDP,Accessible,confirmed_by_partner_report (blank row - not flagged),NA,NA,INTERSOS
NG008021,Maiduguri,NG008,Borno,Mafoni,1.046136257352203,25113.783203125,Non-IDP,Accessible,confirmed_by_partner_report (blank row - not flagged),NA,NA,INTERSOS
NG008021,Maiduguri,NG008,Borno,Maimusari,0.09656677401856467,2515.894775390625,Non-IDP,Accessible,default_unreported,NA,NA,INTERSOS
NG008021,Maiduguri,NG008,Borno,Mairi,0.2251059674566537,3509.713623046875,Non-IDP,Accessible,default_unreported,NA,NA,INTERSOS
NG008021,Maiduguri,NG008,Borno,Maisandari,60.256351014926494,649074.8125,Non-IDP,Accessible,confirmed_by_partner_report,INTERSOS,NA,INTERSOS
NG008021,Maiduguri,NG008,Borno,Mashamari,0.017277539291791617,355.58978271484375,Non-IDP,Accessible,default_unreported,NA,NA,INTERSOS
NG008021,Maiduguri,NG008,Borno,Old Maiduguri,0.04137036143922101,448.8109130859375,Non-IDP,Accessible,default_unreported,NA,NA,INTERSOS
NG008021,Maiduguri,NG008,Borno,Shehuri North,1.1982046584478616,33904.3359375,Non-IDP,Accessible,confirmed_by_partner_report (blank row - not flagged),NA,NA,INTERSOS
NG008021,Maiduguri,NG008,Borno,Shehuri South,0.42207471485324205,11992.08984375,Non-IDP,Accessible,default_unreported,NA,NA,INTERSOS
NG008021,Maiduguri,NG008,Borno,Yajiwa,6.732998724211514,25113.23046875,Non-IDP,Accessible,confirmed_by_partner_report (blank row - not flagged),NA,NA,INTERSOS
NG008023,Mobbar,NG008,Borno,Banowa,20.486594659246684,1406.5849609375,Non-IDP,Inaccessible,confirmed_by_partner_report,FHI 360,Insecurity / conflict,FHI 360
NG008023,Mobbar,NG008,Borno,Bogum,319.5198838249552,13869.650390625,Non-IDP,Inaccessible,pending_adhoc_proposal_response,NA,NA,FHI 360
NG008023,Mobbar,NG008,Borno,Chamba,489.24992649071953,49237.203125,Non-IDP,Inaccessible,confirmed_by_partner_report,FHI 360,Insecurity / conflict,FHI 360
NG008023,Mobbar,NG008,Borno,Damasak,29.24150587141794,25236.716796875,Non-IDP,Accessible,default_unreported,NA,NA,FHI 360
NG008023,Mobbar,NG008,Borno,Degeltura,14.713874955964089,1712.3131103515625,Non-IDP,Accessible,default_unreported,NA,NA,FHI 360
NG008023,Mobbar,NG008,Borno,Duji,192.70719274112017,17574.02734375,Non-IDP,Accessible,default_unreported,NA,NA,FHI 360
NG008023,Mobbar,NG008,Borno,Fukurti,36.56090696646738,4072.815673828125,Non-IDP,Inaccessible,confirmed_by_partner_report,FHI 360,Insecurity / conflict,FHI 360
NG008023,Mobbar,NG008,Borno,Futchimiram,76.78103271263714,10801.689453125,Non-IDP,Inaccessible,confirmed_by_partner_report,FHI 360,Insecurity / conflict,FHI 360
NG008023,Mobbar,NG008,Borno,Gashigar,488.3191305264062,25811.337890625,Non-IDP,Inaccessible,confirmed_by_partner_report,FHI 360,Insecurity / conflict,FHI 360
NG008023,Mobbar,NG008,Borno,Gazabure,13.704974530327906,929.9619140625,Non-IDP,Inaccessible,confirmed_by_partner_report,FHI 360,Insecurity / conflict,FHI 360
NG008023,Mobbar,NG008,Borno,Gudumbali West,102.82862051691532,5487.34716796875,Non-IDP,Inaccessible,pending_adhoc_proposal_response,NA,NA,FHI 360
NG008023,Mobbar,NG008,Borno,Kareto,443.7123097794213,59978.51171875,Non-IDP,Inaccessible,confirmed_by_partner_report,FHI 360,Insecurity / conflict,FHI 360
NG008023,Mobbar,NG008,Borno,Layi,265.84586999117533,33423.3515625,Non-IDP,Inaccessible,confirmed_by_partner_report,FHI 360,Insecurity / conflict,FHI 360
NG008023,Mobbar,NG008,Borno,Ngetra,35.02450884181833,4319.0166015625,Non-IDP,Inaccessible,confirmed_by_partner_report,FHI 360,Insecurity / conflict,FHI 360
NG008023,Mobbar,NG008,Borno,Zanna Umarti,147.37275725443547,40279.34375,Non-IDP,Accessible,default_unreported,NA,NA,FHI 360
NG008023,Mobbar,NG008,Borno,Zari,544.5584112120714,34798.98828125,Non-IDP,Inaccessible,confirmed_by_partner_report,FHI 360,Insecurity / conflict,FHI 360
NG008024,Monguno,NG008,Borno,Alarge,22.006489010930537,1034.988037109375,Non-IDP,Accessible,default_unreported,NA,NA,Street Child of Nigeria
NG008024,Monguno,NG008,Borno,Badairi,0.5700345017490243,0,Non-IDP,Accessible,default_unreported,NA,NA,Street Child of Nigeria
NG008024,Monguno,NG008,Borno,Damakulli,43.52562407103829,1035.9100341796875,Non-IDP,Accessible,default_unreported,NA,NA,Street Child of Nigeria
NG008024,Monguno,NG008,Borno,Kabulawa,7.382907560702832,125.54821014404297,Non-IDP,Accessible,default_unreported,NA,NA,Street Child of Nigeria
NG008024,Monguno,NG008,Borno,Kaguram,262.5066289823753,15489.9716796875,Non-IDP,Accessible,default_unreported,NA,NA,Street Child of Nigeria
NG008024,Monguno,NG008,Borno,Kekeno,47.63642871924877,1018.95361328125,Non-IDP,Accessible,default_unreported,NA,NA,Street Child of Nigeria
NG008024,Monguno,NG008,Borno,Kingarwa,16.12078260809851,938.87066650390625,Non-IDP,Accessible,default_unreported,NA,NA,Street Child of Nigeria
NG008024,Monguno,NG008,Borno,Kirenowa,89.8903060442562,657.115966796875,Non-IDP,Accessible,default_unreported,NA,NA,Street Child of Nigeria
NG008024,Monguno,NG008,Borno,Kumalia,95.42108129128825,4770.2451171875,Non-IDP,Accessible,default_unreported,NA,NA,Street Child of Nigeria
NG008024,Monguno,NG008,Borno,Maiwa,10.97886114040649,170.15626525878906,Non-IDP,Accessible,default_unreported,NA,NA,Street Child of Nigeria
NG008024,Monguno,NG008,Borno,Mandala,94.79449610943699,3916.56005859375,Non-IDP,Accessible,default_unreported,NA,NA,Street Child of Nigeria
NG008024,Monguno,NG008,Borno,Masu,8.35635775412935,273.521240234375,Non-IDP,Accessible,default_unreported,NA,NA,Street Child of Nigeria
NG008024,Monguno,NG008,Borno,Mintar,486.657818496605,18564.037109375,Non-IDP,Accessible,default_unreported,NA,NA,Street Child of Nigeria
NG008024,Monguno,NG008,Borno,Mofio,219.89385495055836,6818.07763671875,Non-IDP,Accessible,default_unreported,NA,NA,Street Child of Nigeria
NG008024,Monguno,NG008,Borno,Monguno,78.31897717624223,113941.984375,Non-IDP,Accessible,default_unreported,NA,NA,Street Child of Nigeria
NG008024,Monguno,NG008,Borno,Ngurno,186.1529384147066,3229.838623046875,Non-IDP,Accessible,default_unreported,NA,NA,Street Child of Nigeria
NG008024,Monguno,NG008,Borno,Sugundure,96.93216631552124,4064.77197265625,Non-IDP,Accessible,default_unreported,NA,NA,Street Child of Nigeria
NG008024,Monguno,NG008,Borno,Sure,188.94135480232,9076.93359375,Non-IDP,Accessible,default_unreported,NA,NA,Street Child of Nigeria
NG008024,Monguno,NG008,Borno,Wulo,288.40728207409217,13382.58984375,Non-IDP,Accessible,default_unreported,NA,NA,Street Child of Nigeria
NG008024,Monguno,NG008,Borno,Yele,119.80502017001092,3090.769287109375,Non-IDP,Accessible,default_unreported,NA,NA,Street Child of Nigeria
NG008024,Monguno,NG008,Borno,Yoyo,5.3111557892896535,2506.650390625,Non-IDP,Accessible,default_unreported,NA,NA,Street Child of Nigeria
NG008024,Monguno,NG008,Borno,Zulum,54.36112650400925,1154.8284912109375,Non-IDP,Accessible,default_unreported,NA,NA,Street Child of Nigeria
NG008025,Ngala,NG008,Borno,Fuye,412.2728978281317,5480.5419921875,Non-IDP,Accessible,default_unreported,NA,NA,CARE
NG008025,Ngala,NG008,Borno,Gajibo,3.64216319786787,5.95330286026001,Non-IDP,Accessible,default_unreported,NA,NA,CARE
NG008025,Ngala,NG008,Borno,Gamboru C,106.81357058067815,45470.6953125,Non-IDP,Accessible,default_unreported,NA,NA,CARE
NG008025,Ngala,NG008,Borno,Kala,8.20506316458375,4.918202877044678,Non-IDP,Accessible,default_unreported,NA,NA,CARE
NG008025,Ngala,NG008,Borno,Logumani,166.66951697765637,5966.95849609375,Non-IDP,Accessible,default_unreported,NA,NA,CARE
NG008025,Ngala,NG008,Borno,Mudu Kaza,25.938094197537648,105.4612808227539,Non-IDP,Accessible,default_unreported,NA,NA,CARE
NG008025,Ngala,NG008,Borno,Ndufu,540.1371935713368,6967.22705078125,Non-IDP,Accessible,default_unreported,NA,NA,CARE
NG008025,Ngala,NG008,Borno,Ngala,42.99695560251069,39843.93359375,Non-IDP,Accessible,default_unreported,NA,NA,CARE
NG008025,Ngala,NG008,Borno,Rann,39.329193306072504,297.1742248535156,Non-IDP,Accessible,default_unreported,NA,NA,CARE
NG008025,Ngala,NG008,Borno,Shehuri,54.46196569192755,6201.13671875,Non-IDP,Accessible,default_unreported,NA,NA,CARE
NG008025,Ngala,NG008,Borno,Warshele,301.9395125388515,5592.70654296875,Non-IDP,Accessible,default_unreported,NA,NA,CARE
NG008025,Ngala,NG008,Borno,Wulgo,157.41740919095386,17394.2734375,Non-IDP,Accessible,default_unreported,NA,NA,CARE
NG008026,Nganzai,NG008,Borno,Aduwa,23.59751116246131,929.32489013671875,Non-IDP,Inaccessible,confirmed_by_partner_report,FACT,Insecurity / conflict,FACT
NG008026,Nganzai,NG008,Borno,Alarge,94.82208556137896,7773.12744140625,Non-IDP,Inaccessible,confirmed_by_partner_report,FACT,Insecurity / conflict,FACT
NG008026,Nganzai,NG008,Borno,Badu,226.22721553457225,20030.197265625,Non-IDP,Inaccessible,confirmed_by_partner_report,FACT,Insecurity / conflict,FACT
NG008026,Nganzai,NG008,Borno,Damaram,121.26491599925113,12466.8076171875,Non-IDP,Inaccessible,confirmed_by_partner_report,FACT,Insecurity / conflict,FACT
NG008026,Nganzai,NG008,Borno,Felo,122.74901198681623,5778.45751953125,Non-IDP,Inaccessible,confirmed_by_partner_report,FACT,Insecurity / conflict,FACT
NG008026,Nganzai,NG008,Borno,Gadai,441.92836150018184,24453.099609375,Non-IDP,Inaccessible,confirmed_by_partner_report,FACT,Insecurity / conflict,FACT
NG008026,Nganzai,NG008,Borno,Gajiganna,125.63855257643026,6029.080078125,Non-IDP,Inaccessible,confirmed_by_partner_report,FACT,Insecurity / conflict,FACT
NG008026,Nganzai,NG008,Borno,Gajiram,111.03091028157759,31648.83203125,Non-IDP,Accessible,confirmed_by_partner_report,FACT,N/A - fully accessible,FACT
NG008026,Nganzai,NG008,Borno,Gubio 1,2.5210947060604094,213.85482788085938,Non-IDP,Accessible,default_unreported,NA,NA,FACT
NG008026,Nganzai,NG008,Borno,Guzamala West,2.7688391928087546,366.5035095214844,Non-IDP,Accessible,default_unreported,NA,NA,FACT
NG008026,Nganzai,NG008,Borno,Jigalta,95.46826040104231,12199.1845703125,Non-IDP,Inaccessible,confirmed_by_partner_report,FACT,Insecurity / conflict,FACT
NG008026,Nganzai,NG008,Borno,Kingowa,9.853381399516255,1149.5791015625,Non-IDP,Inaccessible,confirmed_by_partner_report,FACT,Insecurity / conflict,FACT
NG008026,Nganzai,NG008,Borno,Kuda,225.19611900254404,14387.134765625,Non-IDP,Inaccessible,confirmed_by_partner_report,FACT,Insecurity / conflict,FACT
NG008026,Nganzai,NG008,Borno,Kurnawa,173.14548142654039,14165.6533203125,Non-IDP,Inaccessible,confirmed_by_partner_report,FACT,Insecurity / conflict,FACT
NG008026,Nganzai,NG008,Borno,Mairari,3.300335363640785,113.3326187133789,Non-IDP,Accessible,default_unreported,NA,NA,FACT
NG008026,Nganzai,NG008,Borno,Maiwa,141.7776466364067,4450.96875,Non-IDP,Inaccessible,confirmed_by_partner_report,FACT,Insecurity / conflict,FACT
NG008026,Nganzai,NG008,Borno,Masu,41.52251906854297,170.55726623535156,Non-IDP,Accessible,default_unreported,NA,NA,FACT
NG008026,Nganzai,NG008,Borno,Miye,307.1104184635602,6577.30517578125,Non-IDP,Inaccessible,confirmed_by_partner_report,FACT,Insecurity / conflict,FACT
NG008026,Nganzai,NG008,Borno,Moduri,80.31155112990189,7010.1728515625,Non-IDP,Inaccessible,confirmed_by_partner_report,FACT,Insecurity / conflict,FACT
NG008026,Nganzai,NG008,Borno,Mofio,1.8043043572883468,0,Non-IDP,Accessible,default_unreported,NA,NA,FACT
NG008026,Nganzai,NG008,Borno,Sabsabuwa,244.8271072822047,16397.640625,Non-IDP,Inaccessible,confirmed_by_partner_report,FACT,Insecurity / conflict,FACT
NG008026,Nganzai,NG008,Borno,Sugundure,229.3404935907319,15101.6484375,Non-IDP,Inaccessible,confirmed_by_partner_report,FACT,Insecurity / conflict,FACT
NG008026,Nganzai,NG008,Borno,Titiwa,49.719844138948574,2834.953857421875,Non-IDP,Inaccessible,confirmed_by_partner_report,FACT,Insecurity / conflict,FACT
NG008026,Nganzai,NG008,Borno,Tuba,62.22115638779032,442.68865966796875,Non-IDP,Accessible,default_unreported,NA,NA,FACT
NG008027,Shani,NG008,Borno,Bargu,142.6811080995009,27060.25,Non-IDP,Accessible,confirmed_by_partner_report,FACT,N/A - fully accessible,FACT
NG008027,Shani,NG008,Borno,Bila Gusi,0.33806531099313497,1.6809879541397095,Non-IDP,Accessible,default_unreported,NA,NA,FACT
NG008027,Shani,NG008,Borno,Bodeno,4.933613733215362,3083.86328125,Non-IDP,Accessible,confirmed_by_partner_report,FACT,N/A - fully accessible,FACT
NG008027,Shani,NG008,Borno,Bodwai,3.0842475274699925,20.39590835571289,Non-IDP,Accessible,default_unreported,NA,NA,FACT
NG008027,Shani,NG008,Borno,Buma,10.897761681433707,811.16595458984375,Non-IDP,Inaccessible,confirmed_by_partner_report,FACT,Other,FACT
NG008027,Shani,NG008,Borno,Gabon,1.6068622568524182,33.97114562988281,Non-IDP,Accessible,default_unreported,NA,NA,FACT
NG008027,Shani,NG008,Borno,Garkida,8.731402158357769,109.76312255859375,Non-IDP,Accessible,default_unreported,NA,NA,FACT
NG008027,Shani,NG008,Borno,Gasi,257.43961988213016,24427.17578125,Non-IDP,Accessible,confirmed_by_partner_report,FACT,N/A - fully accessible,FACT
NG008027,Shani,NG008,Borno,Gora,83.09987395050175,13659.2568359375,Non-IDP,Accessible,confirmed_by_partner_report,FACT,N/A - fully accessible,FACT
NG008027,Shani,NG008,Borno,Gwalasho,148.61158407317328,15715.0283203125,Non-IDP,Accessible,confirmed_by_partner_report,FACT,N/A - fully accessible,FACT
NG008027,Shani,NG008,Borno,Gwanzang,19.494671051415434,1700.159912109375,Non-IDP,Accessible,default_unreported,NA,NA,FACT
NG008027,Shani,NG008,Borno,Gwapopolok,194.01085402816392,7721.197265625,Non-IDP,Inaccessible,confirmed_by_partner_report,FACT,Other,FACT
NG008027,Shani,NG008,Borno,Gwaskara,32.8654934650392,6316.6318359375,Non-IDP,Inaccessible,confirmed_by_partner_report,FACT,Other,FACT
NG008027,Shani,NG008,Borno,Jagali North,3.8099056317681,290.0696105957031,Non-IDP,Accessible,default_unreported,NA,NA,FACT
NG008027,Shani,NG008,Borno,Jaradali,2.4920150290941234,157.34219360351563,Non-IDP,Accessible,default_unreported,NA,NA,FACT
NG008027,Shani,NG008,Borno,Ketembere,8.596285217553437,867.91278076171875,Non-IDP,Accessible,default_unreported,NA,NA,FACT
NG008027,Shani,NG008,Borno,Kombo,63.49731602565363,7171.0380859375,Non-IDP,Accessible,confirmed_by_partner_report,FACT,N/A - fully accessible,FACT
NG008027,Shani,NG008,Borno,Kubo,79.74217219787026,13312.72265625,Non-IDP,Accessible,confirmed_by_partner_report,FACT,N/A - fully accessible,FACT
NG008027,Shani,NG008,Borno,Lakundum,79.2545625269165,11329.7314453125,Non-IDP,Accessible,confirmed_by_partner_report,FACT,N/A - fully accessible,FACT
NG008027,Shani,NG008,Borno,Shani,192.85515124912692,45035.44921875,Non-IDP,Accessible,confirmed_by_partner_report,FACT,N/A - fully accessible,FACT
NG008027,Shani,NG008,Borno,Wada,2.6925807287329513,27.6343936920166,Non-IDP,Accessible,default_unreported,NA,NA,FACT
NG008027,Shani,NG008,Borno,Walama,190.62347265223494,18178.193359375,Non-IDP,Accessible,confirmed_by_partner_report,FACT,N/A - fully accessible,FACT
NG019007,Jema'a,NG019,Kaduna,Agban,6.961339315794259,2051.65185546875,Non-IDP,Accessible,default_unreported,NA,NA,COOPI
NG019007,Jema'a,NG019,Kaduna,Arak,115.76144593545389,2479.879638671875,Non-IDP,Accessible,default_unreported,NA,NA,COOPI
NG019007,Jema'a,NG019,Kaduna,Asso,222.9436252491269,24021.3515625,Non-IDP,Accessible,default_unreported,NA,NA,COOPI
NG019007,Jema'a,NG019,Kaduna,Atuku,84.23213202361917,13826.78125,Non-IDP,Accessible,confirmed_by_partner_report (blank row - not flagged),NA,NA,COOPI
NG019007,Jema'a,NG019,Kaduna,Barde,246.34221095763374,25063.1953125,Non-IDP,Accessible,confirmed_by_partner_report (blank row - not flagged),NA,NA,COOPI
NG019007,Jema'a,NG019,Kaduna,Gidan Waya,89.0591644141301,32213.3984375,Non-IDP,Accessible,confirmed_by_partner_report (blank row - not flagged),NA,NA,COOPI
NG019007,Jema'a,NG019,Kaduna,Godogodo,185.65047687619912,20835.357421875,Non-IDP,Accessible,confirmed_by_partner_report (blank row - not flagged),NA,NA,COOPI
NG019007,Jema'a,NG019,Kaduna,Jagindi,272.0645755465035,39534.69921875,Non-IDP,Accessible,confirmed_by_partner_report (blank row - not flagged),NA,NA,COOPI
NG019007,Jema'a,NG019,Kaduna,Kafanchan A,2.6712460603042243,17991,Non-IDP,Accessible,confirmed_by_partner_report (blank row - not flagged),NA,NA,COOPI
NG019007,Jema'a,NG019,Kaduna,Kafanchan B,1.6161464035494328,11926.951171875,Non-IDP,Accessible,confirmed_by_partner_report (blank row - not flagged),NA,NA,COOPI
NG019007,Jema'a,NG019,Kaduna,Kagoma,114.212400048491,23109.67578125,Non-IDP,Accessible,confirmed_by_partner_report (blank row - not flagged),NA,NA,COOPI
NG019007,Jema'a,NG019,Kaduna,Kaninkon,189.79089766737437,25720.37109375,Non-IDP,Accessible,confirmed_by_partner_report (blank row - not flagged),NA,NA,COOPI
NG019007,Jema'a,NG019,Kaduna,Karshi,34.5590627512176,918.3209228515625,Non-IDP,Accessible,default_unreported,NA,NA,COOPI
NG019007,Jema'a,NG019,Kaduna,Kukum,0.2118359866756201,90.2302474975586,Non-IDP,Accessible,default_unreported,NA,NA,COOPI
NG019007,Jema'a,NG019,Kaduna,Madakiya,0.012836688762828242,1.0649468898773193,Non-IDP,Accessible,default_unreported,NA,NA,COOPI
NG019007,Jema'a,NG019,Kaduna,Maigizo,17.951660883983134,39332.45703125,Non-IDP,Accessible,confirmed_by_partner_report (blank row - not flagged),NA,NA,COOPI
NG019007,Jema'a,NG019,Kaduna,Nandu,7.825437216329217,409.0480041503906,Non-IDP,Accessible,default_unreported,NA,NA,COOPI
NG019007,Jema'a,NG019,Kaduna,Nduya,1.0077521883646845,316.3113708496094,Non-IDP,Accessible,default_unreported,NA,NA,COOPI
NG019007,Jema'a,NG019,Kaduna,Samban,21.729888792488456,493.6399841308594,Non-IDP,Accessible,default_unreported,NA,NA,COOPI
NG019007,Jema'a,NG019,Kaduna,Takau,25.13447478381756,27926.611328125,Non-IDP,Accessible,confirmed_by_partner_report (blank row - not flagged),NA,NA,COOPI
NG019007,Jema'a,NG019,Kaduna,Unguwan Rimi,8.078012102020807,3398.74267578125,Non-IDP,Accessible,confirmed_by_partner_report (blank row - not flagged),NA,NA,COOPI
NG019007,Jema'a,NG019,Kaduna,Wasa,22.557922063201605,863.031494140625,Non-IDP,Accessible,default_unreported,NA,NA,COOPI
NG019023,Zaria,NG019,Kaduna,Chikaji,0.4482657880738974,2020.4638671875,Non-IDP,Accessible,default_unreported,NA,NA,COOPI
NG019023,Zaria,NG019,Kaduna,Dambo,52.151267734349545,42218.62890625,Non-IDP,Accessible,confirmed_by_partner_report (blank row - not flagged),NA,NA,COOPI
NG019023,Zaria,NG019,Kaduna,Dutsen Abba,171.0678944456079,56611.68359375,Non-IDP,Accessible,confirmed_by_partner_report (blank row - not flagged),NA,NA,COOPI
NG019023,Zaria,NG019,Kaduna,Gyellesu,28.693617087281837,94519.28125,Non-IDP,Accessible,confirmed_by_partner_report (blank row - not flagged),NA,NA,COOPI
NG019023,Zaria,NG019,Kaduna,Hanwa,0.17732683783909678,185.8658447265625,Non-IDP,Accessible,default_unreported,NA,NA,COOPI
NG019023,Zaria,NG019,Kaduna,Igabi,0.37330532060822846,68.15473175048828,Non-IDP,Accessible,default_unreported,NA,NA,COOPI
NG019023,Zaria,NG019,Kaduna,Jushi,1.3236197673243284,3838.064453125,Non-IDP,Accessible,default_unreported,NA,NA,COOPI
NG019023,Zaria,NG019,Kaduna,Kaura,2.9193518934894502,37086.4609375,Non-IDP,Accessible,confirmed_by_partner_report (blank row - not flagged),NA,NA,COOPI
NG019023,Zaria,NG019,Kaduna,Kerawa,3.7291838111388684,265.5755310058594,Non-IDP,Accessible,default_unreported,NA,NA,COOPI
NG019023,Zaria,NG019,Kaduna,Kufena,42.07570108912465,79068.984375,Non-IDP,Accessible,confirmed_by_partner_report (blank row - not flagged),NA,NA,COOPI
NG019023,Zaria,NG019,Kaduna,Kwarbai A,7.1286179578035025,67625.4921875,Non-IDP,Accessible,confirmed_by_partner_report (blank row - not flagged),NA,NA,COOPI
NG019023,Zaria,NG019,Kaduna,Kwarbai B,3.8610920327487888,46607.73046875,Non-IDP,Accessible,confirmed_by_partner_report (blank row - not flagged),NA,NA,COOPI
NG019023,Zaria,NG019,Kaduna,Limancin Kona,1.4722860682392902,23963.451171875,Non-IDP,Accessible,confirmed_by_partner_report (blank row - not flagged),NA,NA,COOPI
NG019023,Zaria,NG019,Kaduna,Maigana,13.11051512708807,2069.923583984375,Non-IDP,Accessible,default_unreported,NA,NA,COOPI
NG019023,Zaria,NG019,Kaduna,Panhauya,0.6403601050575971,584.25872802734375,Non-IDP,Accessible,default_unreported,NA,NA,COOPI
NG019023,Zaria,NG019,Kaduna,Richifa,0.004996465725660324,1.445433497428894,Non-IDP,Accessible,default_unreported,NA,NA,COOPI
NG019023,Zaria,NG019,Kaduna,Tudun Wada,3.7398815607339144,38515.18359375,Non-IDP,Accessible,confirmed_by_partner_report (blank row - not flagged),NA,NA,COOPI
NG019023,Zaria,NG019,Kaduna,Tukur Tukur,8.939007445357934,67933.0625,Non-IDP,Accessible,confirmed_by_partner_report (blank row - not flagged),NA,NA,COOPI
NG019023,Zaria,NG019,Kaduna,Unguwar Fatika,3.639309756514251,35018.9609375,Non-IDP,Accessible,confirmed_by_partner_report (blank row - not flagged),NA,NA,COOPI
NG019023,Zaria,NG019,Kaduna,Unguwar Juma,1.4439307181007415,18948.923828125,Non-IDP,Accessible,confirmed_by_partner_report (blank row - not flagged),NA,NA,COOPI
NG019023,Zaria,NG019,Kaduna,Wazata,3.2315302431054262,221.57044982910156,Non-IDP,Accessible,default_unreported,NA,NA,COOPI
NG019023,Zaria,NG019,Kaduna,Wuciciri,95.909369525146,27114.75,Non-IDP,Accessible,confirmed_by_partner_report (blank row - not flagged),NA,NA,COOPI
NG019023,Zaria,NG019,Kaduna,Zangon Aya,13.870672486998838,1966.0302734375,Non-IDP,Accessible,default_unreported,NA,NA,COOPI
NG021001,Bakori,NG021,Katsina,Bakori A,13.59470619549203,12366.2001953125,Non-IDP,Accessible,confirmed_by_partner_report,FACT,N/A - fully accessible,FACT
NG021001,Bakori,NG021,Katsina,Bakori B,41.966944709964515,23022.306640625,Non-IDP,Accessible,confirmed_by_partner_report,FACT,N/A - fully accessible,FACT
NG021001,Bakori,NG021,Katsina,Barde Kwantakwaran,79.79480007745505,17373.486328125,Non-IDP,Inaccessible,confirmed_by_partner_report,FACT,Insecurity / conflict,FACT
NG021001,Bakori,NG021,Katsina,Dawa Musa,78.09465579917892,14103.4794921875,Non-IDP,Inaccessible,confirmed_by_partner_report,FACT,Insecurity / conflict,FACT
NG021001,Bakori,NG021,Katsina,Dutsen Kura,0.2678081525079608,4.672255039215088,Non-IDP,Accessible,default_unreported,NA,NA,FACT
NG021001,Bakori,NG021,Katsina,Goya,1.6713659691934586,89.15613555908203,Non-IDP,Accessible,default_unreported,NA,NA,FACT
NG021001,Bakori,NG021,Katsina,Gozaki,26.115514553152085,2219.470947265625,Non-IDP,Inaccessible,confirmed_by_partner_report,FACT,Insecurity / conflict,FACT
NG021001,Bakori,NG021,Katsina,Guga,77.23974239681834,13868.166015625,Non-IDP,Inaccessible,confirmed_by_partner_report,FACT,Insecurity / conflict,FACT
NG021001,Bakori,NG021,Katsina,Jargaba,54.666549383316486,12618.2587890625,Non-IDP,Inaccessible,confirmed_by_partner_report,FACT,Insecurity / conflict,FACT
NG021001,Bakori,NG021,Katsina,Jiba,1.9305825842722655,44.25067901611328,Non-IDP,Accessible,default_unreported,NA,NA,FACT
NG021001,Bakori,NG021,Katsina,Kabomo,49.524463950487494,12910.544921875,Non-IDP,Accessible,confirmed_by_partner_report,FACT,N/A - fully accessible,FACT
NG021001,Bakori,NG021,Katsina,Kakumi,69.75449630531914,25883.8515625,Non-IDP,Inaccessible,confirmed_by_partner_report,FACT,Insecurity / conflict,FACT
NG021001,Bakori,NG021,Katsina,Kandarawa,131.42664382021786,16692.734375,Non-IDP,Inaccessible,confirmed_by_partner_report,FACT,Insecurity / conflict,FACT
NG021001,Bakori,NG021,Katsina,Karfi,29.473601196083308,5166.4453125,Non-IDP,Inaccessible,confirmed_by_partner_report,FACT,Insecurity / conflict,FACT
NG021001,Bakori,NG021,Katsina,Kurami Yankwani,123.67277561653674,48088.25,Non-IDP,Inaccessible,confirmed_by_partner_report,FACT,Insecurity / conflict,FACT
NG021001,Bakori,NG021,Katsina,Kuringafa,7.119014500433808,1998.46923828125,Non-IDP,Accessible,default_unreported,NA,NA,FACT
NG021001,Bakori,NG021,Katsina,Mabai,1.6200487547417424,356.9444580078125,Non-IDP,Accessible,default_unreported,NA,NA,FACT
NG021001,Bakori,NG021,Katsina,Makera,0.9698002421789169,74.27100372314453,Non-IDP,Accessible,default_unreported,NA,NA,FACT
NG021001,Bakori,NG021,Katsina,Masari,0.7634789980656504,68.26964569091797,Non-IDP,Accessible,default_unreported,NA,NA,FACT
NG021001,Bakori,NG021,Katsina,Ruwan Godiya,6.464258137841576,2912.6630859375,Non-IDP,Inaccessible,confirmed_by_partner_report,FACT,Insecurity / conflict,FACT
NG021001,Bakori,NG021,Katsina,Tafoki,5.094693708834901,1550.109375,Non-IDP,Inaccessible,confirmed_by_partner_report,FACT,Insecurity / conflict,FACT
NG021001,Bakori,NG021,Katsina,Tandama,7.292916261394326,337.3486328125,Non-IDP,Inaccessible,confirmed_by_partner_report,FACT,Insecurity / conflict,FACT
NG021001,Bakori,NG021,Katsina,Tsiga,66.87623880466172,19887.1015625,Non-IDP,Inaccessible,confirmed_by_partner_report,FACT,Insecurity / conflict,FACT
NG021001,Bakori,NG021,Katsina,Yaba,0.6993591248475313,56.905906677246094,Non-IDP,Accessible,default_unreported,NA,NA,FACT
NG021001,Bakori,NG021,Katsina,Yar Malamai,0.3696775190757811,201.155029296875,Non-IDP,Accessible,default_unreported,NA,NA,FACT
NG021002,Batagarawa,NG021,Katsina,Abukur,2.4878676205198764,145.08985900878906,Non-IDP,Accessible,default_unreported,NA,NA,IRC
NG021002,Batagarawa,NG021,Katsina,Ajiwa,51.58317571862298,58058.17578125,Non-IDP,Accessible,confirmed_by_partner_report (blank row - not flagged),NA,NA,IRC
NG021002,Batagarawa,NG021,Katsina,Bakiyawa,53.94221645654702,19193.13671875,Non-IDP,Accessible,confirmed_by_partner_report (blank row - not flagged),NA,NA,IRC
NG021002,Batagarawa,NG021,Katsina,Barawa,61.672365271303654,12896.26953125,Non-IDP,Accessible,confirmed_by_partner_report (blank row - not flagged),NA,NA,IRC
NG021002,Batagarawa,NG021,Katsina,Batagarawa,81.62018919567824,47217.76953125,Non-IDP,Accessible,confirmed_by_partner_report (blank row - not flagged),NA,NA,IRC
NG021002,Batagarawa,NG021,Katsina,Bugaje,0.34938968086784333,137.89134216308594,Non-IDP,Accessible,default_unreported,NA,NA,IRC
NG021002,Batagarawa,NG021,Katsina,Dabaibayawa,91.13031861765909,19627.19140625,Non-IDP,Accessible,confirmed_by_partner_report (blank row - not flagged),NA,NA,IRC
NG021002,Batagarawa,NG021,Katsina,Dan Alhaji Yangayya,4.201298199344312,1536.82861328125,Non-IDP,Accessible,default_unreported,NA,NA,IRC
NG021002,Batagarawa,NG021,Katsina,Dandagoro,58.97182548646891,51074.26171875,Non-IDP,Accessible,confirmed_by_partner_report (blank row - not flagged),NA,NA,IRC
NG021002,Batagarawa,NG021,Katsina,Gangara,0.5755402166480422,176.5579071044922,Non-IDP,Accessible,default_unreported,NA,NA,IRC
NG021002,Batagarawa,NG021,Katsina,Jino,51.39008597044623,14923.5361328125,Non-IDP,Accessible,confirmed_by_partner_report (blank row - not flagged),NA,NA,IRC
NG021002,Batagarawa,NG021,Katsina,Kayauki,26.72391625424017,15965.1201171875,Non-IDP,Accessible,confirmed_by_partner_report (blank row - not flagged),NA,NA,IRC
NG021002,Batagarawa,NG021,Katsina,Kudu 2,0.44459220041266084,2601.10986328125,Non-IDP,Accessible,confirmed_by_partner_report (blank row - not flagged),NA,NA,IRC
NG021002,Batagarawa,NG021,Katsina,Magama Masabo Kurabau,2.4082617176533194,1547.434326171875,Non-IDP,Accessible,confirmed_by_partner_report (blank row - not flagged),NA,NA,IRC
NG021002,Batagarawa,NG021,Katsina,Maje Karare,0.6829279524326325,83.28519439697266,Non-IDP,Accessible,default_unreported,NA,NA,IRC
NG021002,Batagarawa,NG021,Katsina,Makurda,0.9788582476909756,45.97138595581055,Non-IDP,Accessible,default_unreported,NA,NA,IRC
NG021002,Batagarawa,NG021,Katsina,Shinkafi 2,9.343861383796707,26910.390625,Non-IDP,Accessible,confirmed_by_partner_report (blank row - not flagged),NA,NA,IRC
NG021002,Batagarawa,NG021,Katsina,Tsanni,69.35030549035417,14775.849609375,Non-IDP,Accessible,default_unreported,NA,NA,IRC
NG021002,Batagarawa,NG021,Katsina,Tsauri A,6.3243004393612745,1740.562255859375,Non-IDP,Accessible,default_unreported,NA,NA,IRC
NG021002,Batagarawa,NG021,Katsina,Yandaki,0.15480099098390807,551.7227783203125,Non-IDP,Accessible,default_unreported,NA,NA,IRC
NG021002,Batagarawa,NG021,Katsina,Yanhoho,1.313308752611518,1105.1231689453125,Non-IDP,Accessible,default_unreported,NA,NA,IRC
NG021002,Batagarawa,NG021,Katsina,Yargamji,33.76491521408701,9544.1474609375,Non-IDP,Accessible,confirmed_by_partner_report (blank row - not flagged),NA,NA,IRC
NG021003,Batsari,NG021,Katsina,Abadau Kagara,148.8387536340023,35706.37890625,Non-IDP,Inaccessible,confirmed_by_partner_report,FACT,Insecurity / conflict,FACT
NG021003,Batsari,NG021,Katsina,Babban Duhu A,1.5826934311997891,180.1216583251953,Non-IDP,Accessible,default_unreported,NA,NA,FACT
NG021003,Batsari,NG021,Katsina,Babban Duhu B,78.98055124776864,1336.7099609375,Non-IDP,Inaccessible,confirmed_by_partner_report,FACT,Insecurity / conflict,FACT
NG021003,Batsari,NG021,Katsina,Batsari,34.675028993721604,42227.28515625,Non-IDP,Accessible,confirmed_by_partner_report,FACT,N/A - fully accessible,FACT
NG021003,Batsari,NG021,Katsina,Dan Alhaji Yangayya,170.72143090142012,45024.41015625,Non-IDP,Inaccessible,confirmed_by_partner_report,FACT,Insecurity / conflict,FACT
NG021003,Batsari,NG021,Katsina,Danfani Sabon Birni,1.491309217736125e-4,0,Non-IDP,Accessible,default_unreported,NA,NA,FACT
NG021003,Batsari,NG021,Katsina,Darini Magaji Abu,145.21819032263446,22813.095703125,Non-IDP,Inaccessible,confirmed_by_partner_report,FACT,Insecurity / conflict,FACT
NG021003,Batsari,NG021,Katsina,Faru,3.7576959471979143,767.669921875,Non-IDP,Inaccessible,confirmed_by_partner_report,FACT,Insecurity / conflict,FACT
NG021003,Batsari,NG021,Katsina,Gangara,1.917035731201738,435.6641845703125,Non-IDP,Accessible,default_unreported,NA,NA,FACT
NG021003,Batsari,NG021,Katsina,Gurbi,50.05178449456033,942.19683837890625,Non-IDP,Accessible,default_unreported,NA,NA,FACT
NG021003,Batsari,NG021,Katsina,Kandawa,76.07529859353042,30625.23046875,Non-IDP,Inaccessible,confirmed_by_partner_report,FACT,Insecurity / conflict,FACT
NG021003,Batsari,NG021,Katsina,Karare,83.10239277892137,20015.740234375,Non-IDP,Inaccessible,confirmed_by_partner_report,FACT,Insecurity / conflict,FACT
NG021003,Batsari,NG021,Katsina,Kurfi B,13.327571684894561,3236.084716796875,Non-IDP,Inaccessible,confirmed_by_partner_report,FACT,Insecurity / conflict,FACT
NG021003,Batsari,NG021,Katsina,Madogara,121.55002277541473,13069.21875,Non-IDP,Inaccessible,confirmed_by_partner_report,FACT,Insecurity / conflict,FACT
NG021003,Batsari,NG021,Katsina,Manawa,113.01421589266789,22118.37890625,Non-IDP,Inaccessible,confirmed_by_partner_report,FACT,Insecurity / conflict,FACT
NG021003,Batsari,NG021,Katsina,Rukudawa,29.30004981448269,483.8478698730469,Non-IDP,Inaccessible,confirmed_by_partner_report,FACT,Insecurity / conflict,FACT
NG021003,Batsari,NG021,Katsina,Rumah,129.93270567204294,20420.71484375,Non-IDP,Inaccessible,confirmed_by_partner_report,FACT,Insecurity / conflict,FACT
NG021003,Batsari,NG021,Katsina,Tsauri A,2.709112363715589,630.962158203125,Non-IDP,Accessible,default_unreported,NA,NA,FACT
NG021003,Batsari,NG021,Katsina,Tsauri B,1.6765011758024693,105.01886749267578,Non-IDP,Accessible,default_unreported,NA,NA,FACT
NG021003,Batsari,NG021,Katsina,Wagini,61.03250572697711,15912.2490234375,Non-IDP,Accessible,confirmed_by_partner_report,FACT,N/A - fully accessible,FACT
NG021003,Batsari,NG021,Katsina,Yangayya,5.222260771831497e-4,0.07648652046918869,Non-IDP,Accessible,default_unreported,NA,NA,FACT
NG021003,Batsari,NG021,Katsina,Yau-Yau Malamawa,88.73136286653099,16178.5888671875,Non-IDP,Inaccessible,confirmed_by_partner_report,FACT,Insecurity / conflict,FACT
NG021003,Batsari,NG021,Katsina,Zakka A,8.449593533184549,1961.8323974609375,Non-IDP,Inaccessible,confirmed_by_partner_report,FACT,Insecurity / conflict,FACT
NG021004,Baure,NG021,Katsina,Babban Mutum,48.4466315783904,14664.880859375,Non-IDP,Accessible,default_unreported,NA,NA,FACT
NG021004,Baure,NG021,Katsina,Baure,34.33654354814197,38491.0859375,Non-IDP,Accessible,confirmed_by_partner_report,FACT,N/A - fully accessible,FACT
NG021004,Baure,NG021,Katsina,Dandi,2.249630779628068,1158.036376953125,Non-IDP,Accessible,default_unreported,NA,NA,FACT
NG021004,Baure,NG021,Katsina,Dankum,91.84662534977538,26339.796875,Non-IDP,Accessible,confirmed_by_partner_report,FACT,N/A - fully accessible,FACT
NG021004,Baure,NG021,Katsina,Faski,96.06278818550587,29433.228515625,Non-IDP,Accessible,default_unreported,NA,NA,FACT
NG021004,Baure,NG021,Katsina,Garki,91.79624261174834,40409.8046875,Non-IDP,Accessible,confirmed_by_partner_report,FACT,N/A - fully accessible,FACT
NG021004,Baure,NG021,Katsina,Garni,3.4225710790112838,501.3616943359375,Non-IDP,Accessible,default_unreported,NA,NA,FACT
NG021004,Baure,NG021,Katsina,Gurjiya,3.3168953268487007,964.589111328125,Non-IDP,Accessible,default_unreported,NA,NA,FACT
NG021004,Baure,NG021,Katsina,Gwarta,0.6264569483125806,185.14015197753906,Non-IDP,Accessible,default_unreported,NA,NA,FACT
NG021004,Baure,NG021,Katsina,Hui,103.57667285907554,34533.39453125,Non-IDP,Accessible,confirmed_by_partner_report,FACT,N/A - fully accessible,FACT
NG021004,Baure,NG021,Katsina,Insharuwa,0.0933468498570323,3.377394676208496,Non-IDP,Accessible,default_unreported,NA,NA,FACT
NG021004,Baure,NG021,Katsina,K Malamai,4.782394430918932,2043.179443359375,Non-IDP,Inaccessible,confirmed_by_partner_report,FACT,Insecurity / conflict,FACT
NG021004,Baure,NG021,Katsina,Kawarin Kudi,0.7293640326822605,348.9917907714844,Non-IDP,Accessible,default_unreported,NA,NA,FACT
NG021004,Baure,NG021,Katsina,Maibara,70.7481025718459,26899.583984375,Non-IDP,Accessible,confirmed_by_partner_report,FACT,N/A - fully accessible,FACT
NG021004,Baure,NG021,Katsina,Mudiri,51.16923672606945,18586.455078125,Non-IDP,Accessible,confirmed_by_partner_report,FACT,N/A - fully accessible,FACT
NG021004,Baure,NG021,Katsina,Taramnawa,71.9286980347929,27470.3046875,Non-IDP,Accessible,default_unreported,NA,NA,FACT
NG021004,Baure,NG021,Katsina,Unguwar Rai,82.60497390497702,27325.71484375,Non-IDP,Accessible,confirmed_by_partner_report,FACT,N/A - fully accessible,FACT
NG021004,Baure,NG021,Katsina,Yanduna,67.67409942317617,20372.8671875,Non-IDP,Accessible,confirmed_by_partner_report,FACT,N/A - fully accessible,FACT
NG021004,Baure,NG021,Katsina,Yanmaulu,107.82367088312918,34141.2265625,Non-IDP,Accessible,confirmed_by_partner_report,FACT,N/A - fully accessible,FACT
NG021005,Bindawa,NG021,Katsina,Baure,40.51119313434902,13285.29296875,Non-IDP,Accessible,confirmed_by_partner_report,FACT,N/A - fully accessible,FACT
NG021005,Bindawa,NG021,Katsina,Bindawa,24.35031748087412,21525.935546875,Non-IDP,Accessible,confirmed_by_partner_report,FACT,N/A - fully accessible,FACT
NG021005,Bindawa,NG021,Katsina,Bujawa,0.26234563446009157,0.18415139615535736,Non-IDP,Accessible,default_unreported,NA,NA,FACT
NG021005,Bindawa,NG021,Katsina,Dallaje,69.63145927552557,27645.41015625,Non-IDP,Accessible,confirmed_by_partner_report,FACT,N/A - fully accessible,FACT
NG021005,Bindawa,NG021,Katsina,Doka,1.036582090097539,497.6244812011719,Non-IDP,Inaccessible,confirmed_by_partner_report,FACT,Insecurity / conflict,FACT
NG021005,Bindawa,NG021,Katsina,Doro,50.6909102947787,26405.783203125,Non-IDP,Accessible,confirmed_by_partner_report,FACT,N/A - fully accessible,FACT
NG021005,Bindawa,NG021,Katsina,Duddunni,4.039276895327807,284.2955627441406,Non-IDP,Accessible,default_unreported,NA,NA,FACT
NG021005,Bindawa,NG021,Katsina,Duwan Makau,6.721831438249038,698.23089599609375,Non-IDP,Accessible,default_unreported,NA,NA,FACT
NG021005,Bindawa,NG021,Katsina,Fakuwa Kafin Dangi,2.226061743817717,191.56808471679688,Non-IDP,Accessible,default_unreported,NA,NA,FACT
NG021005,Bindawa,NG021,Katsina,Gaiwa,46.9553745107106,11748.033203125,Non-IDP,Accessible,confirmed_by_partner_report,FACT,N/A - fully accessible,FACT
NG021005,Bindawa,NG021,Katsina,Giremawa,54.19103589742693,13088.95703125,Non-IDP,Accessible,confirmed_by_partner_report,FACT,N/A - fully accessible,FACT
NG021005,Bindawa,NG021,Katsina,Jani,1.5471159969944954,850.21746826171875,Non-IDP,Inaccessible,confirmed_by_partner_report,FACT,Insecurity / conflict,FACT
NG021005,Bindawa,NG021,Katsina,Jibawa,47.50660174656463,19531.779296875,Non-IDP,Accessible,confirmed_by_partner_report,FACT,N/A - fully accessible,FACT
NG021005,Bindawa,NG021,Katsina,Kamri,41.19482371677744,18738.296875,Non-IDP,Accessible,confirmed_by_partner_report,FACT,N/A - fully accessible,FACT
NG021005,Bindawa,NG021,Katsina,Kandawa,1.6450547258242965,393.2160949707031,Non-IDP,Accessible,confirmed_by_partner_report,FACT,N/A - fully accessible,FACT
NG021005,Bindawa,NG021,Katsina,Kurfeji,0.2589112087165713,22.849153518676758,Non-IDP,Accessible,default_unreported,NA,NA,FACT
NG021005,Bindawa,NG021,Katsina,Machika,6.0497593370148985,1968.217041015625,Non-IDP,Accessible,default_unreported,NA,NA,FACT
NG021005,Bindawa,NG021,Katsina,Magami,3.4129634627514034,439.6805419921875,Non-IDP,Accessible,default_unreported,NA,NA,FACT
NG021005,Bindawa,NG021,Katsina,Mani,1.7123867113299966,611.47357177734375,Non-IDP,Accessible,default_unreported,NA,NA,FACT
NG021005,Bindawa,NG021,Katsina,Sabon Gari,2.0853001713155805,451.3367919921875,Non-IDP,Accessible,default_unreported,NA,NA,FACT
NG021005,Bindawa,NG021,Katsina,Safana,3.3578496018528043,1455.83544921875,Non-IDP,Accessible,default_unreported,NA,NA,FACT
NG021005,Bindawa,NG021,Katsina,Shibdawa,53.901475193399904,14032.8251953125,Non-IDP,Accessible,confirmed_by_partner_report,FACT,N/A - fully accessible,FACT
NG021005,Bindawa,NG021,Katsina,Tama,72.16685324573588,22668.375,Non-IDP,Accessible,confirmed_by_partner_report,FACT,N/A - fully accessible,FACT
NG021005,Bindawa,NG021,Katsina,Yangora,45.77035688797426,9387.32421875,Non-IDP,Accessible,confirmed_by_partner_report,FACT,N/A - fully accessible,FACT
NG021006,Charanchi,NG021,Katsina,Banye,39.39252517472923,11476.9716796875,Non-IDP,Accessible,default_unreported,NA,NA,CARE
NG021006,Charanchi,NG021,Katsina,Bindawa,2.9347288398732805,1924.902099609375,Non-IDP,Accessible,default_unreported,NA,NA,CARE
NG021006,Charanchi,NG021,Katsina,Bugagadi,6.543178014915466,1935.0673828125,Non-IDP,Accessible,default_unreported,NA,NA,CARE
NG021006,Charanchi,NG021,Katsina,Charanchi,46.06257547107269,47300.984375,Non-IDP,Accessible,default_unreported,NA,NA,CARE
NG021006,Charanchi,NG021,Katsina,Doka,36.9017870684083,14786.7373046875,Non-IDP,Accessible,default_unreported,NA,NA,CARE
NG021006,Charanchi,NG021,Katsina,Fakuwa Kafin Dangi,2.5014914649808406,492.5067443847656,Non-IDP,Accessible,default_unreported,NA,NA,CARE
NG021006,Charanchi,NG021,Katsina,Ganuwa,65.24841263614493,21961.796875,Non-IDP,Accessible,default_unreported,NA,NA,CARE
NG021006,Charanchi,NG021,Katsina,Kadandani,1.241556535746135,260.6266784667969,Non-IDP,Accessible,default_unreported,NA,NA,CARE
NG021006,Charanchi,NG021,Katsina,Kafin Soli,1.551348577674389,442.4094543457031,Non-IDP,Accessible,default_unreported,NA,NA,CARE
NG021006,Charanchi,NG021,Katsina,Kamri,0.05870962102067471,38.31372833251953,Non-IDP,Accessible,default_unreported,NA,NA,CARE
NG021006,Charanchi,NG021,Katsina,Karofi B,6.649195425333619,1267.9482421875,Non-IDP,Accessible,default_unreported,NA,NA,CARE
NG021006,Charanchi,NG021,Katsina,Koda,57.523569901011946,18509.52734375,Non-IDP,Accessible,default_unreported,NA,NA,CARE
NG021006,Charanchi,NG021,Katsina,Kuki A,2.5648439209585785,799.542724609375,Non-IDP,Accessible,default_unreported,NA,NA,CARE
NG021006,Charanchi,NG021,Katsina,Kunduru Gyaza,1.3051757786046267,306.5028381347656,Non-IDP,Accessible,default_unreported,NA,NA,CARE
NG021006,Charanchi,NG021,Katsina,Kuraye,64.47028876291168,25077.505859375,Non-IDP,Accessible,default_unreported,NA,NA,CARE
NG021006,Charanchi,NG021,Katsina,Maje Karare,0.6971214948482215,81.5510482788086,Non-IDP,Accessible,default_unreported,NA,NA,CARE
NG021006,Charanchi,NG021,Katsina,Majen Wayya,76.83868168571556,19233.083984375,Non-IDP,Accessible,default_unreported,NA,NA,CARE
NG021006,Charanchi,NG021,Katsina,Radda,82.46667657183495,26474.470703125,Non-IDP,Accessible,default_unreported,NA,NA,CARE
NG021006,Charanchi,NG021,Katsina,Rawayau A,2.3814178621009887,592.55255126953125,Non-IDP,Accessible,default_unreported,NA,NA,CARE
NG021006,Charanchi,NG021,Katsina,Sabon Gari,1.362615504563108,803.19769287109375,Non-IDP,Accessible,default_unreported,NA,NA,CARE
NG021006,Charanchi,NG021,Katsina,Safana,16.08067344933781,10721.8876953125,Non-IDP,Accessible,default_unreported,NA,NA,CARE
NG021006,Charanchi,NG021,Katsina,Tsakatsa,48.25686629978389,16474.357421875,Non-IDP,Accessible,default_unreported,NA,NA,CARE
NG021006,Charanchi,NG021,Katsina,Yargamji,6.4735344087892175,933.8114013671875,Non-IDP,Accessible,default_unreported,NA,NA,CARE
NG021007,Dan Musa,NG021,Katsina,Dan Ali,59.380222742787005,12833.4951171875,Non-IDP,Inaccessible,confirmed_by_partner_report,FACT,Insecurity / conflict,FACT
NG021007,Dan Musa,NG021,Katsina,Dan Musa A,11.338064099930108,18769.51171875,Non-IDP,Accessible,confirmed_by_partner_report,FACT,N/A - fully accessible,FACT
NG021007,Dan Musa,NG021,Katsina,Dan Musa B,38.32091616263378,7862.28125,Non-IDP,Accessible,confirmed_by_partner_report,FACT,N/A - fully accessible,FACT
NG021007,Dan Musa,NG021,Katsina,Dandire A,89.78516085676819,12931.939453125,Non-IDP,Inaccessible,confirmed_by_partner_report,FACT,Insecurity / conflict,FACT
NG021007,Dan Musa,NG021,Katsina,Dandire B,96.99761803717566,5059.88671875,Non-IDP,Inaccessible,confirmed_by_partner_report,FACT,Insecurity / conflict,FACT
NG021007,Dan Musa,NG021,Katsina,Gundawa,0.0015138832877725362,1.0749657154083252,Non-IDP,Accessible,default_unreported,NA,NA,FACT
NG021007,Dan Musa,NG021,Katsina,Gurbi,32.88162378353184,2457.157470703125,Non-IDP,Inaccessible,confirmed_by_partner_report,FACT,Insecurity / conflict,FACT
NG021007,Dan Musa,NG021,Katsina,Gwarjo,3.577873734537959,172.11599731445313,Non-IDP,Accessible,default_unreported,NA,NA,FACT
NG021007,Dan Musa,NG021,Katsina,Maidabino A,93.49733464595157,21106.205078125,Non-IDP,Inaccessible,confirmed_by_partner_report,FACT,Insecurity / conflict,FACT
NG021007,Dan Musa,NG021,Katsina,Maidabino B,102.87287033440887,11644.15625,Non-IDP,Inaccessible,confirmed_by_partner_report,FACT,Insecurity / conflict,FACT
NG021007,Dan Musa,NG021,Katsina,Makera,16.60484419091077,2988.862060546875,Non-IDP,Inaccessible,confirmed_by_partner_report,FACT,Insecurity / conflict,FACT
NG021007,Dan Musa,NG021,Katsina,Mara A,82.99443422775447,18669.75390625,Non-IDP,Inaccessible,confirmed_by_partner_report,FACT,Insecurity / conflict,FACT
NG021007,Dan Musa,NG021,Katsina,Mara B,99.43130237269925,19650.39453125,Non-IDP,Inaccessible,confirmed_by_partner_report,FACT,Insecurity / conflict,FACT
NG021007,Dan Musa,NG021,Katsina,Runka B,7.866950794630536,940.0135498046875,Non-IDP,Inaccessible,confirmed_by_partner_report,FACT,Insecurity / conflict,FACT
NG021007,Dan Musa,NG021,Katsina,Wonaka,0.014347388368865475,0,Non-IDP,Accessible,default_unreported,NA,NA,FACT
NG021007,Dan Musa,NG021,Katsina,Yantumaki A,69.12201945294738,17758.158203125,Non-IDP,Inaccessible,confirmed_by_partner_report,FACT,Insecurity / conflict,FACT
NG021007,Dan Musa,NG021,Katsina,Yantumaki B,126.72572207210409,15872.0830078125,Non-IDP,Inaccessible,confirmed_by_partner_report,FACT,Insecurity / conflict,FACT
NG021007,Dan Musa,NG021,Katsina,Yartsamiya,5.530559527570099,614.7030029296875,Non-IDP,Accessible,default_unreported,NA,NA,FACT
NG021008,Dandume,NG021,Katsina,Damari,2.818033342240602,439.9111022949219,Non-IDP,Accessible,default_unreported,NA,NA,FACT
NG021008,Dandume,NG021,Katsina,Dandume A,7.1396877566355466,68080.5,Non-IDP,Inaccessible,confirmed_by_partner_report,FACT,Insecurity / conflict,FACT
NG021008,Dandume,NG021,Katsina,Dandume B,92.17569099223334,19808.318359375,Non-IDP,Accessible,confirmed_by_partner_report,FACT,N/A - fully accessible,FACT
NG021008,Dandume,NG021,Katsina,Dansoda,66.6865875179491,18185.779296875,Non-IDP,Inaccessible,confirmed_by_partner_report,FACT,Insecurity / conflict,FACT
NG021008,Dandume,NG021,Katsina,Dantankari,64.3536338821752,23834.3828125,Non-IDP,Inaccessible,confirmed_by_partner_report,FACT,Insecurity / conflict,FACT
NG021008,Dandume,NG021,Katsina,Dugu Muazu,0.3784697537353039,3.7886927127838135,Non-IDP,Accessible,default_unreported,NA,NA,FACT
NG021008,Dandume,NG021,Katsina,Dukke,2.861080756826699,615.3515625,Non-IDP,Inaccessible,confirmed_by_partner_report,FACT,Insecurity / conflict,FACT
NG021008,Dandume,NG021,Katsina,Gamji,10.619895617125868,3201.12255859375,Non-IDP,Accessible,default_unreported,NA,NA,FACT
NG021008,Dandume,NG021,Katsina,Idasu,1.634819979698956,207.5191192626953,Non-IDP,Accessible,default_unreported,NA,NA,FACT
NG021008,Dandume,NG021,Katsina,Machika,2.5742012383008004,344.91351318359375,Non-IDP,Accessible,default_unreported,NA,NA,FACT
NG021008,Dandume,NG021,Katsina,Magaji Wando,56.00221477421486,15825.7119140625,Non-IDP,Inaccessible,confirmed_by_partner_report,FACT,Insecurity / conflict,FACT
NG021008,Dandume,NG021,Katsina,Mahuta A,22.875884978540302,11179.0849609375,Non-IDP,Accessible,confirmed_by_partner_report,FACT,N/A - fully accessible,FACT
NG021008,Dandume,NG021,Katsina,Mahuta B,25.767818676103474,6148.37841796875,Non-IDP,Accessible,confirmed_by_partner_report,FACT,N/A - fully accessible,FACT
NG021008,Dandume,NG021,Katsina,Mahuta C,22.184756558162928,10222.130859375,Non-IDP,Accessible,confirmed_by_partner_report,FACT,N/A - fully accessible,FACT
NG021008,Dandume,NG021,Katsina,Mai Gora,0.28654824407455326,27.722087860107422,Non-IDP,Accessible,default_unreported,NA,NA,FACT
NG021008,Dandume,NG021,Katsina,Maikwama,52.48449348177624,20076.3671875,Non-IDP,Inaccessible,confirmed_by_partner_report,FACT,Insecurity / conflict,FACT
NG021008,Dandume,NG021,Katsina,Makera,1.5279834743039609,183.5646209716797,Non-IDP,Accessible,default_unreported,NA,NA,FACT
NG021008,Dandume,NG021,Katsina,Maska,0.46337252899700404,43.094261169433594,Non-IDP,Accessible,default_unreported,NA,NA,FACT
NG021008,Dandume,NG021,Katsina,Tudun Iya,0.08079466752904653,21.331031799316406,Non-IDP,Accessible,default_unreported,NA,NA,FACT
NG021008,Dandume,NG021,Katsina,Tumburkai A,47.02884838850141,15356.8671875,Non-IDP,Inaccessible,confirmed_by_partner_report,FACT,Insecurity / conflict,FACT
NG021008,Dandume,NG021,Katsina,Tumburkai B,75.50060280019858,20918.208984375,Non-IDP,Inaccessible,confirmed_by_partner_report,FACT,Insecurity / conflict,FACT
NG021008,Dandume,NG021,Katsina,Yakawada,0.011835433957286179,0.5629749298095703,Non-IDP,Accessible,default_unreported,NA,NA,FACT
NG021009,Danja,NG021,Katsina,Bakori A,0.0631043556150198,1.0713433027267456,Non-IDP,Accessible,default_unreported,NA,NA,FACT
NG021009,Danja,NG021,Katsina,Dabai,44.53454151236122,20143.216796875,Non-IDP,Accessible,confirmed_by_partner_report,FACT,N/A - fully accessible,FACT
NG021009,Danja,NG021,Katsina,Danja A,45.050573848315565,16227.216796875,Non-IDP,Accessible,confirmed_by_partner_report,FACT,N/A - fully accessible,FACT
NG021009,Danja,NG021,Katsina,Danja B,34.59568283009243,23678.6171875,Non-IDP,Accessible,confirmed_by_partner_report,FACT,N/A - fully accessible,FACT
NG021009,Danja,NG021,Katsina,Dawa Musa,1.8874494876064212,293.3458251953125,Non-IDP,Inaccessible,confirmed_by_partner_report,FACT,Insecurity / conflict,FACT
NG021009,Danja,NG021,Katsina,Doka,0.988923064818129,58.87613296508789,Non-IDP,Accessible,default_unreported,NA,NA,FACT
NG021009,Danja,NG021,Katsina,Dutsen Kura,7.751219186842978,2417.8232421875,Non-IDP,Inaccessible,confirmed_by_partner_report,FACT,Insecurity / conflict,FACT
NG021009,Danja,NG021,Katsina,Falgore,0.60630034706771,83.72667694091797,Non-IDP,Accessible,default_unreported,NA,NA,FACT
NG021009,Danja,NG021,Katsina,Gangara,0.5073635486046374,145.49920654296875,Non-IDP,Inaccessible,confirmed_by_partner_report,FACT,Insecurity / conflict,FACT
NG021009,Danja,NG021,Katsina,Goya,7.925351852730513,518.864013671875,Non-IDP,Accessible,default_unreported,NA,NA,FACT
NG021009,Danja,NG021,Katsina,Gozaki,25.196499931106775,3646.733154296875,Non-IDP,Inaccessible,confirmed_by_partner_report,FACT,Insecurity / conflict,FACT
NG021009,Danja,NG021,Katsina,Hunkuyi,1.2887188845819235,1.4145362377166748,Non-IDP,Accessible,default_unreported,NA,NA,FACT
NG021009,Danja,NG021,Katsina,Jiba,70.2968455022484,12842.59765625,Non-IDP,Accessible,confirmed_by_partner_report,FACT,N/A - fully accessible,FACT
NG021009,Danja,NG021,Katsina,Kahuta A,24.26027883154878,10493.3759765625,Non-IDP,Accessible,confirmed_by_partner_report,FACT,N/A - fully accessible,FACT
NG021009,Danja,NG021,Katsina,Kahuta B,65.52639503279389,16092.3427734375,Non-IDP,Accessible,confirmed_by_partner_report,FACT,N/A - fully accessible,FACT
NG021009,Danja,NG021,Katsina,Kudan,25.02452166630316,4312.7119140625,Non-IDP,Inaccessible,confirmed_by_partner_report,FACT,Insecurity / conflict,FACT
NG021009,Danja,NG021,Katsina,Ruwan Bago,0.6712743335546143,78.71562957763672,Non-IDP,Accessible,default_unreported,NA,NA,FACT
NG021009,Danja,NG021,Katsina,Sabon Garin,2.290617701123543,443.42254638671875,Non-IDP,Inaccessible,confirmed_by_partner_report,FACT,Insecurity / conflict,FACT
NG021009,Danja,NG021,Katsina,Tandama,102.65328857873881,17875.1875,Non-IDP,Accessible,confirmed_by_partner_report,FACT,N/A - fully accessible,FACT
NG021009,Danja,NG021,Katsina,Tsangamawa,29.960806556929032,8003.5888671875,Non-IDP,Accessible,confirmed_by_partner_report,FACT,N/A - fully accessible,FACT
NG021009,Danja,NG021,Katsina,Yakaji A,45.19806689221455,12608.595703125,Non-IDP,Inaccessible,confirmed_by_partner_report,FACT,Insecurity / conflict,FACT
NG021009,Danja,NG021,Katsina,Yakaji B,23.874303641381704,6724.34033203125,Non-IDP,Inaccessible,confirmed_by_partner_report,FACT,Insecurity / conflict,FACT
NG021009,Danja,NG021,Katsina,Zabi,2.112587750103392,333.4790344238281,Non-IDP,Accessible,default_unreported,NA,NA,FACT
NG021010,Daura,NG021,Katsina,Daneji A,7.185301023705542,1113.63623046875,Non-IDP,Accessible,default_unreported,NA,NA,FACT
NG021010,Daura,NG021,Katsina,Karkarku,0.7872886146677136,87.83025360107422,Non-IDP,Accessible,default_unreported,NA,NA,FACT
NG021010,Daura,NG021,Katsina,Kayawa,7.782670162849903,4387.34765625,Non-IDP,Inaccessible,confirmed_by_partner_report,FACT,Insecurity / conflict,FACT
NG021010,Daura,NG021,Katsina,Kusugu,0.8573846309834421,19342.322265625,Non-IDP,Accessible,confirmed_by_partner_report,FACT,N/A - fully accessible,FACT
NG021010,Daura,NG021,Katsina,Madobi A,48.25344346920299,15890.19921875,Non-IDP,Accessible,confirmed_by_partner_report,FACT,N/A - fully accessible,FACT
NG021010,Daura,NG021,Katsina,Madobi B,55.55209953320336,19859.94140625,Non-IDP,Accessible,confirmed_by_partner_report,FACT,N/A - fully accessible,FACT
NG021010,Daura,NG021,Katsina,Maikoni A,6.9533746517978905,939.74554443359375,Non-IDP,Accessible,default_unreported,NA,NA,FACT
NG021010,Daura,NG021,Katsina,Mazoji A,23.966461858801885,18078.611328125,Non-IDP,Accessible,confirmed_by_partner_report,FACT,N/A - fully accessible,FACT
NG021010,Daura,NG021,Katsina,Mazoji B,19.21445007496166,13378.3525390625,Non-IDP,Accessible,confirmed_by_partner_report,FACT,N/A - fully accessible,FACT
NG021010,Daura,NG021,Katsina,Ruwan Kaya A,5.775907854887724,2964.476806640625,Non-IDP,Accessible,default_unreported,NA,NA,FACT
NG021010,Daura,NG021,Katsina,Ruwan Kaya B,4.531055742470264,2428.5576171875,Non-IDP,Accessible,default_unreported,NA,NA,FACT
NG021010,Daura,NG021,Katsina,Sabon Gari,15.603900785180087,100154.8046875,Non-IDP,Accessible,confirmed_by_partner_report,FACT,N/A - fully accessible,FACT
NG021010,Daura,NG021,Katsina,Sarkin Yara A,5.16159720712319,35726.71875,Non-IDP,Accessible,confirmed_by_partner_report,FACT,N/A - fully accessible,FACT
NG021010,Daura,NG021,Katsina,Sarkin Yara B,0.8772383963282239,18701.060546875,Non-IDP,Accessible,confirmed_by_partner_report,FACT,N/A - fully accessible,FACT
NG021010,Daura,NG021,Katsina,Sirika B,1.8548895035659074,578.8341064453125,Non-IDP,Accessible,default_unreported,NA,NA,FACT
NG021010,Daura,NG021,Katsina,Tudun Wada,7.0262740995133814,42316.46484375,Non-IDP,Accessible,confirmed_by_partner_report,FACT,N/A - fully accessible,FACT
NG021010,Daura,NG021,Katsina,Ubandawaki A,0.6133380648818016,15439.3447265625,Non-IDP,Accessible,confirmed_by_partner_report,FACT,N/A - fully accessible,FACT
NG021010,Daura,NG021,Katsina,Ubandawaki B,12.959053264574825,45316.23046875,Non-IDP,Accessible,confirmed_by_partner_report,FACT,N/A - fully accessible,FACT
NG021011,Dutsi,NG021,Katsina,Agayawa,2.3499817774431593,1074.233154296875,Non-IDP,Accessible,confirmed_by_partner_report,FACT,N/A - fully accessible,FACT
NG021011,Dutsi,NG021,Katsina,Bujawa,8.866014893816804,5023.41162109375,Non-IDP,Accessible,default_unreported,NA,NA,FACT
NG021011,Dutsi,NG021,Katsina,Dan Aunai,49.975214087622895,19585.49609375,Non-IDP,Accessible,confirmed_by_partner_report,FACT,N/A - fully accessible,FACT
NG021011,Dutsi,NG021,Katsina,Danyashe,1.0245889535027743,69.4578857421875,Non-IDP,Accessible,default_unreported,NA,NA,FACT
NG021011,Dutsi,NG021,Katsina,Dutsi A,21.058189569201588,20943.576171875,Non-IDP,Accessible,confirmed_by_partner_report,FACT,N/A - fully accessible,FACT
NG021011,Dutsi,NG021,Katsina,Dutsi B,27.740035851826132,13941.9892578125,Non-IDP,Accessible,confirmed_by_partner_report,FACT,N/A - fully accessible,FACT
NG021011,Dutsi,NG021,Katsina,Duwan Makau,0.008480585855700076,3.1985056400299072,Non-IDP,Accessible,default_unreported,NA,NA,FACT
NG021011,Dutsi,NG021,Katsina,Karau,0.046854846536205585,2.4855942726135254,Non-IDP,Accessible,default_unreported,NA,NA,FACT
NG021011,Dutsi,NG021,Katsina,Kayawa,54.93457693851745,39574.1484375,Non-IDP,Accessible,confirmed_by_partner_report,FACT,N/A - fully accessible,FACT
NG021011,Dutsi,NG021,Katsina,Mashi,3.8340691019844413,604.6024169921875,Non-IDP,Accessible,default_unreported,NA,NA,FACT
NG021011,Dutsi,NG021,Katsina,Rorau,5.257858720471441,3113.238037109375,Non-IDP,Accessible,default_unreported,NA,NA,FACT
NG021011,Dutsi,NG021,Katsina,Ruwan Kaya A,13.61584631093669,7528.853515625,Non-IDP,Accessible,confirmed_by_partner_report,FACT,N/A - fully accessible,FACT
NG021011,Dutsi,NG021,Katsina,Ruwan Kaya B,33.50846864974326,20055.56640625,Non-IDP,Accessible,confirmed_by_partner_report,FACT,N/A - fully accessible,FACT
NG021011,Dutsi,NG021,Katsina,Sirika A,33.516160015310724,8150.91650390625,Non-IDP,Accessible,confirmed_by_partner_report,FACT,N/A - fully accessible,FACT
NG021011,Dutsi,NG021,Katsina,Sirika B,52.485817091660024,30871.3671875,Non-IDP,Accessible,confirmed_by_partner_report,FACT,N/A - fully accessible,FACT
NG021011,Dutsi,NG021,Katsina,Sonkaya,1.1043295403604507,543.919921875,Non-IDP,Accessible,default_unreported,NA,NA,FACT
NG021011,Dutsi,NG021,Katsina,Yamel A,39.91346110500473,21715.03125,Non-IDP,Accessible,confirmed_by_partner_report,FACT,N/A - fully accessible,FACT
NG021011,Dutsi,NG021,Katsina,Yamel B,32.313940181806295,17592.494140625,Non-IDP,Accessible,confirmed_by_partner_report,FACT,N/A - fully accessible,FACT
NG021012,Dutsin-Ma,NG021,Katsina,Birchi,2.70677716891104,550.95965576171875,Non-IDP,Accessible,default_unreported,NA,NA,FACT
NG021012,Dutsin-Ma,NG021,Katsina,Bugagadi,62.93194523594958,17033.28515625,Non-IDP,Inaccessible,confirmed_by_partner_report,FACT,Insecurity / conflict,FACT
NG021012,Dutsin-Ma,NG021,Katsina,Dabawa,98.68688847527602,26144.52734375,Non-IDP,Inaccessible,confirmed_by_partner_report,FACT,Insecurity / conflict,FACT
NG021012,Dutsin-Ma,NG021,Katsina,Dan Musa B,1.161584921878159,201.56716918945313,Non-IDP,Accessible,default_unreported,NA,NA,FACT
NG021012,Dutsin-Ma,NG021,Katsina,Dutsin Ma A,13.623638496508256,38257.546875,Non-IDP,Accessible,confirmed_by_partner_report,FACT,N/A - fully accessible,FACT
NG021012,Dutsin-Ma,NG021,Katsina,Dutsin Ma B,56.590309546470465,56794.91015625,Non-IDP,Accessible,confirmed_by_partner_report,FACT,N/A - fully accessible,FACT
NG021012,Dutsin-Ma,NG021,Katsina,Karofi A,52.31047066875568,20065.431640625,Non-IDP,Accessible,confirmed_by_partner_report,FACT,N/A - fully accessible,FACT
NG021012,Dutsin-Ma,NG021,Katsina,Karofi B,43.81230668256986,22511.271484375,Non-IDP,Accessible,confirmed_by_partner_report,FACT,N/A - fully accessible,FACT
NG021012,Dutsin-Ma,NG021,Katsina,Kuki A,35.34072907606014,9968.15234375,Non-IDP,Accessible,default_unreported,NA,NA,FACT
NG021012,Dutsin-Ma,NG021,Katsina,Kuki B,34.50098703383414,7236.85498046875,Non-IDP,Inaccessible,confirmed_by_partner_report,FACT,Insecurity / conflict,FACT
NG021012,Dutsin-Ma,NG021,Katsina,Kunduru Gyaza,0.5390945162500143,77.41094970703125,Non-IDP,Accessible,default_unreported,NA,NA,FACT
NG021012,Dutsin-Ma,NG021,Katsina,Kutawa,72.09410371542438,14351.208984375,Non-IDP,Inaccessible,confirmed_by_partner_report,FACT,Insecurity / conflict,FACT
NG021012,Dutsin-Ma,NG021,Katsina,Makera,161.64122834129284,24595.70703125,Non-IDP,Inaccessible,confirmed_by_partner_report,FACT,Insecurity / conflict,FACT
NG021012,Dutsin-Ma,NG021,Katsina,Mara B,2.062094792210579,364.4363708496094,Non-IDP,Inaccessible,confirmed_by_partner_report,FACT,Insecurity / conflict,FACT
NG021012,Dutsin-Ma,NG021,Katsina,Radda,0.6327340522470027,288.20703125,Non-IDP,Inaccessible,confirmed_by_partner_report,FACT,Insecurity / conflict,FACT
NG021012,Dutsin-Ma,NG021,Katsina,Rawayau A,4.245136241611839,1652.19140625,Non-IDP,Inaccessible,confirmed_by_partner_report,FACT,Insecurity / conflict,FACT
NG021012,Dutsin-Ma,NG021,Katsina,Rawayau B,5.613222505975504,1286.480224609375,Non-IDP,Inaccessible,confirmed_by_partner_report,FACT,Insecurity / conflict,FACT
NG021012,Dutsin-Ma,NG021,Katsina,Safana,1.6188549893097877,305.0820007324219,Non-IDP,Accessible,default_unreported,NA,NA,FACT
NG021012,Dutsin-Ma,NG021,Katsina,Sayaya,7.116547159450673,212.4576416015625,Non-IDP,Accessible,default_unreported,NA,NA,FACT
NG021012,Dutsin-Ma,NG021,Katsina,Shema,78.69426868853552,36616.06640625,Non-IDP,Inaccessible,confirmed_by_partner_report,FACT,Insecurity / conflict,FACT
NG021012,Dutsin-Ma,NG021,Katsina,Tsakatsa,1.541273851085469,491.45703125,Non-IDP,Inaccessible,confirmed_by_partner_report,FACT,Insecurity / conflict,FACT
NG021012,Dutsin-Ma,NG021,Katsina,Tsaskiya,8.748537112403154,1409.23681640625,Non-IDP,Accessible,default_unreported,NA,NA,FACT
NG021012,Dutsin-Ma,NG021,Katsina,Wurma A,3.3765377066429125,500.5318603515625,Non-IDP,Accessible,default_unreported,NA,NA,FACT
NG021012,Dutsin-Ma,NG021,Katsina,Yantumaki A,3.014096428083837,532.22613525390625,Non-IDP,Accessible,default_unreported,NA,NA,FACT
NG021012,Dutsin-Ma,NG021,Katsina,Yantumaki B,0.1531415161911696,42.960350036621094,Non-IDP,Accessible,default_unreported,NA,NA,FACT
NG021013,Faskari,NG021,Katsina,Bilbis,13.686476959543404,2931.2451171875,Non-IDP,Accessible,default_unreported,NA,NA,FACT
NG021013,Faskari,NG021,Katsina,Dandume B,3.576128949887365,220.32501220703125,Non-IDP,Accessible,default_unreported,NA,NA,FACT
NG021013,Faskari,NG021,Katsina,Danjibga,1.117369978812526,10.604207038879395,Non-IDP,Accessible,default_unreported,NA,NA,FACT
NG021013,Faskari,NG021,Katsina,Dansadau,0.058692246954222954,0.012874020263552666,Non-IDP,Accessible,default_unreported,NA,NA,FACT
NG021013,Faskari,NG021,Katsina,Daudawa,121.94171264703417,32600.26953125,Non-IDP,Accessible,confirmed_by_partner_report,FACT,N/A - fully accessible,FACT
NG021013,Faskari,NG021,Katsina,Dauki,2.951886924548656,426.7279968261719,Non-IDP,Accessible,default_unreported,NA,NA,FACT
NG021013,Faskari,NG021,Katsina,Dugu Muazu,125.11092004924774,474.7139587402344,Non-IDP,Accessible,default_unreported,NA,NA,FACT
NG021013,Faskari,NG021,Katsina,Dukke,7.3978189635345935,1720.4737548828125,Non-IDP,Accessible,default_unreported,NA,NA,FACT
NG021013,Faskari,NG021,Katsina,Faskari,171.18038244339502,57580.703125,Non-IDP,Accessible,confirmed_by_partner_report,FACT,Insecurity / conflict,FACT
NG021013,Faskari,NG021,Katsina,Guga,18.240152994496913,2422.10400390625,Non-IDP,Accessible,default_unreported,NA,NA,FACT
NG021013,Faskari,NG021,Katsina,Kakumi,5.0155495358849295e-6,2.3409092682413757e-4,Non-IDP,Accessible,default_unreported,NA,NA,FACT
NG021013,Faskari,NG021,Katsina,Kurami Yankwani,3.1505514169225246,898.234375,Non-IDP,Accessible,default_unreported,NA,NA,FACT
NG021013,Faskari,NG021,Katsina,Machika,39.84340986762829,3213.563720703125,Non-IDP,Accessible,default_unreported,NA,NA,FACT
NG021013,Faskari,NG021,Katsina,Mai Gora,142.58829628649562,28474.396484375,Non-IDP,Inaccessible,confirmed_by_partner_report,FACT,Insecurity / conflict,FACT
NG021013,Faskari,NG021,Katsina,Mairua,63.287863190320614,13991.3173828125,Non-IDP,Accessible,confirmed_by_partner_report,FACT,N/A - fully accessible,FACT
NG021013,Faskari,NG021,Katsina,Ruwan Godiya,203.66634806109715,35444.6640625,Non-IDP,Inaccessible,confirmed_by_partner_report,FACT,Insecurity / conflict,FACT
NG021013,Faskari,NG021,Katsina,Sabon Layi,475.7275043899318,26647.63671875,Non-IDP,Inaccessible,confirmed_by_partner_report,FACT,Insecurity / conflict,FACT
NG021013,Faskari,NG021,Katsina,Sheme,118.2371200410874,27598.357421875,Non-IDP,Accessible,confirmed_by_partner_report,FACT,N/A - fully accessible,FACT
NG021013,Faskari,NG021,Katsina,Tabanni,0.22497260620874165,6.973886489868164,Non-IDP,Accessible,default_unreported,NA,NA,FACT
NG021013,Faskari,NG021,Katsina,Tafoki,124.16691651042754,28261.61328125,Non-IDP,Inaccessible,confirmed_by_partner_report,FACT,Insecurity / conflict,FACT
NG021013,Faskari,NG021,Katsina,Yankara,89.48030599708873,40612.20703125,Non-IDP,Accessible,confirmed_by_partner_report,FACT,N/A - fully accessible,FACT
NG021013,Faskari,NG021,Katsina,Yankuzo A,14.74875143083886,2063.7548828125,Non-IDP,Accessible,default_unreported,NA,NA,FACT
NG021013,Faskari,NG021,Katsina,Yar Malamai,206.44200684671438,24856.04296875,Non-IDP,Inaccessible,confirmed_by_partner_report,FACT,Insecurity / conflict,FACT
NG021014,Funtua,NG021,Katsina,Anguwan Musa,1.5766429634548427,15970.01171875,Non-IDP,Accessible,confirmed_by_partner_report,FACT,N/A - fully accessible,FACT
NG021014,Funtua,NG021,Katsina,Anguwar Ibrahim,1.9702876211840212,21624.3984375,Non-IDP,Accessible,confirmed_by_partner_report,FACT,N/A - fully accessible,FACT
NG021014,Funtua,NG021,Katsina,Dandume B,1.3512612431321145,102.28746032714844,Non-IDP,Accessible,default_unreported,NA,NA,FACT
NG021014,Funtua,NG021,Katsina,Dandutse,2.1987362134671136,18420.197265625,Non-IDP,Accessible,confirmed_by_partner_report,FACT,N/A - fully accessible,FACT
NG021014,Funtua,NG021,Katsina,Dukke,88.65589662464119,28830.310546875,Non-IDP,Inaccessible,confirmed_by_partner_report,FACT,Population absent / relocated,FACT
NG021014,Funtua,NG021,Katsina,Gangara,5.7674905622785446e-5,0.04723881185054779,Non-IDP,Accessible,default_unreported,NA,NA,FACT
NG021014,Funtua,NG021,Katsina,Goya,67.60775105226061,13329.626953125,Non-IDP,Accessible,confirmed_by_partner_report,FACT,N/A - fully accessible,FACT
NG021014,Funtua,NG021,Katsina,Jiba,12.259758250717386,2105.57080078125,Non-IDP,Inaccessible,confirmed_by_partner_report,FACT,Insecurity / conflict,FACT
NG021014,Funtua,NG021,Katsina,Kurami Yankwani,6.633985620469213,2932.2197265625,Non-IDP,Inaccessible,confirmed_by_partner_report,FACT,Insecurity / conflict,FACT
NG021014,Funtua,NG021,Katsina,Mahuta A,0.2909440772607326,32.78742980957031,Non-IDP,Accessible,default_unreported,NA,NA,FACT
NG021014,Funtua,NG021,Katsina,Mahuta B,1.110854159414172,160.15330505371094,Non-IDP,Accessible,default_unreported,NA,NA,FACT
NG021014,Funtua,NG021,Katsina,Mahuta C,7.161261731252939,524.98150634765625,Non-IDP,Accessible,default_unreported,NA,NA,FACT
NG021014,Funtua,NG021,Katsina,Maigamji,60.4265172905547,44431.7421875,Non-IDP,Accessible,confirmed_by_partner_report,FACT,N/A - fully accessible,FACT
NG021014,Funtua,NG021,Katsina,Maikwama,1.5966241857278347,481.23822021484375,Non-IDP,Accessible,default_unreported,NA,NA,FACT
NG021014,Funtua,NG021,Katsina,Mairua,26.86020262514767,17490.796875,Non-IDP,Inaccessible,confirmed_by_partner_report,FACT,Population absent / relocated,FACT
NG021014,Funtua,NG021,Katsina,Makera,65.81490346921778,58378.7421875,Non-IDP,Accessible,confirmed_by_partner_report,FACT,N/A - fully accessible,FACT
NG021014,Funtua,NG021,Katsina,Maska,47.817269706446645,17543.091796875,Non-IDP,Inaccessible,confirmed_by_partner_report,FACT,Insecurity / conflict,FACT
NG021014,Funtua,NG021,Katsina,Nasarawa,1.3877977226886806,12367.11328125,Non-IDP,Accessible,confirmed_by_partner_report,FACT,N/A - fully accessible,FACT
NG021014,Funtua,NG021,Katsina,Sabon Gari,4.273132276612431,30578.595703125,Non-IDP,Accessible,confirmed_by_partner_report,FACT,N/A - fully accessible,FACT
NG021014,Funtua,NG021,Katsina,Tafoki,3.304127491490692,444.2060241699219,Non-IDP,Inaccessible,confirmed_by_partner_report,FACT,Insecurity / conflict,FACT
NG021014,Funtua,NG021,Katsina,Tsangamawa,8.335015404745718e-7,1.2442543265933637e-5,Non-IDP,Accessible,default_unreported,NA,NA,FACT
NG021014,Funtua,NG021,Katsina,Tudun Iya,76.07598687771619,19483.19140625,Non-IDP,Inaccessible,confirmed_by_partner_report,FACT,Insecurity / conflict,FACT
NG021014,Funtua,NG021,Katsina,Tumburkai B,11.912791354815305,1798.9921875,Non-IDP,Accessible,default_unreported,NA,NA,FACT
NG021015,Ingawa,NG021,Katsina,Agayawa,38.93505195432871,16454.669921875,Non-IDP,Accessible,default_unreported,NA,NA,FACT
NG021015,Ingawa,NG021,Katsina,Baragumi,36.87479837965798,17032.48828125,Non-IDP,Inaccessible,confirmed_by_partner_report,FACT,Insecurity / conflict,FACT
NG021015,Ingawa,NG021,Katsina,Bareruwa,107.45493810431063,28065.873046875,Non-IDP,Accessible,confirmed_by_partner_report,FACT,N/A - fully accessible,FACT
NG021015,Ingawa,NG021,Katsina,Bumai,26.65474250153841,1512.880126953125,Non-IDP,Accessible,default_unreported,NA,NA,FACT
NG021015,Ingawa,NG021,Katsina,Dabi,1.791762262363553,523.3453369140625,Non-IDP,Accessible,default_unreported,NA,NA,FACT
NG021015,Ingawa,NG021,Katsina,Dallaje,3.227676014774812,1004.00439453125,Non-IDP,Accessible,default_unreported,NA,NA,FACT
NG021015,Ingawa,NG021,Katsina,Danzabuwa,1.6488055665985495,335.83697509765625,Non-IDP,Accessible,default_unreported,NA,NA,FACT
NG021015,Ingawa,NG021,Katsina,Dara,35.96612987464014,16757.02734375,Non-IDP,Accessible,confirmed_by_partner_report,FACT,N/A - fully accessible,FACT
NG021015,Ingawa,NG021,Katsina,Daunaka,92.85449684293162,28931.29296875,Non-IDP,Accessible,confirmed_by_partner_report,FACT,N/A - fully accessible,FACT
NG021015,Ingawa,NG021,Katsina,Doro,1.161172764310658,24.055482864379883,Non-IDP,Accessible,default_unreported,NA,NA,FACT
NG021015,Ingawa,NG021,Katsina,Dugul,47.12457008332169,15703.0673828125,Non-IDP,Accessible,confirmed_by_partner_report,FACT,N/A - fully accessible,FACT
NG021015,Ingawa,NG021,Katsina,Dutsi B,0.16660226329767705,37.138954162597656,Non-IDP,Accessible,default_unreported,NA,NA,FACT
NG021015,Ingawa,NG021,Katsina,Duwan Makau,23.06016352240129,6744.8154296875,Non-IDP,Accessible,default_unreported,NA,NA,FACT
NG021015,Ingawa,NG021,Katsina,Fara Barije,12.491097362754791,5624.53955078125,Non-IDP,Accessible,confirmed_by_partner_report,FACT,N/A - fully accessible,FACT
NG021015,Ingawa,NG021,Katsina,Giremawa,0.5952651939217746,1.39490807056427,Non-IDP,Accessible,default_unreported,NA,NA,FACT
NG021015,Ingawa,NG021,Katsina,Ingawa,49.175994435661195,35146.51953125,Non-IDP,Accessible,confirmed_by_partner_report,FACT,N/A - fully accessible,FACT
NG021015,Ingawa,NG021,Katsina,Kandawa,63.42593068796501,17575.1953125,Non-IDP,Accessible,confirmed_by_partner_report,FACT,N/A - fully accessible,FACT
NG021015,Ingawa,NG021,Katsina,Korayel,2.319122547285557,996.09393310546875,Non-IDP,Accessible,default_unreported,NA,NA,FACT
NG021015,Ingawa,NG021,Katsina,Kurfeji,83.42454823595644,26709.6484375,Non-IDP,Accessible,confirmed_by_partner_report,FACT,N/A - fully accessible,FACT
NG021015,Ingawa,NG021,Katsina,Kwaita,0.02070951868915558,3.706594944000244,Non-IDP,Accessible,default_unreported,NA,NA,FACT
NG021015,Ingawa,NG021,Katsina,Manomawa,89.32299555630911,16403.828125,Non-IDP,Accessible,confirmed_by_partner_report,FACT,N/A - fully accessible,FACT
NG021015,Ingawa,NG021,Katsina,Matan Fada,14.290341564771355,4669.5654296875,Non-IDP,Inaccessible,confirmed_by_partner_report,FACT,Insecurity / conflict,FACT
NG021015,Ingawa,NG021,Katsina,Mawashi,8.19144818870832,847.94378662109375,Non-IDP,Inaccessible,confirmed_by_partner_report,FACT,Insecurity / conflict,FACT
NG021015,Ingawa,NG021,Katsina,Rorau,9.353495225800037,4401.88037109375,Non-IDP,Inaccessible,confirmed_by_partner_report,FACT,Insecurity / conflict,FACT
NG021015,Ingawa,NG021,Katsina,Shuwaki,11.237155215849757,2383.6171875,Non-IDP,Accessible,default_unreported,NA,NA,FACT
NG021015,Ingawa,NG021,Katsina,Tama,4.377533522274028,1129.8726806640625,Non-IDP,Accessible,default_unreported,NA,NA,FACT
NG021015,Ingawa,NG021,Katsina,Tatsan,4.2373079412688615,244.3726806640625,Non-IDP,Accessible,default_unreported,NA,NA,FACT
NG021015,Ingawa,NG021,Katsina,Tunas,2.483852688758474,2315.520751953125,Non-IDP,Accessible,default_unreported,NA,NA,FACT
NG021015,Ingawa,NG021,Katsina,Yandoma,36.77927143403542,20490.46875,Non-IDP,Accessible,confirmed_by_partner_report,FACT,N/A - fully accessible,FACT
NG021015,Ingawa,NG021,Katsina,Yaya,116.83119554628095,10953.55078125,Non-IDP,Inaccessible,confirmed_by_partner_report,FACT,Insecurity / conflict,FACT
NG021016,Jibia,NG021,Katsina,Arewa 2,0.8471092426102161,594.466064453125,Non-IDP,Accessible,default_unreported,NA,NA,IRC
NG021016,Jibia,NG021,Katsina,Bakiyawa,5.083258369368739,1028.7139892578125,Non-IDP,Accessible,confirmed_by_partner_report (blank row - not flagged),NA,NA,IRC
NG021016,Jibia,NG021,Katsina,Barawa,7.063476010328412,842.8565673828125,Non-IDP,Accessible,confirmed_by_partner_report (blank row - not flagged),NA,NA,IRC
NG021016,Jibia,NG021,Katsina,Bugaje,147.3996984882021,20889.591796875,Non-IDP,Accessible,confirmed_by_partner_report (blank row - not flagged),NA,NA,IRC
NG021016,Jibia,NG021,Katsina,Dan Alhaji Yangayya,4.848542406360716,331.27496337890625,Non-IDP,Accessible,default_unreported,NA,NA,IRC
NG021016,Jibia,NG021,Katsina,Darini Magaji Abu,74.21600301378852,3838.82861328125,Non-IDP,Accessible,default_unreported,NA,NA,IRC
NG021016,Jibia,NG021,Katsina,Farfaru,48.2388596897251,6191.67236328125,Non-IDP,Accessible,confirmed_by_partner_report (blank row - not flagged),NA,NA,IRC
NG021016,Jibia,NG021,Katsina,Faru,67.91197466187212,19168.998046875,Non-IDP,Accessible,confirmed_by_partner_report (blank row - not flagged),NA,NA,IRC
NG021016,Jibia,NG021,Katsina,Gabas 3,0.5264244634199738,26.201187133789063,Non-IDP,Accessible,default_unreported,NA,NA,IRC
NG021016,Jibia,NG021,Katsina,Gangara,74.06217725303786,9369.6435546875,Non-IDP,Accessible,confirmed_by_partner_report (blank row - not flagged),NA,NA,IRC
NG021016,Jibia,NG021,Katsina,Gurbi,187.18667786311644,12235.14453125,Non-IDP,Accessible,confirmed_by_partner_report (blank row - not flagged),NA,NA,IRC
NG021016,Jibia,NG021,Katsina,Jino,1.2648654468990563,115.8408203125,Non-IDP,Accessible,default_unreported,NA,NA,IRC
NG021016,Jibia,NG021,Katsina,Kusa,147.88414176973848,25789.546875,Non-IDP,Accessible,confirmed_by_partner_report (blank row - not flagged),NA,NA,IRC
NG021016,Jibia,NG021,Katsina,Kwashabawa,5.94880246496436,664.3458251953125,Non-IDP,Accessible,default_unreported,NA,NA,IRC
NG021016,Jibia,NG021,Katsina,Mazanya,78.27670089836403,39429.734375,Non-IDP,Accessible,confirmed_by_partner_report (blank row - not flagged),NA,NA,IRC
NG021016,Jibia,NG021,Katsina,Riko,178.43833041031695,22183.119140625,Non-IDP,Accessible,confirmed_by_partner_report (blank row - not flagged),NA,NA,IRC
NG021016,Jibia,NG021,Katsina,Rukudawa,62.54646400897515,1704.31298828125,Non-IDP,Accessible,default_unreported,NA,NA,IRC
NG021016,Jibia,NG021,Katsina,Yamma 2,0.01050572509264946,2.087392568588257,Non-IDP,Accessible,default_unreported,NA,NA,IRC
NG021016,Jibia,NG021,Katsina,Yandaki,4.1977525637763735,125.82005310058594,Non-IDP,Accessible,default_unreported,NA,NA,IRC
NG021016,Jibia,NG021,Katsina,Yangayya,105.93582040431835,15181.6005859375,Non-IDP,Accessible,confirmed_by_partner_report (blank row - not flagged),NA,NA,IRC
NG021016,Jibia,NG021,Katsina,Yau-Yau Malamawa,13.417382523246317,1063.1495361328125,Non-IDP,Accessible,default_unreported,NA,NA,IRC
NG021017,Kafur,NG021,Katsina,Barde Kwantakwaran,15.338248619163513,1098.017333984375,Non-IDP,Accessible,default_unreported,NA,NA,FACT
NG021017,Kafur,NG021,Katsina,Borindawa,3.7646166734050213,225.03904724121094,Non-IDP,Accessible,default_unreported,NA,NA,FACT
NG021017,Kafur,NG021,Katsina,Dabai,0.006279278461279347,0.8182881474494934,Non-IDP,Accessible,default_unreported,NA,NA,FACT
NG021017,Kafur,NG021,Katsina,Danja A,0.1687232693746686,0,Non-IDP,Accessible,default_unreported,NA,NA,FACT
NG021017,Kafur,NG021,Katsina,Dantutture,93.74216176879442,28221.34765625,Non-IDP,Inaccessible,confirmed_by_partner_report,FACT,Insecurity / conflict,FACT
NG021017,Kafur,NG021,Katsina,Dawa Musa,7.418631298580885,1356.85009765625,Non-IDP,Accessible,default_unreported,NA,NA,FACT
NG021017,Kafur,NG021,Katsina,Dutsen Kura,89.92566400202912,26176.833984375,Non-IDP,Inaccessible,confirmed_by_partner_report,FACT,Insecurity / conflict,FACT
NG021017,Kafur,NG021,Katsina,Falgore,10.577037844226242,4037.86181640625,Non-IDP,Inaccessible,confirmed_by_partner_report,FACT,Insecurity / conflict,FACT
NG021017,Kafur,NG021,Katsina,Gamzago,114.15042457953423,33378.44921875,Non-IDP,Inaccessible,confirmed_by_partner_report,FACT,Insecurity / conflict,FACT
NG021017,Kafur,NG021,Katsina,Gozaki,105.8884576768896,26037.1484375,Non-IDP,Accessible,confirmed_by_partner_report,FACT,N/A - fully accessible,FACT
NG021017,Kafur,NG021,Katsina,Gwangwan,12.406772965170502,1439.9141845703125,Non-IDP,Inaccessible,confirmed_by_partner_report,FACT,Insecurity / conflict,FACT
NG021017,Kafur,NG021,Katsina,Jama'a,4.342369172095299,625.34735107421875,Non-IDP,Accessible,default_unreported,NA,NA,FACT
NG021017,Kafur,NG021,Katsina,Kafur,74.04065897922182,28228.44921875,Non-IDP,Accessible,confirmed_by_partner_report,FACT,N/A - fully accessible,FACT
NG021017,Kafur,NG021,Katsina,Kahuta A,0.1145667300721258,55.86021041870117,Non-IDP,Accessible,default_unreported,NA,NA,FACT
NG021017,Kafur,NG021,Katsina,Karfi,0.35879008843547106,58.852787017822266,Non-IDP,Inaccessible,confirmed_by_partner_report,FACT,Insecurity / conflict,FACT
NG021017,Kafur,NG021,Katsina,Kuringafa,61.86192850831601,22592.423828125,Non-IDP,Inaccessible,confirmed_by_partner_report,FACT,Insecurity / conflict,FACT
NG021017,Kafur,NG021,Katsina,Kutama,1.404277999849081,60.84894943237305,Non-IDP,Accessible,default_unreported,NA,NA,FACT
NG021017,Kafur,NG021,Katsina,Kwanyawa,10.290984738652647,6570.60009765625,Non-IDP,Accessible,default_unreported,NA,NA,FACT
NG021017,Kafur,NG021,Katsina,Mahuta,145.03828797627963,28705.0390625,Non-IDP,Accessible,confirmed_by_partner_report,FACT,N/A - fully accessible,FACT
NG021017,Kafur,NG021,Katsina,Makaurachi,11.329196534761667,2595.855712890625,Non-IDP,Accessible,default_unreported,NA,NA,FACT
NG021017,Kafur,NG021,Katsina,Malumfashi A,0.5606099066507966,81.33072662353516,Non-IDP,Accessible,default_unreported,NA,NA,FACT
NG021017,Kafur,NG021,Katsina,Masari,123.57257141293239,31249.646484375,Non-IDP,Accessible,confirmed_by_partner_report,FACT,N/A - fully accessible,FACT
NG021017,Kafur,NG021,Katsina,Rogo Ruma,12.609793603969575,1528.187744140625,Non-IDP,Accessible,default_unreported,NA,NA,FACT
NG021017,Kafur,NG021,Katsina,Rugoji,145.6944097550893,33423.58984375,Non-IDP,Inaccessible,confirmed_by_partner_report,FACT,Insecurity / conflict,FACT
NG021017,Kafur,NG021,Katsina,Ruwan Bago,0.015760301084250212,4.264980316162109,Non-IDP,Accessible,default_unreported,NA,NA,FACT
NG021017,Kafur,NG021,Katsina,Ruwan Sanyi,25.570386030753195,2967.2763671875,Non-IDP,Accessible,default_unreported,NA,NA,FACT
NG021017,Kafur,NG021,Katsina,Sabuwar Kasa,90.2516781663946,20750.41796875,Non-IDP,Accessible,confirmed_by_partner_report,FACT,N/A - fully accessible,FACT
NG021017,Kafur,NG021,Katsina,Tsiga,3.8751376896644234,1268.3863525390625,Non-IDP,Inaccessible,confirmed_by_partner_report,FACT,Insecurity / conflict,FACT
NG021017,Kafur,NG021,Katsina,Tudun Kaya,13.12368920321703,1864.780029296875,Non-IDP,Accessible,default_unreported,NA,NA,FACT
NG021017,Kafur,NG021,Katsina,Zoza,5.53982386326684,112.81658935546875,Non-IDP,Accessible,default_unreported,NA,NA,FACT
NG021018,Kaita,NG021,Katsina,Abdallawa,80.307375851086,13326.8037109375,Non-IDP,Accessible,confirmed_by_partner_report,FACT,N/A - fully accessible,FACT
NG021018,Kaita,NG021,Katsina,Ba'awa,103.06144263034666,17433.291015625,Non-IDP,Accessible,confirmed_by_partner_report,FACT,N/A - fully accessible,FACT
NG021018,Kaita,NG021,Katsina,Dankaba,109.07837499886728,27986.908203125,Non-IDP,Accessible,confirmed_by_partner_report,FACT,N/A - fully accessible,FACT
NG021018,Kaita,NG021,Katsina,Dankama,65.73761460688144,31720.765625,Non-IDP,Accessible,default_unreported,NA,NA,FACT
NG021018,Kaita,NG021,Katsina,Gafiya,81.88004612854576,21890.24609375,Non-IDP,Accessible,confirmed_by_partner_report,FACT,N/A - fully accessible,FACT
NG021018,Kaita,NG021,Katsina,Girka,86.13024817010859,25769.00390625,Non-IDP,Accessible,confirmed_by_partner_report,FACT,N/A - fully accessible,FACT
NG021018,Kaita,NG021,Katsina,Kaita,50.7759420902133,32249.265625,Non-IDP,Accessible,confirmed_by_partner_report,FACT,N/A - fully accessible,FACT
NG021018,Kaita,NG021,Katsina,Kayauki,0.9474670086417198,508.1553039550781,Non-IDP,Accessible,default_unreported,NA,NA,FACT
NG021018,Kaita,NG021,Katsina,Majigiri,7.23450342709577,981.4422607421875,Non-IDP,Accessible,default_unreported,NA,NA,FACT
NG021018,Kaita,NG021,Katsina,Makurda,7.294386280115009,2440.51806640625,Non-IDP,Accessible,confirmed_by_partner_report,FACT,N/A - fully accessible,FACT
NG021018,Kaita,NG021,Katsina,Matsai,94.35534241139412,32317.3046875,Non-IDP,Accessible,confirmed_by_partner_report,FACT,N/A - fully accessible,FACT
NG021018,Kaita,NG021,Katsina,Muduru,0.07255189958941936,3.3805785179138184,Non-IDP,Accessible,default_unreported,NA,NA,FACT
NG021018,Kaita,NG021,Katsina,Riko,15.97952926280129,1596.3583984375,Non-IDP,Accessible,default_unreported,NA,NA,FACT
NG021018,Kaita,NG021,Katsina,Shinkafi 1,6.4952820028824805,1912.375,Non-IDP,Inaccessible,confirmed_by_partner_report,FACT,Insecurity / conflict,FACT
NG021018,Kaita,NG021,Katsina,Shinkafi 2,0.9366564264496863,614.061767578125,Non-IDP,Accessible,default_unreported,NA,NA,FACT
NG021018,Kaita,NG021,Katsina,Tamilo B,1.5914259152047634,335.3486022949219,Non-IDP,Accessible,default_unreported,NA,NA,FACT
NG021018,Kaita,NG021,Katsina,Yandaki,68.202548704287,28596,Non-IDP,Accessible,confirmed_by_partner_report,FACT,N/A - fully accessible,FACT
NG021018,Kaita,NG021,Katsina,Yanhoho,52.60836419198549,21322.7421875,Non-IDP,Accessible,confirmed_by_partner_report,FACT,N/A - fully accessible,FACT
NG021019,Kankara,NG021,Katsina,Burdugau,83.79531209561276,23251.208984375,Non-IDP,Inaccessible,confirmed_by_partner_report,FACT,Insecurity / conflict,FACT
NG021019,Kankara,NG021,Katsina,Dan Ali,1.5616421807950027,62.6366081237793,Non-IDP,Accessible,default_unreported,NA,NA,FACT
NG021019,Kankara,NG021,Katsina,Dan Murabu,117.15248226706845,24549.25,Non-IDP,Inaccessible,confirmed_by_partner_report,FACT,Insecurity / conflict,FACT
NG021019,Kankara,NG021,Katsina,Dandire A,2.2059054658498263,5.420070171356201,Non-IDP,Accessible,default_unreported,NA,NA,FACT
NG021019,Kankara,NG021,Katsina,Dangani,3.3549590834670813,1754.10400390625,Non-IDP,Accessible,default_unreported,NA,NA,FACT
NG021019,Kankara,NG021,Katsina,Dauki,7.982260772025794,2007.9952392578125,Non-IDP,Inaccessible,confirmed_by_partner_report,FACT,Insecurity / conflict,FACT
NG021019,Kankara,NG021,Katsina,Gundawa,121.17734081786702,40126.9765625,Non-IDP,Inaccessible,confirmed_by_partner_report,FACT,Insecurity / conflict,FACT
NG021019,Kankara,NG021,Katsina,Gurbi,186.50920991763354,31045.677734375,Non-IDP,Inaccessible,confirmed_by_partner_report,FACT,Insecurity / conflict,FACT
NG021019,Kankara,NG021,Katsina,Kakumi,12.053096902317197,2674.2392578125,Non-IDP,Inaccessible,confirmed_by_partner_report,FACT,Insecurity / conflict,FACT
NG021019,Kankara,NG021,Katsina,Kandarawa,0.8533249508286714,35.48175048828125,Non-IDP,Accessible,default_unreported,NA,NA,FACT
NG021019,Kankara,NG021,Katsina,Kankara,59.206098279661596,59653.75,Non-IDP,Inaccessible,confirmed_by_partner_report,FACT,Insecurity / conflict,FACT
NG021019,Kankara,NG021,Katsina,Ketare,82.01253413043042,26168.095703125,Non-IDP,Inaccessible,confirmed_by_partner_report,FACT,Insecurity / conflict,FACT
NG021019,Kankara,NG021,Katsina,Kukasheka,44.28210424242651,13806.45703125,Non-IDP,Inaccessible,confirmed_by_partner_report,FACT,Insecurity / conflict,FACT
NG021019,Kankara,NG021,Katsina,Mabai,119.965384412525,30125.84375,Non-IDP,Inaccessible,confirmed_by_partner_report,FACT,Insecurity / conflict,FACT
NG021019,Kankara,NG021,Katsina,Maidabino A,1.8797532288377146,141.8589630126953,Non-IDP,Accessible,default_unreported,NA,NA,FACT
NG021019,Kankara,NG021,Katsina,Maidabino B,158.14810487781895,2925.289306640625,Non-IDP,Inaccessible,confirmed_by_partner_report,FACT,Insecurity / conflict,FACT
NG021019,Kankara,NG021,Katsina,Malumfashi B,0.26362831080830096,18.49217987060547,Non-IDP,Accessible,default_unreported,NA,NA,FACT
NG021019,Kankara,NG021,Katsina,Na'alma,5.142694236335397,1084.9453125,Non-IDP,Accessible,default_unreported,NA,NA,FACT
NG021019,Kankara,NG021,Katsina,Tuge,7.938758708810091,1045.0985107421875,Non-IDP,Inaccessible,confirmed_by_partner_report,FACT,Insecurity / conflict,FACT
NG021019,Kankara,NG021,Katsina,Wonaka,6.1368185344471335,17.830551147460938,Non-IDP,Accessible,default_unreported,NA,NA,FACT
NG021019,Kankara,NG021,Katsina,Yaba,15.921597218154758,1597.64990234375,Non-IDP,Inaccessible,confirmed_by_partner_report,FACT,Insecurity / conflict,FACT
NG021019,Kankara,NG021,Katsina,Yankuzo B,34.59016810636382,8771.8955078125,Non-IDP,Inaccessible,confirmed_by_partner_report,FACT,Insecurity / conflict,FACT
NG021019,Kankara,NG021,Katsina,Yanware,3.4577693301743864,3073.557373046875,Non-IDP,Inaccessible,confirmed_by_partner_report,FACT,Insecurity / conflict,FACT
NG021019,Kankara,NG021,Katsina,Yar Malamai,15.185093101118445,1275.6527099609375,Non-IDP,Inaccessible,confirmed_by_partner_report,FACT,Insecurity / conflict,FACT
NG021019,Kankara,NG021,Katsina,Yargoje,94.24960162538267,33930.45703125,Non-IDP,Inaccessible,confirmed_by_partner_report,FACT,Insecurity / conflict,FACT
NG021019,Kankara,NG021,Katsina,Yartsamiya,127.32140184740364,16449.6640625,Non-IDP,Inaccessible,confirmed_by_partner_report,FACT,Insecurity / conflict,FACT
NG021019,Kankara,NG021,Katsina,Zango,307.3076535387384,40567.1328125,Non-IDP,Inaccessible,confirmed_by_partner_report,FACT,Population absent / relocated,FACT
NG021020,Kankia,NG021,Katsina,Boko,5.543191651739121,1171.00732421875,Non-IDP,Accessible,default_unreported,NA,NA,IMC
NG021020,Kankia,NG021,Katsina,Doka,8.645609636034042,982.79962158203125,Non-IDP,Accessible,default_unreported,NA,NA,IMC
NG021020,Kankia,NG021,Katsina,Duddunni,0.7205254518539905,165.8037109375,Non-IDP,Accessible,default_unreported,NA,NA,IMC
NG021020,Kankia,NG021,Katsina,Fakuwa Kafin Dangi,99.81197983678865,31067.20703125,Non-IDP,Accessible,confirmed_by_partner_report,IMC,N/A - fully accessible,IMC
NG021020,Kankia,NG021,Katsina,Gachi,50.882384567421795,17273.734375,Non-IDP,Accessible,confirmed_by_partner_report,IMC,N/A - fully accessible,IMC
NG021020,Kankia,NG021,Katsina,Gaiwa,0.004455213128909469,1.1181358098983765,Non-IDP,Accessible,default_unreported,NA,NA,IMC
NG021020,Kankia,NG021,Katsina,Galadima A,8.057604278192043,12492.4287109375,Non-IDP,Accessible,confirmed_by_partner_report,IMC,N/A - fully accessible,IMC
NG021020,Kankia,NG021,Katsina,Galadima B,38.561969915605786,23388.427734375,Non-IDP,Accessible,confirmed_by_partner_report,IMC,N/A - fully accessible,IMC
NG021020,Kankia,NG021,Katsina,Garu,0.05240332260894589,0.9962679147720337,Non-IDP,Accessible,default_unreported,NA,NA,IMC
NG021020,Kankia,NG021,Katsina,Kafin Soli,100.4398334722696,23272.494140625,Non-IDP,Accessible,confirmed_by_partner_report,IMC,Other,IMC
NG021020,Kankia,NG021,Katsina,Kamri,0.5654610102720856,84.639678955078125,Non-IDP,Accessible,default_unreported,NA,NA,IMC
NG021020,Kankia,NG021,Katsina,Karaduwa,1.570184174502656,102.31733703613281,Non-IDP,Accessible,default_unreported,NA,NA,IMC
NG021020,Kankia,NG021,Katsina,Koda,0.36104525937467813,26.351058959960938,Non-IDP,Accessible,default_unreported,NA,NA,IMC
NG021020,Kankia,NG021,Katsina,Kofa,12.00007226944065,1708.6151123046875,Non-IDP,Accessible,confirmed_by_partner_report,IMC,N/A - fully accessible,IMC
NG021020,Kankia,NG021,Katsina,Kuki A,4.753733657386184,1360.096923828125,Non-IDP,Accessible,default_unreported,NA,NA,IMC
NG021020,Kankia,NG021,Katsina,Kunduru Gyaza,131.44927109108994,17634.052734375,Non-IDP,Inaccessible,confirmed_by_partner_report,IMC,Insecurity / conflict,IMC
NG021020,Kankia,NG021,Katsina,Majen Wayya,21.366951452124148,4745.9189453125,Non-IDP,Accessible,confirmed_by_partner_report,IMC,N/A - fully accessible,IMC
NG021020,Kankia,NG021,Katsina,Radda,8.707635426603987,1103.632568359375,Non-IDP,Accessible,default_unreported,NA,NA,IMC
NG021020,Kankia,NG021,Katsina,Rimaye,74.75360373714176,20064.591796875,Non-IDP,Inaccessible,confirmed_by_partner_report,IMC,Insecurity / conflict,IMC
NG021020,Kankia,NG021,Katsina,Sukuntuni,68.96692595318854,12788.4296875,Non-IDP,Inaccessible,confirmed_by_partner_report,IMC,Insecurity / conflict,IMC
NG021020,Kankia,NG021,Katsina,Tafashiya Nasarawa,80.7624836029737,16617.970703125,Non-IDP,Accessible,confirmed_by_partner_report,IMC,Other,IMC
NG021020,Kankia,NG021,Katsina,Tama,11.819994355040953,2986.456298828125,Non-IDP,Inaccessible,confirmed_by_partner_report,IMC,Insecurity / conflict,IMC
NG021020,Kankia,NG021,Katsina,Tsa Magam,129.0779544569615,20497.314453125,Non-IDP,Inaccessible,confirmed_by_partner_report,IMC,Insecurity / conflict,IMC
NG021020,Kankia,NG021,Katsina,Tsakatsa,0.4364360345211029,207.32981872558594,Non-IDP,Accessible,confirmed_by_partner_report,IMC,N/A - fully accessible,IMC
NG021020,Kankia,NG021,Katsina,Yankamaye,0.7544559376014471,406.2481994628906,Non-IDP,Accessible,default_unreported,NA,NA,IMC
NG021020,Kankia,NG021,Katsina,Yashe B,20.686591176747502,3108.232421875,Non-IDP,Accessible,default_unreported,NA,NA,IMC
NG021021,Katsina,NG021,Katsina,Arewa 1,0.8618080062816292,11064.255859375,Non-IDP,Accessible,confirmed_by_partner_report (blank row - not flagged),NA,NA,COOPI
NG021021,Katsina,NG021,Katsina,Arewa 2,10.123829844470322,32404.146484375,Non-IDP,Accessible,confirmed_by_partner_report (blank row - not flagged),NA,NA,COOPI
NG021021,Katsina,NG021,Katsina,Batagarawa,4.779359775068164,8829.5478515625,Non-IDP,Accessible,default_unreported,NA,NA,COOPI
NG021021,Katsina,NG021,Katsina,Bugaje,6.36724536411196,1802.7994384765625,Non-IDP,Accessible,default_unreported,NA,NA,COOPI
NG021021,Katsina,NG021,Katsina,Dandagoro,1.9922010803329646,4180.08251953125,Non-IDP,Accessible,default_unreported,NA,NA,COOPI
NG021021,Katsina,NG021,Katsina,Gabas 1,8.320623427498468,71342.2890625,Non-IDP,Accessible,confirmed_by_partner_report (blank row - not flagged),NA,NA,COOPI
NG021021,Katsina,NG021,Katsina,Gabas 2,6.979560680101827,68100.375,Non-IDP,Accessible,confirmed_by_partner_report (blank row - not flagged),NA,NA,COOPI
NG021021,Katsina,NG021,Katsina,Gabas 3,36.56149975880313,47194.8203125,Non-IDP,Accessible,confirmed_by_partner_report (blank row - not flagged),NA,NA,COOPI
NG021021,Katsina,NG021,Katsina,Jino,5.021785308171392,6942.86572265625,Non-IDP,Accessible,confirmed_by_partner_report (blank row - not flagged),NA,NA,COOPI
NG021021,Katsina,NG021,Katsina,Kayauki,0.0955596050130874,118.65670776367188,Non-IDP,Accessible,default_unreported,NA,NA,COOPI
NG021021,Katsina,NG021,Katsina,Kudu 1,1.6978299845831692,22420.650390625,Non-IDP,Accessible,confirmed_by_partner_report (blank row - not flagged),NA,NA,COOPI
NG021021,Katsina,NG021,Katsina,Kudu 2,4.358566029539109,47124.390625,Non-IDP,Accessible,confirmed_by_partner_report (blank row - not flagged),NA,NA,COOPI
NG021021,Katsina,NG021,Katsina,Kudu 3,12.977203633986264,106103.4375,Non-IDP,Accessible,confirmed_by_partner_report (blank row - not flagged),NA,NA,COOPI
NG021021,Katsina,NG021,Katsina,Kusa,0.058783120217323306,35.65372848510742,Non-IDP,Accessible,default_unreported,NA,NA,COOPI
NG021021,Katsina,NG021,Katsina,Riko,1.6642464597143531,122.97306823730469,Non-IDP,Accessible,default_unreported,NA,NA,COOPI
NG021021,Katsina,NG021,Katsina,Shinkafi 1,19.668248401668876,19907.18359375,Non-IDP,Accessible,confirmed_by_partner_report (blank row - not flagged),NA,NA,COOPI
NG021021,Katsina,NG021,Katsina,Shinkafi 2,17.116684680913046,61179.58203125,Non-IDP,Accessible,confirmed_by_partner_report (blank row - not flagged),NA,NA,COOPI
NG021021,Katsina,NG021,Katsina,Yamma 1,8.491693150475726,35387.5234375,Non-IDP,Accessible,confirmed_by_partner_report (blank row - not flagged),NA,NA,COOPI
NG021021,Katsina,NG021,Katsina,Yamma 2,9.950492585973693,45891.30859375,Non-IDP,Accessible,confirmed_by_partner_report (blank row - not flagged),NA,NA,COOPI
NG021021,Katsina,NG021,Katsina,Yandaki,15.130015619205658,5579.4833984375,Non-IDP,Accessible,confirmed_by_partner_report (blank row - not flagged),NA,NA,COOPI
NG021022,Kurfi,NG021,Katsina,Abadau Kagara,0.540748583125472,193.5394287109375,Non-IDP,Accessible,default_unreported,NA,NA,Malteser
NG021022,Kurfi,NG021,Katsina,Banye,14.7268055093472,2992.66748046875,Non-IDP,Inaccessible,confirmed_by_partner_report,Malteser,Insecurity / conflict,Malteser
NG021022,Kurfi,NG021,Katsina,Barkiya,47.99956926608419,15255.923828125,Non-IDP,Accessible,confirmed_by_partner_report,Malteser,N/A - fully accessible,Malteser
NG021022,Kurfi,NG021,Katsina,Birchi,60.704937217973345,17991.36328125,Non-IDP,Accessible,confirmed_by_partner_report,Malteser,N/A - fully accessible,Malteser
NG021022,Kurfi,NG021,Katsina,Dabaibayawa,6.031678300093174,878.43414306640625,Non-IDP,Accessible,default_unreported,NA,NA,Malteser
NG021022,Kurfi,NG021,Katsina,Dabawa,1.6240259499430805,361.16314697265625,Non-IDP,Accessible,confirmed_by_partner_report,Malteser,N/A - fully accessible,Malteser
NG021022,Kurfi,NG021,Katsina,Dan Alhaji Yangayya,0.31819840432217716,69.40330505371094,Non-IDP,Accessible,default_unreported,NA,NA,Malteser
NG021022,Kurfi,NG021,Katsina,Ganuwa,0.2986541116917729,59.497283935546875,Non-IDP,Accessible,default_unreported,NA,NA,Malteser
NG021022,Kurfi,NG021,Katsina,Karare,0.3733698698183298,40.49433898925781,Non-IDP,Accessible,default_unreported,NA,NA,Malteser
NG021022,Kurfi,NG021,Katsina,Karofi A,0.09252394058537483,20.7292423248291,Non-IDP,Accessible,default_unreported,NA,NA,Malteser
NG021022,Kurfi,NG021,Katsina,Kurfi A,50.75423334982991,31424.72265625,Non-IDP,Accessible,confirmed_by_partner_report,Malteser,N/A - fully accessible,Malteser
NG021022,Kurfi,NG021,Katsina,Kurfi B,92.82337975218564,21212.13671875,Non-IDP,Accessible,confirmed_by_partner_report,Malteser,N/A - fully accessible,Malteser
NG021022,Kurfi,NG021,Katsina,Rawayau A,36.40356249252379,10151.4833984375,Non-IDP,Accessible,confirmed_by_partner_report,Malteser,N/A - fully accessible,Malteser
NG021022,Kurfi,NG021,Katsina,Rawayau B,43.26024468493939,11168.5986328125,Non-IDP,Accessible,confirmed_by_partner_report,Malteser,N/A - fully accessible,Malteser
NG021022,Kurfi,NG021,Katsina,Shema,0.3278210825727284,1.1025094985961914,Non-IDP,Accessible,default_unreported,NA,NA,Malteser
NG021022,Kurfi,NG021,Katsina,Tsanni,0.515525025697738,93.27474212646484,Non-IDP,Accessible,confirmed_by_partner_report (blank row - not flagged),NA,NA,Malteser
NG021022,Kurfi,NG021,Katsina,Tsaskiya,4.042852195805461,612.25640869140625,Non-IDP,Accessible,default_unreported,NA,NA,Malteser
NG021022,Kurfi,NG021,Katsina,Tsauri A,86.64453757335518,21720.794921875,Non-IDP,Accessible,confirmed_by_partner_report (blank row - not flagged),NA,NA,Malteser
NG021022,Kurfi,NG021,Katsina,Tsauri B,88.15155265357566,16363.71484375,Non-IDP,Accessible,confirmed_by_partner_report (blank row - not flagged),NA,NA,Malteser
NG021022,Kurfi,NG021,Katsina,Wurma A,60.23652775426764,15670.9423828125,Non-IDP,Inaccessible,confirmed_by_partner_report,Malteser,Insecurity / conflict,Malteser
NG021022,Kurfi,NG021,Katsina,Wurma B,60.31073528394222,17951.123046875,Non-IDP,Inaccessible,confirmed_by_partner_report,Malteser,Insecurity / conflict,Malteser
NG021022,Kurfi,NG021,Katsina,Yargamji,10.059507416485728,1368.0762939453125,Non-IDP,Accessible,default_unreported,NA,NA,Malteser
NG021022,Kurfi,NG021,Katsina,Zakka A,3.7048471655663846,713.26025390625,Non-IDP,Accessible,default_unreported,NA,NA,Malteser
NG021023,Kusada,NG021,Katsina,Bauranya,44.808825900112154,14543.2578125,Non-IDP,Accessible,confirmed_by_partner_report,FACT,N/A - fully accessible,FACT
NG021023,Kusada,NG021,Katsina,Boko,45.625816718137024,16293.1826171875,Non-IDP,Accessible,confirmed_by_partner_report,FACT,N/A - fully accessible,FACT
NG021023,Kusada,NG021,Katsina,Duddunni,33.7357769576993,10225.2119140625,Non-IDP,Accessible,confirmed_by_partner_report,FACT,N/A - fully accessible,FACT
NG021023,Kusada,NG021,Katsina,Gachi,3.061731038800955,850.65814208984375,Non-IDP,Accessible,default_unreported,NA,NA,FACT
NG021023,Kusada,NG021,Katsina,Galadima B,0.446137464291811,115.96698760986328,Non-IDP,Accessible,default_unreported,NA,NA,FACT
NG021023,Kusada,NG021,Katsina,Gurun,9.491133685036063,1668.8870849609375,Non-IDP,Accessible,default_unreported,NA,NA,FACT
NG021023,Kusada,NG021,Katsina,Kabagiwa,11.650827980462878,2215.228759765625,Non-IDP,Inaccessible,confirmed_by_partner_report,FACT,Insecurity / conflict,FACT
NG021023,Kusada,NG021,Katsina,Kafarda,28.93029240995145,9067.1904296875,Non-IDP,Accessible,confirmed_by_partner_report,FACT,N/A - fully accessible,FACT
NG021023,Kusada,NG021,Katsina,Kaikai,59.09065442596078,17713.458984375,Non-IDP,Accessible,confirmed_by_partner_report,FACT,N/A - fully accessible,FACT
NG021023,Kusada,NG021,Katsina,Kandawa,11.116347565888464,3671.396728515625,Non-IDP,Inaccessible,confirmed_by_partner_report,FACT,Insecurity / conflict,FACT
NG021023,Kusada,NG021,Katsina,Kofa,89.18391917998815,20398.544921875,Non-IDP,Inaccessible,confirmed_by_partner_report,FACT,Insecurity / conflict,FACT
NG021023,Kusada,NG021,Katsina,Kusada,28.271581015029938,21544.232421875,Non-IDP,Accessible,confirmed_by_partner_report,FACT,N/A - fully accessible,FACT
NG021023,Kusada,NG021,Katsina,Manomawa,5.58676216371578,1138.1239013671875,Non-IDP,Accessible,default_unreported,NA,NA,FACT
NG021023,Kusada,NG021,Katsina,Mawashi,35.85672910472858,8756.189453125,Non-IDP,Accessible,confirmed_by_partner_report,FACT,N/A - fully accessible,FACT
NG021023,Kusada,NG021,Katsina,Rimaye,6.280320870101098,708.11212158203125,Non-IDP,Accessible,default_unreported,NA,NA,FACT
NG021023,Kusada,NG021,Katsina,Tama,0.06042928477531671,0.9480339288711548,Non-IDP,Accessible,default_unreported,NA,NA,FACT
NG021023,Kusada,NG021,Katsina,Tatsan,0.8136846901503801,363.52728271484375,Non-IDP,Accessible,default_unreported,NA,NA,FACT
NG021023,Kusada,NG021,Katsina,Tsa Magam,4.1510063102589845,874.2489013671875,Non-IDP,Accessible,default_unreported,NA,NA,FACT
NG021023,Kusada,NG021,Katsina,Yankamaye,0.11263170558446646,39.46951675415039,Non-IDP,Accessible,default_unreported,NA,NA,FACT
NG021023,Kusada,NG021,Katsina,Yashe A,43.72022961633557,11234.5322265625,Non-IDP,Accessible,confirmed_by_partner_report,FACT,N/A - fully accessible,FACT
NG021023,Kusada,NG021,Katsina,Yashe B,47.82270403255343,8642.396484375,Non-IDP,Accessible,confirmed_by_partner_report,FACT,N/A - fully accessible,FACT
NG021023,Kusada,NG021,Katsina,Yaya,23.47470993641728,5905.54248046875,Non-IDP,Inaccessible,confirmed_by_partner_report,FACT,Insecurity / conflict,FACT
NG021024,Mai'adua,NG021,Katsina,Bamle,7.649505273687601,4090.135498046875,Non-IDP,Accessible,confirmed_by_partner_report,Save the Children,N/A - fully accessible,Save the Children
NG021024,Mai'adua,NG021,Katsina,Bumbum A,52.02627707896733,24332.0546875,Non-IDP,Accessible,confirmed_by_partner_report,Save the Children,N/A - fully accessible,Save the Children
NG021024,Mai'adua,NG021,Katsina,Bumbum B,75.79173385672256,25279.666015625,Non-IDP,Accessible,confirmed_by_partner_report,Save the Children,N/A - fully accessible,Save the Children
NG021024,Mai'adua,NG021,Katsina,Danyashe,71.66205296163452,36785.1953125,Non-IDP,Accessible,confirmed_by_partner_report,Save the Children,N/A - fully accessible,Save the Children
NG021024,Mai'adua,NG021,Katsina,Gallu,25.78728919119656,8759.099609375,Non-IDP,Accessible,confirmed_by_partner_report,Save the Children,N/A - fully accessible,Save the Children
NG021024,Mai'adua,NG021,Katsina,Karkarku,1.2721607170401514,210.2108917236328,Non-IDP,Accessible,default_unreported,NA,NA,Save the Children
NG021024,Mai'adua,NG021,Katsina,Koza,112.55909286963796,76218.7734375,Non-IDP,Accessible,confirmed_by_partner_report,Save the Children,N/A - fully accessible,Save the Children
NG021024,Mai'adua,NG021,Katsina,Kusugu,0.20376255682662128,370.41461181640625,Non-IDP,Accessible,default_unreported,NA,NA,Save the Children
NG021024,Mai'adua,NG021,Katsina,Kwasarawa,3.1793189958269594,101.32919311523438,Non-IDP,Accessible,default_unreported,NA,NA,Save the Children
NG021024,Mai'adua,NG021,Katsina,Mai'adua A,11.823155857425943,45193.97265625,Non-IDP,Accessible,confirmed_by_partner_report (blank row - not flagged),NA,NA,Save the Children
NG021024,Mai'adua,NG021,Katsina,Mai'adua B,34.07931409892345,41518.3125,Non-IDP,Accessible,default_unreported,NA,NA,Save the Children
NG021024,Mai'adua,NG021,Katsina,Mai'adua C,38.8033066355806,25047.509765625,Non-IDP,Accessible,confirmed_by_partner_report,Save the Children,N/A - fully accessible,Save the Children
NG021024,Mai'adua,NG021,Katsina,Maikoni A,88.90596343562294,45225.390625,Non-IDP,Accessible,confirmed_by_partner_report,Save the Children,N/A - fully accessible,Save the Children
NG021024,Mai'adua,NG021,Katsina,Maikoni B,55.17003924393117,18769.3828125,Non-IDP,Accessible,confirmed_by_partner_report,Save the Children,N/A - fully accessible,Save the Children
NG021024,Mai'adua,NG021,Katsina,Mazoji A,2.9768078035832195,624.783203125,Non-IDP,Accessible,default_unreported,NA,NA,Save the Children
NG021024,Mai'adua,NG021,Katsina,Mazoji B,7.940544819769442,1758.88037109375,Non-IDP,Accessible,default_unreported,NA,NA,Save the Children
NG021024,Mai'adua,NG021,Katsina,Natsalle,95.89467898364973,45072.1484375,Non-IDP,Accessible,confirmed_by_partner_report,Save the Children,N/A - fully accessible,Save the Children
NG021024,Mai'adua,NG021,Katsina,Sabon Gari,19.530913508063584,6390.24560546875,Non-IDP,Accessible,confirmed_by_partner_report,Save the Children,N/A - fully accessible,Save the Children
NG021024,Mai'adua,NG021,Katsina,Sirika B,0.5457608285770417,210.5691680908203,Non-IDP,Accessible,default_unreported,NA,NA,Save the Children
NG021024,Mai'adua,NG021,Katsina,Sonkaya,13.835658803973377,7284.1943359375,Non-IDP,Accessible,default_unreported,NA,NA,Save the Children
NG021024,Mai'adua,NG021,Katsina,Ubandawaki A,4.491452820482552,21077.708984375,Non-IDP,Accessible,confirmed_by_partner_report,Save the Children,N/A - fully accessible,Save the Children
NG021024,Mai'adua,NG021,Katsina,Ubandawaki B,2.628197413739391,2840.993896484375,Non-IDP,Accessible,confirmed_by_partner_report,Save the Children,N/A - fully accessible,Save the Children
NG021025,Malumfashi,NG021,Katsina,Borindawa,58.569141434524894,11696.5224609375,Non-IDP,Inaccessible,confirmed_by_partner_report,FACT,Insecurity / conflict,FACT
NG021025,Malumfashi,NG021,Katsina,Burdugau,1.729924020702362,549.6502685546875,Non-IDP,Inaccessible,confirmed_by_partner_report,FACT,Insecurity / conflict,FACT
NG021025,Malumfashi,NG021,Katsina,Dansarai,41.17114872388041,13618.7724609375,Non-IDP,Inaccessible,confirmed_by_partner_report,FACT,Insecurity / conflict,FACT
NG021025,Malumfashi,NG021,Katsina,Dayi,112.9382555329918,30633.71484375,Non-IDP,Inaccessible,confirmed_by_partner_report,FACT,Insecurity / conflict,FACT
NG021025,Malumfashi,NG021,Katsina,Gamzago,14.947038462466653,1381.938232421875,Non-IDP,Inaccessible,confirmed_by_partner_report,FACT,Insecurity / conflict,FACT
NG021025,Malumfashi,NG021,Katsina,Gingin,0.45584853639668227,130.51145935058594,Non-IDP,Accessible,default_unreported,NA,NA,FACT
NG021025,Malumfashi,NG021,Katsina,Gora Dan Saka,148.55306047808855,28803.337890625,Non-IDP,Inaccessible,confirmed_by_partner_report,FACT,Insecurity / conflict,FACT
NG021025,Malumfashi,NG021,Katsina,Kandarawa,0.19602362215108238,4.124966144561768,Non-IDP,Accessible,default_unreported,NA,NA,FACT
NG021025,Malumfashi,NG021,Katsina,Karfi,105.81459829996395,23195.212890625,Non-IDP,Inaccessible,confirmed_by_partner_report,FACT,Insecurity / conflict,FACT
NG021025,Malumfashi,NG021,Katsina,Ketare,9.114471360789896,3149.669921875,Non-IDP,Inaccessible,confirmed_by_partner_report,FACT,Insecurity / conflict,FACT
NG021025,Malumfashi,NG021,Katsina,Kukasheka,41.15722896683073,6993.5927734375,Non-IDP,Inaccessible,confirmed_by_partner_report,FACT,Insecurity / conflict,FACT
NG021025,Malumfashi,NG021,Katsina,Kuringafa,3.369105259799674,625.20745849609375,Non-IDP,Accessible,default_unreported,NA,NA,FACT
NG021025,Malumfashi,NG021,Katsina,Kutama,0.6818785614755154,10.806975364685059,Non-IDP,Accessible,default_unreported,NA,NA,FACT
NG021025,Malumfashi,NG021,Katsina,Lakwaya,1.3382181578850747,908.8399658203125,Non-IDP,Accessible,default_unreported,NA,NA,FACT
NG021025,Malumfashi,NG021,Katsina,Mainika,5.90852706910545,1094.14111328125,Non-IDP,Inaccessible,confirmed_by_partner_report,FACT,Insecurity / conflict,FACT
NG021025,Malumfashi,NG021,Katsina,Makaurachi,70.87060207107687,15255.587890625,Non-IDP,Inaccessible,confirmed_by_partner_report,FACT,Insecurity / conflict,FACT
NG021025,Malumfashi,NG021,Katsina,Malumfashi A,28.802119941387623,45075.546875,Non-IDP,Accessible,confirmed_by_partner_report,FACT,N/A - fully accessible,FACT
NG021025,Malumfashi,NG021,Katsina,Malumfashi B,19.54056775095317,26521.373046875,Non-IDP,Accessible,confirmed_by_partner_report,FACT,N/A - fully accessible,FACT
NG021025,Malumfashi,NG021,Katsina,Masari,0.85395000706256,247.31857299804688,Non-IDP,Accessible,default_unreported,NA,NA,FACT
NG021025,Malumfashi,NG021,Katsina,Na'alma,55.38048395459413,13814.79296875,Non-IDP,Inaccessible,confirmed_by_partner_report,FACT,Insecurity / conflict,FACT
NG021025,Malumfashi,NG021,Katsina,Rugoji,12.853286656455891,1655.4766845703125,Non-IDP,Accessible,default_unreported,NA,NA,FACT
NG021025,Malumfashi,NG021,Katsina,Ruwan Sanyi,42.25003104065934,9617.224609375,Non-IDP,Inaccessible,confirmed_by_partner_report,FACT,Insecurity / conflict,FACT
NG021025,Malumfashi,NG021,Katsina,Tuge,2.5878344514606355,347.451171875,Non-IDP,Accessible,default_unreported,NA,NA,FACT
NG021025,Malumfashi,NG021,Katsina,Yaba,91.45265984659076,28206.77734375,Non-IDP,Inaccessible,confirmed_by_partner_report,FACT,Insecurity / conflict,FACT
NG021025,Malumfashi,NG021,Katsina,Yarmama,69.21097636568999,12214.3193359375,Non-IDP,Inaccessible,confirmed_by_partner_report,FACT,Insecurity / conflict,FACT
NG021026,Mani,NG021,Katsina,Bagiwa,28.9636326621055,12630.8583984375,Non-IDP,Accessible,confirmed_by_partner_report,FACT,N/A - fully accessible,FACT
NG021026,Mani,NG021,Katsina,Baure,0.005227484856230207,2.4942071437835693,Non-IDP,Accessible,default_unreported,NA,NA,FACT
NG021026,Mani,NG021,Katsina,Bujawa,115.76715983489484,28167.95703125,Non-IDP,Accessible,confirmed_by_partner_report,FACT,N/A - fully accessible,FACT
NG021026,Mani,NG021,Katsina,Doro,0.2534784857566357,78.937255859375,Non-IDP,Accessible,default_unreported,NA,NA,FACT
NG021026,Mani,NG021,Katsina,Dutsi B,0.36155781625166533,0.3943904638290405,Non-IDP,Accessible,default_unreported,NA,NA,FACT
NG021026,Mani,NG021,Katsina,Duwan Makau,88.08326398140808,20252.16796875,Non-IDP,Accessible,default_unreported,NA,NA,FACT
NG021026,Mani,NG021,Katsina,Fardami,2.668189054624319,291.78839111328125,Non-IDP,Accessible,default_unreported,NA,NA,FACT
NG021026,Mani,NG021,Katsina,Gafiya,0.5875517938563823,52.44419860839844,Non-IDP,Accessible,default_unreported,NA,NA,FACT
NG021026,Mani,NG021,Katsina,Gana Jigawa,1.2906676076672972,366.4688720703125,Non-IDP,Accessible,default_unreported,NA,NA,FACT
NG021026,Mani,NG021,Katsina,Giremawa,2.230097199487805,115.49967193603516,Non-IDP,Accessible,default_unreported,NA,NA,FACT
NG021026,Mani,NG021,Katsina,Hamcheta,79.07760274341989,16477.630859375,Non-IDP,Accessible,confirmed_by_partner_report,FACT,N/A - fully accessible,FACT
NG021026,Mani,NG021,Katsina,Iyatawa,3.6745961835000513,457.5147705078125,Non-IDP,Accessible,default_unreported,NA,NA,FACT
NG021026,Mani,NG021,Katsina,Jani,35.485558053169314,15898.6689453125,Non-IDP,Accessible,confirmed_by_partner_report,FACT,N/A - fully accessible,FACT
NG021026,Mani,NG021,Katsina,Kurfeji,6.0207819351330105,1210.1395263671875,Non-IDP,Accessible,default_unreported,NA,NA,FACT
NG021026,Mani,NG021,Katsina,Kwatta,67.27338039053011,15430.7490234375,Non-IDP,Accessible,confirmed_by_partner_report,FACT,N/A - fully accessible,FACT
NG021026,Mani,NG021,Katsina,Machika,38.658609666099224,15034.482421875,Non-IDP,Accessible,confirmed_by_partner_report,FACT,N/A - fully accessible,FACT
NG021026,Mani,NG021,Katsina,Magama Masabo Kurabau,5.073151680870533,497.2486267089844,Non-IDP,Accessible,confirmed_by_partner_report,FACT,N/A - fully accessible,FACT
NG021026,Mani,NG021,Katsina,Magami,55.65863920762599,18790.630859375,Non-IDP,Accessible,confirmed_by_partner_report,FACT,N/A - fully accessible,FACT
NG021026,Mani,NG021,Katsina,Makurda,1.8263573139390945,118.95469665527344,Non-IDP,Accessible,default_unreported,NA,NA,FACT
NG021026,Mani,NG021,Katsina,Mani,24.382864596964122,29083.7734375,Non-IDP,Accessible,confirmed_by_partner_report,FACT,N/A - fully accessible,FACT
NG021026,Mani,NG021,Katsina,Mashi,27.475584050315053,4397.0703125,Non-IDP,Accessible,confirmed_by_partner_report,FACT,N/A - fully accessible,FACT
NG021026,Mani,NG021,Katsina,Muduru,64.32414661577796,18291.556640625,Non-IDP,Accessible,confirmed_by_partner_report,FACT,N/A - fully accessible,FACT
NG021026,Mani,NG021,Katsina,Sabon Gari,0.04119205334034562,21.62673568725586,Non-IDP,Accessible,default_unreported,NA,NA,FACT
NG021026,Mani,NG021,Katsina,Shibdawa,2.7281317268080265,355.84710693359375,Non-IDP,Accessible,default_unreported,NA,NA,FACT
NG021026,Mani,NG021,Katsina,Sirika B,0.43146368543556335,125.4749984741211,Non-IDP,Accessible,default_unreported,NA,NA,FACT
NG021026,Mani,NG021,Katsina,Tamilo A,0.19988946162337065,22.259477615356445,Non-IDP,Accessible,default_unreported,NA,NA,FACT
NG021026,Mani,NG021,Katsina,Tsagem Takusheyi,112.00781440411234,29495.884765625,Non-IDP,Accessible,confirmed_by_partner_report,FACT,N/A - fully accessible,FACT
NG021026,Mani,NG021,Katsina,Tsagero,0.8889128674111366,38.57554244995117,Non-IDP,Accessible,default_unreported,NA,NA,FACT
NG021026,Mani,NG021,Katsina,Yamel A,8.037898662480474,1890.57373046875,Non-IDP,Accessible,default_unreported,NA,NA,FACT
NG021026,Mani,NG021,Katsina,Yamel B,7.60606642138052,1795.31591796875,Non-IDP,Inaccessible,confirmed_by_partner_report,FACT,Insecurity / conflict,FACT
NG021026,Mani,NG021,Katsina,Yangora,2.75791874507647,130.6172637939453,Non-IDP,Accessible,default_unreported,NA,NA,FACT
NG021027,Mashi,NG021,Katsina,Ba'awa,21.256824011032343,4097.34814453125,Non-IDP,Accessible,confirmed_by_partner_report (blank row - not flagged),NA,NA,Malteser
NG021027,Mashi,NG021,Katsina,Bamle,146.87074434916914,30083.962890625,Non-IDP,Accessible,confirmed_by_partner_report,Malteser,N/A - fully accessible,Malteser
NG021027,Mashi,NG021,Katsina,Dankaba,0.6725364820843935,114.9968032836914,Non-IDP,Accessible,default_unreported,NA,NA,Malteser
NG021027,Mashi,NG021,Katsina,Dankama,2.5714962073879244,297.3076477050781,Non-IDP,Accessible,default_unreported,NA,NA,Malteser
NG021027,Mashi,NG021,Katsina,Danyashe,0.2582633908843994,0,Non-IDP,Accessible,default_unreported,NA,NA,Malteser
NG021027,Mashi,NG021,Katsina,Doguru A,78.44569960529495,16298.0439453125,Non-IDP,Accessible,confirmed_by_partner_report,Malteser,Physical access (terrain,Malteser
NG021027,Mashi,NG021,Katsina,Doguru B,33.860359207929164,8058.43359375,Non-IDP,Accessible,confirmed_by_partner_report,Malteser,N/A - fully accessible,Malteser
NG021027,Mashi,NG021,Katsina,Gafiya,2.902369731141269,405.4989929199219,Non-IDP,Accessible,default_unreported,NA,NA,Malteser
NG021027,Mashi,NG021,Katsina,Gallu,96.39821094118946,24738.140625,Non-IDP,Accessible,confirmed_by_partner_report,Malteser,Building-footprint issue (no eligible structures),Malteser
NG021027,Mashi,NG021,Katsina,Gana Jigawa,112.84296606541872,25391.826171875,Non-IDP,Accessible,confirmed_by_partner_report,Malteser,N/A - fully accessible,Malteser
NG021027,Mashi,NG021,Katsina,Hamcheta,11.421824627770036,2564.625732421875,Non-IDP,Accessible,default_unreported,NA,NA,Malteser
NG021027,Mashi,NG021,Katsina,Karau,128.0626489756497,32102.84765625,Non-IDP,Accessible,confirmed_by_partner_report,Malteser,Building-footprint issue (no eligible structures),Malteser
NG021027,Mashi,NG021,Katsina,Majigiri,110.50028026855978,19281.533203125,Non-IDP,Accessible,confirmed_by_partner_report,Malteser,N/A - fully accessible,Malteser
NG021027,Mashi,NG021,Katsina,Mashi,71.2636776944689,54012.21484375,Non-IDP,Accessible,confirmed_by_partner_report,Malteser,N/A - fully accessible,Malteser
NG021027,Mashi,NG021,Katsina,Muduru,6.207671141827464,1360.1409912109375,Non-IDP,Accessible,default_unreported,NA,NA,Malteser
NG021027,Mashi,NG021,Katsina,Natsalle,0.5269935427951813,136.55516052246094,Non-IDP,Accessible,default_unreported,NA,NA,Malteser
NG021027,Mashi,NG021,Katsina,Sirika A,9.559690211317848,2325.572265625,Non-IDP,Accessible,default_unreported,NA,NA,Malteser
NG021027,Mashi,NG021,Katsina,Sonkaya,91.43411423213911,20310.490234375,Non-IDP,Accessible,confirmed_by_partner_report,Malteser,N/A - fully accessible,Malteser
NG021027,Mashi,NG021,Katsina,Tamilo A,100.77260761473995,16545.935546875,Non-IDP,Accessible,confirmed_by_partner_report,Malteser,N/A - fully accessible,Malteser
NG021027,Mashi,NG021,Katsina,Tamilo B,69.66167113430005,15425.2080078125,Non-IDP,Accessible,confirmed_by_partner_report,Malteser,N/A - fully accessible,Malteser
NG021027,Mashi,NG021,Katsina,Tsagem Takusheyi,1.3442603141231537,27.436166763305664,Non-IDP,Accessible,default_unreported,NA,NA,Malteser
NG021027,Mashi,NG021,Katsina,Yamel B,0.2453471592257023,20.255136489868164,Non-IDP,Accessible,default_unreported,NA,NA,Malteser
NG021028,Matazu,NG021,Katsina,Dan Ali,2.2240707240486963,500.0491943359375,Non-IDP,Inaccessible,confirmed_by_partner_report,FACT,Insecurity / conflict,FACT
NG021028,Matazu,NG021,Katsina,Dissi,24.835497533549784,10464.5498046875,Non-IDP,Accessible,confirmed_by_partner_report,FACT,N/A - fully accessible,FACT
NG021028,Matazu,NG021,Katsina,Gwarjo,55.645819796101094,17569.19140625,Non-IDP,Inaccessible,confirmed_by_partner_report,FACT,Insecurity / conflict,FACT
NG021028,Matazu,NG021,Katsina,Karaduwa,59.51925044805138,17325.330078125,Non-IDP,Inaccessible,confirmed_by_partner_report,FACT,Insecurity / conflict,FACT
NG021028,Matazu,NG021,Katsina,Kogari,45.72745448634863,17379.6875,Non-IDP,Inaccessible,confirmed_by_partner_report,FACT,Insecurity / conflict,FACT
NG021028,Matazu,NG021,Katsina,Kuki A,4.123212863265298,353.7969665527344,Non-IDP,Accessible,default_unreported,NA,NA,FACT
NG021028,Matazu,NG021,Katsina,Kuki B,7.500134661179423,41.13569259643555,Non-IDP,Accessible,default_unreported,NA,NA,FACT
NG021028,Matazu,NG021,Katsina,Kunduru Gyaza,9.384948575724334,243.38157653808594,Non-IDP,Inaccessible,confirmed_by_partner_report,FACT,Insecurity / conflict,FACT
NG021028,Matazu,NG021,Katsina,Makera,11.087395671379715,1868.5753173828125,Non-IDP,Inaccessible,confirmed_by_partner_report,FACT,Insecurity / conflict,FACT
NG021028,Matazu,NG021,Katsina,Matazu A,42.76286828532696,21933.794921875,Non-IDP,Accessible,confirmed_by_partner_report,FACT,N/A - fully accessible,FACT
NG021028,Matazu,NG021,Katsina,Matazu B,31.289596660013675,16533.650390625,Non-IDP,Accessible,confirmed_by_partner_report,FACT,N/A - fully accessible,FACT
NG021028,Matazu,NG021,Katsina,Mazoji A,89.10310733427922,15670.4091796875,Non-IDP,Inaccessible,confirmed_by_partner_report,FACT,Insecurity / conflict,FACT
NG021028,Matazu,NG021,Katsina,Mazoji B,41.336088303224415,10743.494140625,Non-IDP,Inaccessible,confirmed_by_partner_report,FACT,Insecurity / conflict,FACT
NG021028,Matazu,NG021,Katsina,Rinjin Idi,30.62217681947577,10148.1796875,Non-IDP,Inaccessible,confirmed_by_partner_report,FACT,Insecurity / conflict,FACT
NG021028,Matazu,NG021,Katsina,Sayaya,151.18531303991043,35250.24609375,Non-IDP,Inaccessible,confirmed_by_partner_report,FACT,Insecurity / conflict,FACT
NG021028,Matazu,NG021,Katsina,Sukuntuni,5.381903975884453,633.100830078125,Non-IDP,Inaccessible,confirmed_by_partner_report,FACT,Insecurity / conflict,FACT
NG021028,Matazu,NG021,Katsina,Tsa Magam,6.206293573185206,573.54510498046875,Non-IDP,Inaccessible,confirmed_by_partner_report,FACT,Insecurity / conflict,FACT
NG021028,Matazu,NG021,Katsina,Yantumaki A,10.87534894390583,1890.671630859375,Non-IDP,Inaccessible,confirmed_by_partner_report,FACT,Insecurity / conflict,FACT
NG021029,Musawa,NG021,Katsina,Burdugau,8.108393749267162,2048.63818359375,Non-IDP,Accessible,default_unreported,NA,NA,FACT
NG021029,Musawa,NG021,Katsina,Dan Ali,6.517547151547551,917.52313232421875,Non-IDP,Accessible,default_unreported,NA,NA,FACT
NG021029,Musawa,NG021,Katsina,Dan Murabu,3.0120773147798032,477.5185546875,Non-IDP,Accessible,default_unreported,NA,NA,FACT
NG021029,Musawa,NG021,Katsina,Dangani,117.60054846190151,32729.763671875,Non-IDP,Inaccessible,confirmed_by_partner_report,FACT,Insecurity / conflict,FACT
NG021029,Musawa,NG021,Katsina,Danjanku-Karachi,74.9352210564108,30166.60546875,Non-IDP,Inaccessible,confirmed_by_partner_report,FACT,Insecurity / conflict,FACT
NG021029,Musawa,NG021,Katsina,Dansarai,23.543854763845562,6614.16357421875,Non-IDP,Inaccessible,confirmed_by_partner_report,FACT,Insecurity / conflict,FACT
NG021029,Musawa,NG021,Katsina,Dayi,21.110050523965658,8978.185546875,Non-IDP,Inaccessible,confirmed_by_partner_report,FACT,Insecurity / conflict,FACT
NG021029,Musawa,NG021,Katsina,Dissi,15.124305925696433,4809.79736328125,Non-IDP,Inaccessible,confirmed_by_partner_report,FACT,Insecurity / conflict,FACT
NG021029,Musawa,NG021,Katsina,Garu,52.18878987723009,16596.845703125,Non-IDP,Inaccessible,confirmed_by_partner_report,FACT,Insecurity / conflict,FACT
NG021029,Musawa,NG021,Katsina,Gingin,105.66764779036164,29630.560546875,Non-IDP,Inaccessible,confirmed_by_partner_report,FACT,Insecurity / conflict,FACT
NG021029,Musawa,NG021,Katsina,Gundawa,3.222569782233223,782.010009765625,Non-IDP,Accessible,default_unreported,NA,NA,FACT
NG021029,Musawa,NG021,Katsina,Gwarjo,9.370152882731498,2546.303955078125,Non-IDP,Inaccessible,confirmed_by_partner_report,FACT,Insecurity / conflict,FACT
NG021029,Musawa,NG021,Katsina,Jikamshi,28.033649106913327,24698.94921875,Non-IDP,Inaccessible,confirmed_by_partner_report,FACT,Insecurity / conflict,FACT
NG021029,Musawa,NG021,Katsina,Karaduwa,0.3230195001527071,63.25502014160156,Non-IDP,Accessible,default_unreported,NA,NA,FACT
NG021029,Musawa,NG021,Katsina,Ketare,13.830981640780806,1711.023681640625,Non-IDP,Accessible,default_unreported,NA,NA,FACT
NG021029,Musawa,NG021,Katsina,Kira,61.44336418085766,22153.314453125,Non-IDP,Inaccessible,confirmed_by_partner_report,FACT,Insecurity / conflict,FACT
NG021029,Musawa,NG021,Katsina,Kogari,22.861638339622736,7696.54052734375,Non-IDP,Inaccessible,confirmed_by_partner_report,FACT,Insecurity / conflict,FACT
NG021029,Musawa,NG021,Katsina,Kurkujan A,42.717721643392565,13717.6708984375,Non-IDP,Inaccessible,confirmed_by_partner_report,FACT,Insecurity / conflict,FACT
NG021029,Musawa,NG021,Katsina,Kurkujan B,41.172541911301614,18864.130859375,Non-IDP,Inaccessible,confirmed_by_partner_report,FACT,Insecurity / conflict,FACT
NG021029,Musawa,NG021,Katsina,Musawa,79.72080989220763,49321.03125,Non-IDP,Accessible,confirmed_by_partner_report,FACT,N/A - fully accessible,FACT
NG021029,Musawa,NG021,Katsina,Na'alma,46.16544898608745,11305.1962890625,Non-IDP,Inaccessible,confirmed_by_partner_report,FACT,Insecurity / conflict,FACT
NG021029,Musawa,NG021,Katsina,Rimaye,5.1663104612746835,575.5179443359375,Non-IDP,Accessible,default_unreported,NA,NA,FACT
NG021029,Musawa,NG021,Katsina,Rinjin Idi,0.0915357711995244,103.6361312866211,Non-IDP,Accessible,default_unreported,NA,NA,FACT
NG021029,Musawa,NG021,Katsina,Sukuntuni,4.678178324373156,788.82989501953125,Non-IDP,Accessible,default_unreported,NA,NA,FACT
NG021029,Musawa,NG021,Katsina,Tabanni-Yarraddau,42.51661783281088,11098.4111328125,Non-IDP,Inaccessible,confirmed_by_partner_report,FACT,Insecurity / conflict,FACT
NG021029,Musawa,NG021,Katsina,Tuge,89.78389772922253,17844.416015625,Non-IDP,Inaccessible,confirmed_by_partner_report,FACT,Insecurity / conflict,FACT
NG021030,Rimi,NG021,Katsina,Abukur,36.560469921838525,21093.498046875,Non-IDP,Accessible,confirmed_by_partner_report,FACT,N/A - fully accessible,FACT
NG021030,Rimi,NG021,Katsina,Ajiwa,7.090930274885881,1904.0665283203125,Non-IDP,Accessible,default_unreported,NA,NA,FACT
NG021030,Rimi,NG021,Katsina,Batagarawa,2.6824913942341806,473.16180419921875,Non-IDP,Accessible,default_unreported,NA,NA,FACT
NG021030,Rimi,NG021,Katsina,Charanchi,7.43505669213102,1506.4178466796875,Non-IDP,Accessible,default_unreported,NA,NA,FACT
NG021030,Rimi,NG021,Katsina,Dandagoro,2.570297013053417,165.69992065429688,Non-IDP,Accessible,default_unreported,NA,NA,FACT
NG021030,Rimi,NG021,Katsina,Doka,1.042901261029765e-4,0.08836985379457474,Non-IDP,Accessible,default_unreported,NA,NA,FACT
NG021030,Rimi,NG021,Katsina,Fardami,35.771654040758136,13906.1845703125,Non-IDP,Accessible,confirmed_by_partner_report,FACT,N/A - fully accessible,FACT
NG021030,Rimi,NG021,Katsina,Gafiya,0.6599431765887588,120.97283935546875,Non-IDP,Accessible,default_unreported,NA,NA,FACT
NG021030,Rimi,NG021,Katsina,Iyatawa,70.54363144394088,25072.494140625,Non-IDP,Accessible,confirmed_by_partner_report,FACT,N/A - fully accessible,FACT
NG021030,Rimi,NG021,Katsina,Kadandani,50.22439800699758,16229.619140625,Non-IDP,Accessible,confirmed_by_partner_report,FACT,N/A - fully accessible,FACT
NG021030,Rimi,NG021,Katsina,Kayauki,1.2578919131414592,152.0755615234375,Non-IDP,Accessible,default_unreported,NA,NA,FACT
NG021030,Rimi,NG021,Katsina,Kuraye,15.277430371835337,822.2015380859375,Non-IDP,Accessible,default_unreported,NA,NA,FACT
NG021030,Rimi,NG021,Katsina,Kwatta,0.9754222947078943,138.41090393066406,Non-IDP,Accessible,default_unreported,NA,NA,FACT
NG021030,Rimi,NG021,Katsina,Magama Masabo Kurabau,64.30196144968366,22239.51171875,Non-IDP,Accessible,confirmed_by_partner_report,FACT,N/A - fully accessible,FACT
NG021030,Rimi,NG021,Katsina,Maje Karare,71.6746008368504,22533.107421875,Non-IDP,Accessible,confirmed_by_partner_report,FACT,N/A - fully accessible,FACT
NG021030,Rimi,NG021,Katsina,Makurda,40.70385875265848,16755.216796875,Non-IDP,Accessible,confirmed_by_partner_report,FACT,N/A - fully accessible,FACT
NG021030,Rimi,NG021,Katsina,Muduru,1.876669298838198,224.8714599609375,Non-IDP,Accessible,confirmed_by_partner_report,FACT,N/A - fully accessible,FACT
NG021030,Rimi,NG021,Katsina,Rimi,44.50758722796524,44454.82421875,Non-IDP,Accessible,confirmed_by_partner_report,FACT,N/A - fully accessible,FACT
NG021030,Rimi,NG021,Katsina,Sabon Gari,54.40082526023796,22855.017578125,Non-IDP,Accessible,confirmed_by_partner_report,FACT,N/A - fully accessible,FACT
NG021030,Rimi,NG021,Katsina,Safana,3.2072941994404047,525.67388916015625,Non-IDP,Accessible,default_unreported,NA,NA,FACT
NG021030,Rimi,NG021,Katsina,Shibdawa,3.126649955087155,1036.740966796875,Non-IDP,Accessible,confirmed_by_partner_report,FACT,N/A - fully accessible,FACT
NG021030,Rimi,NG021,Katsina,Tsagem Takusheyi,1.4149756940957308,237.09632873535156,Non-IDP,Accessible,default_unreported,NA,NA,FACT
NG021030,Rimi,NG021,Katsina,Tsagero,38.59137805097228,17435.021484375,Non-IDP,Accessible,confirmed_by_partner_report,FACT,N/A - fully accessible,FACT
NG021030,Rimi,NG021,Katsina,Tsanni,2.4738182764196397,204.3272247314453,Non-IDP,Accessible,default_unreported,NA,NA,FACT
NG021030,Rimi,NG021,Katsina,Yanhoho,6.562652711076081,2072.89501953125,Non-IDP,Inaccessible,confirmed_by_partner_report,FACT,Insecurity / conflict,FACT
NG021030,Rimi,NG021,Katsina,Yargamji,1.3181459085263163,106.20232391357422,Non-IDP,Accessible,default_unreported,NA,NA,FACT
NG021031,Sabuwa,NG021,Katsina,Damari,54.29367383602083,19716.193359375,Non-IDP,Inaccessible,confirmed_by_partner_report,FACT,Insecurity / conflict,FACT
NG021031,Sabuwa,NG021,Katsina,Dandume B,0.029076685004115106,6.959982872009277,Non-IDP,Accessible,default_unreported,NA,NA,FACT
NG021031,Sabuwa,NG021,Katsina,Dansoda,1.9559981898554266,1331.33935546875,Non-IDP,Inaccessible,confirmed_by_partner_report,FACT,Insecurity / conflict,FACT
NG021031,Sabuwa,NG021,Katsina,Dugu Muazu,160.09088731274687,24088.03515625,Non-IDP,Inaccessible,confirmed_by_partner_report,FACT,Insecurity / conflict,FACT
NG021031,Sabuwa,NG021,Katsina,Gamji,64.76864612686474,19550.029296875,Non-IDP,Inaccessible,confirmed_by_partner_report,FACT,Insecurity / conflict,FACT
NG021031,Sabuwa,NG021,Katsina,Gazari,61.727695201460314,26791.966796875,Non-IDP,Inaccessible,confirmed_by_partner_report,FACT,Insecurity / conflict,FACT
NG021031,Sabuwa,NG021,Katsina,Idasu,21.759934730760694,7937.18359375,Non-IDP,Inaccessible,confirmed_by_partner_report,FACT,Insecurity / conflict,FACT
NG021031,Sabuwa,NG021,Katsina,Kuyello,2.3060150146484377e-6,0,Non-IDP,Accessible,default_unreported,NA,NA,FACT
NG021031,Sabuwa,NG021,Katsina,Machika,67.6036557452716,12599.0986328125,Non-IDP,Inaccessible,confirmed_by_partner_report,FACT,Insecurity / conflict,FACT
NG021031,Sabuwa,NG021,Katsina,Magaji Wando,32.905657609865365,8474.306640625,Non-IDP,Inaccessible,confirmed_by_partner_report,FACT,Insecurity / conflict,FACT
NG021031,Sabuwa,NG021,Katsina,Maibakko,120.36405563502348,36218.4296875,Non-IDP,Inaccessible,confirmed_by_partner_report,FACT,Insecurity / conflict,FACT
NG021031,Sabuwa,NG021,Katsina,Rafin Iwa,84.05128398608315,17290.734375,Non-IDP,Inaccessible,confirmed_by_partner_report,FACT,Insecurity / conflict,FACT
NG021031,Sabuwa,NG021,Katsina,Sabuwa A,39.95640344932759,46573.4296875,Non-IDP,Accessible,confirmed_by_partner_report,FACT,N/A - fully accessible,FACT
NG021031,Sabuwa,NG021,Katsina,Sabuwa B,16.12283213416262,13739.92578125,Non-IDP,Accessible,confirmed_by_partner_report,FACT,N/A - fully accessible,FACT
NG021031,Sabuwa,NG021,Katsina,Sayau,67.17914613929211,15922.74609375,Non-IDP,Inaccessible,confirmed_by_partner_report,FACT,Insecurity / conflict,FACT
NG021031,Sabuwa,NG021,Katsina,Tabanni,1.5657224062041062,0.00615479052066803,Non-IDP,Accessible,default_unreported,NA,NA,FACT
NG021031,Sabuwa,NG021,Katsina,Tumburkai A,10.396752325928688,4781.34228515625,Non-IDP,Accessible,default_unreported,NA,NA,FACT
NG021032,Safana,NG021,Katsina,Babban Duhu A,39.426277379264356,9995.388671875,Non-IDP,Inaccessible,confirmed_by_partner_report,FACT,Insecurity / conflict,FACT
NG021032,Safana,NG021,Katsina,Babban Duhu B,124.91923829099488,13481.615234375,Non-IDP,Inaccessible,confirmed_by_partner_report,FACT,Insecurity / conflict,FACT
NG021032,Safana,NG021,Katsina,Baure A,69.42926193585635,18866.37109375,Non-IDP,Inaccessible,confirmed_by_partner_report,FACT,Insecurity / conflict,FACT
NG021032,Safana,NG021,Katsina,Baure B,384.7181726139213,18355.3671875,Non-IDP,Inaccessible,confirmed_by_partner_report,FACT,Insecurity / conflict,FACT
NG021032,Safana,NG021,Katsina,Dabawa,0.30154065706551075,86.78106689453125,Non-IDP,Inaccessible,confirmed_by_partner_report,FACT,Insecurity / conflict,FACT
NG021032,Safana,NG021,Katsina,Dan Musa B,0.05128073346224427,0,Non-IDP,Accessible,default_unreported,NA,NA,FACT
NG021032,Safana,NG021,Katsina,Dandire A,0.663209131578587,59.4859733581543,Non-IDP,Accessible,default_unreported,NA,NA,FACT
NG021032,Safana,NG021,Katsina,Dandire B,171.59939627412493,2265.918701171875,Non-IDP,Inaccessible,confirmed_by_partner_report,FACT,Insecurity / conflict,FACT
NG021032,Safana,NG021,Katsina,Danfani Sabon Birni,0.06505294489276409,0.1754511296749115,Non-IDP,Accessible,default_unreported,NA,NA,FACT
NG021032,Safana,NG021,Katsina,Dutsin Ma B,1.5296949929513932,457.3154296875,Non-IDP,Inaccessible,confirmed_by_partner_report,FACT,Insecurity / conflict,FACT
NG021032,Safana,NG021,Katsina,Karare,1.3369343000747609,84.13273620605469,Non-IDP,Inaccessible,confirmed_by_partner_report,FACT,Insecurity / conflict,FACT
NG021032,Safana,NG021,Katsina,Kurfi B,0.9476823738151788,352.2095947265625,Non-IDP,Accessible,default_unreported,NA,NA,FACT
NG021032,Safana,NG021,Katsina,Kutawa,1.4011222985765934,247.22998046875,Non-IDP,Inaccessible,confirmed_by_partner_report,FACT,Insecurity / conflict,FACT
NG021032,Safana,NG021,Katsina,Madogara,3.276934056870308,633.436279296875,Non-IDP,Inaccessible,confirmed_by_partner_report,FACT,Insecurity / conflict,FACT
NG021032,Safana,NG021,Katsina,Makera,8.08787492069471,215.72149658203125,Non-IDP,Accessible,default_unreported,NA,NA,FACT
NG021032,Safana,NG021,Katsina,Runka A,274.2424534804063,50164.765625,Non-IDP,Inaccessible,confirmed_by_partner_report,FACT,Population absent / relocated,FACT
NG021032,Safana,NG021,Katsina,Runka B,98.32889895651766,20569.3203125,Non-IDP,Inaccessible,confirmed_by_partner_report,FACT,Insecurity / conflict,FACT
NG021032,Safana,NG021,Katsina,Safana,85.9310599094553,37497.28125,Non-IDP,Accessible,confirmed_by_partner_report,FACT,N/A - fully accessible,FACT
NG021032,Safana,NG021,Katsina,Tsaskiya,192.9767162621955,44017.9609375,Non-IDP,Inaccessible,confirmed_by_partner_report,FACT,Insecurity / conflict,FACT
NG021032,Safana,NG021,Katsina,Wagini,0.6957531391437054,81.52325439453125,Non-IDP,Accessible,default_unreported,NA,NA,FACT
NG021032,Safana,NG021,Katsina,Wonaka,0.0015264680538773538,0.025887390598654747,Non-IDP,Accessible,default_unreported,NA,NA,FACT
NG021032,Safana,NG021,Katsina,Wurma A,0.13983429891842603,5.5501556396484375,Non-IDP,Accessible,default_unreported,NA,NA,FACT
NG021032,Safana,NG021,Katsina,Wurma B,10.290052581441284,2756.874755859375,Non-IDP,Inaccessible,confirmed_by_partner_report,FACT,Insecurity / conflict,FACT
NG021032,Safana,NG021,Katsina,Zakka A,68.64610680612564,30104.1171875,Non-IDP,Inaccessible,confirmed_by_partner_report,FACT,Population absent / relocated,FACT
NG021032,Safana,NG021,Katsina,Zakka B,70.45427529658986,21516.908203125,Non-IDP,Inaccessible,confirmed_by_partner_report,FACT,Population absent / relocated,FACT
NG021033,Sandamu,NG021,Katsina,Achilafiya,0.4656593841337562,300.5507507324219,Non-IDP,Accessible,default_unreported,NA,NA,MDM
NG021033,Sandamu,NG021,Katsina,Dan Aunai,0.051722435962982476,0.022733252495527267,Non-IDP,Accessible,default_unreported,NA,NA,MDM
NG021033,Sandamu,NG021,Katsina,Daneji A,28.401626452165367,16953.115234375,Non-IDP,Accessible,default_unreported,NA,NA,MDM
NG021033,Sandamu,NG021,Katsina,Daneji B,21.74734008676111,12097.8935546875,Non-IDP,Accessible,default_unreported,NA,NA,MDM
NG021033,Sandamu,NG021,Katsina,Dargage,0.035262191294670106,0.4985157549381256,Non-IDP,Accessible,default_unreported,NA,NA,MDM
NG021033,Sandamu,NG021,Katsina,Fago A,27.10313489118433,31263.68359375,Non-IDP,Accessible,default_unreported,NA,NA,MDM
NG021033,Sandamu,NG021,Katsina,Fago B,49.94921230531645,20614.064453125,Non-IDP,Accessible,default_unreported,NA,NA,MDM
NG021033,Sandamu,NG021,Katsina,Garni,0.4054530168765038,23.146440505981445,Non-IDP,Accessible,default_unreported,NA,NA,MDM
NG021033,Sandamu,NG021,Katsina,Kagare,24.093188097673654,17968.119140625,Non-IDP,Accessible,default_unreported,NA,NA,MDM
NG021033,Sandamu,NG021,Katsina,Karkarku,3.6506885330985264,8634.0947265625,Non-IDP,Accessible,default_unreported,NA,NA,MDM
NG021033,Sandamu,NG021,Katsina,Katsayal,20.5211013009789,15793.177734375,Non-IDP,Accessible,default_unreported,NA,NA,MDM
NG021033,Sandamu,NG021,Katsina,Kwasarawa,26.93168818359643,19204.890625,Non-IDP,Accessible,default_unreported,NA,NA,MDM
NG021033,Sandamu,NG021,Katsina,Madobi B,25.762413417526723,8789.2373046875,Non-IDP,Accessible,default_unreported,NA,NA,MDM
NG021033,Sandamu,NG021,Katsina,Rade A,44.160130309616086,18250.021484375,Non-IDP,Accessible,default_unreported,NA,NA,MDM
NG021033,Sandamu,NG021,Katsina,Rade B,41.301229433614864,18985.9765625,Non-IDP,Accessible,default_unreported,NA,NA,MDM
NG021033,Sandamu,NG021,Katsina,Ruwan Kaya A,7.895861615286127,3624.975341796875,Non-IDP,Accessible,default_unreported,NA,NA,MDM
NG021033,Sandamu,NG021,Katsina,Sabon Gari,1.6537419742270112,1522.7696533203125,Non-IDP,Accessible,default_unreported,NA,NA,MDM
NG021033,Sandamu,NG021,Katsina,Sandamu,60.554236875323134,42493.24609375,Non-IDP,Accessible,default_unreported,NA,NA,MDM
NG021033,Sandamu,NG021,Katsina,Yola,4.142045699059963e-5,0.032043442130088806,Non-IDP,Accessible,default_unreported,NA,NA,MDM
NG021034,Zango,NG021,Katsina,Baure,0.40627756471949816,0,Non-IDP,Accessible,default_unreported,NA,NA,Save the Children
NG021034,Zango,NG021,Katsina,Dargage,80.44111365786135,30079.984375,Non-IDP,Accessible,confirmed_by_partner_report (blank row - not flagged),NA,NA,Save the Children
NG021034,Zango,NG021,Katsina,Fago B,6.911897669634431,1907.356201171875,Non-IDP,Accessible,confirmed_by_partner_report,Save the Children,N/A - fully accessible,Save the Children
NG021034,Zango,NG021,Katsina,Faski,3.5900389728943587,430.04852294921875,Non-IDP,Accessible,default_unreported,NA,NA,Save the Children
NG021034,Zango,NG021,Katsina,Garni,110.57802624380946,32746.900390625,Non-IDP,Accessible,confirmed_by_partner_report,Save the Children,N/A - fully accessible,Save the Children
NG021034,Zango,NG021,Katsina,Gwamba,38.88299116142583,16296.837890625,Non-IDP,Accessible,confirmed_by_partner_report (blank row - not flagged),NA,NA,Save the Children
NG021034,Zango,NG021,Katsina,Gwarta,9.739136699587106e-5,0,Non-IDP,Accessible,default_unreported,NA,NA,Save the Children
NG021034,Zango,NG021,Katsina,K Malamai,40.436979342307446,17143.20703125,Non-IDP,Accessible,confirmed_by_partner_report,Save the Children,N/A - fully accessible,Save the Children
NG021034,Zango,NG021,Katsina,Kagare,3.621605834523678,1646.580078125,Non-IDP,Accessible,default_unreported,NA,NA,Save the Children
NG021034,Zango,NG021,Katsina,Kanda,48.694189836951736,14232.0849609375,Non-IDP,Accessible,confirmed_by_partner_report,Save the Children,N/A - fully accessible,Save the Children
NG021034,Zango,NG021,Katsina,Katsayal,2.2966228555505275,188.17527770996094,Non-IDP,Accessible,default_unreported,NA,NA,Save the Children
NG021034,Zango,NG021,Katsina,Kawarin Kudi,64.51025222614827,24147.037109375,Non-IDP,Accessible,confirmed_by_partner_report (blank row - not flagged),NA,NA,Save the Children
NG021034,Zango,NG021,Katsina,Kwasarawa,5.232587728267074,1782.96337890625,Non-IDP,Accessible,default_unreported,NA,NA,Save the Children
NG021034,Zango,NG021,Katsina,Maibara,10.253392514429688,797.220703125,Non-IDP,Accessible,confirmed_by_partner_report,Save the Children,N/A - fully accessible,Save the Children
NG021034,Zango,NG021,Katsina,Rogogo,55.5859207229754,32617.07421875,Non-IDP,Accessible,confirmed_by_partner_report,Save the Children,N/A - fully accessible,Save the Children
NG021034,Zango,NG021,Katsina,Sara,51.227385268276215,22823.88671875,Non-IDP,Accessible,confirmed_by_partner_report,Save the Children,N/A - fully accessible,Save the Children
NG021034,Zango,NG021,Katsina,Yanduna,0.8790699112296552,4.57318639755249,Non-IDP,Accessible,default_unreported,NA,NA,Save the Children
NG021034,Zango,NG021,Katsina,Yardaje,48.07645187063956,28048.6796875,Non-IDP,Accessible,default_unreported,NA,NA,Save the Children
NG022001,Aleiro,NG022,Kebbi,Alelu,13.817658237921119,948.5684814453125,Non-IDP,Accessible,default_unreported,NA,NA,FACT
NG022001,Aleiro,NG022,Kebbi,Aliero Dangaladima 1,27.0897869351607,15669.841796875,Non-IDP,Accessible,confirmed_by_partner_report,FACT,N/A - fully accessible,FACT
NG022001,Aleiro,NG022,Kebbi,Aliero Dangaladima 2,16.970225329448194,4325.20556640625,Non-IDP,Accessible,confirmed_by_partner_report,FACT,N/A - fully accessible,FACT
NG022001,Aleiro,NG022,Kebbi,Aliero S Fada 1,22.40930401843226,31296.041015625,Non-IDP,Accessible,confirmed_by_partner_report,FACT,N/A - fully accessible,FACT
NG022001,Aleiro,NG022,Kebbi,Aliero S Fada 2,58.68976001095271,20796.111328125,Non-IDP,Accessible,confirmed_by_partner_report,FACT,N/A - fully accessible,FACT
NG022001,Aleiro,NG022,Kebbi,Danwarai,6.3973729190988395,7880.634765625,Non-IDP,Accessible,confirmed_by_partner_report,FACT,N/A - fully accessible,FACT
NG022001,Aleiro,NG022,Kebbi,Dumbegu Basaura,4.367359061615288,162.03648376464844,Non-IDP,Accessible,default_unreported,NA,NA,FACT
NG022001,Aleiro,NG022,Kebbi,Faga Alasan,0.6214509074482024,93.76705169677734,Non-IDP,Accessible,default_unreported,NA,NA,FACT
NG022001,Aleiro,NG022,Kebbi,Firchin,0.8852680182000995,49.529842376708984,Non-IDP,Accessible,default_unreported,NA,NA,FACT
NG022001,Aleiro,NG022,Kebbi,Gulmare,10.526652223552643,1184.7554931640625,Non-IDP,Accessible,default_unreported,NA,NA,FACT
NG022001,Aleiro,NG022,Kebbi,Gulumbe,30.346856292483807,1566.3209228515625,Non-IDP,Accessible,confirmed_by_partner_report,FACT,N/A - fully accessible,FACT
NG022001,Aleiro,NG022,Kebbi,Jega Kokani,2.794698529200554,301.10479736328125,Non-IDP,Accessible,default_unreported,NA,NA,FACT
NG022001,Aleiro,NG022,Kebbi,Jega Magaji B,1.5933277518475055,1298.950927734375,Non-IDP,Accessible,confirmed_by_partner_report,FACT,N/A - fully accessible,FACT
NG022001,Aleiro,NG022,Kebbi,Jiga Birni,25.51947628504193,5458.20068359375,Non-IDP,Accessible,confirmed_by_partner_report,FACT,N/A - fully accessible,FACT
NG022001,Aleiro,NG022,Kebbi,Jiga Makera,12.651498893448114,3764.92333984375,Non-IDP,Inaccessible,confirmed_by_partner_report,FACT,Access denied by authorities / community,FACT
NG022001,Aleiro,NG022,Kebbi,Kashin Zama,30.5392372881279,5557.7314453125,Non-IDP,Accessible,confirmed_by_partner_report,FACT,N/A - fully accessible,FACT
NG022001,Aleiro,NG022,Kebbi,Lagga,9.777448267477274,1244.79052734375,Non-IDP,Accessible,default_unreported,NA,NA,FACT
NG022001,Aleiro,NG022,Kebbi,Rafin Bauna,51.08082692408541,6014.8662109375,Non-IDP,Accessible,confirmed_by_partner_report,FACT,N/A - fully accessible,FACT
NG022001,Aleiro,NG022,Kebbi,Sabiyal,44.570247660700026,9285.603515625,Non-IDP,Accessible,confirmed_by_partner_report,FACT,N/A - fully accessible,FACT
NG022001,Aleiro,NG022,Kebbi,Sabon Birni,3.930787662223101,202.5859832763672,Non-IDP,Accessible,default_unreported,NA,NA,FACT
NG022002,Arewa-Dandi,NG022,Kebbi,Bachaka,599.1024799197096,19299.51171875,Non-IDP,Accessible,confirmed_by_partner_report,FACT,Insecurity / conflict,FACT
NG022002,Arewa-Dandi,NG022,Kebbi,Bui,520.9810727007459,20597.294921875,Non-IDP,Inaccessible,confirmed_by_partner_report,FACT,Insecurity / conflict,FACT
NG022002,Arewa-Dandi,NG022,Kebbi,Chibike,342.1982165054568,11823.0869140625,Non-IDP,Accessible,confirmed_by_partner_report,FACT,Insecurity / conflict,FACT
NG022002,Arewa-Dandi,NG022,Kebbi,Chilas,4.0969581815640925,30.40782356262207,Non-IDP,Accessible,default_unreported,NA,NA,FACT
NG022002,Arewa-Dandi,NG022,Kebbi,Falde,148.2913375435276,6114.77685546875,Non-IDP,Inaccessible,confirmed_by_partner_report,FACT,Insecurity / conflict,FACT
NG022002,Arewa-Dandi,NG022,Kebbi,Feske-Jaffeji,290.31621791935663,14184.9873046875,Non-IDP,Inaccessible,confirmed_by_partner_report,FACT,Insecurity / conflict,FACT
NG022002,Arewa-Dandi,NG022,Kebbi,Gorun Dikko,158.94980481255448,7337.306640625,Non-IDP,Inaccessible,confirmed_by_partner_report,FACT,Insecurity / conflict,FACT
NG022002,Arewa-Dandi,NG022,Kebbi,Gumumunde-Rafin Tsaka,567.580008609523,20694.61328125,Non-IDP,Inaccessible,confirmed_by_partner_report,FACT,Insecurity / conflict,FACT
NG022002,Arewa-Dandi,NG022,Kebbi,Kangiwa,148.63788292249538,34377.3203125,Non-IDP,Accessible,confirmed_by_partner_report,FACT,Insecurity / conflict,FACT
NG022002,Arewa-Dandi,NG022,Kebbi,Kuka,14.647070691926837,289.83331298828125,Non-IDP,Accessible,confirmed_by_partner_report,FACT,Insecurity / conflict,FACT
NG022002,Arewa-Dandi,NG022,Kebbi,Kyangakwai,12.048984700786233,209.0123291015625,Non-IDP,Accessible,default_unreported,NA,NA,FACT
NG022002,Arewa-Dandi,NG022,Kebbi,Lailaba,0.023144174715936185,0,Non-IDP,Accessible,default_unreported,NA,NA,FACT
NG022002,Arewa-Dandi,NG022,Kebbi,Lema-Jantullu,792.9178093820517,22881.302734375,Non-IDP,Inaccessible,confirmed_by_partner_report,FACT,Insecurity / conflict,FACT
NG022002,Arewa-Dandi,NG022,Kebbi,Makera,1.2655124133086204,0,Non-IDP,Accessible,default_unreported,NA,NA,FACT
NG022002,Arewa-Dandi,NG022,Kebbi,Maurida,3.688069234881878,0,Non-IDP,Accessible,default_unreported,NA,NA,FACT
NG022002,Arewa-Dandi,NG022,Kebbi,Nayelwa,9.260783848662376,34.824642181396484,Non-IDP,Accessible,default_unreported,NA,NA,FACT
NG022002,Arewa-Dandi,NG022,Kebbi,Sarka,420.17335863593485,12379.982421875,Non-IDP,Inaccessible,confirmed_by_partner_report,FACT,Insecurity / conflict,FACT
NG022002,Arewa-Dandi,NG022,Kebbi,Sauwa,0.16731450874996184,0,Non-IDP,Accessible,default_unreported,NA,NA,FACT
NG022002,Arewa-Dandi,NG022,Kebbi,Soron Yamma,4.599527298558741,121.55950164794922,Non-IDP,Accessible,default_unreported,NA,NA,FACT
NG022002,Arewa-Dandi,NG022,Kebbi,Tilli Hilema,17.562610333351373,248.9708251953125,Non-IDP,Accessible,default_unreported,NA,NA,FACT
NG022002,Arewa-Dandi,NG022,Kebbi,Yeldu,222.35914120396018,17831.26171875,Non-IDP,Inaccessible,confirmed_by_partner_report,FACT,Insecurity / conflict,FACT
NG022002,Arewa-Dandi,NG022,Kebbi,Zogirma,13.677455474760652,322.03094482421875,Non-IDP,Accessible,default_unreported,NA,NA,FACT
NG022003,Argungu,NG022,Kebbi,Alwasa,97.38358625448669,18657.880859375,Non-IDP,Accessible,default_unreported,NA,NA,CARE
NG022003,Argungu,NG022,Kebbi,Ambursa,19.6060629396605,904.5196533203125,Non-IDP,Accessible,default_unreported,NA,NA,CARE
NG022003,Argungu,NG022,Kebbi,Bayawa South,12.113760791774274,342.1904602050781,Non-IDP,Accessible,default_unreported,NA,NA,CARE
NG022003,Argungu,NG022,Kebbi,Bui,22.524487670858623,607.74810791015625,Non-IDP,Accessible,default_unreported,NA,NA,CARE
NG022003,Argungu,NG022,Kebbi,Cheberu,19.505927284230946,258.1357116699219,Non-IDP,Accessible,default_unreported,NA,NA,CARE
NG022003,Argungu,NG022,Kebbi,Dalijan,33.58927701063931,1688.28271484375,Non-IDP,Accessible,default_unreported,NA,NA,CARE
NG022003,Argungu,NG022,Kebbi,Dikko,14.780554994051686,11811.97265625,Non-IDP,Accessible,default_unreported,NA,NA,CARE
NG022003,Argungu,NG022,Kebbi,Felande,85.94314382704191,18703.099609375,Non-IDP,Accessible,default_unreported,NA,NA,CARE
NG022003,Argungu,NG022,Kebbi,Galadima,0.39865199818313124,1346.089599609375,Non-IDP,Accessible,default_unreported,NA,NA,CARE
NG022003,Argungu,NG022,Kebbi,Gawasu Demana,0.31856594500253627,25.900707244873047,Non-IDP,Accessible,default_unreported,NA,NA,CARE
NG022003,Argungu,NG022,Kebbi,Gulma,80.45706689051629,22231.60546875,Non-IDP,Accessible,default_unreported,NA,NA,CARE
NG022003,Argungu,NG022,Kebbi,Gwazange,142.21043384355556,29764.361328125,Non-IDP,Accessible,default_unreported,NA,NA,CARE
NG022003,Argungu,NG022,Kebbi,Kokani North,4.323290355146531,17430.689453125,Non-IDP,Accessible,default_unreported,NA,NA,CARE
NG022003,Argungu,NG022,Kebbi,Kokani South,9.94157360961613,56199.2890625,Non-IDP,Accessible,default_unreported,NA,NA,CARE
NG022003,Argungu,NG022,Kebbi,Lailaba,135.61081959173094,22235.474609375,Non-IDP,Accessible,default_unreported,NA,NA,CARE
NG022003,Argungu,NG022,Kebbi,Saida Goshe,14.722568113999307,1087.6956787109375,Non-IDP,Accessible,default_unreported,NA,NA,CARE
NG022003,Argungu,NG022,Kebbi,Sarka,10.340369066839218,1.8421435356140137,Non-IDP,Accessible,default_unreported,NA,NA,CARE
NG022003,Argungu,NG022,Kebbi,Sauwa,187.13935652876614,17543.48046875,Non-IDP,Accessible,default_unreported,NA,NA,CARE
NG022003,Argungu,NG022,Kebbi,Tiggi,51.721313095778015,6272.39990234375,Non-IDP,Accessible,default_unreported,NA,NA,CARE
NG022003,Argungu,NG022,Kebbi,Ujariyo,0.11003160168447346,1.995824933052063,Non-IDP,Accessible,default_unreported,NA,NA,CARE
NG022003,Argungu,NG022,Kebbi,Yeldu,13.584268516021133,111.4322509765625,Non-IDP,Accessible,default_unreported,NA,NA,CARE
NG022003,Argungu,NG022,Kebbi,Yola,0.3333415937503576,24.20836639404297,Non-IDP,Accessible,default_unreported,NA,NA,CARE
NG022003,Argungu,NG022,Kebbi,Zazzagawa,269.5777394691343,22859.056640625,Non-IDP,Accessible,default_unreported,NA,NA,CARE
NG022004,Augie,NG022,Kebbi,Augie North,20.71208129491186,3701.0478515625,Non-IDP,Accessible,confirmed_by_partner_report,FACT,N/A - fully accessible,FACT
NG022004,Augie,NG022,Kebbi,Augie South,25.828402404354946,6497.48046875,Non-IDP,Accessible,confirmed_by_partner_report,FACT,N/A - fully accessible,FACT
NG022004,Augie,NG022,Kebbi,Bachaka,4.200507638512373,10.200681686401367,Non-IDP,Accessible,default_unreported,NA,NA,FACT
NG022004,Augie,NG022,Kebbi,Bagaye Mera,101.0798355180397,10834.916015625,Non-IDP,Inaccessible,confirmed_by_partner_report,FACT,Insecurity / conflict,FACT
NG022004,Augie,NG022,Kebbi,Bayawa North,76.92381509213239,6866.08837890625,Non-IDP,Inaccessible,confirmed_by_partner_report,FACT,Insecurity / conflict,FACT
NG022004,Augie,NG022,Kebbi,Bayawa South,99.6170312466827,5375.3046875,Non-IDP,Accessible,confirmed_by_partner_report,FACT,N/A - fully accessible,FACT
NG022004,Augie,NG022,Kebbi,Binjin Muza,0.5276850816081762,0.015553395263850689,Non-IDP,Accessible,default_unreported,NA,NA,FACT
NG022004,Augie,NG022,Kebbi,Birnin Tudu Gudale,58.21446646116592,12645.2021484375,Non-IDP,Inaccessible,confirmed_by_partner_report,FACT,Insecurity / conflict,FACT
NG022004,Augie,NG022,Kebbi,Bubuche,38.40116296970272,6436.5439453125,Non-IDP,Accessible,confirmed_by_partner_report,FACT,N/A - fully accessible,FACT
NG022004,Augie,NG022,Kebbi,Gaukai,0.004282418212711811,0,Non-IDP,Accessible,default_unreported,NA,NA,FACT
NG022004,Augie,NG022,Kebbi,Katami North,3.2629032093918027,124.7689208984375,Non-IDP,Accessible,default_unreported,NA,NA,FACT
NG022004,Augie,NG022,Kebbi,Katami South,0.27221614456535315,7.2256293296813965,Non-IDP,Accessible,default_unreported,NA,NA,FACT
NG022004,Augie,NG022,Kebbi,Kwaido,282.3299084548881,9336.0224609375,Non-IDP,Inaccessible,confirmed_by_partner_report,FACT,Insecurity / conflict,FACT
NG022004,Augie,NG022,Kebbi,Lailaba,31.295788803565486,3963.30322265625,Non-IDP,Inaccessible,confirmed_by_partner_report,FACT,Insecurity / conflict,FACT
NG022004,Augie,NG022,Kebbi,Saida Goshe,12.135511547223688,470.04840087890625,Non-IDP,Inaccessible,confirmed_by_partner_report,FACT,Insecurity / conflict,FACT
NG022004,Augie,NG022,Kebbi,Sarka,175.59251213614274,863.6185302734375,Non-IDP,Inaccessible,confirmed_by_partner_report,FACT,Insecurity / conflict,FACT
NG022004,Augie,NG022,Kebbi,Soron Yamma,79.85322227365103,629.18988037109375,Non-IDP,Accessible,default_unreported,NA,NA,FACT
NG022004,Augie,NG022,Kebbi,Tiggi,119.63414254639429,11052.9111328125,Non-IDP,Inaccessible,confirmed_by_partner_report,FACT,Insecurity / conflict,FACT
NG022004,Augie,NG022,Kebbi,Torankawa,32.586553018173696,2763.21240234375,Non-IDP,Inaccessible,confirmed_by_partner_report,FACT,Insecurity / conflict,FACT
NG022004,Augie,NG022,Kebbi,Yola,113.88591173037815,12416.6435546875,Non-IDP,Inaccessible,confirmed_by_partner_report,FACT,Insecurity / conflict,FACT
NG022005,Bagudo,NG022,Kebbi,Adahe,0.008823957571983338,0.7201780676841736,Non-IDP,Accessible,default_unreported,NA,NA,FACT
NG022005,Bagudo,NG022,Kebbi,Aljannare,0.950227268879354,46.57353973388672,Non-IDP,Accessible,default_unreported,NA,NA,FACT
NG022005,Bagudo,NG022,Kebbi,Bagudo Tuga,158.00855494868333,48077.56640625,Non-IDP,Inaccessible,confirmed_by_partner_report,FACT,Insecurity / conflict,FACT
NG022005,Bagudo,NG022,Kebbi,Bahindi Khaliel,178.8416049772861,14707.9677734375,Non-IDP,Inaccessible,confirmed_by_partner_report,FACT,Insecurity / conflict,FACT
NG022005,Bagudo,NG022,Kebbi,Bani Tsamiya,960.6925688306983,58899.76171875,Non-IDP,Inaccessible,confirmed_by_partner_report,FACT,Insecurity / conflict,FACT
NG022005,Bagudo,NG022,Kebbi,Barbarejo,35.73849145024013,4011.1064453125,Non-IDP,Accessible,default_unreported,NA,NA,FACT
NG022005,Bagudo,NG022,Kebbi,Dakin Gari,4.840744101660967,6.763092994689941,Non-IDP,Accessible,default_unreported,NA,NA,FACT
NG022005,Bagudo,NG022,Kebbi,Damba Bakoshi,8.179087375379027,212.0511016845703,Non-IDP,Accessible,default_unreported,NA,NA,FACT
NG022005,Bagudo,NG022,Kebbi,Dutsin Mari Dul Meru,29.723237452354134,147.17022705078125,Non-IDP,Accessible,default_unreported,NA,NA,FACT
NG022005,Bagudo,NG022,Kebbi,Gbeswa,0.001168999606847763,0,Non-IDP,Accessible,default_unreported,NA,NA,FACT
NG022005,Bagudo,NG022,Kebbi,Gebbe,3.30862475996542,197.64544677734375,Non-IDP,Accessible,default_unreported,NA,NA,FACT
NG022005,Bagudo,NG022,Kebbi,Illo Sabon Gari,973.8344523718547,29188.796875,Non-IDP,Inaccessible,confirmed_by_partner_report,FACT,Insecurity / conflict,FACT
NG022005,Bagudo,NG022,Kebbi,Kaoje Gwamba,1688.2633657680014,78229.0390625,Non-IDP,Accessible,confirmed_by_partner_report,FACT,N/A - fully accessible,FACT
NG022005,Bagudo,NG022,Kebbi,Kawara,12.996202752081276,1027.6129150390625,Non-IDP,Accessible,default_unreported,NA,NA,FACT
NG022005,Bagudo,NG022,Kebbi,Kende Kurgu,202.34738991736816,22643.404296875,Non-IDP,Accessible,confirmed_by_partner_report,FACT,N/A - fully accessible,FACT
NG022005,Bagudo,NG022,Kebbi,Kwaifa,0.48913368564629683,21.508127212524414,Non-IDP,Accessible,default_unreported,NA,NA,FACT
NG022005,Bagudo,NG022,Kebbi,Lafagu Gante,490.8046846329577,23699.08984375,Non-IDP,Inaccessible,confirmed_by_partner_report,FACT,Insecurity / conflict,FACT
NG022005,Bagudo,NG022,Kebbi,Lani Shiba,0.221273727555424,3.113361358642578,Non-IDP,Accessible,default_unreported,NA,NA,FACT
NG022005,Bagudo,NG022,Kebbi,Lolo Giris,324.2990120211,26085.6015625,Non-IDP,Inaccessible,confirmed_by_partner_report,FACT,Insecurity / conflict,FACT
NG022005,Bagudo,NG022,Kebbi,Matsinkai Geza,147.24358060705472,13240.1201171875,Non-IDP,Inaccessible,confirmed_by_partner_report,FACT,Insecurity / conflict,FACT
NG022005,Bagudo,NG022,Kebbi,Sharabi Kwanguwai,90.80282312738501,8536.3740234375,Non-IDP,Accessible,default_unreported,NA,NA,FACT
NG022005,Bagudo,NG022,Kebbi,T / Bube,29.05677117786533,1111.26953125,Non-IDP,Accessible,default_unreported,NA,NA,FACT
NG022005,Bagudo,NG022,Kebbi,Zagga Kwasara,213.2449284307078,34557.6875,Non-IDP,Inaccessible,confirmed_by_partner_report,FACT,Insecurity / conflict,FACT
NG022005,Bagudo,NG022,Kebbi,Zaria Amiru,30.47662283133155,682.29803466796875,Non-IDP,Accessible,default_unreported,NA,NA,FACT
NG022006,Birnin Kebbi,NG022,Kebbi,Alwasa,9.895068043880537,5764.970703125,Non-IDP,Accessible,default_unreported,NA,NA,CARE
NG022006,Birnin Kebbi,NG022,Kebbi,Ambursa,101.29332068908379,30477.61328125,Non-IDP,Accessible,default_unreported,NA,NA,CARE
NG022006,Birnin Kebbi,NG022,Kebbi,Bui,10.158364234804333,127.62671661376953,Non-IDP,Accessible,default_unreported,NA,NA,CARE
NG022006,Birnin Kebbi,NG022,Kebbi,Cheberu,42.01222040298581,506.23699951171875,Non-IDP,Accessible,default_unreported,NA,NA,CARE
NG022006,Birnin Kebbi,NG022,Kebbi,Dangaladima,2.980357908697203,16137.5537109375,Non-IDP,Accessible,default_unreported,NA,NA,CARE
NG022006,Birnin Kebbi,NG022,Kebbi,Dumbegu Basaura,9.293879659284354,704.93206787109375,Non-IDP,Accessible,default_unreported,NA,NA,CARE
NG022006,Birnin Kebbi,NG022,Kebbi,Gawasu Demana,49.2038263433466,8764.75,Non-IDP,Accessible,default_unreported,NA,NA,CARE
NG022006,Birnin Kebbi,NG022,Kebbi,Gorun Dikko,0.27322436723482607,12.5033597946167,Non-IDP,Accessible,default_unreported,NA,NA,CARE
NG022006,Birnin Kebbi,NG022,Kebbi,Gulmare,5.554749667361051,217.8770294189453,Non-IDP,Accessible,default_unreported,NA,NA,CARE
NG022006,Birnin Kebbi,NG022,Kebbi,Gulumbe,86.90215721963597,15446.443359375,Non-IDP,Accessible,default_unreported,NA,NA,CARE
NG022006,Birnin Kebbi,NG022,Kebbi,Gwadangwaji,40.42524832702828,74362.7265625,Non-IDP,Accessible,default_unreported,NA,NA,CARE
NG022006,Birnin Kebbi,NG022,Kebbi,Hirishi-Magarza,0.014342775653481483,0,Non-IDP,Accessible,default_unreported,NA,NA,CARE
NG022006,Birnin Kebbi,NG022,Kebbi,Kalgo,21.870933132660745,2641.416015625,Non-IDP,Accessible,default_unreported,NA,NA,CARE
NG022006,Birnin Kebbi,NG022,Kebbi,Kambaza,5.260496326312065,110.43204498291016,Non-IDP,Accessible,default_unreported,NA,NA,CARE
NG022006,Birnin Kebbi,NG022,Kebbi,Kardi,157.5215908725403,46689.24609375,Non-IDP,Accessible,default_unreported,NA,NA,CARE
NG022006,Birnin Kebbi,NG022,Kebbi,Kola Tarasa,122.39430449953639,21787.314453125,Non-IDP,Accessible,default_unreported,NA,NA,CARE
NG022006,Birnin Kebbi,NG022,Kebbi,Lagga,79.85449885071117,9200.5,Non-IDP,Accessible,default_unreported,NA,NA,CARE
NG022006,Birnin Kebbi,NG022,Kebbi,Makera,42.850570492203,10714.8056640625,Non-IDP,Accessible,default_unreported,NA,NA,CARE
NG022006,Birnin Kebbi,NG022,Kebbi,Marafa,30.111958513474896,39548.90234375,Non-IDP,Accessible,default_unreported,NA,NA,CARE
NG022006,Birnin Kebbi,NG022,Kebbi,Maurida,155.1342865833346,19241.880859375,Non-IDP,Accessible,default_unreported,NA,NA,CARE
NG022006,Birnin Kebbi,NG022,Kebbi,Nassarawa 1,25.881411203414977,158078.09375,Non-IDP,Accessible,default_unreported,NA,NA,CARE
NG022006,Birnin Kebbi,NG022,Kebbi,Nassarawa 2,34.88087224407435,110288.796875,Non-IDP,Accessible,default_unreported,NA,NA,CARE
NG022006,Birnin Kebbi,NG022,Kebbi,Nayelwa,9.287219101452827,418.7381286621094,Non-IDP,Accessible,default_unreported,NA,NA,CARE
NG022006,Birnin Kebbi,NG022,Kebbi,Sabiyal,0.32903021217930317,5.38981819152832,Non-IDP,Accessible,default_unreported,NA,NA,CARE
NG022006,Birnin Kebbi,NG022,Kebbi,Sauwa,19.897059489951268,342.2237243652344,Non-IDP,Accessible,default_unreported,NA,NA,CARE
NG022006,Birnin Kebbi,NG022,Kebbi,Ujariyo,57.28977080403948,11776.9140625,Non-IDP,Accessible,default_unreported,NA,NA,CARE
NG022006,Birnin Kebbi,NG022,Kebbi,Zauro,75.58869893949509,20713.765625,Non-IDP,Accessible,default_unreported,NA,NA,CARE
NG022007,Bunza,NG022,Kebbi,Bunza Dangaladima,43.73633717278743,39351.8125,Non-IDP,Accessible,confirmed_by_partner_report,FACT,N/A - fully accessible,FACT
NG022007,Bunza,NG022,Kebbi,Bunza Marafa,87.15853853272176,45526.1328125,Non-IDP,Accessible,confirmed_by_partner_report,FACT,N/A - fully accessible,FACT
NG022007,Bunza,NG022,Kebbi,Chibike,2.814564791492462,3.5943217277526855,Non-IDP,Accessible,default_unreported,NA,NA,FACT
NG022007,Bunza,NG022,Kebbi,Dangoma Gayi,12.243327785739183,361.11932373046875,Non-IDP,Accessible,default_unreported,NA,NA,FACT
NG022007,Bunza,NG022,Kebbi,Diggi,2.8749251741561888,101.64122009277344,Non-IDP,Accessible,default_unreported,NA,NA,FACT
NG022007,Bunza,NG022,Kebbi,Etene,10.802503858034134,240.23333740234375,Non-IDP,Accessible,default_unreported,NA,NA,FACT
NG022007,Bunza,NG022,Kebbi,Geza,81.30229530190837,6197.40087890625,Non-IDP,Inaccessible,confirmed_by_partner_report,FACT,Insecurity / conflict,FACT
NG022007,Bunza,NG022,Kebbi,Ginga,1.8741054411368967,518.340576171875,Non-IDP,Accessible,default_unreported,NA,NA,FACT
NG022007,Bunza,NG022,Kebbi,Gumumunde-Rafin Tsaka,96.65202307793164,1662.3046875,Non-IDP,Inaccessible,confirmed_by_partner_report,FACT,Insecurity / conflict,FACT
NG022007,Bunza,NG022,Kebbi,Gwade,279.995327971102,16929,Non-IDP,Inaccessible,confirmed_by_partner_report,FACT,Insecurity / conflict,FACT
NG022007,Bunza,NG022,Kebbi,Maidahini,75.7746024429969,18524.2109375,Non-IDP,Accessible,confirmed_by_partner_report,FACT,N/A - fully accessible,FACT
NG022007,Bunza,NG022,Kebbi,Mungadi,1.2699475240836722,814.13812255859375,Non-IDP,Accessible,default_unreported,NA,NA,FACT
NG022007,Bunza,NG022,Kebbi,Raha-Makeri,40.755933258917686,17250.359375,Non-IDP,Accessible,confirmed_by_partner_report,FACT,N/A - fully accessible,FACT
NG022007,Bunza,NG022,Kebbi,Sabon Birni,39.56547126487571,5085.2509765625,Non-IDP,Accessible,confirmed_by_partner_report,FACT,N/A - fully accessible,FACT
NG022007,Bunza,NG022,Kebbi,Salwai,64.89599486638066,10043.90234375,Non-IDP,Inaccessible,confirmed_by_partner_report,FACT,Insecurity / conflict,FACT
NG022007,Bunza,NG022,Kebbi,Tilli Hilema,121.29776159458304,13797.681640625,Non-IDP,Inaccessible,confirmed_by_partner_report,FACT,Insecurity / conflict,FACT
NG022007,Bunza,NG022,Kebbi,Tunga,64.26572590612706,11471.4970703125,Non-IDP,Accessible,default_unreported,NA,NA,FACT
NG022007,Bunza,NG022,Kebbi,Wurogauri,0.76834369871974,11.02083969116211,Non-IDP,Accessible,default_unreported,NA,NA,FACT
NG022007,Bunza,NG022,Kebbi,Zogirma,198.897211958516,13616.4033203125,Non-IDP,Accessible,confirmed_by_partner_report,FACT,N/A - fully accessible,FACT
NG022008,Dandi,NG022,Kebbi,Aljannare,24.510127156324653,1762.8587646484375,Non-IDP,Inaccessible,confirmed_by_partner_report,FACT,Insecurity / conflict,FACT
NG022008,Dandi,NG022,Kebbi,Bakuwai,12.076661466826677,2.3987185955047607,Non-IDP,Accessible,default_unreported,NA,NA,FACT
NG022008,Dandi,NG022,Kebbi,Banizumbu,81.42962309842872,11531.3076171875,Non-IDP,Accessible,confirmed_by_partner_report,FACT,N/A - fully accessible,FACT
NG022008,Dandi,NG022,Kebbi,Barbarejo,18.93283365912652,509.8785400390625,Non-IDP,Accessible,default_unreported,NA,NA,FACT
NG022008,Dandi,NG022,Kebbi,Buma,134.51137890266574,12674.609375,Non-IDP,Inaccessible,confirmed_by_partner_report,FACT,Insecurity / conflict,FACT
NG022008,Dandi,NG022,Kebbi,Dolekaina,65.90555131265688,10257.275390625,Non-IDP,Accessible,default_unreported,NA,NA,FACT
NG022008,Dandi,NG022,Kebbi,Fana,204.26265514378363,13525.1494140625,Non-IDP,Inaccessible,confirmed_by_partner_report,FACT,Insecurity / conflict,FACT
NG022008,Dandi,NG022,Kebbi,Geza,296.7773316365621,9405.4462890625,Non-IDP,Inaccessible,confirmed_by_partner_report,FACT,Insecurity / conflict,FACT
NG022008,Dandi,NG022,Kebbi,Gumumunde-Rafin Tsaka,12.374535717021168,91.04467010498047,Non-IDP,Accessible,default_unreported,NA,NA,FACT
NG022008,Dandi,NG022,Kebbi,Gwade,0.24209054549854994,0,Non-IDP,Accessible,default_unreported,NA,NA,FACT
NG022008,Dandi,NG022,Kebbi,Kamba-Kamba,100.92173048669181,36420.24609375,Non-IDP,Accessible,default_unreported,NA,NA,FACT
NG022008,Dandi,NG022,Kebbi,Kwakkwaba,83.94909851226974,6586.708984375,Non-IDP,Inaccessible,confirmed_by_partner_report,FACT,Insecurity / conflict,FACT
NG022008,Dandi,NG022,Kebbi,Kyangakwai,678.9265033634246,18518.966796875,Non-IDP,Accessible,confirmed_by_partner_report,FACT,N/A - fully accessible,FACT
NG022008,Dandi,NG022,Kebbi,Lolo Giris,62.138845648232284,1201.074951171875,Non-IDP,Inaccessible,confirmed_by_partner_report,FACT,Insecurity / conflict,FACT
NG022008,Dandi,NG022,Kebbi,Maigwaza,151.04108895233284,3229.02099609375,Non-IDP,Inaccessible,confirmed_by_partner_report,FACT,Insecurity / conflict,FACT
NG022008,Dandi,NG022,Kebbi,Maihausawa,17.072105751368284,16750.802734375,Non-IDP,Accessible,default_unreported,NA,NA,FACT
NG022008,Dandi,NG022,Kebbi,Shiko,186.96524947192907,6664.60009765625,Non-IDP,Inaccessible,confirmed_by_partner_report,FACT,Insecurity / conflict,FACT
NG022009,Fakai,NG022,Kebbi,Atuwo,34.251308201400185,2059.882568359375,Non-IDP,Inaccessible,confirmed_by_partner_report,FACT,Insecurity / conflict,FACT
NG022009,Fakai,NG022,Kebbi,Bajida,307.77398301526057,28770.388671875,Non-IDP,Accessible,confirmed_by_partner_report,FACT,N/A - fully accessible,FACT
NG022009,Fakai,NG022,Kebbi,Bangu,132.92796884485713,9735.4716796875,Non-IDP,Inaccessible,confirmed_by_partner_report,FACT,Insecurity / conflict,FACT
NG022009,Fakai,NG022,Kebbi,Bardoki,0.5511095658732951,0.5430806279182434,Non-IDP,Accessible,default_unreported,NA,NA,FACT
NG022009,Fakai,NG022,Kebbi,Birnin Tudu,133.70958787833408,17940.29296875,Non-IDP,Accessible,confirmed_by_partner_report,FACT,N/A - fully accessible,FACT
NG022009,Fakai,NG022,Kebbi,Dabai Seme,25.553333566958187,1031.321044921875,Non-IDP,Accessible,confirmed_by_partner_report,FACT,N/A - fully accessible,FACT
NG022009,Fakai,NG022,Kebbi,Dada Alelu,0.33236046500968935,269.39544677734375,Non-IDP,Accessible,default_unreported,NA,NA,FACT
NG022009,Fakai,NG022,Kebbi,Danko Maga,200.496250826738,12197.7255859375,Non-IDP,Accessible,confirmed_by_partner_report,FACT,Insecurity / conflict,FACT
NG022009,Fakai,NG022,Kebbi,Dukku,29.58796513614594,2727.71875,Non-IDP,Accessible,default_unreported,NA,NA,FACT
NG022009,Fakai,NG022,Kebbi,Fakai Kuka,220.23688211373354,22867.203125,Non-IDP,Inaccessible,confirmed_by_partner_report,FACT,Insecurity / conflict,FACT
NG022009,Fakai,NG022,Kebbi,Fakku,56.686926431239456,2239.129638671875,Non-IDP,Inaccessible,confirmed_by_partner_report,FACT,Insecurity / conflict,FACT
NG022009,Fakai,NG022,Kebbi,Gulbin Kuka,263.304035997504,13492.146484375,Non-IDP,Inaccessible,confirmed_by_partner_report,FACT,Insecurity / conflict,FACT
NG022009,Fakai,NG022,Kebbi,Gwanfi Kele,18.74903535329938,1762.999267578125,Non-IDP,Inaccessible,confirmed_by_partner_report,FACT,Insecurity / conflict,FACT
NG022009,Fakai,NG022,Kebbi,Isgogo Dago,22.57194502720992,1963.8963623046875,Non-IDP,Inaccessible,confirmed_by_partner_report,FACT,Insecurity / conflict,FACT
NG022009,Fakai,NG022,Kebbi,Kangi,153.77070928611528,8566.8828125,Non-IDP,Inaccessible,confirmed_by_partner_report,FACT,Insecurity / conflict,FACT
NG022009,Fakai,NG022,Kebbi,Mahuta,82.254482457528,22027.884765625,Non-IDP,Accessible,confirmed_by_partner_report,FACT,N/A - fully accessible,FACT
NG022009,Fakai,NG022,Kebbi,Maikende,308.59639465603334,17436.875,Non-IDP,Accessible,default_unreported,NA,NA,FACT
NG022009,Fakai,NG022,Kebbi,Manga Ushe,20.82014975909853,2372.885498046875,Non-IDP,Accessible,default_unreported,NA,NA,FACT
NG022009,Fakai,NG022,Kebbi,Marafa,280.3368279148798,18835.25,Non-IDP,Inaccessible,confirmed_by_partner_report,FACT,Insecurity / conflict,FACT
NG022009,Fakai,NG022,Kebbi,Peni Peni,118.84800544810534,13281.7900390625,Non-IDP,Inaccessible,confirmed_by_partner_report,FACT,Insecurity / conflict,FACT
NG022009,Fakai,NG022,Kebbi,Rafin Kirya,1.22265208487159,65.43144989013672,Non-IDP,Accessible,default_unreported,NA,NA,FACT
NG022009,Fakai,NG022,Kebbi,Sabon Gari Wuse,1.799294852251478e-6,0,Non-IDP,Accessible,default_unreported,NA,NA,FACT
NG022009,Fakai,NG022,Kebbi,Sangi,1.3983288840597867,17.478029251098633,Non-IDP,Accessible,default_unreported,NA,NA,FACT
NG022009,Fakai,NG022,Kebbi,Senchi,111.57226328559375,8810.0625,Non-IDP,Accessible,confirmed_by_partner_report,FACT,N/A - fully accessible,FACT
NG022010,Gwandu,NG022,Kebbi,Alwasa,0.12554923887071573,0.05383167043328285,Non-IDP,Accessible,default_unreported,NA,NA,Solidarités
NG022010,Gwandu,NG022,Kebbi,Barkeji-Nabaguda,5.82675671726802,842.265869140625,Non-IDP,Accessible,confirmed_by_partner_report (blank row - not flagged),NA,NA,Solidarités
NG022010,Gwandu,NG022,Kebbi,Cheberu,247.55342929370087,21835.076171875,Non-IDP,Accessible,confirmed_by_partner_report (blank row - not flagged),NA,NA,Solidarités
NG022010,Gwandu,NG022,Kebbi,Dalijan,120.5886663472724,22675.609375,Non-IDP,Accessible,confirmed_by_partner_report (blank row - not flagged),NA,NA,Solidarités
NG022010,Gwandu,NG022,Kebbi,Dodoru,45.538185522512556,13543.4716796875,Non-IDP,Accessible,confirmed_by_partner_report (blank row - not flagged),NA,NA,Solidarités
NG022010,Gwandu,NG022,Kebbi,Dogon Daji,34.50327589642481,1567.1005859375,Non-IDP,Accessible,default_unreported,NA,NA,Solidarités
NG022010,Gwandu,NG022,Kebbi,Faga Alasan,14.647126581112087,5193.419921875,Non-IDP,Accessible,confirmed_by_partner_report (blank row - not flagged),NA,NA,Solidarités
NG022010,Gwandu,NG022,Kebbi,Felande,0.3149785445963144,113.14046478271484,Non-IDP,Accessible,default_unreported,NA,NA,Solidarités
NG022010,Gwandu,NG022,Kebbi,Gulmare,96.52925326787314,19968.0078125,Non-IDP,Accessible,confirmed_by_partner_report (blank row - not flagged),NA,NA,Solidarités
NG022010,Gwandu,NG022,Kebbi,Gwandu D Galadima,49.36662884400138,15326.16796875,Non-IDP,Accessible,confirmed_by_partner_report (blank row - not flagged),NA,NA,Solidarités
NG022010,Gwandu,NG022,Kebbi,Gwandu Marafa,43.77210309656644,14375.294921875,Non-IDP,Accessible,confirmed_by_partner_report (blank row - not flagged),NA,NA,Solidarités
NG022010,Gwandu,NG022,Kebbi,Gwazange,75.16093435925723,1418.869140625,Non-IDP,Accessible,default_unreported,NA,NA,Solidarités
NG022010,Gwandu,NG022,Kebbi,Jiga Birni,0.3010127015164122,50.56504821777344,Non-IDP,Accessible,default_unreported,NA,NA,Solidarités
NG022010,Gwandu,NG022,Kebbi,Kambaza,50.07646217923188,12098.2119140625,Non-IDP,Accessible,confirmed_by_partner_report (blank row - not flagged),NA,NA,Solidarités
NG022010,Gwandu,NG022,Kebbi,Kashin Zama,2.046333850831151,798.23980712890625,Non-IDP,Accessible,default_unreported,NA,NA,Solidarités
NG022010,Gwandu,NG022,Kebbi,Lagga,1.9971063320144415,92.6811294555664,Non-IDP,Accessible,default_unreported,NA,NA,Solidarités
NG022010,Gwandu,NG022,Kebbi,Malisa,55.340121638542655,16216.5625,Non-IDP,Accessible,confirmed_by_partner_report (blank row - not flagged),NA,NA,Solidarités
NG022010,Gwandu,NG022,Kebbi,Maruda,148.13067948520958,13517.298828125,Non-IDP,Accessible,confirmed_by_partner_report (blank row - not flagged),NA,NA,Solidarités
NG022010,Gwandu,NG022,Kebbi,Masama,147.58409630390568,16127.529296875,Non-IDP,Accessible,confirmed_by_partner_report (blank row - not flagged),NA,NA,Solidarités
NG022010,Gwandu,NG022,Kebbi,Saida Goshe,31.523624165169327,851.1719970703125,Non-IDP,Accessible,default_unreported,NA,NA,Solidarités
NG022010,Gwandu,NG022,Kebbi,Sanyinnawal,2.097081826968774,35.79237747192383,Non-IDP,Accessible,default_unreported,NA,NA,Solidarités
NG022010,Gwandu,NG022,Kebbi,Tambuwal,4.8348171237823525,626.6361083984375,Non-IDP,Accessible,default_unreported,NA,NA,Solidarités
NG022010,Gwandu,NG022,Kebbi,Ujariyo,0.7335284932589531,3.6171107292175293,Non-IDP,Accessible,default_unreported,NA,NA,Solidarités
NG022011,Jega,NG022,Kebbi,Alelu,119.71264256913078,13553.845703125,Non-IDP,Accessible,confirmed_by_partner_report,FACT,N/A - fully accessible,FACT
NG022011,Jega,NG022,Kebbi,Aliero Dangaladima 2,0.09865951061879098,2.5727620124816895,Non-IDP,Accessible,default_unreported,NA,NA,FACT
NG022011,Jega,NG022,Kebbi,Aliero S Fada 2,0.2639224940188527,95.27263641357422,Non-IDP,Accessible,default_unreported,NA,NA,FACT
NG022011,Jega,NG022,Kebbi,Andarai,21.306759493907393,501.5104064941406,Non-IDP,Accessible,default_unreported,NA,NA,FACT
NG022011,Jega,NG022,Kebbi,Dangamaji,118.98717078598314,20591.138671875,Non-IDP,Accessible,confirmed_by_partner_report,FACT,N/A - fully accessible,FACT
NG022011,Jega,NG022,Kebbi,Dumbegu Basaura,68.85679278219376,18642.6875,Non-IDP,Accessible,default_unreported,NA,NA,FACT
NG022011,Jega,NG022,Kebbi,Firchin,18.354113462299644,18960.357421875,Non-IDP,Accessible,confirmed_by_partner_report,FACT,N/A - fully accessible,FACT
NG022011,Jega,NG022,Kebbi,Gidiga,0.29585763335090876,4.9531145095825195,Non-IDP,Accessible,default_unreported,NA,NA,FACT
NG022011,Jega,NG022,Kebbi,Gindi Nassarawa Kyarmi Galbi,49.53465660790455,17035.166015625,Non-IDP,Inaccessible,confirmed_by_partner_report,FACT,Insecurity / conflict,FACT
NG022011,Jega,NG022,Kebbi,Giwatazo,9.918264728770048,471.57330322265625,Non-IDP,Accessible,default_unreported,NA,NA,FACT
NG022011,Jega,NG022,Kebbi,Gubunkure,0.17504922765317513,5.036252498626709,Non-IDP,Accessible,default_unreported,NA,NA,FACT
NG022011,Jega,NG022,Kebbi,Gulumbe,0.2818964798206091,13.686473846435547,Non-IDP,Accessible,default_unreported,NA,NA,FACT
NG022011,Jega,NG022,Kebbi,Hirishi-Magarza,0.13736805092153326,16.536067962646484,Non-IDP,Accessible,default_unreported,NA,NA,FACT
NG022011,Jega,NG022,Kebbi,Jandutsi Birnin Malam,147.34128330433344,16211.498046875,Non-IDP,Inaccessible,confirmed_by_partner_report,FACT,Insecurity / conflict,FACT
NG022011,Jega,NG022,Kebbi,Jega Kokani,28.19901346277428,10601.7734375,Non-IDP,Accessible,confirmed_by_partner_report,FACT,N/A - fully accessible,FACT
NG022011,Jega,NG022,Kebbi,Jega Magaji B,17.137528692711236,62261.23046875,Non-IDP,Accessible,confirmed_by_partner_report,FACT,N/A - fully accessible,FACT
NG022011,Jega,NG022,Kebbi,Katanga Fagada,109.9378897930777,13746.677734375,Non-IDP,Inaccessible,confirmed_by_partner_report,FACT,Other,FACT
NG022011,Jega,NG022,Kebbi,Kimba,333.78257499260656,19597.634765625,Non-IDP,Inaccessible,confirmed_by_partner_report,FACT,Insecurity / conflict,FACT
NG022011,Jega,NG022,Kebbi,Kuchi,0.265426468606472,0,Non-IDP,Accessible,default_unreported,NA,NA,FACT
NG022011,Jega,NG022,Kebbi,Magaji A,3.6430383774720667,39428.453125,Non-IDP,Accessible,confirmed_by_partner_report,FACT,N/A - fully accessible,FACT
NG022011,Jega,NG022,Kebbi,Maiyama,0.481087384057045,701.51812744140625,Non-IDP,Inaccessible,confirmed_by_partner_report,FACT,Other,FACT
NG022011,Jega,NG022,Kebbi,Mungadi,1.1661149070521593,6.502139091491699,Non-IDP,Accessible,default_unreported,NA,NA,FACT
NG022011,Jega,NG022,Kebbi,Rafin Bauna,0.0952435306061171,5.240321159362793,Non-IDP,Accessible,default_unreported,NA,NA,FACT
NG022011,Jega,NG022,Kebbi,Sabon Birni,7.237801131859302,1098.86181640625,Non-IDP,Inaccessible,confirmed_by_partner_report,FACT,Other,FACT
NG022011,Jega,NG022,Kebbi,Sambawa Mayalo,8.058938067489295,903.74481201171875,Non-IDP,Accessible,default_unreported,NA,NA,FACT
NG022011,Jega,NG022,Kebbi,Sarandosa,14.865544979290963,3509.982177734375,Non-IDP,Accessible,default_unreported,NA,NA,FACT
NG022012,Kalgo,NG022,Kebbi,Chibike,8.20011445358932,26.758813858032227,Non-IDP,Accessible,default_unreported,NA,NA,FACT
NG022012,Kalgo,NG022,Kebbi,Dangoma Gayi,154.3020211299398,13405.7880859375,Non-IDP,Accessible,confirmed_by_partner_report,FACT,N/A - fully accessible,FACT
NG022012,Kalgo,NG022,Kebbi,Diggi,45.607122160123346,9444.876953125,Non-IDP,Accessible,confirmed_by_partner_report,FACT,N/A - fully accessible,FACT
NG022012,Kalgo,NG022,Kebbi,Dumbegu Basaura,1.2428081055722273,40.286285400390625,Non-IDP,Accessible,default_unreported,NA,NA,FACT
NG022012,Kalgo,NG022,Kebbi,Etene,22.389473437868418,6946.34375,Non-IDP,Accessible,confirmed_by_partner_report,FACT,N/A - fully accessible,FACT
NG022012,Kalgo,NG022,Kebbi,Gubunkure,0.42619984713006764,5.416933536529541,Non-IDP,Accessible,default_unreported,NA,NA,FACT
NG022012,Kalgo,NG022,Kebbi,Hirishi-Magarza,37.089262474298,7019.66552734375,Non-IDP,Accessible,confirmed_by_partner_report,FACT,N/A - fully accessible,FACT
NG022012,Kalgo,NG022,Kebbi,Kalgo,62.97014100795215,33838.07421875,Non-IDP,Accessible,confirmed_by_partner_report,FACT,N/A - fully accessible,FACT
NG022012,Kalgo,NG022,Kebbi,Kardi,0.052838292707026,34.5910530090332,Non-IDP,Accessible,default_unreported,NA,NA,FACT
NG022012,Kalgo,NG022,Kebbi,Kola Tarasa,25.886878204572202,250.01564025878906,Non-IDP,Accessible,default_unreported,NA,NA,FACT
NG022012,Kalgo,NG022,Kebbi,Kuka,75.65557742107517,11807.8681640625,Non-IDP,Inaccessible,confirmed_by_partner_report,FACT,Insecurity / conflict,FACT
NG022012,Kalgo,NG022,Kebbi,Mutubari,23.82026439630264,3867.351806640625,Non-IDP,Accessible,confirmed_by_partner_report,FACT,N/A - fully accessible,FACT
NG022012,Kalgo,NG022,Kebbi,Nayelwa,73.88174908818317,9787.4775390625,Non-IDP,Inaccessible,confirmed_by_partner_report,FACT,Insecurity / conflict,FACT
NG022012,Kalgo,NG022,Kebbi,Sabon Birni,5.308843734962702,1862.8603515625,Non-IDP,Accessible,default_unreported,NA,NA,FACT
NG022012,Kalgo,NG022,Kebbi,Tilli Hilema,36.270124328348636,1611.052734375,Non-IDP,Accessible,default_unreported,NA,NA,FACT
NG022012,Kalgo,NG022,Kebbi,Tunga,2.069867730488181,119.9407730102539,Non-IDP,Accessible,default_unreported,NA,NA,FACT
NG022012,Kalgo,NG022,Kebbi,Wurogauri,24.878978510178925,2551.313720703125,Non-IDP,Accessible,confirmed_by_partner_report,FACT,N/A - fully accessible,FACT
NG022012,Kalgo,NG022,Kebbi,Zogirma,15.712857495135069,569.86041259765625,Non-IDP,Accessible,default_unreported,NA,NA,FACT
NG022012,Kalgo,NG022,Kebbi,Zuguru,60.19911378803604,3685.42822265625,Non-IDP,Inaccessible,confirmed_by_partner_report,FACT,Insecurity / conflict,FACT
NG022013,Koko/Besse,NG022,Kebbi,Bagudo Tuga,1.985850448447764,66.676422119140625,Non-IDP,Accessible,default_unreported,NA,NA,CRS
NG022013,Koko/Besse,NG022,Kebbi,Besse,94.1941802086091,19706.859375,Non-IDP,Accessible,default_unreported,NA,NA,CRS
NG022013,Koko/Besse,NG022,Kebbi,Dada Alelu,66.87357312122941,11104.5947265625,Non-IDP,Accessible,default_unreported,NA,NA,CRS
NG022013,Koko/Besse,NG022,Kebbi,Damba Bakoshi,138.70632301614546,16136.01953125,Non-IDP,Accessible,default_unreported,NA,NA,CRS
NG022013,Koko/Besse,NG022,Kebbi,Dugu Tsoho,2.878714963760376,8.392171859741211,Non-IDP,Accessible,default_unreported,NA,NA,CRS
NG022013,Koko/Besse,NG022,Kebbi,Dutsin Mari Dul Meru,171.24592171760773,19968.572265625,Non-IDP,Accessible,default_unreported,NA,NA,CRS
NG022013,Koko/Besse,NG022,Kebbi,Fakku,21.373753946497203,297.48931884765625,Non-IDP,Accessible,default_unreported,NA,NA,CRS
NG022013,Koko/Besse,NG022,Kebbi,Herini Madachi,105.64050847650003,11833.6650390625,Non-IDP,Accessible,default_unreported,NA,NA,CRS
NG022013,Koko/Besse,NG022,Kebbi,Ilela Sabon Gari,128.99345667174262,52181.28515625,Non-IDP,Accessible,default_unreported,NA,NA,CRS
NG022013,Koko/Besse,NG022,Kebbi,Jadadi,142.229054648248,8579.4462890625,Non-IDP,Accessible,default_unreported,NA,NA,CRS
NG022013,Koko/Besse,NG022,Kebbi,Kangi,6.872911211352348,13.222805976867676,Non-IDP,Accessible,default_unreported,NA,NA,CRS
NG022013,Koko/Besse,NG022,Kebbi,Kende Kurgu,49.31614336038631,229.15716552734375,Non-IDP,Accessible,default_unreported,NA,NA,CRS
NG022013,Koko/Besse,NG022,Kebbi,Koko Firchin,88.24473462773454,22739.83203125,Non-IDP,Accessible,default_unreported,NA,NA,CRS
NG022013,Koko/Besse,NG022,Kebbi,Koko Magaji,4.712127518415928,19499.046875,Non-IDP,Accessible,default_unreported,NA,NA,CRS
NG022013,Koko/Besse,NG022,Kebbi,Kwaifa,0.47030123341440455,89.24745178222656,Non-IDP,Accessible,default_unreported,NA,NA,CRS
NG022013,Koko/Besse,NG022,Kebbi,Lani Shiba,175.8883650557839,12139.57421875,Non-IDP,Accessible,default_unreported,NA,NA,CRS
NG022013,Koko/Besse,NG022,Kebbi,Liba,0.3163543733960837,7.169777870178223,Non-IDP,Accessible,default_unreported,NA,NA,CRS
NG022013,Koko/Besse,NG022,Kebbi,Matsinkai Geza,21.548138655645968,1965.854736328125,Non-IDP,Accessible,default_unreported,NA,NA,CRS
NG022013,Koko/Besse,NG022,Kebbi,Rafin Kirya,0.9491195886883735,0,Non-IDP,Accessible,default_unreported,NA,NA,CRS
NG022013,Koko/Besse,NG022,Kebbi,Sharabi Kwanguwai,54.38240163979584,888.86639404296875,Non-IDP,Accessible,default_unreported,NA,NA,CRS
NG022013,Koko/Besse,NG022,Kebbi,Takware,103.98753874462014,7779.11572265625,Non-IDP,Accessible,default_unreported,NA,NA,CRS
NG022013,Koko/Besse,NG022,Kebbi,Yar Besse,4.478224253738523,20.503070831298828,Non-IDP,Accessible,default_unreported,NA,NA,CRS
NG022013,Koko/Besse,NG022,Kebbi,Zaria Amiru,117.00472866105508,15539.2919921875,Non-IDP,Accessible,default_unreported,NA,NA,CRS
NG022014,Maiyama,NG022,Kebbi,Andarai,298.43530338722445,20542.6015625,Non-IDP,Inaccessible,confirmed_by_partner_report,FACT,N/A - fully accessible,FACT
NG022014,Maiyama,NG022,Kebbi,Dandane,0.31726572585868834,35.972633361816406,Non-IDP,Accessible,default_unreported,NA,NA,FACT
NG022014,Maiyama,NG022,Kebbi,Dangamaji,31.184216792942287,2307.9072265625,Non-IDP,Accessible,default_unreported,NA,NA,FACT
NG022014,Maiyama,NG022,Kebbi,Dumbegu Basaura,4.966178794419017,395.6014709472656,Non-IDP,Accessible,default_unreported,NA,NA,FACT
NG022014,Maiyama,NG022,Kebbi,Gidiga,73.60990042435789,13035.306640625,Non-IDP,Accessible,confirmed_by_partner_report,FACT,N/A - fully accessible,FACT
NG022014,Maiyama,NG022,Kebbi,Gindi Nassarawa Kyarmi Galbi,0.414954352427721,12.793449401855469,Non-IDP,Accessible,default_unreported,NA,NA,FACT
NG022014,Maiyama,NG022,Kebbi,Ginga,7.072434720190585,673.74249267578125,Non-IDP,Accessible,default_unreported,NA,NA,FACT
NG022014,Maiyama,NG022,Kebbi,Giwatazo,105.59499998140767,19803.955078125,Non-IDP,Inaccessible,confirmed_by_partner_report,FACT,Insecurity / conflict,FACT
NG022014,Maiyama,NG022,Kebbi,Gubunkure,98.49285076283311,11347.236328125,Non-IDP,Accessible,confirmed_by_partner_report,FACT,N/A - fully accessible,FACT
NG022014,Maiyama,NG022,Kebbi,Hirishi-Magarza,3.707581394961008,328.34808349609375,Non-IDP,Accessible,default_unreported,NA,NA,FACT
NG022014,Maiyama,NG022,Kebbi,Karaye,121.7475493045398,21660.45703125,Non-IDP,Accessible,confirmed_by_partner_report,FACT,N/A - fully accessible,FACT
NG022014,Maiyama,NG022,Kebbi,Katanga Fagada,1.6947768434610366,213.4491729736328,Non-IDP,Accessible,default_unreported,NA,NA,FACT
NG022014,Maiyama,NG022,Kebbi,Kawara,133.68470956514264,20492.482421875,Non-IDP,Accessible,confirmed_by_partner_report,FACT,N/A - fully accessible,FACT
NG022014,Maiyama,NG022,Kebbi,Kimba,15.969195856167868,122.71098327636719,Non-IDP,Accessible,default_unreported,NA,NA,FACT
NG022014,Maiyama,NG022,Kebbi,Kuchi,0.005179842483147979,0.453427791595459,Non-IDP,Accessible,default_unreported,NA,NA,FACT
NG022014,Maiyama,NG022,Kebbi,Kwaifa,11.992370033251524,140.95924377441406,Non-IDP,Accessible,default_unreported,NA,NA,FACT
NG022014,Maiyama,NG022,Kebbi,Lani Shiba,7.495334210192681,793.52349853515625,Non-IDP,Accessible,default_unreported,NA,NA,FACT
NG022014,Maiyama,NG022,Kebbi,Liba,204.19593210679983,15147.6259765625,Non-IDP,Inaccessible,confirmed_by_partner_report,FACT,Insecurity / conflict,FACT
NG022014,Maiyama,NG022,Kebbi,Maiyama,24.007150312161208,13581.1015625,Non-IDP,Accessible,confirmed_by_partner_report,FACT,N/A - fully accessible,FACT
NG022014,Maiyama,NG022,Kebbi,Mungadi,172.47112831517816,20992.095703125,Non-IDP,Accessible,confirmed_by_partner_report,FACT,N/A - fully accessible,FACT
NG022014,Maiyama,NG022,Kebbi,Nasagudu,3.645955137694955,265.9826965332031,Non-IDP,Accessible,default_unreported,NA,NA,FACT
NG022014,Maiyama,NG022,Kebbi,Raha-Makeri,8.051589599782497,1374.1588134765625,Non-IDP,Inaccessible,confirmed_by_partner_report,FACT,Insecurity / conflict,FACT
NG022014,Maiyama,NG022,Kebbi,Sabon Birni,13.1265678581779,1239.0126953125,Non-IDP,Accessible,default_unreported,NA,NA,FACT
NG022014,Maiyama,NG022,Kebbi,Sambawa Mayalo,42.43805175023788,11883.5869140625,Non-IDP,Accessible,confirmed_by_partner_report,FACT,N/A - fully accessible,FACT
NG022014,Maiyama,NG022,Kebbi,Sarandosa,51.54247142034739,13519.4658203125,Non-IDP,Accessible,confirmed_by_partner_report,FACT,N/A - fully accessible,FACT
NG022014,Maiyama,NG022,Kebbi,Suru,54.06175553142572,434.9219665527344,Non-IDP,Accessible,default_unreported,NA,NA,FACT
NG022015,Ngaski,NG022,Kebbi,Anaba / Ibelu West,4.43654035492418,95.85193634033203,Non-IDP,Accessible,default_unreported,NA,NA,FACT
NG022015,Ngaski,NG022,Kebbi,Birnin Yauri,393.64576746984994,32651.162109375,Non-IDP,Accessible,confirmed_by_partner_report,FACT,N/A - fully accessible,FACT
NG022015,Ngaski,NG022,Kebbi,Chulu Gumbi,57.21134112876797,1702.5172119140625,Non-IDP,Accessible,confirmed_by_partner_report,FACT,N/A - fully accessible,FACT
NG022015,Ngaski,NG022,Kebbi,Dugge,7.359973204135895e-5,0.018682366237044334,Non-IDP,Accessible,default_unreported,NA,NA,FACT
NG022015,Ngaski,NG022,Kebbi,Gafara,642.8517725887854,21078.921875,Non-IDP,Accessible,confirmed_by_partner_report,FACT,N/A - fully accessible,FACT
NG022015,Ngaski,NG022,Kebbi,Garin Baka,213.77773323400564,17187.515625,Non-IDP,Inaccessible,confirmed_by_partner_report,FACT,Insecurity / conflict,FACT
NG022015,Ngaski,NG022,Kebbi,Genu,1.4761277673084987e-4,0.004375134594738483,Non-IDP,Accessible,default_unreported,NA,NA,FACT
NG022015,Ngaski,NG022,Kebbi,Gungun Sarki,14.082888594994097,1567.5133056640625,Non-IDP,Accessible,default_unreported,NA,NA,FACT
NG022015,Ngaski,NG022,Kebbi,Jijima,14.670925731779336,382.72906494140625,Non-IDP,Accessible,default_unreported,NA,NA,FACT
NG022015,Ngaski,NG022,Kebbi,Kambuwa,550.5479181478162,47924.44921875,Non-IDP,Inaccessible,confirmed_by_partner_report,FACT,Insecurity / conflict,FACT
NG022015,Ngaski,NG022,Kebbi,Kawo,70.1001707121912,2724.874755859375,Non-IDP,Accessible,default_unreported,NA,NA,FACT
NG022015,Ngaski,NG022,Kebbi,Kokoli,0.5825891759372428,0,Non-IDP,Accessible,default_unreported,NA,NA,FACT
NG022015,Ngaski,NG022,Kebbi,Kwakwaran,28.98203090307878,8470.5048828125,Non-IDP,Accessible,confirmed_by_partner_report,FACT,N/A - fully accessible,FACT
NG022015,Ngaski,NG022,Kebbi,Libata,113.57829683670985,10830.7099609375,Non-IDP,Accessible,confirmed_by_partner_report,FACT,N/A - fully accessible,FACT
NG022015,Ngaski,NG022,Kebbi,Magamadaji / Ibelu North,1.65820687313056,139.31002807617188,Non-IDP,Accessible,default_unreported,NA,NA,FACT
NG022015,Ngaski,NG022,Kebbi,Makawa,168.48649080797745,11887.958984375,Non-IDP,Accessible,confirmed_by_partner_report,FACT,Insecurity / conflict,FACT
NG022015,Ngaski,NG022,Kebbi,Malale,9.068231108504169e-5,0,Non-IDP,Accessible,default_unreported,NA,NA,FACT
NG022015,Ngaski,NG022,Kebbi,Nasarawa,9.02074478045106e-5,0,Non-IDP,Accessible,default_unreported,NA,NA,FACT
NG022015,Ngaski,NG022,Kebbi,Nasko,1.3909847982230499,11.941317558288574,Non-IDP,Accessible,default_unreported,NA,NA,FACT
NG022015,Ngaski,NG022,Kebbi,Ngaski,320.0651667790436,23431.06640625,Non-IDP,Accessible,confirmed_by_partner_report,FACT,N/A - fully accessible,FACT
NG022015,Ngaski,NG022,Kebbi,Sakace,30.0230671956892,1821.212890625,Non-IDP,Accessible,confirmed_by_partner_report,FACT,Insecurity / conflict,FACT
NG022015,Ngaski,NG022,Kebbi,Shagunnu,2.966367021934411e-5,0,Non-IDP,Accessible,default_unreported,NA,NA,FACT
NG022015,Ngaski,NG022,Kebbi,Suteku,0.050859031322956084,1.5035356283187866,Non-IDP,Accessible,default_unreported,NA,NA,FACT
NG022015,Ngaski,NG022,Kebbi,Tondi,4.510397813544869,44.14040756225586,Non-IDP,Accessible,default_unreported,NA,NA,FACT
NG022015,Ngaski,NG022,Kebbi,Tunga Bunu,5.892314004898071e-5,0.0030897422693669796,Non-IDP,Accessible,default_unreported,NA,NA,FACT
NG022015,Ngaski,NG022,Kebbi,Utono,202.47508631973838,2785.699462890625,Non-IDP,Accessible,confirmed_by_partner_report,FACT,N/A - fully accessible,FACT
NG022015,Ngaski,NG022,Kebbi,Wara,54.33425192057776,24134.0703125,Non-IDP,Accessible,confirmed_by_partner_report,FACT,N/A - fully accessible,FACT
NG022015,Ngaski,NG022,Kebbi,Yelwa East,0.9906769045790433,202.22317504882813,Non-IDP,Accessible,default_unreported,NA,NA,FACT
NG022015,Ngaski,NG022,Kebbi,Yelwa North,25.38831670138025,1304.668701171875,Non-IDP,Accessible,default_unreported,NA,NA,FACT
NG022015,Ngaski,NG022,Kebbi,Zamare,15.856728615524291,245.09437561035156,Non-IDP,Accessible,default_unreported,NA,NA,FACT
NG022016,Sakaba,NG022,Kebbi,Adai,239.05946218925524,19298.234375,Non-IDP,Inaccessible,confirmed_by_partner_report,FACT,Insecurity / conflict,FACT
NG022016,Sakaba,NG022,Kebbi,Ayu,2.8179487588243486,342.4731140136719,Non-IDP,Accessible,default_unreported,NA,NA,FACT
NG022016,Sakaba,NG022,Kebbi,Bedi,3.3032033325352073,605.419921875,Non-IDP,Accessible,default_unreported,NA,NA,FACT
NG022016,Sakaba,NG022,Kebbi,Dankolo,161.61905282688068,12941.96484375,Non-IDP,Inaccessible,confirmed_by_partner_report,FACT,Insecurity / conflict,FACT
NG022016,Sakaba,NG022,Kebbi,Doka Bere,145.16721176391934,12868.4453125,Non-IDP,Inaccessible,confirmed_by_partner_report,FACT,Insecurity / conflict,FACT
NG022016,Sakaba,NG022,Kebbi,Fada,51.60792378418076,19843.416015625,Non-IDP,Inaccessible,confirmed_by_partner_report,FACT,Insecurity / conflict,FACT
NG022016,Sakaba,NG022,Kebbi,Gelwasa,131.87627903607986,16591.96875,Non-IDP,Inaccessible,confirmed_by_partner_report,FACT,Insecurity / conflict,FACT
NG022016,Sakaba,NG022,Kebbi,Jamaare,1.7031466657165886,81.13408660888672,Non-IDP,Accessible,default_unreported,NA,NA,FACT
NG022016,Sakaba,NG022,Kebbi,Janbirni,217.12212750467313,19681.349609375,Non-IDP,Inaccessible,confirmed_by_partner_report,FACT,Insecurity / conflict,FACT
NG022016,Sakaba,NG022,Kebbi,Kanya,58.10828953222237,1220.24072265625,Non-IDP,Inaccessible,confirmed_by_partner_report,FACT,Insecurity / conflict,FACT
NG022016,Sakaba,NG022,Kebbi,Kotonkoro,1.6991268342301846,41.41233444213867,Non-IDP,Accessible,default_unreported,NA,NA,FACT
NG022016,Sakaba,NG022,Kebbi,Maburya,61.099407016918825,4330.9619140625,Non-IDP,Inaccessible,confirmed_by_partner_report,FACT,Insecurity / conflict,FACT
NG022016,Sakaba,NG022,Kebbi,Makuku,135.47642038082066,13960.6484375,Non-IDP,Inaccessible,confirmed_by_partner_report,FACT,Insecurity / conflict,FACT
NG022016,Sakaba,NG022,Kebbi,Maza Maza,87.80883673567445,13476.0986328125,Non-IDP,Inaccessible,confirmed_by_partner_report,FACT,Insecurity / conflict,FACT
NG022016,Sakaba,NG022,Kebbi,Ribah Machika,1.951044941690445,312.4474792480469,Non-IDP,Inaccessible,confirmed_by_partner_report,FACT,Insecurity / conflict,FACT
NG022016,Sakaba,NG022,Kebbi,Sakaba,290.00048571124495,21055.86328125,Non-IDP,Inaccessible,confirmed_by_partner_report,FACT,Insecurity / conflict,FACT
NG022016,Sakaba,NG022,Kebbi,Tudun Kuka,19.038496568660975,7967.56884765625,Non-IDP,Inaccessible,confirmed_by_partner_report,FACT,Insecurity / conflict,FACT
NG022017,Shanga,NG022,Kebbi,Adahe,0.029068092084679753,3.7761929035186768,Non-IDP,Accessible,default_unreported,NA,NA,FACT
NG022017,Shanga,NG022,Kebbi,Atuwo,254.14418107151295,21313.578125,Non-IDP,Inaccessible,confirmed_by_partner_report,FACT,Insecurity / conflict,FACT
NG022017,Shanga,NG022,Kebbi,Dugge,4.661329156905413e-5,6.677861674688756e-4,Non-IDP,Accessible,default_unreported,NA,NA,FACT
NG022017,Shanga,NG022,Kebbi,Dugu Tsoho,138.03464939204122,14059.326171875,Non-IDP,Inaccessible,confirmed_by_partner_report,FACT,flooding,FACT
NG022017,Shanga,NG022,Kebbi,Dukku,22.994197311261622,1074.6524658203125,Non-IDP,Inaccessible,confirmed_by_partner_report,FACT,flooding,FACT
NG022017,Shanga,NG022,Kebbi,Dutsin Mari Dul Meru,42.79324823839611,776.747314453125,Non-IDP,Inaccessible,confirmed_by_partner_report,FACT,flooding,FACT
NG022017,Shanga,NG022,Kebbi,Fakku,1.799062413967371,543.73980712890625,Non-IDP,Accessible,default_unreported,NA,NA,FACT
NG022017,Shanga,NG022,Kebbi,Gebbe,356.89422033329595,15989.4375,Non-IDP,Inaccessible,confirmed_by_partner_report,FACT,flooding,FACT
NG022017,Shanga,NG022,Kebbi,Gulbin Kuka,3.7586544675013425,333.7776794433594,Non-IDP,Accessible,default_unreported,NA,NA,FACT
NG022017,Shanga,NG022,Kebbi,Ilela Sabon Gari,19.092799697820784,853.43450927734375,Non-IDP,Inaccessible,confirmed_by_partner_report,FACT,flooding,FACT
NG022017,Shanga,NG022,Kebbi,Kambuwa,1.1861449384689331e-4,0.00868157297372818,Non-IDP,Accessible,default_unreported,NA,NA,FACT
NG022017,Shanga,NG022,Kebbi,Kangi,29.79874645926976,1451.0318603515625,Non-IDP,Accessible,default_unreported,NA,NA,FACT
NG022017,Shanga,NG022,Kebbi,Kawara,564.2870757161875,16271.888671875,Non-IDP,Inaccessible,confirmed_by_partner_report,FACT,flooding,FACT
NG022017,Shanga,NG022,Kebbi,Lafagu Gante,3.276233954236403,402.34246826171875,Non-IDP,Inaccessible,confirmed_by_partner_report,FACT,flooding,FACT
NG022017,Shanga,NG022,Kebbi,Mago,2.0456696685737826e-5,0.0010428657988086343,Non-IDP,Accessible,default_unreported,NA,NA,FACT
NG022017,Shanga,NG022,Kebbi,Marafa,9.705202031814576,471.48175048828125,Non-IDP,Accessible,default_unreported,NA,NA,FACT
NG022017,Shanga,NG022,Kebbi,Rafin Kirya,161.0047115438283,12775.48828125,Non-IDP,Inaccessible,confirmed_by_partner_report,FACT,flooding,FACT
NG022017,Shanga,NG022,Kebbi,Sakace,628.5418604054611,39330.8046875,Non-IDP,Inaccessible,confirmed_by_partner_report,FACT,flooding,FACT
NG022017,Shanga,NG022,Kebbi,Sawashi,290.3461673474369,30850.564453125,Non-IDP,Inaccessible,confirmed_by_partner_report,FACT,flooding,FACT
NG022017,Shanga,NG022,Kebbi,Shanga,198.57374489951627,45239.7109375,Non-IDP,Inaccessible,confirmed_by_partner_report,FACT,flooding,FACT
NG022017,Shanga,NG022,Kebbi,T / Bube,1.4129472394731044,73.38551330566406,Non-IDP,Accessible,default_unreported,NA,NA,FACT
NG022017,Shanga,NG022,Kebbi,Takware,104.19968307021361,26370.642578125,Non-IDP,Inaccessible,confirmed_by_partner_report,FACT,flooding,FACT
NG022017,Shanga,NG022,Kebbi,Tondi,17.19015498790929,898.8631591796875,Non-IDP,Accessible,default_unreported,NA,NA,FACT
NG022017,Shanga,NG022,Kebbi,Yar Besse,194.13298930442156,17256.18359375,Non-IDP,Inaccessible,confirmed_by_partner_report,FACT,flooding,FACT
NG022018,Suru,NG022,Kebbi,Aljannare,138.04775504383338,19181.955078125,Non-IDP,Accessible,default_unreported,NA,NA,CARE
NG022018,Suru,NG022,Kebbi,Bakuwai,313.1193341145966,26998.4609375,Non-IDP,Accessible,default_unreported,NA,NA,CARE
NG022018,Suru,NG022,Kebbi,Bandan,226.4034370699823,19815.634765625,Non-IDP,Accessible,default_unreported,NA,NA,CARE
NG022018,Suru,NG022,Kebbi,Barbarejo,96.14774838206715,9153.2373046875,Non-IDP,Accessible,default_unreported,NA,NA,CARE
NG022018,Suru,NG022,Kebbi,Bunza Dangaladima,17.373947590426205,1879.784423828125,Non-IDP,Accessible,default_unreported,NA,NA,CARE
NG022018,Suru,NG022,Kebbi,Dakin Gari,130.19233349917627,42645.81640625,Non-IDP,Accessible,default_unreported,NA,NA,CARE
NG022018,Suru,NG022,Kebbi,Dandane,86.38005948583007,11792.130859375,Non-IDP,Accessible,default_unreported,NA,NA,CARE
NG022018,Suru,NG022,Kebbi,Dandiya Shema,50.37279800589001,7347.80859375,Non-IDP,Accessible,default_unreported,NA,NA,CARE
NG022018,Suru,NG022,Kebbi,Fana,0.4351437253730744,147.65016174316406,Non-IDP,Accessible,default_unreported,NA,NA,CARE
NG022018,Suru,NG022,Kebbi,Geza,31.637045710265635,1538.5537109375,Non-IDP,Accessible,default_unreported,NA,NA,CARE
NG022018,Suru,NG022,Kebbi,Ginga,66.38056938191198,7459.2275390625,Non-IDP,Accessible,default_unreported,NA,NA,CARE
NG022018,Suru,NG022,Kebbi,Giro,76.50750411936235,9763.146484375,Non-IDP,Accessible,default_unreported,NA,NA,CARE
NG022018,Suru,NG022,Kebbi,Illo Sabon Gari,19.160114870837628,737.45574951171875,Non-IDP,Accessible,default_unreported,NA,NA,CARE
NG022018,Suru,NG022,Kebbi,Jadadi,2.3644979219288826,98.497772216796875,Non-IDP,Accessible,default_unreported,NA,NA,CARE
NG022018,Suru,NG022,Kebbi,Kawara,6.874812583171368,269.9346618652344,Non-IDP,Accessible,default_unreported,NA,NA,CARE
NG022018,Suru,NG022,Kebbi,Kwaifa,179.96290637749254,14599.9013671875,Non-IDP,Accessible,default_unreported,NA,NA,CARE
NG022018,Suru,NG022,Kebbi,Lani Shiba,2.1533087982257606,84.03019714355469,Non-IDP,Accessible,default_unreported,NA,NA,CARE
NG022018,Suru,NG022,Kebbi,Lolo Giris,0.007119352089881897,0,Non-IDP,Accessible,default_unreported,NA,NA,CARE
NG022018,Suru,NG022,Kebbi,Maidahini,3.9856195107238293,344.7535095214844,Non-IDP,Accessible,default_unreported,NA,NA,CARE
NG022018,Suru,NG022,Kebbi,Maigwaza,9.753152786814928,34.80420684814453,Non-IDP,Accessible,default_unreported,NA,NA,CARE
NG022018,Suru,NG022,Kebbi,Mungadi,4.368039904690265,305.1414489746094,Non-IDP,Accessible,default_unreported,NA,NA,CARE
NG022018,Suru,NG022,Kebbi,Raha-Makeri,0.4277557617785931,1.335485577583313,Non-IDP,Accessible,default_unreported,NA,NA,CARE
NG022018,Suru,NG022,Kebbi,Sharabi Kwanguwai,3.5945753139855108,238.68617248535156,Non-IDP,Accessible,default_unreported,NA,NA,CARE
NG022018,Suru,NG022,Kebbi,Suru,277.7354561037531,41457.125,Non-IDP,Accessible,default_unreported,NA,NA,CARE
NG022018,Suru,NG022,Kebbi,Zagga Kwasara,3.772133009628296,209.5367889404297,Non-IDP,Accessible,default_unreported,NA,NA,CARE
NG022019,Wasagu/Danko,NG022,Kebbi,Adabka,1.2206280028839664,5.486828804016113,Non-IDP,Accessible,default_unreported,NA,NA,FACT
NG022019,Wasagu/Danko,NG022,Kebbi,Ayu,363.73916929911996,32109.515625,Non-IDP,Inaccessible,confirmed_by_partner_report,FACT,Insecurity / conflict,FACT
NG022019,Wasagu/Danko,NG022,Kebbi,Bardoki,13.127171551859144,655.04168701171875,Non-IDP,Accessible,default_unreported,NA,NA,FACT
NG022019,Wasagu/Danko,NG022,Kebbi,Bedi,4.421071347894907,1066.5628662109375,Non-IDP,Accessible,default_unreported,NA,NA,FACT
NG022019,Wasagu/Danko,NG022,Kebbi,Bena,284.38243969211925,51176.29296875,Non-IDP,Inaccessible,confirmed_by_partner_report,FACT,Insecurity / conflict,FACT
NG022019,Wasagu/Danko,NG022,Kebbi,Dan Umaru Mairairai,333.21370154244755,30116.353515625,Non-IDP,Inaccessible,confirmed_by_partner_report,FACT,Insecurity / conflict,FACT
NG022019,Wasagu/Danko,NG022,Kebbi,Dangulbi,21.194168426313876,527.95599365234375,Non-IDP,Accessible,default_unreported,NA,NA,FACT
NG022019,Wasagu/Danko,NG022,Kebbi,Danko Maga,301.44810502732633,23897.208984375,Non-IDP,Accessible,confirmed_by_partner_report,FACT,N/A - fully accessible,FACT
NG022019,Wasagu/Danko,NG022,Kebbi,Dankolo,34.06763342334223,3184.698974609375,Non-IDP,Inaccessible,confirmed_by_partner_report,FACT,Insecurity / conflict,FACT
NG022019,Wasagu/Danko,NG022,Kebbi,Dankurmi,120.38185949672899,6641.76025390625,Non-IDP,Accessible,default_unreported,NA,NA,FACT
NG022019,Wasagu/Danko,NG022,Kebbi,Fada,1.4630510843861102,67.88184356689453,Non-IDP,Accessible,default_unreported,NA,NA,FACT
NG022019,Wasagu/Danko,NG022,Kebbi,Gwanfi Kele,173.08612589277732,20155.61328125,Non-IDP,Accessible,confirmed_by_partner_report,FACT,N/A - fully accessible,FACT
NG022019,Wasagu/Danko,NG022,Kebbi,Gwashi,1.8585489150734842,5.450814723968506,Non-IDP,Accessible,default_unreported,NA,NA,FACT
NG022019,Wasagu/Danko,NG022,Kebbi,Isgogo Dago,36.12602708792137,8870.4404296875,Non-IDP,Accessible,default_unreported,NA,NA,FACT
NG022019,Wasagu/Danko,NG022,Kebbi,Janbirni,5.628776895527318,121.62779998779297,Non-IDP,Accessible,default_unreported,NA,NA,FACT
NG022019,Wasagu/Danko,NG022,Kebbi,Kanya,709.4390475087345,64304.67578125,Non-IDP,Inaccessible,confirmed_by_partner_report,FACT,Insecurity / conflict,FACT
NG022019,Wasagu/Danko,NG022,Kebbi,Kotonkoro,111.51819801819714,10966.74609375,Non-IDP,Accessible,default_unreported,NA,NA,FACT
NG022019,Wasagu/Danko,NG022,Kebbi,Kuyanbana,8.858316863595892,244.0227508544922,Non-IDP,Accessible,default_unreported,NA,NA,FACT
NG022019,Wasagu/Danko,NG022,Kebbi,Kyabu Kandu,253.50602431193673,35608.51953125,Non-IDP,Accessible,confirmed_by_partner_report,FACT,N/A - fully accessible,FACT
NG022019,Wasagu/Danko,NG022,Kebbi,Kyaram,8.728201070599921,400.88909912109375,Non-IDP,Inaccessible,confirmed_by_partner_report,FACT,Insecurity / conflict,FACT
NG022019,Wasagu/Danko,NG022,Kebbi,Maza Maza,21.663428617372155,3167.6884765625,Non-IDP,Inaccessible,confirmed_by_partner_report,FACT,Insecurity / conflict,FACT
NG022019,Wasagu/Danko,NG022,Kebbi,Ribah Machika,152.15112273048163,53361.9921875,Non-IDP,Accessible,confirmed_by_partner_report,FACT,N/A - fully accessible,FACT
NG022019,Wasagu/Danko,NG022,Kebbi,Tadurga,98.17860612828744,13536.4033203125,Non-IDP,Accessible,confirmed_by_partner_report,FACT,N/A - fully accessible,FACT
NG022019,Wasagu/Danko,NG022,Kebbi,Waje,942.1883618248354,82610.2265625,Non-IDP,Accessible,confirmed_by_partner_report,FACT,N/A - fully accessible,FACT
NG022019,Wasagu/Danko,NG022,Kebbi,Wasagu,411.8633798478539,48758.90625,Non-IDP,Inaccessible,confirmed_by_partner_report,FACT,Insecurity / conflict,FACT
NG022019,Wasagu/Danko,NG022,Kebbi,Yalmo Shindi Wari,161.86916806884872,19381.23046875,Non-IDP,Accessible,confirmed_by_partner_report,FACT,N/A - fully accessible,FACT
NG022019,Wasagu/Danko,NG022,Kebbi,Zodi,75.547597421772835,10106.5361328125,Non-IDP,Accessible,default_unreported,NA,NA,FACT
NG022020,Yauri,NG022,Kebbi,Chulu Gumbi,10.726286509913445,3260.925537109375,Non-IDP,Inaccessible,confirmed_by_partner_report,FACT,Insecurity / conflict,FACT
NG022020,Yauri,NG022,Kebbi,Gungun Sarki,11.965282196931124,9232.5205078125,Non-IDP,Accessible,confirmed_by_partner_report,FACT,N/A - fully accessible,FACT
NG022020,Yauri,NG022,Kebbi,Jijima,13.736096221307845,2115.45263671875,Non-IDP,Inaccessible,confirmed_by_partner_report,FACT,Insecurity / conflict,FACT
NG022020,Yauri,NG022,Kebbi,Sakace,1.0770196153176763,148.8192596435547,Non-IDP,Accessible,default_unreported,NA,NA,FACT
NG022020,Yauri,NG022,Kebbi,Tondi,40.355251879893856,12484.08203125,Non-IDP,Inaccessible,confirmed_by_partner_report,FACT,Insecurity / conflict,FACT
NG022020,Yauri,NG022,Kebbi,Yelwa Central,1.9274881535197794,13652.2783203125,Non-IDP,Accessible,confirmed_by_partner_report,FACT,N/A - fully accessible,FACT
NG022020,Yauri,NG022,Kebbi,Yelwa East,1.9792774716422559,9067.29296875,Non-IDP,Accessible,confirmed_by_partner_report,FACT,N/A - fully accessible,FACT
NG022020,Yauri,NG022,Kebbi,Yelwa North,16.595237381376265,21262.470703125,Non-IDP,Accessible,confirmed_by_partner_report,FACT,N/A - fully accessible,FACT
NG022020,Yauri,NG022,Kebbi,Yelwa South,0.45218857501387594,4303.97216796875,Non-IDP,Accessible,confirmed_by_partner_report,FACT,N/A - fully accessible,FACT
NG022020,Yauri,NG022,Kebbi,Yelwa West,1.2929011039332972,8219.1865234375,Non-IDP,Accessible,confirmed_by_partner_report,FACT,N/A - fully accessible,FACT
NG022020,Yauri,NG022,Kebbi,Zamare,37.88561882697392,7598.2734375,Non-IDP,Inaccessible,confirmed_by_partner_report,FACT,Insecurity / conflict,FACT
NG022021,Zuru,NG022,Kebbi,Bedi,87.20929618223238,60938.54296875,Non-IDP,Accessible,confirmed_by_partner_report (blank row - not flagged),NA,NA,IRC; LHI
NG022021,Zuru,NG022,Kebbi,Dabai,104.34787176293648,47150.95703125,Non-IDP,Accessible,confirmed_by_partner_report (blank row - not flagged),NA,NA,IRC; LHI
NG022021,Zuru,NG022,Kebbi,Dabai Seme,40.07578616481134,11351.4111328125,Non-IDP,Accessible,confirmed_by_partner_report (blank row - not flagged),NA,NA,IRC; LHI
NG022021,Zuru,NG022,Kebbi,Danragi,3.838227095355511,112.27652740478516,Non-IDP,Accessible,default_unreported,NA,NA,IRC; LHI
NG022021,Zuru,NG022,Kebbi,Isgogo Dago,36.53210335645652,8469.380859375,Non-IDP,Accessible,confirmed_by_partner_report (blank row - not flagged),NA,NA,IRC; LHI
NG022021,Zuru,NG022,Kebbi,Kyabu Kandu,25.855216225619674,4706.66650390625,Non-IDP,Accessible,default_unreported,NA,NA,IRC; LHI
NG022021,Zuru,NG022,Kebbi,Manga Ushe,88.9288776556381,26160.958984375,Non-IDP,Accessible,confirmed_by_partner_report (blank row - not flagged),NA,NA,IRC; LHI
NG022021,Zuru,NG022,Kebbi,Maza Maza,0.005455677602142096,0.72609710693359375,Non-IDP,Accessible,default_unreported,NA,NA,IRC; LHI
NG022021,Zuru,NG022,Kebbi,Rafin Zuru,27.14902003775537,38942.37890625,Non-IDP,Accessible,confirmed_by_partner_report (blank row - not flagged),NA,NA,IRC; LHI
NG022021,Zuru,NG022,Kebbi,Rikoto,30.45195975427109,47027.13671875,Non-IDP,Accessible,confirmed_by_partner_report (blank row - not flagged),NA,NA,IRC; LHI
NG022021,Zuru,NG022,Kebbi,Sabon Gari Wuse,13.224344432904363,3837.16845703125,Non-IDP,Accessible,confirmed_by_partner_report (blank row - not flagged),NA,NA,IRC; LHI
NG022021,Zuru,NG022,Kebbi,Senchi,130.23582608142559,25622.05078125,Non-IDP,Accessible,confirmed_by_partner_report (blank row - not flagged),NA,NA,IRC; LHI
NG022021,Zuru,NG022,Kebbi,Tadurga,104.13605422433376,20216.828125,Non-IDP,Accessible,confirmed_by_partner_report (blank row - not flagged),NA,NA,IRC; LHI
NG022021,Zuru,NG022,Kebbi,Yalmo Shindi Wari,0.15602707760962659,37.02849578857422,Non-IDP,Accessible,default_unreported,NA,NA,IRC; LHI
NG022021,Zuru,NG022,Kebbi,Zodi,95.32537575416124,18814.771484375,Non-IDP,Accessible,confirmed_by_partner_report (blank row - not flagged),NA,NA,IRC; LHI
NG026001,Akwanga,NG026,Nasarawa,Agyaga,159.9179016362267,13916.32421875,Non-IDP,Accessible,default_unreported,NA,NA,CARE
NG026001,Akwanga,NG026,Nasarawa,Akwanga East,131.98837052343052,56720.140625,Non-IDP,Accessible,default_unreported,NA,NA,CARE
NG026001,Akwanga,NG026,Nasarawa,Akwanga West,12.514296764874592,43505.0546875,Non-IDP,Accessible,default_unreported,NA,NA,CARE
NG026001,Akwanga,NG026,Nasarawa,Alushi-Ginda / Aloce,4.99863773199141,1814.6685791015625,Non-IDP,Accessible,default_unreported,NA,NA,CARE
NG026001,Akwanga,NG026,Nasarawa,Andaha,37.06005295888424,9889.2802734375,Non-IDP,Accessible,default_unreported,NA,NA,CARE
NG026001,Akwanga,NG026,Nasarawa,Arak,18.75496586725992,2861.206787109375,Non-IDP,Accessible,default_unreported,NA,NA,CARE
NG026001,Akwanga,NG026,Nasarawa,Garaku,0.45506675964045523,6.987194061279297,Non-IDP,Accessible,default_unreported,NA,NA,CARE
NG026001,Akwanga,NG026,Nasarawa,Gudi,45.27882148487,13543.3935546875,Non-IDP,Accessible,default_unreported,NA,NA,CARE
NG026001,Akwanga,NG026,Nasarawa,Gwanje,124.59988672931445,18165.40625,Non-IDP,Accessible,default_unreported,NA,NA,CARE
NG026001,Akwanga,NG026,Nasarawa,Moroa,224.42431136315386,20275.330078125,Non-IDP,Accessible,default_unreported,NA,NA,CARE
NG026001,Akwanga,NG026,Nasarawa,Nakere,1.0032646541001482,1.1780714988708496,Non-IDP,Accessible,default_unreported,NA,NA,CARE
NG026001,Akwanga,NG026,Nasarawa,Nandu,1.1520334516643584,108.9114990234375,Non-IDP,Accessible,default_unreported,NA,NA,CARE
NG026001,Akwanga,NG026,Nasarawa,Ningha An,136.2277452721114,16486.8046875,Non-IDP,Accessible,default_unreported,NA,NA,CARE
NG026001,Akwanga,NG026,Nasarawa,Ningo / Boher,128.52918467885948,14840.69921875,Non-IDP,Accessible,default_unreported,NA,NA,CARE
NG026001,Akwanga,NG026,Nasarawa,Ninzo South,5.332048630714416e-5,3.47318418789655e-5,Non-IDP,Accessible,default_unreported,NA,NA,CARE
NG026001,Akwanga,NG026,Nasarawa,Ninzo West,0.722875202259928,333.94732666015625,Non-IDP,Accessible,default_unreported,NA,NA,CARE
NG026001,Akwanga,NG026,Nasarawa,Nunku,36.06619548863989,1492.5985107421875,Non-IDP,Accessible,default_unreported,NA,NA,CARE
NG026001,Akwanga,NG026,Nasarawa,Wasa,41.72205917557559,2244.216552734375,Non-IDP,Accessible,default_unreported,NA,NA,CARE
NG026002,Awe,NG026,Nasarawa,Adudu,3.4314168572425845e-5,0.0012082370230928063,Non-IDP,Accessible,default_unreported,NA,NA,CARE
NG026002,Awe,NG026,Nasarawa,Akiri,188.63894463082374,3739.608154296875,Non-IDP,Accessible,default_unreported,NA,NA,CARE
NG026002,Awe,NG026,Nasarawa,Akwana,2.0436388599872588e-4,1.044306845869869e-4,Non-IDP,Accessible,default_unreported,NA,NA,CARE
NG026002,Awe,NG026,Nasarawa,Aloshi,9.685722722241189e-5,0.009126179851591587,Non-IDP,Accessible,default_unreported,NA,NA,CARE
NG026002,Awe,NG026,Nasarawa,Amiri,1.4168790457711056,305.8848876953125,Non-IDP,Accessible,default_unreported,NA,NA,CARE
NG026002,Awe,NG026,Nasarawa,Aningo,1.0008389813920985e-5,5.35142607986927e-5,Non-IDP,Accessible,default_unreported,NA,NA,CARE
NG026002,Awe,NG026,Nasarawa,Assakio,7.45910169146657,51.77506637573242,Non-IDP,Accessible,default_unreported,NA,NA,CARE
NG026002,Awe,NG026,Nasarawa,Azara,333.3648650760054,19095.216796875,Non-IDP,Accessible,default_unreported,NA,NA,CARE
NG026002,Awe,NG026,Nasarawa,Galadima,147.41686516431486,2297.184326171875,Non-IDP,Accessible,default_unreported,NA,NA,CARE
NG026002,Awe,NG026,Nasarawa,Jangaru,292.07763620248556,21215.865234375,Non-IDP,Accessible,default_unreported,NA,NA,CARE
NG026002,Awe,NG026,Nasarawa,Juban,6.033292078810692,329.7484436035156,Non-IDP,Accessible,default_unreported,NA,NA,CARE
NG026002,Awe,NG026,Nasarawa,Kanje-Abuni,471.46286411545924,27915.19921875,Non-IDP,Accessible,default_unreported,NA,NA,CARE
NG026002,Awe,NG026,Nasarawa,Kente,8.423460953621543e-6,0,Non-IDP,Accessible,default_unreported,NA,NA,CARE
NG026002,Awe,NG026,Nasarawa,Koplong,9.13839592821896e-5,0.005413006525486708,Non-IDP,Accessible,default_unreported,NA,NA,CARE
NG026002,Awe,NG026,Nasarawa,Kurumbur B,26.13053585810691,1943.480224609375,Non-IDP,Accessible,default_unreported,NA,NA,CARE
NG026002,Awe,NG026,Nasarawa,Lankaku,6.41099470761701e-5,0.0016916089225560427,Non-IDP,Accessible,default_unreported,NA,NA,CARE
NG026002,Awe,NG026,Nasarawa,Luukwu,12.501087549576571,1124.1036376953125,Non-IDP,Accessible,default_unreported,NA,NA,CARE
NG026002,Awe,NG026,Nasarawa,Madaki,224.0892160954107,27238.48828125,Non-IDP,Accessible,default_unreported,NA,NA,CARE
NG026002,Awe,NG026,Nasarawa,Makwangiji,354.02873218511104,24696.779296875,Non-IDP,Accessible,default_unreported,NA,NA,CARE
NG026002,Awe,NG026,Nasarawa,Mambial,9.539076883926883,326.9618225097656,Non-IDP,Accessible,default_unreported,NA,NA,CARE
NG026002,Awe,NG026,Nasarawa,Mbadwem,29.01140165343857,843.515380859375,Non-IDP,Accessible,default_unreported,NA,NA,CARE
NG026002,Awe,NG026,Nasarawa,Moekat,5.119279307642937,166.29400634765625,Non-IDP,Accessible,default_unreported,NA,NA,CARE
NG026002,Awe,NG026,Nasarawa,Ribi,311.18345556184823,16423.5390625,Non-IDP,Accessible,default_unreported,NA,NA,CARE
NG026002,Awe,NG026,Nasarawa,Sarkin Kudu 2,2.85228416190961,274.52398681640625,Non-IDP,Accessible,default_unreported,NA,NA,CARE
NG026002,Awe,NG026,Nasarawa,Sarkin Kudu 3,5.211988067460097e-4,0.015173077583312988,Non-IDP,Accessible,default_unreported,NA,NA,CARE
NG026002,Awe,NG026,Nasarawa,Tombo,35.34978548526526,394.6073303222656,Non-IDP,Accessible,default_unreported,NA,NA,CARE
NG026002,Awe,NG026,Nasarawa,Tunga,282.0369323585429,12833.0244140625,Non-IDP,Accessible,default_unreported,NA,NA,CARE
NG026002,Awe,NG026,Nasarawa,Wuse,425.07087040837155,23524.001953125,Non-IDP,Accessible,default_unreported,NA,NA,CARE
NG026005,Keana,NG026,Nasarawa,Agaza,78.66434575349653,3449.095947265625,Non-IDP,Accessible,default_unreported,NA,NA,CARE
NG026005,Keana,NG026,Nasarawa,Agwatashi,7.581376571711881,1265.772705078125,Non-IDP,Accessible,default_unreported,NA,NA,CARE
NG026005,Keana,NG026,Nasarawa,Aloshi,230.26167684489613,7110.15771484375,Non-IDP,Accessible,default_unreported,NA,NA,CARE
NG026005,Keana,NG026,Nasarawa,Amiri,278.3004486868593,8336.4130859375,Non-IDP,Accessible,default_unreported,NA,NA,CARE
NG026005,Keana,NG026,Nasarawa,Galadima,179.14109899899864,15267.986328125,Non-IDP,Accessible,default_unreported,NA,NA,CARE
NG026005,Keana,NG026,Nasarawa,Gidan-Ausa 2,2.9535884305896536,930.601318359375,Non-IDP,Accessible,default_unreported,NA,NA,CARE
NG026005,Keana,NG026,Nasarawa,Iwagu,156.32295401907916,7911.21533203125,Non-IDP,Accessible,default_unreported,NA,NA,CARE
NG026005,Keana,NG026,Nasarawa,Kadarko,87.29118208394188,6553.0771484375,Non-IDP,Accessible,default_unreported,NA,NA,CARE
NG026005,Keana,NG026,Nasarawa,Kanje-Abuni,0.004319409555584192,3.8487040996551514,Non-IDP,Accessible,default_unreported,NA,NA,CARE
NG026005,Keana,NG026,Nasarawa,Kwara,16.62652736351299,471.5018310546875,Non-IDP,Accessible,default_unreported,NA,NA,CARE
NG026005,Keana,NG026,Nasarawa,Kyakale,29.26677679581356,1144.2998046875,Non-IDP,Accessible,default_unreported,NA,NA,CARE
NG026005,Keana,NG026,Nasarawa,Madaki,180.12567515492677,13383.86328125,Non-IDP,Accessible,default_unreported,NA,NA,CARE
NG026005,Keana,NG026,Nasarawa,Mbadwem,3.610186034619257,115.82059478759766,Non-IDP,Accessible,default_unreported,NA,NA,CARE
NG026005,Keana,NG026,Nasarawa,Nyiev,2.0844867850188166e-5,7.811764226062223e-5,Non-IDP,Accessible,default_unreported,NA,NA,CARE
NG026005,Keana,NG026,Nasarawa,Obene,71.28988037780957,3743.54150390625,Non-IDP,Accessible,default_unreported,NA,NA,CARE
NG026005,Keana,NG026,Nasarawa,Obi,2.6482994972003264,391.7838439941406,Non-IDP,Accessible,default_unreported,NA,NA,CARE
NG026005,Keana,NG026,Nasarawa,Oki,62.45220090702964,7167.81787109375,Non-IDP,Accessible,default_unreported,NA,NA,CARE
NG026007,Kokona,NG026,Nasarawa,Agwada,81.62396648969356,2476.697509765625,Non-IDP,Accessible,default_unreported,NA,NA,CARE
NG026007,Kokona,NG026,Nasarawa,Alagye,123.00557157946682,7892.3154296875,Non-IDP,Accessible,default_unreported,NA,NA,CARE
NG026007,Kokona,NG026,Nasarawa,Alushi-Ginda / Aloce,7.867871459367275,470.5250549316406,Non-IDP,Accessible,default_unreported,NA,NA,CARE
NG026007,Kokona,NG026,Nasarawa,Amba,180.49073950758995,4028.552490234375,Non-IDP,Accessible,default_unreported,NA,NA,CARE
NG026007,Kokona,NG026,Nasarawa,Bassa,25.919092696764782,816.1485595703125,Non-IDP,Accessible,default_unreported,NA,NA,CARE
NG026007,Kokona,NG026,Nasarawa,Dari,230.07363954706503,26282.51953125,Non-IDP,Accessible,default_unreported,NA,NA,CARE
NG026007,Kokona,NG026,Nasarawa,Garaku,287.46507432563675,21959.2421875,Non-IDP,Accessible,default_unreported,NA,NA,CARE
NG026007,Kokona,NG026,Nasarawa,Gitata,0.7615953594613075,54.72916030883789,Non-IDP,Accessible,default_unreported,NA,NA,CARE
NG026007,Kokona,NG026,Nasarawa,Gudi,18.526721293119667,1634.5284423828125,Non-IDP,Accessible,default_unreported,NA,NA,CARE
NG026007,Kokona,NG026,Nasarawa,Hadari,313.2115996978872,52565.1953125,Non-IDP,Accessible,default_unreported,NA,NA,CARE
NG026007,Kokona,NG026,Nasarawa,Ikka-Wangibi,89.73285334625054,1909.95703125,Non-IDP,Accessible,default_unreported,NA,NA,CARE
NG026007,Kokona,NG026,Nasarawa,Iya 1,15.111185772487998,1956.5335693359375,Non-IDP,Accessible,default_unreported,NA,NA,CARE
NG026007,Kokona,NG026,Nasarawa,Jigwada,0.9006769774177075,1489.408935546875,Non-IDP,Accessible,default_unreported,NA,NA,CARE
NG026007,Kokona,NG026,Nasarawa,Keffi-Shanu Betti,2.3058513424413203,245.703369140625,Non-IDP,Accessible,default_unreported,NA,NA,CARE
NG026007,Kokona,NG026,Nasarawa,Keffin Wambai,61.68784757401848,3781.52099609375,Non-IDP,Accessible,default_unreported,NA,NA,CARE
NG026007,Kokona,NG026,Nasarawa,Kofar Gwari,304.62175134734986,17554.8671875,Non-IDP,Accessible,default_unreported,NA,NA,CARE
NG026007,Kokona,NG026,Nasarawa,Kokona,222.16836143073792,14166.1064453125,Non-IDP,Accessible,default_unreported,NA,NA,CARE
NG026007,Kokona,NG026,Nasarawa,Koya,54.955241609529494,3165.352783203125,Non-IDP,Accessible,default_unreported,NA,NA,CARE
NG026007,Kokona,NG026,Nasarawa,Lizzin Keffi-Ezzein,2.570478872827828,27.511445999145508,Non-IDP,Accessible,default_unreported,NA,NA,CARE
NG026007,Kokona,NG026,Nasarawa,Mada-Station,20.153611365719556,289.6549377441406,Non-IDP,Accessible,default_unreported,NA,NA,CARE
NG026007,Kokona,NG026,Nasarawa,Moroa,17.984570425247668,2271.546875,Non-IDP,Accessible,default_unreported,NA,NA,CARE
NG026007,Kokona,NG026,Nasarawa,Nasarawa North,168.99003428149987,21355.396484375,Non-IDP,Accessible,default_unreported,NA,NA,CARE
NG026007,Kokona,NG026,Nasarawa,Ninkoro,348.7933975734692,14387.490234375,Non-IDP,Accessible,default_unreported,NA,NA,CARE
NG026007,Kokona,NG026,Nasarawa,Odeni Magaji / Udenin,273.6257814708419,7391.09521484375,Non-IDP,Accessible,default_unreported,NA,NA,CARE
NG026007,Kokona,NG026,Nasarawa,Odu,32.448642575583456,565.7608642578125,Non-IDP,Accessible,default_unreported,NA,NA,CARE
NG026007,Kokona,NG026,Nasarawa,Uke,16.981937517917274,3650.4912109375,Non-IDP,Accessible,default_unreported,NA,NA,CARE
NG026007,Kokona,NG026,Nasarawa,Wasa,72.80338812845815,2319.37451171875,Non-IDP,Accessible,default_unreported,NA,NA,CARE
NG026007,Kokona,NG026,Nasarawa,Yelwa,32.97896181729126,534.08416748046875,Non-IDP,Accessible,default_unreported,NA,NA,CARE
NG026008,Lafia,NG026,Nasarawa,Adogi,152.25802966500623,16913.95703125,Non-IDP,Accessible,default_unreported,NA,NA,CARE
NG026008,Lafia,NG026,Nasarawa,Adudu,0.0011256935730010837,0.02240813337266445,Non-IDP,Accessible,default_unreported,NA,NA,CARE
NG026008,Lafia,NG026,Nasarawa,Agwatashi,6.486214286950417e-5,8.16217390820384e-4,Non-IDP,Accessible,default_unreported,NA,NA,CARE
NG026008,Lafia,NG026,Nasarawa,Agyaragu Tofa,95.76514821560123,23910.712890625,Non-IDP,Accessible,default_unreported,NA,NA,CARE
NG026008,Lafia,NG026,Nasarawa,Akurba,279.69036102397274,89184.8984375,Non-IDP,Accessible,default_unreported,NA,NA,CARE
NG026008,Lafia,NG026,Nasarawa,Alagye,0.25170592151737214,114.3513412475586,Non-IDP,Accessible,default_unreported,NA,NA,CARE
NG026008,Lafia,NG026,Nasarawa,Aningo,1.1602207029788041e-4,0.006307998206466436,Non-IDP,Accessible,default_unreported,NA,NA,CARE
NG026008,Lafia,NG026,Nasarawa,Arikya,765.2526995058658,42567.75,Non-IDP,Accessible,default_unreported,NA,NA,CARE
NG026008,Lafia,NG026,Nasarawa,Ashige / Ogah,443.2429489582324,33115.6484375,Non-IDP,Accessible,default_unreported,NA,NA,CARE
NG026008,Lafia,NG026,Nasarawa,Assakio,595.0051322290738,33186.16015625,Non-IDP,Accessible,default_unreported,NA,NA,CARE
NG026008,Lafia,NG026,Nasarawa,Bassa,0.21642304486596584,1.3924559354782104,Non-IDP,Accessible,default_unreported,NA,NA,CARE
NG026008,Lafia,NG026,Nasarawa,Bwall,1.6846684345602988e-4,0.009586676023900509,Non-IDP,Accessible,default_unreported,NA,NA,CARE
NG026008,Lafia,NG026,Nasarawa,Ciroma,26.52682324131638,112320.9609375,Non-IDP,Accessible,default_unreported,NA,NA,CARE
NG026008,Lafia,NG026,Nasarawa,Daddare,8.636968691647053e-4,0.08336197584867477,Non-IDP,Accessible,default_unreported,NA,NA,CARE
NG026008,Lafia,NG026,Nasarawa,Duduguru,2.5357927205794937,933.79180908203125,Non-IDP,Accessible,default_unreported,NA,NA,CARE
NG026008,Lafia,NG026,Nasarawa,Gayam,7.4190393428943455,51750.09375,Non-IDP,Accessible,default_unreported,NA,NA,CARE
NG026008,Lafia,NG026,Nasarawa,Gidan-Ausa 1,0.06766729555625842,443.8960876464844,Non-IDP,Accessible,default_unreported,NA,NA,CARE
NG026008,Lafia,NG026,Nasarawa,Goechim,8.320125234127044e-5,0.00455834437161684,Non-IDP,Accessible,default_unreported,NA,NA,CARE
NG026008,Lafia,NG026,Nasarawa,Ikka-Wangibi,69.41997340270471,1923.90234375,Non-IDP,Accessible,default_unreported,NA,NA,CARE
NG026008,Lafia,NG026,Nasarawa,Jangaru,27.456201660921813,1041.124267578125,Non-IDP,Accessible,default_unreported,NA,NA,CARE
NG026008,Lafia,NG026,Nasarawa,Jimiya,45.73662946368803,1124.564697265625,Non-IDP,Accessible,default_unreported,NA,NA,CARE
NG026008,Lafia,NG026,Nasarawa,Keffin Wambai,209.72014352105808,23074.587890625,Non-IDP,Accessible,default_unreported,NA,NA,CARE
NG026008,Lafia,NG026,Nasarawa,Konvah,4.311921787196666,283.68511962890625,Non-IDP,Accessible,default_unreported,NA,NA,CARE
NG026008,Lafia,NG026,Nasarawa,Kwarra,1.418077794267535,0,Non-IDP,Accessible,default_unreported,NA,NA,CARE
NG026008,Lafia,NG026,Nasarawa,Lambaga-Arikpa,0.8081108988647312,207.28485107421875,Non-IDP,Accessible,default_unreported,NA,NA,CARE
NG026008,Lafia,NG026,Nasarawa,Lizzin Keffi-Ezzein,42.113955929273395,1295.542236328125,Non-IDP,Accessible,default_unreported,NA,NA,CARE
NG026008,Lafia,NG026,Nasarawa,Madaki,0.03779862319600582,129.51156616210938,Non-IDP,Accessible,default_unreported,NA,NA,CARE
NG026008,Lafia,NG026,Nasarawa,Makama,16.959695163840124,23459.306640625,Non-IDP,Accessible,default_unreported,NA,NA,CARE
NG026008,Lafia,NG026,Nasarawa,Mushere West,5.9759434376086236e-5,1.488538400735706e-4,Non-IDP,Accessible,default_unreported,NA,NA,CARE
NG026008,Lafia,NG026,Nasarawa,Namu Central,1.3308296355271203,228.54116821289063,Non-IDP,Accessible,default_unreported,NA,NA,CARE
NG026008,Lafia,NG026,Nasarawa,Nassarawa-Eggon,0.21251021070799417,1.0344878435134888,Non-IDP,Accessible,default_unreported,NA,NA,CARE
NG026008,Lafia,NG026,Nasarawa,Obi,3.627974393288605e-5,5.228496738709509e-4,Non-IDP,Accessible,default_unreported,NA,NA,CARE
NG026008,Lafia,NG026,Nasarawa,Ribi,0.5215267350720614,0,Non-IDP,Accessible,default_unreported,NA,NA,CARE
NG026008,Lafia,NG026,Nasarawa,Sabon-Gari,9.547165158247493,595.55902099609375,Non-IDP,Accessible,default_unreported,NA,NA,CARE
NG026008,Lafia,NG026,Nasarawa,Shabu Kwandare,233.88425685082134,57851.1796875,Non-IDP,Accessible,default_unreported,NA,NA,CARE
NG026008,Lafia,NG026,Nasarawa,Tudun-Adabu,2.8457758438222753e-5,7.164419912442099e-6,Non-IDP,Accessible,default_unreported,NA,NA,CARE
NG026008,Lafia,NG026,Nasarawa,Umme,3.1019676711739077,310.61370849609375,Non-IDP,Accessible,default_unreported,NA,NA,CARE
NG026008,Lafia,NG026,Nasarawa,Wakwa,117.64054233104766,49738.89453125,Non-IDP,Accessible,default_unreported,NA,NA,CARE
NG026008,Lafia,NG026,Nasarawa,Wayo,0.04012078824460506,0,Non-IDP,Accessible,default_unreported,NA,NA,CARE
NG026008,Lafia,NG026,Nasarawa,Zanwa,5.999910473148227,37473.0703125,Non-IDP,Accessible,default_unreported,NA,NA,CARE
NG026010,Nasarawa-Eggon,NG026,Nasarawa,Adogi,6.8061672873528005,93.14775848388672,Non-IDP,Accessible,default_unreported,NA,NA,CARE
NG026010,Nasarawa-Eggon,NG026,Nasarawa,Agyaga,0.08130115065116435,5.420645236968994,Non-IDP,Accessible,default_unreported,NA,NA,CARE
NG026010,Nasarawa-Eggon,NG026,Nasarawa,Akwanga East,35.28397892995173,7365.07568359375,Non-IDP,Accessible,default_unreported,NA,NA,CARE
NG026010,Nasarawa-Eggon,NG026,Nasarawa,Akwanga West,12.308450849711374,10916.3857421875,Non-IDP,Accessible,default_unreported,NA,NA,CARE
NG026010,Nasarawa-Eggon,NG026,Nasarawa,Alogani,181.78606130316544,13677.9755859375,Non-IDP,Accessible,default_unreported,NA,NA,CARE
NG026010,Nasarawa-Eggon,NG026,Nasarawa,Alushi-Ginda / Aloce,90.93955260632325,6088.04150390625,Non-IDP,Accessible,default_unreported,NA,NA,CARE
NG026010,Nasarawa-Eggon,NG026,Nasarawa,Arikya,106.46996807320377,12325.005859375,Non-IDP,Accessible,default_unreported,NA,NA,CARE
NG026010,Nasarawa-Eggon,NG026,Nasarawa,Ashige / Ogah,0.38689960627937314,5.379402160644531,Non-IDP,Accessible,default_unreported,NA,NA,CARE
NG026010,Nasarawa-Eggon,NG026,Nasarawa,Ende,54.23079178379011,9695.66015625,Non-IDP,Accessible,default_unreported,NA,NA,CARE
NG026010,Nasarawa-Eggon,NG026,Nasarawa,Gudi,15.231432024142503,1756.783935546875,Non-IDP,Accessible,default_unreported,NA,NA,CARE
NG026010,Nasarawa-Eggon,NG026,Nasarawa,Gwanje,18.122922370168567,4907.27587890625,Non-IDP,Accessible,default_unreported,NA,NA,CARE
NG026010,Nasarawa-Eggon,NG026,Nasarawa,Igga-Burum Burum,141.99707452357234,8105.17822265625,Non-IDP,Accessible,default_unreported,NA,NA,CARE
NG026010,Nasarawa-Eggon,NG026,Nasarawa,Ikka-Wangibi,94.06801919054443,4233.67626953125,Non-IDP,Accessible,default_unreported,NA,NA,CARE
NG026010,Nasarawa-Eggon,NG026,Nasarawa,Kagbu,161.84179455787486,4257.421875,Non-IDP,Accessible,default_unreported,NA,NA,CARE
NG026010,Nasarawa-Eggon,NG026,Nasarawa,Keffin Wambai,3.565012508844912,518.71539306640625,Non-IDP,Accessible,default_unreported,NA,NA,CARE
NG026010,Nasarawa-Eggon,NG026,Nasarawa,Lambaga-Arikpa,81.24730097526442,18567.65234375,Non-IDP,Accessible,default_unreported,NA,NA,CARE
NG026010,Nasarawa-Eggon,NG026,Nasarawa,Lizzin Keffi-Ezzein,57.93790233315949,5589.7705078125,Non-IDP,Accessible,default_unreported,NA,NA,CARE
NG026010,Nasarawa-Eggon,NG026,Nasarawa,Mada-Station,79.79514917893613,4214.5400390625,Non-IDP,Accessible,default_unreported,NA,NA,CARE
NG026010,Nasarawa-Eggon,NG026,Nasarawa,Nassarawa-Eggon,83.04611438809236,50664.18359375,Non-IDP,Accessible,default_unreported,NA,NA,CARE
NG026010,Nasarawa-Eggon,NG026,Nasarawa,Ogbabi / Agunji,27.63767379641062,1467.0467529296875,Non-IDP,Accessible,default_unreported,NA,NA,CARE
NG026010,Nasarawa-Eggon,NG026,Nasarawa,Shabu Kwandare,15.139359588188082,648.9952392578125,Non-IDP,Accessible,default_unreported,NA,NA,CARE
NG026010,Nasarawa-Eggon,NG026,Nasarawa,Ubbe-Ogba,20.104632532433897,4206.099609375,Non-IDP,Accessible,default_unreported,NA,NA,CARE
NG026010,Nasarawa-Eggon,NG026,Nasarawa,Umme,164.93433704377998,11324.5361328125,Non-IDP,Accessible,default_unreported,NA,NA,CARE
NG026010,Nasarawa-Eggon,NG026,Nasarawa,Wakama,33.243895451014815,7297.24365234375,Non-IDP,Accessible,default_unreported,NA,NA,CARE
NG026010,Nasarawa-Eggon,NG026,Nasarawa,Wamba West,0.3302002058469057,0,Non-IDP,Accessible,default_unreported,NA,NA,CARE
NG026010,Nasarawa-Eggon,NG026,Nasarawa,Wayo,2.4903631653575005,48.66364669799805,Non-IDP,Accessible,default_unreported,NA,NA,CARE
NG026011,Obi,NG026,Nasarawa,Adogi,2.4892765181339997e-5,6.488300859928131e-4,Non-IDP,Accessible,default_unreported,NA,NA,CARE
NG026011,Obi,NG026,Nasarawa,Adudu,113.19360968441512,6338.873046875,Non-IDP,Accessible,default_unreported,NA,NA,CARE
NG026011,Obi,NG026,Nasarawa,Agaza,0.002575194993019104,0,Non-IDP,Accessible,default_unreported,NA,NA,CARE
NG026011,Obi,NG026,Nasarawa,Agwatashi,194.1694431486597,14188.4052734375,Non-IDP,Accessible,default_unreported,NA,NA,CARE
NG026011,Obi,NG026,Nasarawa,Agyaragu Tofa,31.861837562707215,20438.34765625,Non-IDP,Accessible,default_unreported,NA,NA,CARE
NG026011,Obi,NG026,Nasarawa,Aloshi,1.0353098158980538e-4,0.004968012683093548,Non-IDP,Accessible,default_unreported,NA,NA,CARE
NG026011,Obi,NG026,Nasarawa,Ashige / Ogah,7.742224991321563e-6,2.4229020345956087e-4,Non-IDP,Accessible,default_unreported,NA,NA,CARE
NG026011,Obi,NG026,Nasarawa,Assakio,1.1097222209908068e-4,0.0013051270507276058,Non-IDP,Accessible,default_unreported,NA,NA,CARE
NG026011,Obi,NG026,Nasarawa,Daddare,92.92616296524115,18525.494140625,Non-IDP,Accessible,default_unreported,NA,NA,CARE
NG026011,Obi,NG026,Nasarawa,Duduguru,89.00056107312572,14492.8271484375,Non-IDP,Accessible,default_unreported,NA,NA,CARE
NG026011,Obi,NG026,Nasarawa,Galadima,0.4019283484508395,4.6586222648620605,Non-IDP,Accessible,default_unreported,NA,NA,CARE
NG026011,Obi,NG026,Nasarawa,Gidan-Ausa 1,27.744527913226932,17020.052734375,Non-IDP,Accessible,default_unreported,NA,NA,CARE
NG026011,Obi,NG026,Nasarawa,Gidan-Ausa 2,195.30363807205802,10549.8095703125,Non-IDP,Accessible,default_unreported,NA,NA,CARE
NG026011,Obi,NG026,Nasarawa,Gwadenye,63.37534248850995,10773.5380859375,Non-IDP,Accessible,default_unreported,NA,NA,CARE
NG026011,Obi,NG026,Nasarawa,Jangaru,3.3337607680676538,185.8347930908203,Non-IDP,Accessible,default_unreported,NA,NA,CARE
NG026011,Obi,NG026,Nasarawa,Kanje-Abuni,22.074547049534917,6760.74365234375,Non-IDP,Accessible,default_unreported,NA,NA,CARE
NG026011,Obi,NG026,Nasarawa,Kyakale,55.18579955704081,2306.416748046875,Non-IDP,Accessible,default_unreported,NA,NA,CARE
NG026011,Obi,NG026,Nasarawa,Madaki,41.4751260570718,3050.3388671875,Non-IDP,Accessible,default_unreported,NA,NA,CARE
NG026011,Obi,NG026,Nasarawa,Obi,196.86473088053603,20051.0234375,Non-IDP,Accessible,default_unreported,NA,NA,CARE
NG026011,Obi,NG026,Nasarawa,Sabon-Gari,0.8209380644782078,180.79458618164063,Non-IDP,Accessible,default_unreported,NA,NA,CARE
NG026011,Obi,NG026,Nasarawa,Tudun-Adabu,80.78157391987693,7048.40869140625,Non-IDP,Accessible,default_unreported,NA,NA,CARE
NG026011,Obi,NG026,Nasarawa,Wakwa,0.03416719434427008,5.673112869262695,Non-IDP,Accessible,default_unreported,NA,NA,CARE
NG032001,Barikin Ladi,NG032,Plateau,Aboro,5.2573624506592753e-5,0,Non-IDP,Accessible,default_unreported,NA,NA,CRS
NG032001,Barikin Ladi,NG032,Plateau,Butura,3.586952254124869,1067.6422119140625,Non-IDP,Accessible,default_unreported,NA,NA,CRS
NG032001,Barikin Ladi,NG032,Plateau,Du A,2.6655334755778312e-5,0.013377956114709377,Non-IDP,Accessible,default_unreported,NA,NA,CRS
NG032001,Barikin Ladi,NG032,Plateau,Fobur B West,3.221020021389842,409.60443115234375,Non-IDP,Accessible,default_unreported,NA,NA,CRS
NG032001,Barikin Ladi,NG032,Plateau,Fursum East,10.665607226029634,1103.0462646484375,Non-IDP,Accessible,default_unreported,NA,NA,CRS
NG032001,Barikin Ladi,NG032,Plateau,Gafat,30.642309432071208,17200.08984375,Non-IDP,Accessible,default_unreported,NA,NA,CRS
NG032001,Barikin Ladi,NG032,Plateau,Gassa,46.12103954090452,24038.072265625,Non-IDP,Accessible,default_unreported,NA,NA,CRS
NG032001,Barikin Ladi,NG032,Plateau,Gindin Akwati,107.41320503673667,25159.103515625,Non-IDP,Accessible,default_unreported,NA,NA,CRS
NG032001,Barikin Ladi,NG032,Plateau,Halle,7.57213845207274,2200.411376953125,Non-IDP,Accessible,default_unreported,NA,NA,CRS
NG032001,Barikin Ladi,NG032,Plateau,Heipang,71.05789169672794,43968.4140625,Non-IDP,Accessible,default_unreported,NA,NA,CRS
NG032001,Barikin Ladi,NG032,Plateau,Jol,4.387310569585085,1933.344482421875,Non-IDP,Accessible,default_unreported,NA,NA,CRS
NG032001,Barikin Ladi,NG032,Plateau,Kadunu,5.046943138102412,210.6953887939453,Non-IDP,Accessible,default_unreported,NA,NA,CRS
NG032001,Barikin Ladi,NG032,Plateau,Kakuruk,61.184661682180106,17967.689453125,Non-IDP,Accessible,default_unreported,NA,NA,CRS
NG032001,Barikin Ladi,NG032,Plateau,Kamang / Nafok,27.610852881778836,9358.796875,Non-IDP,Accessible,default_unreported,NA,NA,CRS
NG032001,Barikin Ladi,NG032,Plateau,Kapwen,43.060801559949496,8920.5068359375,Non-IDP,Accessible,default_unreported,NA,NA,CRS
NG032001,Barikin Ladi,NG032,Plateau,Kapwis,79.25505931513202,24796.013671875,Non-IDP,Accessible,default_unreported,NA,NA,CRS
NG032001,Barikin Ladi,NG032,Plateau,Kurra Falls,132.61723733277762,22542.255859375,Non-IDP,Accessible,default_unreported,NA,NA,CRS
NG032001,Barikin Ladi,NG032,Plateau,Kuru A,1.7956551490351557e-5,0.001131659373641014,Non-IDP,Accessible,default_unreported,NA,NA,CRS
NG032001,Barikin Ladi,NG032,Plateau,Kwatas,2.4812481057344673,309.7781982421875,Non-IDP,Accessible,default_unreported,NA,NA,CRS
NG032001,Barikin Ladi,NG032,Plateau,Kwi,0.4966291712651253,178.2253875732422,Non-IDP,Accessible,default_unreported,NA,NA,CRS
NG032001,Barikin Ladi,NG032,Plateau,Langai,0.915696878033638,57.0365104675293,Non-IDP,Accessible,default_unreported,NA,NA,CRS
NG032001,Barikin Ladi,NG032,Plateau,Lobring,69.7697203586669,18614.802734375,Non-IDP,Accessible,default_unreported,NA,NA,CRS
NG032001,Barikin Ladi,NG032,Plateau,Marit,26.3721818684144,5377.49169921875,Non-IDP,Accessible,default_unreported,NA,NA,CRS
NG032001,Barikin Ladi,NG032,Plateau,Mazat,51.35505970544243,15904.8603515625,Non-IDP,Accessible,default_unreported,NA,NA,CRS
NG032001,Barikin Ladi,NG032,Plateau,Pwomo / Chit,3.194638343192339,446.05438232421875,Non-IDP,Accessible,default_unreported,NA,NA,CRS
NG032001,Barikin Ladi,NG032,Plateau,Rafan,89.03567680913115,18394.02734375,Non-IDP,Accessible,default_unreported,NA,NA,CRS
NG032001,Barikin Ladi,NG032,Plateau,Rakwok,39.54600300995838,37700.62890625,Non-IDP,Accessible,default_unreported,NA,NA,CRS
NG032001,Barikin Ladi,NG032,Plateau,Shen,1.6682449638843536e-4,0.06967268884181976,Non-IDP,Accessible,default_unreported,NA,NA,CRS
NG032001,Barikin Ladi,NG032,Plateau,Sho,33.33743361353123,4587.5478515625,Non-IDP,Accessible,default_unreported,NA,NA,CRS
NG032001,Barikin Ladi,NG032,Plateau,Tafan A,78.51022370911502,26009.162109375,Non-IDP,Accessible,default_unreported,NA,NA,CRS
NG032001,Barikin Ladi,NG032,Plateau,Tafan B,54.86477128355241,13729.3740234375,Non-IDP,Accessible,default_unreported,NA,NA,CRS
NG032001,Barikin Ladi,NG032,Plateau,Takwok,12.122545428637684,12499.9794921875,Non-IDP,Accessible,default_unreported,NA,NA,CRS
NG032001,Barikin Ladi,NG032,Plateau,Turu B,3.07653786531082e-5,0.0032161420676857233,Non-IDP,Accessible,default_unreported,NA,NA,CRS
NG032001,Barikin Ladi,NG032,Plateau,Zabot,91.68590573022574,38542.19921875,Non-IDP,Accessible,default_unreported,NA,NA,CRS
NG032002,Bassa,NG032,Plateau,Abadawa,20.307009116562842,2165.005126953125,Non-IDP,Accessible,default_unreported,NA,NA,CRS
NG032002,Bassa,NG032,Plateau,Ahwol,0.6667428420070776,1204.894287109375,Non-IDP,Accessible,default_unreported,NA,NA,CRS
NG032002,Bassa,NG032,Plateau,Assak,69.95467388101459,14838.986328125,Non-IDP,Accessible,default_unreported,NA,NA,CRS
NG032002,Bassa,NG032,Plateau,Badurum,10.703398703561804,629.9588623046875,Non-IDP,Accessible,default_unreported,NA,NA,CRS
NG032002,Bassa,NG032,Plateau,Bakin Kogi,174.46744506032596,9213.0537109375,Non-IDP,Accessible,default_unreported,NA,NA,CRS
NG032002,Bassa,NG032,Plateau,Buhit,64.00736226523256,52509.98046875,Non-IDP,Accessible,default_unreported,NA,NA,CRS
NG032002,Bassa,NG032,Plateau,Buji,99.29066942918682,5609.9443359375,Non-IDP,Accessible,default_unreported,NA,NA,CRS
NG032002,Bassa,NG032,Plateau,Bum,33.52309521471179,2643.56982421875,Non-IDP,Accessible,default_unreported,NA,NA,CRS
NG032002,Bassa,NG032,Plateau,Chugwi,1.5333146080374717e-6,0,Non-IDP,Accessible,default_unreported,NA,NA,CRS
NG032002,Bassa,NG032,Plateau,Damakasuwa,35.506345595899106,1818.1439208984375,Non-IDP,Accessible,default_unreported,NA,NA,CRS
NG032002,Bassa,NG032,Plateau,Fangroi,0.15208675727583468,0.07928045094013214,Non-IDP,Accessible,default_unreported,NA,NA,CRS
NG032002,Bassa,NG032,Plateau,Gabia,33.90935453485788,6213.7568359375,Non-IDP,Accessible,default_unreported,NA,NA,CRS
NG032002,Bassa,NG032,Plateau,Garu Mariri,78.53980929936063,8300.75,Non-IDP,Accessible,default_unreported,NA,NA,CRS
NG032002,Bassa,NG032,Plateau,Gurum A,24.952147928745514,5489.681640625,Non-IDP,Accessible,default_unreported,NA,NA,CRS
NG032002,Bassa,NG032,Plateau,Gurum B,159.12524780501676,28938.31640625,Non-IDP,Accessible,default_unreported,NA,NA,CRS
NG032002,Bassa,NG032,Plateau,Gyel B,1.60252710082677,90.16887664794922,Non-IDP,Accessible,default_unreported,NA,NA,CRS
NG032002,Bassa,NG032,Plateau,Jengere,196.12913122471323,46697.859375,Non-IDP,Accessible,default_unreported,NA,NA,CRS
NG032002,Bassa,NG032,Plateau,Kabong,0.7756554955657273,668.1336669921875,Non-IDP,Accessible,default_unreported,NA,NA,CRS
NG032002,Bassa,NG032,Plateau,Kadamo,57.31513144634485,5321.88037109375,Non-IDP,Accessible,default_unreported,NA,NA,CRS
NG032002,Bassa,NG032,Plateau,Kakkek,78.71610886440635,15825.2138671875,Non-IDP,Accessible,default_unreported,NA,NA,CRS
NG032002,Bassa,NG032,Plateau,Kamaru,17.248328631855248,703.54132080078125,Non-IDP,Accessible,default_unreported,NA,NA,CRS
NG032002,Bassa,NG032,Plateau,Kasuru,106.34601342018438,10906.837890625,Non-IDP,Accessible,default_unreported,NA,NA,CRS
NG032002,Bassa,NG032,Plateau,Kimikpa,65.57175202867079,10028.2646484375,Non-IDP,Accessible,default_unreported,NA,NA,CRS
NG032002,Bassa,NG032,Plateau,Kishika,79.8110562946912,12821.111328125,Non-IDP,Accessible,default_unreported,NA,NA,CRS
NG032002,Bassa,NG032,Plateau,Lazuru Tuddai,24.50303878395569,2771.203857421875,Non-IDP,Accessible,default_unreported,NA,NA,CRS
NG032002,Bassa,NG032,Plateau,Mafara,109.2577198917566,9417.599609375,Non-IDP,Accessible,default_unreported,NA,NA,CRS
NG032002,Bassa,NG032,Plateau,Rahama,4.3255900139036845,307.1586608886719,Non-IDP,Accessible,default_unreported,NA,NA,CRS
NG032002,Bassa,NG032,Plateau,Ribina West,8.107612872123718e-5,1.6209831237792969,Non-IDP,Accessible,default_unreported,NA,NA,CRS
NG032002,Bassa,NG032,Plateau,Rigiza / Targwong,3.915383957634549e-5,0.002595397876575589,Non-IDP,Accessible,default_unreported,NA,NA,CRS
NG032002,Bassa,NG032,Plateau,Rimi,77.77736586114968,8238.8115234375,Non-IDP,Accessible,default_unreported,NA,NA,CRS
NG032002,Bassa,NG032,Plateau,Sot,2.3933645641443135,110.38267517089844,Non-IDP,Accessible,default_unreported,NA,NA,CRS
NG032002,Bassa,NG032,Plateau,Taagbe,30.88132495065284,2795.563232421875,Non-IDP,Accessible,default_unreported,NA,NA,CRS
NG032002,Bassa,NG032,Plateau,Tahu,99.72143871693349,28668.2109375,Non-IDP,Accessible,default_unreported,NA,NA,CRS
NG032002,Bassa,NG032,Plateau,Tilde,15.433157927085876,2893.6904296875,Non-IDP,Accessible,default_unreported,NA,NA,CRS
NG032002,Bassa,NG032,Plateau,Tudun Wada,0.10413349875235557,82.87803649902344,Non-IDP,Accessible,default_unreported,NA,NA,CRS
NG032002,Bassa,NG032,Plateau,Vwang,0.9028209508504867,106.657958984375,Non-IDP,Accessible,default_unreported,NA,NA,CRS
NG032002,Bassa,NG032,Plateau,Wonu North,1.4968316933512688e-4,0.003451645839959383,Non-IDP,Accessible,default_unreported,NA,NA,CRS
NG032002,Bassa,NG032,Plateau,Wonu South,4.907536274194718e-5,0.006124462001025677,Non-IDP,Accessible,default_unreported,NA,NA,CRS
NG032002,Bassa,NG032,Plateau,Zabolo,169.1228632665913,21512.361328125,Non-IDP,Accessible,default_unreported,NA,NA,CRS
NG032002,Bassa,NG032,Plateau,Zalau,6.963098199665547e-5,0.0023834421299397945,Non-IDP,Accessible,default_unreported,NA,NA,CRS
NG032002,Bassa,NG032,Plateau,Zobwo,13.733074548224211,3417.228515625,Non-IDP,Accessible,default_unreported,NA,NA,CRS
NG032003,Bokkos,NG032,Plateau,Aboro,2.50813075453043e-5,5.232556213741191e-5,Non-IDP,Accessible,default_unreported,NA,NA,CRS
NG032003,Bokkos,NG032,Plateau,Ambul / Bargesh,50.08425043492371,6156.267578125,Non-IDP,Accessible,default_unreported,NA,NA,CRS
NG032003,Bokkos,NG032,Plateau,Ampang,7.044474867223501,2217.00927734375,Non-IDP,Accessible,default_unreported,NA,NA,CRS
NG032003,Bokkos,NG032,Plateau,Arikya,1.5479243455491086e-4,1.9273468933533877e-4,Non-IDP,Accessible,default_unreported,NA,NA,CRS
NG032003,Bokkos,NG032,Plateau,Ayu,16.8370952079024,439.709716796875,Non-IDP,Accessible,default_unreported,NA,NA,CRS
NG032003,Bokkos,NG032,Plateau,Bokkos Central,83.85548469804858,25640.583984375,Non-IDP,Accessible,default_unreported,NA,NA,CRS
NG032003,Bokkos,NG032,Plateau,Bokkos West,35.67980960801792,29091.27734375,Non-IDP,Accessible,default_unreported,NA,NA,CRS
NG032003,Bokkos,NG032,Plateau,Butura,121.16028058295393,38168.359375,Non-IDP,Accessible,default_unreported,NA,NA,CRS
NG032003,Bokkos,NG032,Plateau,Chakfem,9.719326551082133,618.69622802734375,Non-IDP,Accessible,default_unreported,NA,NA,CRS
NG032003,Bokkos,NG032,Plateau,Daffo,120.50664021171713,28790.759765625,Non-IDP,Accessible,default_unreported,NA,NA,CRS
NG032003,Bokkos,NG032,Plateau,Gindin Akwati,13.396317701111316,5240.8466796875,Non-IDP,Accessible,default_unreported,NA,NA,CRS
NG032003,Bokkos,NG032,Plateau,Goechim,0.4408433941913843,44.77458190917969,Non-IDP,Accessible,default_unreported,NA,NA,CRS
NG032003,Bokkos,NG032,Plateau,Halle,0.3230817715511322,1.9917830228805542,Non-IDP,Accessible,default_unreported,NA,NA,CRS
NG032003,Bokkos,NG032,Plateau,Jimiya,9.645646408293396e-5,0,Non-IDP,Accessible,default_unreported,NA,NA,CRS
NG032003,Bokkos,NG032,Plateau,Kamwai,23.035370796778054,2240.986083984375,Non-IDP,Accessible,default_unreported,NA,NA,CRS
NG032003,Bokkos,NG032,Plateau,Kerang,1.7271280772157311,42.17327117919922,Non-IDP,Accessible,default_unreported,NA,NA,CRS
NG032003,Bokkos,NG032,Plateau,Kombun,0.6298266601685881,43.389366149902344,Non-IDP,Accessible,default_unreported,NA,NA,CRS
NG032003,Bokkos,NG032,Plateau,Kurra Falls,96.0689999128862,11223.7099609375,Non-IDP,Accessible,default_unreported,NA,NA,CRS
NG032003,Bokkos,NG032,Plateau,Kwatas,105.43902988497257,22335.740234375,Non-IDP,Accessible,default_unreported,NA,NA,CRS
NG032003,Bokkos,NG032,Plateau,Mandar,11.673883824930419,2774.760009765625,Non-IDP,Accessible,default_unreported,NA,NA,CRS
NG032003,Bokkos,NG032,Plateau,Mangar,2.2859855114744186e-4,0.012626037001609802,Non-IDP,Accessible,default_unreported,NA,NA,CRS
NG032003,Bokkos,NG032,Plateau,Mangor,107.91509568846512,16531.720703125,Non-IDP,Accessible,default_unreported,NA,NA,CRS
NG032003,Bokkos,NG032,Plateau,Mangu 11,6.879113941438019,627.9530029296875,Non-IDP,Accessible,default_unreported,NA,NA,CRS
NG032003,Bokkos,NG032,Plateau,Mangun,26.50873344446355,2959.472900390625,Non-IDP,Accessible,default_unreported,NA,NA,CRS
NG032003,Bokkos,NG032,Plateau,Manguna,78.71855007679272,13461.2216796875,Non-IDP,Accessible,default_unreported,NA,NA,CRS
NG032003,Bokkos,NG032,Plateau,Margif / Kopmur,52.236984682630954,13135.1533203125,Non-IDP,Accessible,default_unreported,NA,NA,CRS
NG032003,Bokkos,NG032,Plateau,Mazat,2.511964813000202,1874.593994140625,Non-IDP,Accessible,default_unreported,NA,NA,CRS
NG032003,Bokkos,NG032,Plateau,Mbar / Margar,203.62097259349275,33264.2578125,Non-IDP,Accessible,default_unreported,NA,NA,CRS
NG032003,Bokkos,NG032,Plateau,Mushere Central,81.05044928198815,10516.2373046875,Non-IDP,Accessible,default_unreported,NA,NA,CRS
NG032003,Bokkos,NG032,Plateau,Mushere North,47.36229989923369,18087.56640625,Non-IDP,Accessible,default_unreported,NA,NA,CRS
NG032003,Bokkos,NG032,Plateau,Mushere West,234.2935174369948,15800.533203125,Non-IDP,Accessible,default_unreported,NA,NA,CRS
NG032003,Bokkos,NG032,Plateau,Richa,170.6475389800521,17558.896484375,Non-IDP,Accessible,default_unreported,NA,NA,CRS
NG032003,Bokkos,NG032,Plateau,Sha,157.74166669014483,20341.90625,Non-IDP,Accessible,default_unreported,NA,NA,CRS
NG032003,Bokkos,NG032,Plateau,Tangur,150.09213859561353,39185.90625,Non-IDP,Accessible,default_unreported,NA,NA,CRS
NG032003,Bokkos,NG032,Plateau,Toff,33.66319193490541,3337.0654296875,Non-IDP,Accessible,default_unreported,NA,NA,CRS
NG032011,Mangu,NG032,Plateau,Ampang,95.45380602622986,24167.28515625,Non-IDP,Accessible,confirmed_by_partner_report (blank row - not flagged),NA,NA,COOPI
NG032011,Mangu,NG032,Plateau,Bokkos Central,1.5759046707105637,92.79085540771484,Non-IDP,Accessible,default_unreported,NA,NA,COOPI
NG032011,Mangu,NG032,Plateau,Bwall,5.60010851738739,0.6055143475532532,Non-IDP,Accessible,default_unreported,NA,NA,COOPI
NG032011,Mangu,NG032,Plateau,Bwonpe,33.67256660526121,9435.8935546875,Non-IDP,Accessible,confirmed_by_partner_report (blank row - not flagged),NA,NA,COOPI
NG032011,Mangu,NG032,Plateau,Chakfem,95.18008284298467,2555.8408203125,Non-IDP,Accessible,default_unreported,NA,NA,COOPI
NG032011,Mangu,NG032,Plateau,Chanso,44.04864888474661,10397.1455078125,Non-IDP,Accessible,default_unreported,NA,NA,COOPI
NG032011,Mangu,NG032,Plateau,Doka East,5.872331942127129,219.65525817871094,Non-IDP,Accessible,default_unreported,NA,NA,COOPI
NG032011,Mangu,NG032,Plateau,Doka West,0.03867003027564287,15.811880111694336,Non-IDP,Accessible,default_unreported,NA,NA,COOPI
NG032011,Mangu,NG032,Plateau,Fier,4.6331097491744755,964.116455078125,Non-IDP,Accessible,default_unreported,NA,NA,COOPI
NG032011,Mangu,NG032,Plateau,Fursum East,1.8624384765786528,98.60066986083984,Non-IDP,Accessible,default_unreported,NA,NA,COOPI
NG032011,Mangu,NG032,Plateau,Gindiri 1,63.038425776768655,17396.1640625,Non-IDP,Accessible,default_unreported,NA,NA,COOPI
NG032011,Mangu,NG032,Plateau,Gindiri 2,73.92864318654179,21334.51953125,Non-IDP,Accessible,confirmed_by_partner_report (blank row - not flagged),NA,NA,COOPI
NG032011,Mangu,NG032,Plateau,Goechim,18.906255607703297,25.35428810119629,Non-IDP,Accessible,default_unreported,NA,NA,COOPI
NG032011,Mangu,NG032,Plateau,Halle,158.9194578344823,36957.10546875,Non-IDP,Accessible,confirmed_by_partner_report (blank row - not flagged),NA,NA,COOPI
NG032011,Mangu,NG032,Plateau,Jannaret,32.42244783567059,8004.96337890625,Non-IDP,Accessible,confirmed_by_partner_report (blank row - not flagged),NA,NA,COOPI
NG032011,Mangu,NG032,Plateau,Jiblik,7.794960246116162,512.48291015625,Non-IDP,Accessible,default_unreported,NA,NA,COOPI
NG032011,Mangu,NG032,Plateau,Jipal,116.48083289317321,7629.955078125,Non-IDP,Accessible,default_unreported,NA,NA,COOPI
NG032011,Mangu,NG032,Plateau,Kadunu,109.42414816417694,19744.21875,Non-IDP,Accessible,default_unreported,NA,NA,COOPI
NG032011,Mangu,NG032,Plateau,Kagu,6.549346545080423,66.640716552734375,Non-IDP,Accessible,default_unreported,NA,NA,COOPI
NG032011,Mangu,NG032,Plateau,Kangshu,2.207601460315883,673.53521728515625,Non-IDP,Accessible,default_unreported,NA,NA,COOPI
NG032011,Mangu,NG032,Plateau,Kapwis,5.12892667206935,1623.5140380859375,Non-IDP,Accessible,default_unreported,NA,NA,COOPI
NG032011,Mangu,NG032,Plateau,Kardam B,8.018791037363588,1866.48193359375,Non-IDP,Accessible,default_unreported,NA,NA,COOPI
NG032011,Mangu,NG032,Plateau,Kardam C,9.64178956173332,161.2043914794922,Non-IDP,Accessible,default_unreported,NA,NA,COOPI
NG032011,Mangu,NG032,Plateau,Kasuwan Ali,4.241415355194092,237.05718994140625,Non-IDP,Accessible,default_unreported,NA,NA,COOPI
NG032011,Mangu,NG032,Plateau,Kerang,88.17257193813717,32249.96875,Non-IDP,Accessible,confirmed_by_partner_report (blank row - not flagged),NA,NA,COOPI
NG032011,Mangu,NG032,Plateau,Kombun,204.66066259241586,45203.3359375,Non-IDP,Accessible,default_unreported,NA,NA,COOPI
NG032011,Mangu,NG032,Plateau,Kwa,0.8945008401936889,172.88302612304688,Non-IDP,Accessible,default_unreported,NA,NA,COOPI
NG032011,Mangu,NG032,Plateau,Kwatas,1.8041889536694586,233.0978240966797,Non-IDP,Accessible,default_unreported,NA,NA,COOPI
NG032011,Mangu,NG032,Plateau,Langai,96.75462205142703,14152.0361328125,Non-IDP,Accessible,confirmed_by_partner_report (blank row - not flagged),NA,NA,COOPI
NG032011,Mangu,NG032,Plateau,Lankan,7.167853273337841,1897.0638427734375,Non-IDP,Accessible,default_unreported,NA,NA,COOPI
NG032011,Mangu,NG032,Plateau,Latok,10.839205325047493,14.506117820739746,Non-IDP,Accessible,default_unreported,NA,NA,COOPI
NG032011,Mangu,NG032,Plateau,Lere North,5.309484133099173,571.74005126953125,Non-IDP,Accessible,default_unreported,NA,NA,COOPI
NG032011,Mangu,NG032,Plateau,Lobring,3.365564092367768,958.71051025390625,Non-IDP,Accessible,default_unreported,NA,NA,COOPI
NG032011,Mangu,NG032,Plateau,Majuju Doss,1.6971992405939103,335.1996154785156,Non-IDP,Accessible,default_unreported,NA,NA,COOPI
NG032011,Mangu,NG032,Plateau,Mangu 1,53.201076039849994,41208.30078125,Non-IDP,Accessible,confirmed_by_partner_report (blank row - not flagged),NA,NA,COOPI
NG032011,Mangu,NG032,Plateau,Mangu 11,79.23875477196195,53459.1484375,Non-IDP,Accessible,confirmed_by_partner_report (blank row - not flagged),NA,NA,COOPI
NG032011,Mangu,NG032,Plateau,Mangun,147.34216715075897,23728.984375,Non-IDP,Accessible,confirmed_by_partner_report (blank row - not flagged),NA,NA,COOPI
NG032011,Mangu,NG032,Plateau,Marit,3.5250183835566045,230.23431396484375,Non-IDP,Accessible,default_unreported,NA,NA,COOPI
NG032011,Mangu,NG032,Plateau,Mushere Central,7.644607433079719,1047.4698486328125,Non-IDP,Accessible,default_unreported,NA,NA,COOPI
NG032011,Mangu,NG032,Plateau,Panyam North,124.22926583896506,42683.76171875,Non-IDP,Accessible,confirmed_by_partner_report (blank row - not flagged),NA,NA,COOPI
NG032011,Mangu,NG032,Plateau,Panyam South,34.81601193250036,9300.43359375,Non-IDP,Accessible,default_unreported,NA,NA,COOPI
NG032011,Mangu,NG032,Plateau,Pushit,129.91925528228163,54905.40625,Non-IDP,Accessible,confirmed_by_partner_report (blank row - not flagged),NA,NA,COOPI
NG032011,Mangu,NG032,Plateau,Tafan B,5.915181645131171,1035.8353271484375,Non-IDP,Accessible,default_unreported,NA,NA,COOPI
NG032011,Mangu,NG032,Plateau,Tangur,10.197198410317212,1956.45263671875,Non-IDP,Accessible,default_unreported,NA,NA,COOPI
NG032011,Mangu,NG032,Plateau,Tapshin,3.5531878974854947,1018.7465209960938,Non-IDP,Accessible,default_unreported,NA,NA,COOPI
NG032015,Riyom,NG032,Plateau,Aboro,2.445532271759797,429.4985656738281,Non-IDP,Accessible,default_unreported,NA,NA,COOPI
NG032015,Riyom,NG032,Plateau,Attakar,70.76033469161284,12861.2255859375,Non-IDP,Accessible,confirmed_by_partner_report (blank row - not flagged),NA,NA,COOPI
NG032015,Riyom,NG032,Plateau,Atuku,1.8016834295945763,550.6212158203125,Non-IDP,Accessible,default_unreported,NA,NA,COOPI
NG032015,Riyom,NG032,Plateau,Bondong,3.8226839492939395,462.30657958984375,Non-IDP,Accessible,confirmed_by_partner_report (blank row - not flagged),NA,NA,COOPI
NG032015,Riyom,NG032,Plateau,Bum,61.792364228611916,11095.591796875,Non-IDP,Accessible,confirmed_by_partner_report (blank row - not flagged),NA,NA,COOPI
NG032015,Riyom,NG032,Plateau,Chugwi,0.79471054163469,220.3043975830078,Non-IDP,Accessible,default_unreported,NA,NA,COOPI
NG032015,Riyom,NG032,Plateau,Danto,14.815447742889404,17100.130859375,Non-IDP,Accessible,confirmed_by_partner_report (blank row - not flagged),NA,NA,COOPI
NG032015,Riyom,NG032,Plateau,Fangroi,29.97513804279399,21700.732421875,Non-IDP,Accessible,confirmed_by_partner_report (blank row - not flagged),NA,NA,COOPI
NG032015,Riyom,NG032,Plateau,Gassa,2.814972719223261,89.85734558105469,Non-IDP,Accessible,default_unreported,NA,NA,COOPI
NG032015,Riyom,NG032,Plateau,Gidan Waya,2.3830196210433843,1775.478271484375,Non-IDP,Accessible,default_unreported,NA,NA,COOPI
NG032015,Riyom,NG032,Plateau,Gura,66.50893123737639,26166.453125,Non-IDP,Accessible,confirmed_by_partner_report (blank row - not flagged),NA,NA,COOPI
NG032015,Riyom,NG032,Plateau,Heipang,0.045338161269849346,5.7431778083261165e-11,Non-IDP,Accessible,default_unreported,NA,NA,COOPI
NG032015,Riyom,NG032,Plateau,Jol,80.10042861848879,14333.6015625,Non-IDP,Accessible,confirmed_by_partner_report (blank row - not flagged),NA,NA,COOPI
NG032015,Riyom,NG032,Plateau,Kakuruk,31.32337388345623,10864.1845703125,Non-IDP,Accessible,confirmed_by_partner_report (blank row - not flagged),NA,NA,COOPI
NG032015,Riyom,NG032,Plateau,Kamaru,0.0012019166015461086,0.02182149328291416,Non-IDP,Accessible,default_unreported,NA,NA,COOPI
NG032015,Riyom,NG032,Plateau,Karshi,0.8308141328048706,9.77792739868164,Non-IDP,Accessible,default_unreported,NA,NA,COOPI
NG032015,Riyom,NG032,Plateau,Kurra Falls,15.432314532446146,1590.8941650390625,Non-IDP,Accessible,confirmed_by_partner_report (blank row - not flagged),NA,NA,COOPI
NG032015,Riyom,NG032,Plateau,Kwi,33.841499310866396,9075.658203125,Non-IDP,Accessible,confirmed_by_partner_report (blank row - not flagged),NA,NA,COOPI
NG032015,Riyom,NG032,Plateau,Kwogo,15.173038001689822,16630.603515625,Non-IDP,Accessible,confirmed_by_partner_report (blank row - not flagged),NA,NA,COOPI
NG032015,Riyom,NG032,Plateau,Manchok,0.8233660635929108,96.97746276855469,Non-IDP,Accessible,default_unreported,NA,NA,COOPI
NG032015,Riyom,NG032,Plateau,Pari,1.2324505673065185,3.3309571743011475,Non-IDP,Accessible,default_unreported,NA,NA,COOPI
NG032015,Riyom,NG032,Plateau,Pwomo / Chit,0.30510793039357664,1.065030574798584,Non-IDP,Accessible,default_unreported,NA,NA,COOPI
NG032015,Riyom,NG032,Plateau,Ra Hoss,25.231503560260414,6592.97900390625,Non-IDP,Accessible,confirmed_by_partner_report (blank row - not flagged),NA,NA,COOPI
NG032015,Riyom,NG032,Plateau,Rim,69.70749017231368,13722.013671875,Non-IDP,Accessible,confirmed_by_partner_report (blank row - not flagged),NA,NA,COOPI
NG032015,Riyom,NG032,Plateau,Riyom,12.404324673374639,4228.107421875,Non-IDP,Accessible,default_unreported,NA,NA,COOPI
NG032015,Riyom,NG032,Plateau,Sharubutu,77.91483422795105,12696.279296875,Non-IDP,Accessible,confirmed_by_partner_report (blank row - not flagged),NA,NA,COOPI
NG032015,Riyom,NG032,Plateau,Sho,0.010552010904192924,6.103900909423828,Non-IDP,Accessible,default_unreported,NA,NA,COOPI
NG032015,Riyom,NG032,Plateau,Shonong,141.72460443044292,11735.4501953125,Non-IDP,Accessible,confirmed_by_partner_report (blank row - not flagged),NA,NA,COOPI
NG032015,Riyom,NG032,Plateau,Sopp,114.12147817030859,16128.5751953125,Non-IDP,Accessible,confirmed_by_partner_report (blank row - not flagged),NA,NA,COOPI
NG032015,Riyom,NG032,Plateau,Ta Hoss,46.56664751316714,22907.630859375,Non-IDP,Accessible,confirmed_by_partner_report (blank row - not flagged),NA,NA,COOPI
NG032015,Riyom,NG032,Plateau,Tse,27.96997330332297,17340.5234375,Non-IDP,Accessible,confirmed_by_partner_report (blank row - not flagged),NA,NA,COOPI
NG032015,Riyom,NG032,Plateau,Turu B,5.561950754474405,3135.368408203125,Non-IDP,Accessible,confirmed_by_partner_report (blank row - not flagged),NA,NA,COOPI
NG032015,Riyom,NG032,Plateau,Vwang,0.9254795675780326,118.84585571289063,Non-IDP,Accessible,default_unreported,NA,NA,COOPI
NG032015,Riyom,NG032,Plateau,Wereng,14.679861711209908,7354.677734375,Non-IDP,Accessible,confirmed_by_partner_report (blank row - not flagged),NA,NA,COOPI
NG032015,Riyom,NG032,Plateau,Zankan,9.362013582353919,2451.68505859375,Non-IDP,Accessible,default_unreported,NA,NA,COOPI
NG034001,Binji,NG034,Sokoto,Binji,41.01525168959856,14955.9970703125,Non-IDP,Inaccessible,confirmed_by_partner_report,FACT,N/A - fully accessible,FACT
NG034001,Binji,NG034,Sokoto,Bunkari,49.81279428232777,10717.7705078125,Non-IDP,Inaccessible,confirmed_by_partner_report,FACT,N/A - fully accessible,FACT
NG034001,Binji,NG034,Sokoto,Gande,5.637670502725264,658.6070556640625,Non-IDP,Inaccessible,confirmed_by_partner_report,FACT,N/A - fully accessible,FACT
NG034001,Binji,NG034,Sokoto,Gaukai,0.13343931543958187,4.736342906951904,Non-IDP,Accessible,default_unreported,NA,NA,FACT
NG034001,Binji,NG034,Sokoto,Gawazai,155.07977440436173,7919.14501953125,Non-IDP,Inaccessible,confirmed_by_partner_report,FACT,Insecurity / conflict,FACT
NG034001,Binji,NG034,Sokoto,Gidan Madi,5.163064299712658,618.3145751953125,Non-IDP,Accessible,default_unreported,NA,NA,FACT
NG034001,Binji,NG034,Sokoto,Inname,38.36142053997546,6101.306640625,Non-IDP,Inaccessible,confirmed_by_partner_report,FACT,Insecurity / conflict,FACT
NG034001,Binji,NG034,Sokoto,Jamali,71.63769697425604,8602.5283203125,Non-IDP,Inaccessible,confirmed_by_partner_report,FACT,Insecurity / conflict,FACT
NG034001,Binji,NG034,Sokoto,Kwacce Huru,2.6686301417073013,180.6753692626953,Non-IDP,Accessible,default_unreported,NA,NA,FACT
NG034001,Binji,NG034,Sokoto,Kwaido,0.6552991450464726,11.818997383117676,Non-IDP,Accessible,default_unreported,NA,NA,FACT
NG034001,Binji,NG034,Sokoto,Maikulki,63.849320608161214,19881.6171875,Non-IDP,Accessible,confirmed_by_partner_report,FACT,N/A - fully accessible,FACT
NG034001,Binji,NG034,Sokoto,Samama,23.747038867424788,5081.0947265625,Non-IDP,Inaccessible,confirmed_by_partner_report,FACT,Insecurity / conflict,FACT
NG034001,Binji,NG034,Sokoto,Soron Gabas,144.60070392362113,13186.1669921875,Non-IDP,Inaccessible,confirmed_by_partner_report,FACT,Insecurity / conflict,FACT
NG034001,Binji,NG034,Sokoto,Soron Yamma,286.3894041280825,9453.6259765625,Non-IDP,Inaccessible,confirmed_by_partner_report,FACT,Insecurity / conflict,FACT
NG034001,Binji,NG034,Sokoto,Sutti,0.28259339025449753,11.400100708007813,Non-IDP,Accessible,default_unreported,NA,NA,FACT
NG034001,Binji,NG034,Sokoto,Tudun Kose,40.23144113271236,8488.2119140625,Non-IDP,Inaccessible,confirmed_by_partner_report,FACT,Insecurity / conflict,FACT
NG034002,Bodinga,NG034,Sokoto,Bado,0.015140695938050747,9.343282699584961,Non-IDP,Accessible,default_unreported,NA,NA,ACF
NG034002,Bodinga,NG034,Sokoto,Bagarawa,19.975685217238308,13383.01171875,Non-IDP,Accessible,default_unreported,NA,NA,ACF
NG034002,Bodinga,NG034,Sokoto,Bangi Dabaga,210.63173867082304,27896.876953125,Non-IDP,Accessible,default_unreported,NA,NA,ACF
NG034002,Bodinga,NG034,Sokoto,Birniruwa,3.3949690499335525,59.8653564453125,Non-IDP,Accessible,default_unreported,NA,NA,ACF
NG034002,Bodinga,NG034,Sokoto,Bodai,0.74635837369967994,6.5769429206848145,Non-IDP,Accessible,default_unreported,NA,NA,ACF
NG034002,Bodinga,NG034,Sokoto,Bodinga Tauma,17.58481755209446,30109.392578125,Non-IDP,Accessible,default_unreported,NA,NA,ACF
NG034002,Bodinga,NG034,Sokoto,Danchadi,63.55145134782433,32337.1015625,Non-IDP,Accessible,default_unreported,NA,NA,ACF
NG034002,Bodinga,NG034,Sokoto,Darhela Badau,25.294862271825252,15899.5849609375,Non-IDP,Accessible,default_unreported,NA,NA,ACF
NG034002,Bodinga,NG034,Sokoto,Dingyadi,63.781809021983534,33621.140625,Non-IDP,Accessible,default_unreported,NA,NA,ACF
NG034002,Bodinga,NG034,Sokoto,Duma,0.3386406898046136,2.8376684188842773,Non-IDP,Accessible,default_unreported,NA,NA,ACF
NG034002,Bodinga,NG034,Sokoto,Horo,11.454930908331528,2139.52490234375,Non-IDP,Accessible,default_unreported,NA,NA,ACF
NG034002,Bodinga,NG034,Sokoto,Jaredi,7.386994137396336,2123.16650390625,Non-IDP,Accessible,default_unreported,NA,NA,ACF
NG034002,Bodinga,NG034,Sokoto,Kambama,5.914086126680822,71.36500549316406,Non-IDP,Accessible,default_unreported,NA,NA,ACF
NG034002,Bodinga,NG034,Sokoto,Kammata,35.65876882834267,2511.794921875,Non-IDP,Accessible,default_unreported,NA,NA,ACF
NG034002,Bodinga,NG034,Sokoto,Kaura Miyo,87.44791723732686,49101.37890625,Non-IDP,Accessible,default_unreported,NA,NA,ACF
NG034002,Bodinga,NG034,Sokoto,Kwacciyar Lalle,40.80434738969371,16875.392578125,Non-IDP,Accessible,default_unreported,NA,NA,ACF
NG034002,Bodinga,NG034,Sokoto,Rudu Amanawa,12.9458294511199,1659.4359130859375,Non-IDP,Accessible,default_unreported,NA,NA,ACF
NG034002,Bodinga,NG034,Sokoto,Shuni,0.9729957069211267,164.31288146972656,Non-IDP,Accessible,default_unreported,NA,NA,ACF
NG034002,Bodinga,NG034,Sokoto,Sifawa Lukuyawa,48.96007430546394,28124.291015625,Non-IDP,Accessible,default_unreported,NA,NA,ACF
NG034002,Bodinga,NG034,Sokoto,Takatuku Madorawa,33.7428714936645,29100.861328125,Non-IDP,Accessible,default_unreported,NA,NA,ACF
NG034002,Bodinga,NG034,Sokoto,Tulluwa,28.769767480703205,19955.822265625,Non-IDP,Accessible,default_unreported,NA,NA,ACF
NG034003,Dange-Shuni,NG034,Sokoto,Arkilla,0.01511958005028963,1.9455959796905518,Non-IDP,Accessible,default_unreported,NA,NA,FACT
NG034003,Dange-Shuni,NG034,Sokoto,Bado,1.9410611885507851,2278.592529296875,Non-IDP,Accessible,default_unreported,NA,NA,FACT
NG034003,Dange-Shuni,NG034,Sokoto,Bagarawa,0.004137862683534622,5.200777086429298e-4,Non-IDP,Accessible,default_unreported,NA,NA,FACT
NG034003,Dange-Shuni,NG034,Sokoto,Bangi Dabaga,50.75802437888893,2495.830810546875,Non-IDP,Accessible,default_unreported,NA,NA,FACT
NG034003,Dange-Shuni,NG034,Sokoto,Bodai,94.62846524075317,18789.150390625,Non-IDP,Inaccessible,confirmed_by_partner_report,FACT,Insecurity / conflict,FACT
NG034003,Dange-Shuni,NG034,Sokoto,Dange,31.653619745817124,38574.48828125,Non-IDP,Accessible,confirmed_by_partner_report,FACT,N/A - fully accessible,FACT
NG034003,Dange-Shuni,NG034,Sokoto,Fajaldu,253.63976611264752,23352.849609375,Non-IDP,Inaccessible,confirmed_by_partner_report,FACT,Insecurity / conflict,FACT
NG034003,Dange-Shuni,NG034,Sokoto,Gagi A,0.22185742731785774,2648.998779296875,Non-IDP,Inaccessible,confirmed_by_partner_report,FACT,Other,FACT
NG034003,Dange-Shuni,NG034,Sokoto,Gagi B,0.05103166774231196,373.1343994140625,Non-IDP,Accessible,default_unreported,NA,NA,FACT
NG034003,Dange-Shuni,NG034,Sokoto,Ge Ere Gajara,120.46711182499544,27029.64453125,Non-IDP,Inaccessible,confirmed_by_partner_report,FACT,Insecurity / conflict,FACT
NG034003,Dange-Shuni,NG034,Sokoto,Gidan Kare,5.3973249805595875,1.6927391290664673,Non-IDP,Accessible,default_unreported,NA,NA,FACT
NG034003,Dange-Shuni,NG034,Sokoto,Kabanga,8.593834277460072,566.4217529296875,Non-IDP,Accessible,default_unreported,NA,NA,FACT
NG034003,Dange-Shuni,NG034,Sokoto,Kwacciyar Lalle,0.0012741287376284599,0,Non-IDP,Accessible,default_unreported,NA,NA,FACT
NG034003,Dange-Shuni,NG034,Sokoto,Lamba Tureta,72.10029339557929,1340.046875,Non-IDP,Accessible,default_unreported,NA,NA,FACT
NG034003,Dange-Shuni,NG034,Sokoto,Nasarawa,4.504689602368951,19.25791358947754,Non-IDP,Accessible,default_unreported,NA,NA,FACT
NG034003,Dange-Shuni,NG034,Sokoto,Rarah,3.1778984181723593,6.8297929763793945,Non-IDP,Accessible,default_unreported,NA,NA,FACT
NG034003,Dange-Shuni,NG034,Sokoto,Rikina,21.63632664141303,37454.890625,Non-IDP,Accessible,confirmed_by_partner_report,FACT,N/A - fully accessible,FACT
NG034003,Dange-Shuni,NG034,Sokoto,Rudu Amanawa,62.95790855975628,28452.509765625,Non-IDP,Inaccessible,confirmed_by_partner_report,FACT,Insecurity / conflict,FACT
NG034003,Dange-Shuni,NG034,Sokoto,Rugar Gidado,59.750406615457536,29098.029296875,Non-IDP,Accessible,confirmed_by_partner_report,FACT,N/A - fully accessible,FACT
NG034003,Dange-Shuni,NG034,Sokoto,Shuni,39.90987271194208,28716.0859375,Non-IDP,Accessible,confirmed_by_partner_report,FACT,N/A - fully accessible,FACT
NG034003,Dange-Shuni,NG034,Sokoto,Takatuku Madorawa,4.690192759280086,2543.818359375,Non-IDP,Accessible,default_unreported,NA,NA,FACT
NG034003,Dange-Shuni,NG034,Sokoto,Tsafanade,28.996553859030247,18406.529296875,Non-IDP,Inaccessible,confirmed_by_partner_report,FACT,Insecurity / conflict,FACT
NG034003,Dange-Shuni,NG034,Sokoto,Tsaki Walakae,1.6588365680633783,168.1511993408203,Non-IDP,Accessible,default_unreported,NA,NA,FACT
NG034003,Dange-Shuni,NG034,Sokoto,Tsamiya,0.6427900305655002,15.903871536254883,Non-IDP,Accessible,default_unreported,NA,NA,FACT
NG034003,Dange-Shuni,NG034,Sokoto,Tuntube-Tsefe,55.11567103081155,100865.921875,Non-IDP,Accessible,confirmed_by_partner_report,FACT,N/A - fully accessible,FACT
NG034003,Dange-Shuni,NG034,Sokoto,Wababe-Salau,359.8139953838511,25802.708984375,Non-IDP,Inaccessible,confirmed_by_partner_report,FACT,Insecurity / conflict,FACT
NG034004,Gada,NG034,Sokoto,Araba,4.907076237181425,1409.939697265625,Non-IDP,Accessible,default_unreported,NA,NA,FACT
NG034004,Gada,NG034,Sokoto,Birjingo,8.377448093451976,408.82537841796875,Non-IDP,Accessible,default_unreported,NA,NA,FACT
NG034004,Gada,NG034,Sokoto,Boyekai,0.20303143484687805,3.004659652709961,Non-IDP,Accessible,default_unreported,NA,NA,FACT
NG034004,Gada,NG034,Sokoto,Dukamaje,233.44553655644876,32839.60546875,Non-IDP,Inaccessible,confirmed_by_partner_report,FACT,Insecurity / conflict,FACT
NG034004,Gada,NG034,Sokoto,Gada,98.28120033316445,36673.48046875,Non-IDP,Accessible,confirmed_by_partner_report,FACT,N/A - fully accessible,FACT
NG034004,Gada,NG034,Sokoto,Gidan Hamma,0.09999392703222111,6.237157821655273,Non-IDP,Accessible,default_unreported,NA,NA,FACT
NG034004,Gada,NG034,Sokoto,Gilbadi,225.48788603079726,33551.0546875,Non-IDP,Inaccessible,confirmed_by_partner_report,FACT,Insecurity / conflict,FACT
NG034004,Gada,NG034,Sokoto,Kadadi,166.6452489018604,37318.4140625,Non-IDP,Accessible,default_unreported,NA,NA,FACT
NG034004,Gada,NG034,Sokoto,Kadassaka,101.04288126250553,18014.998046875,Non-IDP,Inaccessible,confirmed_by_partner_report,FACT,Insecurity / conflict,FACT
NG034004,Gada,NG034,Sokoto,Kaddi,89.91340860833937,14835.2646484375,Non-IDP,Accessible,confirmed_by_partner_report,FACT,N/A - fully accessible,FACT
NG034004,Gada,NG034,Sokoto,Kaffe,90.90780431313897,23138,Non-IDP,Accessible,confirmed_by_partner_report,FACT,N/A - fully accessible,FACT
NG034004,Gada,NG034,Sokoto,Kiri,100.86967593773508,19485.015625,Non-IDP,Inaccessible,confirmed_by_partner_report,FACT,Insecurity / conflict,FACT
NG034004,Gada,NG034,Sokoto,Kwakwazo,15.42110955355954,1133.9224853515625,Non-IDP,Accessible,default_unreported,NA,NA,FACT
NG034004,Gada,NG034,Sokoto,Kwarma,110.01843802168263,18603.697265625,Non-IDP,Inaccessible,confirmed_by_partner_report,FACT,Insecurity / conflict,FACT
NG034004,Gada,NG034,Sokoto,Kyadawa Holai,204.4321722426946,46600.76171875,Non-IDP,Inaccessible,confirmed_by_partner_report,FACT,Insecurity / conflict,FACT
NG034004,Gada,NG034,Sokoto,Mammande,0.28359537812185287,49.16171646118164,Non-IDP,Accessible,default_unreported,NA,NA,FACT
NG034004,Gada,NG034,Sokoto,Rimawa,0.007341861924864352,0.2842327356338501,Non-IDP,Accessible,default_unreported,NA,NA,FACT
NG034004,Gada,NG034,Sokoto,Shinaka,18.043865032726497,1501.6046142578125,Non-IDP,Accessible,default_unreported,NA,NA,FACT
NG034004,Gada,NG034,Sokoto,Takakume,7.939270606207967,538.45013427734375,Non-IDP,Accessible,default_unreported,NA,NA,FACT
NG034004,Gada,NG034,Sokoto,Tozai,0.3913252126635015,35.00733947753906,Non-IDP,Accessible,default_unreported,NA,NA,FACT
NG034004,Gada,NG034,Sokoto,Tsamaye,77.40460431695747,10126.3837890625,Non-IDP,Inaccessible,confirmed_by_partner_report,FACT,Insecurity / conflict,FACT
NG034004,Gada,NG034,Sokoto,Tsitse,117.69889746499729,16392.66015625,Non-IDP,Accessible,confirmed_by_partner_report,FACT,N/A - fully accessible,FACT
NG034004,Gada,NG034,Sokoto,Unguwar Lalle,0.8501021823663711,0,Non-IDP,Accessible,default_unreported,NA,NA,FACT
NG034005,Gwadabawa,NG034,Sokoto,Asara,121.92607780064571,26263.3671875,Non-IDP,Accessible,default_unreported,NA,NA,ACF
NG034005,Gwadabawa,NG034,Sokoto,Atakwanyo,92.89791367112537,19682.033203125,Non-IDP,Accessible,default_unreported,NA,NA,ACF
NG034005,Gwadabawa,NG034,Sokoto,Boyekai,14.977501942407272,1458.814697265625,Non-IDP,Accessible,default_unreported,NA,NA,ACF
NG034005,Gwadabawa,NG034,Sokoto,Chimola,82.44258783324695,23992.99609375,Non-IDP,Accessible,default_unreported,NA,NA,ACF
NG034005,Gwadabawa,NG034,Sokoto,Damba,4.465412932885409,381.89227294921875,Non-IDP,Accessible,default_unreported,NA,NA,ACF
NG034005,Gwadabawa,NG034,Sokoto,Darna Sabon Gari,22.21417061410257,910.73443603515625,Non-IDP,Accessible,default_unreported,NA,NA,ACF
NG034005,Gwadabawa,NG034,Sokoto,Darna Tsolawo,9.139406266511918,4052.627685546875,Non-IDP,Accessible,default_unreported,NA,NA,ACF
NG034005,Gwadabawa,NG034,Sokoto,Dimbiso,9.504143171991556,165.65419006347656,Non-IDP,Accessible,default_unreported,NA,NA,ACF
NG034005,Gwadabawa,NG034,Sokoto,Garu,6.662524358563674,880.6309814453125,Non-IDP,Accessible,default_unreported,NA,NA,ACF
NG034005,Gwadabawa,NG034,Sokoto,Gidan Kaya,56.114509460566524,23900.65625,Non-IDP,Accessible,default_unreported,NA,NA,ACF
NG034005,Gwadabawa,NG034,Sokoto,Gigane,81.76718961856913,17961.81640625,Non-IDP,Accessible,default_unreported,NA,NA,ACF
NG034005,Gwadabawa,NG034,Sokoto,Giyawa,4.154449754399344,10.96557903289795,Non-IDP,Accessible,default_unreported,NA,NA,ACF
NG034005,Gwadabawa,NG034,Sokoto,Gwadabawa,94.63133263007862,51790.171875,Non-IDP,Accessible,default_unreported,NA,NA,ACF
NG034005,Gwadabawa,NG034,Sokoto,Hamma Ali Marabawa,0.7662780500481129,668.9541015625,Non-IDP,Accessible,default_unreported,NA,NA,ACF
NG034005,Gwadabawa,NG034,Sokoto,Huchi,57.93401435573906,10115.0234375,Non-IDP,Accessible,default_unreported,NA,NA,ACF
NG034005,Gwadabawa,NG034,Sokoto,Kiri,4.511188536661029,579.9775390625,Non-IDP,Accessible,default_unreported,NA,NA,ACF
NG034005,Gwadabawa,NG034,Sokoto,Kojiyo,0.5621943134708702,109.78060150146484,Non-IDP,Accessible,default_unreported,NA,NA,ACF
NG034005,Gwadabawa,NG034,Sokoto,Lahodu,2.6731833302540777,930.6815185546875,Non-IDP,Accessible,default_unreported,NA,NA,ACF
NG034005,Gwadabawa,NG034,Sokoto,Mamman Suka,69.59525582797306,15130.6748046875,Non-IDP,Accessible,default_unreported,NA,NA,ACF
NG034005,Gwadabawa,NG034,Sokoto,Mammande,151.71360147577758,24061.935546875,Non-IDP,Accessible,default_unreported,NA,NA,ACF
NG034005,Gwadabawa,NG034,Sokoto,Raka,0.5545875498876721,4.160595893859863,Non-IDP,Accessible,default_unreported,NA,NA,ACF
NG034005,Gwadabawa,NG034,Sokoto,Sabon Birni,29.96961056245128,5785.7490234375,Non-IDP,Accessible,default_unreported,NA,NA,ACF
NG034005,Gwadabawa,NG034,Sokoto,Salame,134.34793071974607,36246.8828125,Non-IDP,Accessible,default_unreported,NA,NA,ACF
NG034005,Gwadabawa,NG034,Sokoto,Salewa,0.12482479146283865,0,Non-IDP,Accessible,default_unreported,NA,NA,ACF
NG034005,Gwadabawa,NG034,Sokoto,Sutti,1.019396082669109,154.50424194335938,Non-IDP,Accessible,default_unreported,NA,NA,ACF
NG034005,Gwadabawa,NG034,Sokoto,Tambagarka,81.48666037566232,20456.115234375,Non-IDP,Accessible,default_unreported,NA,NA,ACF
NG034005,Gwadabawa,NG034,Sokoto,Tunga,0.019232825310856103,0.9769489169120789,Non-IDP,Accessible,default_unreported,NA,NA,ACF
NG034006,Goronyo,NG034,Sokoto,Birjingo,226.1384208324008,13400.0400390625,Non-IDP,Accessible,default_unreported,NA,NA,ACF
NG034006,Goronyo,NG034,Sokoto,Boyekai,90.22010048149598,9469.1396484375,Non-IDP,Accessible,default_unreported,NA,NA,ACF
NG034006,Goronyo,NG034,Sokoto,Chacho-Marnona,41.08459028441036,532.007568359375,Non-IDP,Accessible,default_unreported,NA,NA,ACF
NG034006,Goronyo,NG034,Sokoto,Gandi 2,15.633418362104297,88.57604217529297,Non-IDP,Accessible,default_unreported,NA,NA,ACF
NG034006,Goronyo,NG034,Sokoto,Gilbadi,5.052002402561054,774.7313232421875,Non-IDP,Accessible,default_unreported,NA,NA,ACF
NG034006,Goronyo,NG034,Sokoto,Giyawa,21.586246252151728,9380.23046875,Non-IDP,Accessible,default_unreported,NA,NA,ACF
NG034006,Goronyo,NG034,Sokoto,Goronyo,140.76705797493767,24910.22265625,Non-IDP,Accessible,default_unreported,NA,NA,ACF
NG034006,Goronyo,NG034,Sokoto,Huchi,0.0015250812806189061,0,Non-IDP,Accessible,default_unreported,NA,NA,ACF
NG034006,Goronyo,NG034,Sokoto,Kaddi,6.57230160176897,95.87332916259766,Non-IDP,Accessible,default_unreported,NA,NA,ACF
NG034006,Goronyo,NG034,Sokoto,Kagara,129.18731753010525,14941.650390625,Non-IDP,Accessible,default_unreported,NA,NA,ACF
NG034006,Goronyo,NG034,Sokoto,Kiri,0.07647466988152266,0,Non-IDP,Accessible,default_unreported,NA,NA,ACF
NG034006,Goronyo,NG034,Sokoto,Kojiyo,74.46361293119811,9361.2275390625,Non-IDP,Accessible,default_unreported,NA,NA,ACF
NG034006,Goronyo,NG034,Sokoto,Kurya,0.005033405564889312,0,Non-IDP,Accessible,default_unreported,NA,NA,ACF
NG034006,Goronyo,NG034,Sokoto,Kwakwazo,99.40903836851454,14804.798828125,Non-IDP,Accessible,default_unreported,NA,NA,ACF
NG034006,Goronyo,NG034,Sokoto,Kwargaba,0.594254605370015,0,Non-IDP,Accessible,default_unreported,NA,NA,ACF
NG034006,Goronyo,NG034,Sokoto,Kwarma,1.2461257878272534,350.6431579589844,Non-IDP,Accessible,default_unreported,NA,NA,ACF
NG034006,Goronyo,NG034,Sokoto,Mammande,0.012409838559746741,0,Non-IDP,Accessible,default_unreported,NA,NA,ACF
NG034006,Goronyo,NG034,Sokoto,Rimawa,301.52199705074224,29608.595703125,Non-IDP,Accessible,default_unreported,NA,NA,ACF
NG034006,Goronyo,NG034,Sokoto,Sabon Gari Dole,590.845393021111,16760.408203125,Non-IDP,Accessible,default_unreported,NA,NA,ACF
NG034006,Goronyo,NG034,Sokoto,Shinaka,91.37762841603804,16482.75,Non-IDP,Accessible,default_unreported,NA,NA,ACF
NG034006,Goronyo,NG034,Sokoto,Takakume,90.46765097226852,16240.8203125,Non-IDP,Accessible,default_unreported,NA,NA,ACF
NG034006,Goronyo,NG034,Sokoto,Tidibale,11.010535837754489,662.866455078125,Non-IDP,Accessible,default_unreported,NA,NA,ACF
NG034006,Goronyo,NG034,Sokoto,Tsamaye,0.042975474988937376,0,Non-IDP,Accessible,default_unreported,NA,NA,ACF
NG034006,Goronyo,NG034,Sokoto,Tsitse,2.8264436035839022,426.6972961425781,Non-IDP,Accessible,default_unreported,NA,NA,ACF
NG034006,Goronyo,NG034,Sokoto,Tursa,0.1738433367607966,7.70224666595459,Non-IDP,Accessible,default_unreported,NA,NA,ACF
NG034007,Gudu,NG034,Sokoto,Awilkiti,240.82828590030147,5025.12353515625,Non-IDP,Inaccessible,confirmed_by_partner_report,FACT,Insecurity / conflict,FACT
NG034007,Gudu,NG034,Sokoto,Bachaka,325.80937563521957,12239.4443359375,Non-IDP,Inaccessible,confirmed_by_partner_report,FACT,Insecurity / conflict,FACT
NG034007,Gudu,NG034,Sokoto,Balle,731.6922166862605,17397.322265625,Non-IDP,Accessible,confirmed_by_partner_report,FACT,N/A - fully accessible,FACT
NG034007,Gudu,NG034,Sokoto,Chilas,288.3632262259071,7316.64794921875,Non-IDP,Inaccessible,confirmed_by_partner_report,FACT,Insecurity / conflict,FACT
NG034007,Gudu,NG034,Sokoto,Gawazai,5.582213674322009,3.107778310775757,Non-IDP,Accessible,default_unreported,NA,NA,FACT
NG034007,Gudu,NG034,Sokoto,Gwazange,293.7967094454982,5459.45556640625,Non-IDP,Inaccessible,confirmed_by_partner_report,FACT,Insecurity / conflict,FACT
NG034007,Gudu,NG034,Sokoto,Jamali,4.7708798914572,0.47658398747444153,Non-IDP,Accessible,default_unreported,NA,NA,FACT
NG034007,Gudu,NG034,Sokoto,Karfe Chana,303.54677751094385,5604.54296875,Non-IDP,Inaccessible,confirmed_by_partner_report,FACT,Insecurity / conflict,FACT
NG034007,Gudu,NG034,Sokoto,Karfe Sarki,227.0165336289177,4474.7880859375,Non-IDP,Inaccessible,confirmed_by_partner_report,FACT,Insecurity / conflict,FACT
NG034007,Gudu,NG034,Sokoto,Kurdula,280.2478222070966,11291.7421875,Non-IDP,Accessible,default_unreported,NA,NA,FACT
NG034007,Gudu,NG034,Sokoto,Magonho,31.59936822873211,1011.3126831054688,Non-IDP,Accessible,default_unreported,NA,NA,FACT
NG034007,Gudu,NG034,Sokoto,Marake,405.6912098566009,5176.9794921875,Non-IDP,Inaccessible,confirmed_by_partner_report,FACT,Insecurity / conflict,FACT
NG034007,Gudu,NG034,Sokoto,Ruwa Wuri,6.594603489248931,2.6477088928222656,Non-IDP,Accessible,default_unreported,NA,NA,FACT
NG034007,Gudu,NG034,Sokoto,Sakkwai,75.30241136395716,37.64042282104492,Non-IDP,Accessible,default_unreported,NA,NA,FACT
NG034007,Gudu,NG034,Sokoto,Soron Gabas,0.39714155150038005,0,Non-IDP,Accessible,default_unreported,NA,NA,FACT
NG034007,Gudu,NG034,Sokoto,Soron Yamma,90.25936023716689,99.6975326538086,Non-IDP,Accessible,default_unreported,NA,NA,FACT
NG034007,Gudu,NG034,Sokoto,Tangaza,3.557583894228995,2.0985987186431885,Non-IDP,Accessible,default_unreported,NA,NA,FACT
NG034007,Gudu,NG034,Sokoto,Tullun Doya,287.66135973692514,5301.20458984375,Non-IDP,Inaccessible,confirmed_by_partner_report,FACT,Insecurity / conflict,FACT
NG034008,Illela,NG034,Sokoto,Araba,94.84306477325595,22279.708984375,Non-IDP,Accessible,default_unreported,NA,NA,DRC
NG034008,Illela,NG034,Sokoto,Asara,1.5164582412487642,689.66595458984375,Non-IDP,Accessible,default_unreported,NA,NA,DRC
NG034008,Illela,NG034,Sokoto,Damba,183.5801685099063,16528.9453125,Non-IDP,Accessible,default_unreported,NA,NA,DRC
NG034008,Illela,NG034,Sokoto,Darna Sabon Gari,104.37936337749201,19989.21484375,Non-IDP,Accessible,default_unreported,NA,NA,DRC
NG034008,Illela,NG034,Sokoto,Darna Tsolawo,49.36643578077268,9743.2451171875,Non-IDP,Accessible,default_unreported,NA,NA,DRC
NG034008,Illela,NG034,Sokoto,Garu,43.72444005495966,10639.1455078125,Non-IDP,Accessible,default_unreported,NA,NA,DRC
NG034008,Illela,NG034,Sokoto,Gidan Hamma,112.53881509165848,21443.95703125,Non-IDP,Accessible,default_unreported,NA,NA,DRC
NG034008,Illela,NG034,Sokoto,Gidan Katta,80.88565314809703,14304.4619140625,Non-IDP,Accessible,default_unreported,NA,NA,DRC
NG034008,Illela,NG034,Sokoto,Gigane,0.287807081231758,6.948274612426758,Non-IDP,Accessible,default_unreported,NA,NA,DRC
NG034008,Illela,NG034,Sokoto,Illela,75.06102622223234,74745.375,Non-IDP,Accessible,default_unreported,NA,NA,DRC
NG034008,Illela,NG034,Sokoto,Kadadi,27.27981729217732,3833.085205078125,Non-IDP,Accessible,default_unreported,NA,NA,DRC
NG034008,Illela,NG034,Sokoto,Kadassaka,2.0569501360939144,60.56086349487305,Non-IDP,Accessible,default_unreported,NA,NA,DRC
NG034008,Illela,NG034,Sokoto,Kalmalo,140.45050273297477,15173.115234375,Non-IDP,Accessible,default_unreported,NA,NA,DRC
NG034008,Illela,NG034,Sokoto,Kiri,5.228784312802374,707.93011474609375,Non-IDP,Accessible,default_unreported,NA,NA,DRC
NG034008,Illela,NG034,Sokoto,Kyadawa Holai,8.656377079241752,1080.4853515625,Non-IDP,Accessible,default_unreported,NA,NA,DRC
NG034008,Illela,NG034,Sokoto,Mamman Suka,13.872653752681817,1776.92724609375,Non-IDP,Accessible,default_unreported,NA,NA,DRC
NG034008,Illela,NG034,Sokoto,Mammande,15.508811731978177,729.4345703125,Non-IDP,Accessible,default_unreported,NA,NA,DRC
NG034008,Illela,NG034,Sokoto,Rungumawa Gatti,105.31767355508808,23676.0703125,Non-IDP,Accessible,default_unreported,NA,NA,DRC
NG034008,Illela,NG034,Sokoto,Ruwa Wuri,0.7969160068101883,7.53167200088501,Non-IDP,Accessible,default_unreported,NA,NA,DRC
NG034008,Illela,NG034,Sokoto,Salame,2.5961582543682864,848.18499755859375,Non-IDP,Accessible,default_unreported,NA,NA,DRC
NG034008,Illela,NG034,Sokoto,Salewa,0.0763815247054696,4.417191505432129,Non-IDP,Accessible,default_unreported,NA,NA,DRC
NG034008,Illela,NG034,Sokoto,Tozai,112.14132291875472,15150.5830078125,Non-IDP,Accessible,default_unreported,NA,NA,DRC
NG034009,Isa,NG034,Sokoto,Bargaja,68.79184158988869,16282.14453125,Non-IDP,Accessible,confirmed_by_partner_report (blank row - not flagged),NA,NA,DRC; IRC; LHI
NG034009,Isa,NG034,Sokoto,Faru Magami,1.9390744140241145,3.0288851261138916,Non-IDP,Accessible,default_unreported,NA,NA,DRC; IRC; LHI
NG034009,Isa,NG034,Sokoto,Galadi,89.73315512265563,962.3790283203125,Non-IDP,Accessible,default_unreported,NA,NA,DRC; IRC; LHI
NG034009,Isa,NG034,Sokoto,Gandi 2,16.66399551935065,143.4112091064453,Non-IDP,Accessible,default_unreported,NA,NA,DRC; IRC; LHI
NG034009,Isa,NG034,Sokoto,Gangara,0.33040309529471396,9.613433837890625,Non-IDP,Accessible,default_unreported,NA,NA,DRC; IRC; LHI
NG034009,Isa,NG034,Sokoto,Gebe A,158.7664764753282,12214.30078125,Non-IDP,Accessible,confirmed_by_partner_report (blank row - not flagged),NA,NA,DRC; IRC; LHI
NG034009,Isa,NG034,Sokoto,Gebe B,294.5263359422699,13425.96875,Non-IDP,Accessible,confirmed_by_partner_report (blank row - not flagged),NA,NA,DRC; IRC; LHI
NG034009,Isa,NG034,Sokoto,Isa North,10.919050951994196,12575.853515625,Non-IDP,Accessible,confirmed_by_partner_report (blank row - not flagged),NA,NA,DRC; IRC; LHI
NG034009,Isa,NG034,Sokoto,Isa South,62.629012836850464,30892.091796875,Non-IDP,Accessible,confirmed_by_partner_report (blank row - not flagged),NA,NA,DRC; IRC; LHI
NG034009,Isa,NG034,Sokoto,Kalgo,9.839175297078416,151.3677215576172,Non-IDP,Accessible,default_unreported,NA,NA,DRC; IRC; LHI
NG034009,Isa,NG034,Sokoto,Katuru,44.39825059141421,2573.19677734375,Non-IDP,Accessible,confirmed_by_partner_report (blank row - not flagged),NA,NA,DRC; IRC; LHI
NG034009,Isa,NG034,Sokoto,Kaya,0.8272076259826422,0.9934188723564148,Non-IDP,Accessible,default_unreported,NA,NA,DRC; IRC; LHI
NG034009,Isa,NG034,Sokoto,Mashema,26.453469294007657,201.31143188476563,Non-IDP,Accessible,default_unreported,NA,NA,DRC; IRC; LHI
NG034009,Isa,NG034,Sokoto,Rimawa,65.58891125974387,1693.07275390625,Non-IDP,Accessible,default_unreported,NA,NA,DRC; IRC; LHI
NG034009,Isa,NG034,Sokoto,Sabon Gari Dole,63.09751373264957,369.0210266113281,Non-IDP,Accessible,default_unreported,NA,NA,DRC; IRC; LHI
NG034009,Isa,NG034,Sokoto,Shanawa,21.528881880138634,1248.08056640625,Non-IDP,Accessible,default_unreported,NA,NA,DRC; IRC; LHI
NG034009,Isa,NG034,Sokoto,Tidibale,731.0534994212503,15701.78125,Non-IDP,Accessible,confirmed_by_partner_report (blank row - not flagged),NA,NA,DRC; IRC; LHI
NG034009,Isa,NG034,Sokoto,Tozai,95.32274179305284,5947.5908203125,Non-IDP,Accessible,default_unreported,NA,NA,DRC; IRC; LHI
NG034009,Isa,NG034,Sokoto,Tsabre,225.07141662428646,8639.3515625,Non-IDP,Accessible,confirmed_by_partner_report (blank row - not flagged),NA,NA,DRC; IRC; LHI
NG034009,Isa,NG034,Sokoto,Turba,134.57525593085447,16823.419921875,Non-IDP,Accessible,confirmed_by_partner_report (blank row - not flagged),NA,NA,DRC; IRC; LHI
NG034009,Isa,NG034,Sokoto,Yanfako,340.4605816559844,8337.3583984375,Non-IDP,Accessible,confirmed_by_partner_report (blank row - not flagged),NA,NA,DRC; IRC; LHI
NG034010,Kebbe,NG034,Sokoto,Andarai,18.497615238291086,446.92095947265625,Non-IDP,Accessible,default_unreported,NA,NA,FACT
NG034010,Kebbe,NG034,Sokoto,Bagida,6.372393674042165,86.87215423583984,Non-IDP,Accessible,default_unreported,NA,NA,FACT
NG034010,Kebbe,NG034,Sokoto,Bangu,44.79768011435962,2289.6123046875,Non-IDP,Inaccessible,confirmed_by_partner_report,FACT,Insecurity / conflict,FACT
NG034010,Kebbe,NG034,Sokoto,Bardoki,16.97083811347428,4599.509765625,Non-IDP,Inaccessible,confirmed_by_partner_report,FACT,Insecurity / conflict,FACT
NG034010,Kebbe,NG034,Sokoto,Danko Maga,0.032254591227382425,0,Non-IDP,Accessible,default_unreported,NA,NA,FACT
NG034010,Kebbe,NG034,Sokoto,Fakku,241.14573343961263,13497.73046875,Non-IDP,Inaccessible,confirmed_by_partner_report,FACT,Insecurity / conflict,FACT
NG034010,Kebbe,NG034,Sokoto,Gayari,330.4619769894324,30257.037109375,Non-IDP,Inaccessible,confirmed_by_partner_report,FACT,Insecurity / conflict,FACT
NG034010,Kebbe,NG034,Sokoto,Girkau,208.40303623973276,11501.42578125,Non-IDP,Inaccessible,confirmed_by_partner_report,FACT,Insecurity / conflict,FACT
NG034010,Kebbe,NG034,Sokoto,Gyalganye,3.9273595421071055,152.86082458496094,Non-IDP,Accessible,default_unreported,NA,NA,FACT
NG034010,Kebbe,NG034,Sokoto,Jandutsi Birnin Malam,17.48792128514385,711.15386962890625,Non-IDP,Accessible,default_unreported,NA,NA,FACT
NG034010,Kebbe,NG034,Sokoto,Kebbe East,76.6053666587305,17963.259765625,Non-IDP,Inaccessible,confirmed_by_partner_report,FACT,Insecurity / conflict,FACT
NG034010,Kebbe,NG034,Sokoto,Kebbe West,94.40529685140764,5746.82177734375,Non-IDP,Inaccessible,confirmed_by_partner_report,FACT,Insecurity / conflict,FACT
NG034010,Kebbe,NG034,Sokoto,Kimba,5.811677573627472,8.705179214477539,Non-IDP,Accessible,default_unreported,NA,NA,FACT
NG034010,Kebbe,NG034,Sokoto,Kuchi,279.6658921721851,11383.7138671875,Non-IDP,Inaccessible,confirmed_by_partner_report,FACT,Insecurity / conflict,FACT
NG034010,Kebbe,NG034,Sokoto,Kurfa,29.332525326669128,7056.61083984375,Non-IDP,Inaccessible,confirmed_by_partner_report,FACT,Insecurity / conflict,FACT
NG034010,Kebbe,NG034,Sokoto,Lani Shiba,22.8602870331409,220.4881591796875,Non-IDP,Accessible,default_unreported,NA,NA,FACT
NG034010,Kebbe,NG034,Sokoto,Liba,4.319227262819221,1098.12158203125,Non-IDP,Accessible,default_unreported,NA,NA,FACT
NG034010,Kebbe,NG034,Sokoto,Maikende,50.63203575574088,2900.222412109375,Non-IDP,Inaccessible,confirmed_by_partner_report,FACT,Insecurity / conflict,FACT
NG034010,Kebbe,NG034,Sokoto,Margai East,105.97233752795684,15153.0419921875,Non-IDP,Inaccessible,confirmed_by_partner_report,FACT,Insecurity / conflict,FACT
NG034010,Kebbe,NG034,Sokoto,Margai West,34.436234553174494,6260.27587890625,Non-IDP,Inaccessible,confirmed_by_partner_report,FACT,Insecurity / conflict,FACT
NG034010,Kebbe,NG034,Sokoto,Nasagudu,47.25839108999616,4572.73291015625,Non-IDP,Accessible,default_unreported,NA,NA,FACT
NG034010,Kebbe,NG034,Sokoto,Romo Sarki,2.5717517444055082,14.022656440734863,Non-IDP,Accessible,default_unreported,NA,NA,FACT
NG034010,Kebbe,NG034,Sokoto,Sabon Birni,58.811489574406146,1284.3619384765625,Non-IDP,Accessible,default_unreported,NA,NA,FACT
NG034010,Kebbe,NG034,Sokoto,Sangi,779.5909742513707,12236.650390625,Non-IDP,Inaccessible,confirmed_by_partner_report,FACT,Insecurity / conflict,FACT
NG034010,Kebbe,NG034,Sokoto,Ungushi,466.5039733826778,7435.00146484375,Non-IDP,Inaccessible,confirmed_by_partner_report,FACT,Insecurity / conflict,FACT
NG034011,Kware,NG034,Sokoto,Alkanmu,2.794542119252503,510.6449279785156,Non-IDP,Inaccessible,confirmed_by_partner_report,FACT,Insecurity / conflict,FACT
NG034011,Kware,NG034,Sokoto,Atakwanyo,1.1343499147891999e-4,0.0029391078278422356,Non-IDP,Accessible,default_unreported,NA,NA,FACT
NG034011,Kware,NG034,Sokoto,Bankanu,96.15780520555508,38809.4765625,Non-IDP,Accessible,confirmed_by_partner_report,FACT,N/A - fully accessible,FACT
NG034011,Kware,NG034,Sokoto,Basansan,23.59717775658977,9454.0908203125,Non-IDP,Accessible,confirmed_by_partner_report,FACT,N/A - fully accessible,FACT
NG034011,Kware,NG034,Sokoto,Dundaye,8.426880037896991,4638.96435546875,Non-IDP,Accessible,default_unreported,NA,NA,FACT
NG034011,Kware,NG034,Sokoto,Durbawa,31.359766653535708,17968.4921875,Non-IDP,Accessible,confirmed_by_partner_report,FACT,N/A - fully accessible,FACT
NG034011,Kware,NG034,Sokoto,Gagi A,3.873685882923603,12345.74609375,Non-IDP,Inaccessible,confirmed_by_partner_report,FACT,Other,FACT
NG034011,Kware,NG034,Sokoto,Gandu,45.726904905683995,17279.908203125,Non-IDP,Inaccessible,confirmed_by_partner_report,FACT,Other,FACT
NG034011,Kware,NG034,Sokoto,Ge Ere Gajara,2.6864325636476876,1029.1405029296875,Non-IDP,Inaccessible,confirmed_by_partner_report,FACT,Other,FACT
NG034011,Kware,NG034,Sokoto,Gidan Hamidu,26.589183479238994,326.5085144042969,Non-IDP,Accessible,default_unreported,NA,NA,FACT
NG034011,Kware,NG034,Sokoto,Gidan Kaya,4.082091629751593,1545.0872802734375,Non-IDP,Accessible,default_unreported,NA,NA,FACT
NG034011,Kware,NG034,Sokoto,Gidan Rugga More,29.47026971231702,38154.15234375,Non-IDP,Accessible,confirmed_by_partner_report,FACT,N/A - fully accessible,FACT
NG034011,Kware,NG034,Sokoto,Gwadabawa,0.10857398033419996,143.23280334472656,Non-IDP,Accessible,default_unreported,NA,NA,FACT
NG034011,Kware,NG034,Sokoto,Hamma Ali Marabawa,37.571860869318364,14678.875,Non-IDP,Accessible,confirmed_by_partner_report,FACT,N/A - fully accessible,FACT
NG034011,Kware,NG034,Sokoto,Kabanga,112.48399477637959,21192.244140625,Non-IDP,Inaccessible,confirmed_by_partner_report,FACT,Insecurity / conflict,FACT
NG034011,Kware,NG034,Sokoto,Kalanjeni,8.855595380067825e-6,0,Non-IDP,Accessible,default_unreported,NA,NA,FACT
NG034011,Kware,NG034,Sokoto,Kwacce Huru,1.0543061716816737e-10,0,Non-IDP,Accessible,default_unreported,NA,NA,FACT
NG034011,Kware,NG034,Sokoto,Kware,8.962974073879481,17648.259765625,Non-IDP,Accessible,confirmed_by_partner_report,FACT,N/A - fully accessible,FACT
NG034011,Kware,NG034,Sokoto,Kwasare,1.0816475632839202,1067.4757080078125,Non-IDP,Accessible,default_unreported,NA,NA,FACT
NG034011,Kware,NG034,Sokoto,Maikujera,1.85578756656456,9.456117630004883,Non-IDP,Accessible,default_unreported,NA,NA,FACT
NG034011,Kware,NG034,Sokoto,Rikina,2.563689240782857,2299.1357421875,Non-IDP,Inaccessible,confirmed_by_partner_report,FACT,Other,FACT
NG034011,Kware,NG034,Sokoto,Rugar Gidado,1.7813030161339045,621.6177978515625,Non-IDP,Accessible,default_unreported,NA,NA,FACT
NG034011,Kware,NG034,Sokoto,Sabon Birni,113.09387175294351,36430.1015625,Non-IDP,Accessible,confirmed_by_partner_report,FACT,N/A - fully accessible,FACT
NG034011,Kware,NG034,Sokoto,Tofa,0.11197599923311174,1.2411586046218872,Non-IDP,Accessible,default_unreported,NA,NA,FACT
NG034011,Kware,NG034,Sokoto,Tsaki Walakae,52.98731188456475,25593.65234375,Non-IDP,Accessible,confirmed_by_partner_report,FACT,N/A - fully accessible,FACT
NG034011,Kware,NG034,Sokoto,Tunga Mallamawa,65.37103672336501,16406.853515625,Non-IDP,Inaccessible,confirmed_by_partner_report,FACT,Insecurity / conflict,FACT
NG034011,Kware,NG034,Sokoto,Waziri C,8.218437544256449e-5,0.07960335165262222,Non-IDP,Accessible,default_unreported,NA,NA,FACT
NG034012,Rabah,NG034,Sokoto,Alkanmu,2.02308079183349,622.029296875,Non-IDP,Accessible,default_unreported,NA,NA,ACF
NG034012,Rabah,NG034,Sokoto,Basansan,4.2829775479294065,1567.883056640625,Non-IDP,Accessible,default_unreported,NA,NA,ACF
NG034012,Rabah,NG034,Sokoto,Birnin Tudu,4.3476259008287785,160.8072052001953,Non-IDP,Accessible,default_unreported,NA,NA,ACF
NG034012,Rabah,NG034,Sokoto,Chacho-Marnona,11.800897101429939,203.12930297851563,Non-IDP,Accessible,default_unreported,NA,NA,ACF
NG034012,Rabah,NG034,Sokoto,Dankadu,20.34769115248728,1480.394775390625,Non-IDP,Accessible,default_unreported,NA,NA,ACF
NG034012,Rabah,NG034,Sokoto,Faru Magami,0.43495062778449056,34.76692581176758,Non-IDP,Accessible,default_unreported,NA,NA,ACF
NG034012,Rabah,NG034,Sokoto,Gandi 1,150.09200534842444,21830.1484375,Non-IDP,Accessible,default_unreported,NA,NA,ACF
NG034012,Rabah,NG034,Sokoto,Gandi 2,528.7434551137252,11475.0244140625,Non-IDP,Accessible,default_unreported,NA,NA,ACF
NG034012,Rabah,NG034,Sokoto,Ge Ere Gajara,34.774014763735416,604.87725830078125,Non-IDP,Accessible,default_unreported,NA,NA,ACF
NG034012,Rabah,NG034,Sokoto,Goddodi,166.0964223992328,14925.4404296875,Non-IDP,Accessible,default_unreported,NA,NA,ACF
NG034012,Rabah,NG034,Sokoto,Janbako,6.342076713029415,215.1821746826172,Non-IDP,Accessible,default_unreported,NA,NA,ACF
NG034012,Rabah,NG034,Sokoto,Kabanga,18.64091024716711,764.19140625,Non-IDP,Accessible,default_unreported,NA,NA,ACF
NG034012,Rabah,NG034,Sokoto,Kurya,242.55231895085444,13655.2646484375,Non-IDP,Accessible,default_unreported,NA,NA,ACF
NG034012,Rabah,NG034,Sokoto,Maikujera,56.00474989605331,13629.5361328125,Non-IDP,Accessible,default_unreported,NA,NA,ACF
NG034012,Rabah,NG034,Sokoto,Nasarawa,143.60076043057472,4754.7578125,Non-IDP,Accessible,default_unreported,NA,NA,ACF
NG034012,Rabah,NG034,Sokoto,Rabah,129.78776473641526,19331.833984375,Non-IDP,Accessible,default_unreported,NA,NA,ACF
NG034012,Rabah,NG034,Sokoto,Rarah,240.79849297285236,20222.650390625,Non-IDP,Accessible,default_unreported,NA,NA,ACF
NG034012,Rabah,NG034,Sokoto,Rini,6.622740121162415,65.75226593017578,Non-IDP,Accessible,default_unreported,NA,NA,ACF
NG034012,Rabah,NG034,Sokoto,Sabon Gari Dole,108.03595979662573,396.57672119140625,Non-IDP,Accessible,default_unreported,NA,NA,ACF
NG034012,Rabah,NG034,Sokoto,Tidibale,0.35923241683813184,0,Non-IDP,Accessible,default_unreported,NA,NA,ACF
NG034012,Rabah,NG034,Sokoto,Tofa,40.550471600668885,11135.8701171875,Non-IDP,Accessible,default_unreported,NA,NA,ACF
NG034012,Rabah,NG034,Sokoto,Tsamiya,64.74695995121145,11182.123046875,Non-IDP,Accessible,default_unreported,NA,NA,ACF
NG034012,Rabah,NG034,Sokoto,Tunga Mallamawa,15.420760132673614,1985.8294677734375,Non-IDP,Accessible,default_unreported,NA,NA,ACF
NG034012,Rabah,NG034,Sokoto,Tursa,270.0660720550716,6708,Non-IDP,Accessible,default_unreported,NA,NA,ACF
NG034012,Rabah,NG034,Sokoto,Wababe-Salau,12.533070291550159,164.7335968017578,Non-IDP,Accessible,default_unreported,NA,NA,ACF
NG034012,Rabah,NG034,Sokoto,Yarstakuwa,438.55228444095064,18717.5390625,Non-IDP,Accessible,default_unreported,NA,NA,ACF
NG034013,Sabon Birni,NG034,Sokoto,Gangara,143.05875558270418,11634.2646484375,Non-IDP,Accessible,default_unreported,NA,NA,IRC; LHI
NG034013,Sabon Birni,NG034,Sokoto,Gatawa,336.23227069886065,22946.40625,Non-IDP,Accessible,confirmed_by_partner_report (blank row - not flagged),NA,NA,IRC; LHI
NG034013,Sabon Birni,NG034,Sokoto,Gilbadi,0.6357417499746084,0.481651246547699,Non-IDP,Accessible,default_unreported,NA,NA,IRC; LHI
NG034013,Sabon Birni,NG034,Sokoto,Kalgo,253.08097421494526,22577.53125,Non-IDP,Accessible,confirmed_by_partner_report (blank row - not flagged),NA,NA,IRC; LHI
NG034013,Sabon Birni,NG034,Sokoto,Kurawa,292.0856321486826,24204.984375,Non-IDP,Accessible,confirmed_by_partner_report (blank row - not flagged),NA,NA,IRC; LHI
NG034013,Sabon Birni,NG034,Sokoto,Lajinge,100.05891266726327,19213.0546875,Non-IDP,Accessible,confirmed_by_partner_report (blank row - not flagged),NA,NA,IRC; LHI
NG034013,Sabon Birni,NG034,Sokoto,Makuwana,168.96628624550152,28263.796875,Non-IDP,Accessible,confirmed_by_partner_report (blank row - not flagged),NA,NA,IRC; LHI
NG034013,Sabon Birni,NG034,Sokoto,Rimawa,66.88624786614895,2079.691162109375,Non-IDP,Accessible,default_unreported,NA,NA,IRC; LHI
NG034013,Sabon Birni,NG034,Sokoto,Sabon Birni,42.29340542315972,38166.078125,Non-IDP,Accessible,confirmed_by_partner_report (blank row - not flagged),NA,NA,IRC; LHI
NG034013,Sabon Birni,NG034,Sokoto,Takatsaba,312.44098313999564,26901.57421875,Non-IDP,Accessible,confirmed_by_partner_report (blank row - not flagged),NA,NA,IRC; LHI
NG034013,Sabon Birni,NG034,Sokoto,Tarah,144.9854504210186,14349.9365234375,Non-IDP,Accessible,confirmed_by_partner_report (blank row - not flagged),NA,NA,IRC; LHI
NG034013,Sabon Birni,NG034,Sokoto,Tidibale,51.146059286640536,1797.396484375,Non-IDP,Accessible,default_unreported,NA,NA,IRC; LHI
NG034013,Sabon Birni,NG034,Sokoto,Tozai,20.03275636911869,410.0460205078125,Non-IDP,Accessible,default_unreported,NA,NA,IRC; LHI
NG034013,Sabon Birni,NG034,Sokoto,Tsabre,21.615545877605378,528.366943359375,Non-IDP,Accessible,default_unreported,NA,NA,IRC; LHI
NG034013,Sabon Birni,NG034,Sokoto,Tsamaye,258.51500661853515,23309.310546875,Non-IDP,Accessible,confirmed_by_partner_report (blank row - not flagged),NA,NA,IRC; LHI
NG034013,Sabon Birni,NG034,Sokoto,Turba,13.273563369245947,977.85113525390625,Non-IDP,Accessible,default_unreported,NA,NA,IRC; LHI
NG034013,Sabon Birni,NG034,Sokoto,Unguwar Lalle,457.24700037641344,39261.234375,Non-IDP,Accessible,confirmed_by_partner_report (blank row - not flagged),NA,NA,IRC; LHI
NG034013,Sabon Birni,NG034,Sokoto,Yanfako,16.01355420514393,524.4718017578125,Non-IDP,Accessible,default_unreported,NA,NA,IRC; LHI
NG034014,Shagari,NG034,Sokoto,Bangi Dabaga,24.202791648806215,422.3303527832031,Non-IDP,Accessible,default_unreported,NA,NA,CRS
NG034014,Shagari,NG034,Sokoto,Bengaje,8.507448916966617,2107.850830078125,Non-IDP,Accessible,default_unreported,NA,NA,CRS
NG034014,Shagari,NG034,Sokoto,Birnin Magaji,21.204778050662757,131.97068786621094,Non-IDP,Accessible,default_unreported,NA,NA,CRS
NG034014,Shagari,NG034,Sokoto,Dagawa,9.685536338862896,2496.4345703125,Non-IDP,Accessible,default_unreported,NA,NA,CRS
NG034014,Shagari,NG034,Sokoto,Dandin Mahe,100.96258936397761,32486.037109375,Non-IDP,Accessible,default_unreported,NA,NA,CRS
NG034014,Shagari,NG034,Sokoto,Dangulbi,2.483665875734091,653.40106201171875,Non-IDP,Accessible,default_unreported,NA,NA,CRS
NG034014,Shagari,NG034,Sokoto,Dogon Daji,0.20441099757364392,142.4937744140625,Non-IDP,Accessible,default_unreported,NA,NA,CRS
NG034014,Shagari,NG034,Sokoto,Duma,3.8607113282384873,7.219724655151367,Non-IDP,Accessible,default_unreported,NA,NA,CRS
NG034014,Shagari,NG034,Sokoto,Fakka,4.299115964789867,617.46405029296875,Non-IDP,Accessible,default_unreported,NA,NA,CRS
NG034014,Shagari,NG034,Sokoto,Gamo,52.19297286906123,3396.695556640625,Non-IDP,Accessible,default_unreported,NA,NA,CRS
NG034014,Shagari,NG034,Sokoto,Gangan,251.3775504500054,17811.791015625,Non-IDP,Accessible,default_unreported,NA,NA,CRS
NG034014,Shagari,NG034,Sokoto,Horo,36.08965635069752,11065.6572265625,Non-IDP,Accessible,default_unreported,NA,NA,CRS
NG034014,Shagari,NG034,Sokoto,Jabo-Kagara,49.69840302889044,1749.204345703125,Non-IDP,Accessible,default_unreported,NA,NA,CRS
NG034014,Shagari,NG034,Sokoto,Jaredi,22.56511573768425,13282.82421875,Non-IDP,Accessible,default_unreported,NA,NA,CRS
NG034014,Shagari,NG034,Sokoto,Kajiji,55.04140651852765,23176.240234375,Non-IDP,Accessible,default_unreported,NA,NA,CRS
NG034014,Shagari,NG034,Sokoto,Kambama,154.7988017409854,13615.0068359375,Non-IDP,Accessible,default_unreported,NA,NA,CRS
NG034014,Shagari,NG034,Sokoto,Lambara,463.27247943681954,21062.525390625,Non-IDP,Accessible,default_unreported,NA,NA,CRS
NG034014,Shagari,NG034,Sokoto,Mandera,37.39563862930393,13383.5458984375,Non-IDP,Accessible,default_unreported,NA,NA,CRS
NG034014,Shagari,NG034,Sokoto,Sanyinnawal,81.3098520877018,16467.642578125,Non-IDP,Accessible,default_unreported,NA,NA,CRS
NG034014,Shagari,NG034,Sokoto,Shagari,96.4520166746686,29309.482421875,Non-IDP,Accessible,default_unreported,NA,NA,CRS
NG034014,Shagari,NG034,Sokoto,Sifawa Lukuyawa,0.36760017516094445,15.962408065795898,Non-IDP,Accessible,default_unreported,NA,NA,CRS
NG034014,Shagari,NG034,Sokoto,Yabo A,0.4882107871029377,80.17999267578125,Non-IDP,Accessible,default_unreported,NA,NA,CRS
NG034015,Silame,NG034,Sokoto,Bakale,36.24084943456149,2098.867431640625,Non-IDP,Inaccessible,confirmed_by_partner_report,FACT,Population absent / relocated,FACT
NG034015,Silame,NG034,Sokoto,Bayawa North,7.804705663507893,81.8258285522461,Non-IDP,Accessible,default_unreported,NA,NA,FACT
NG034015,Silame,NG034,Sokoto,Binjin Muza,7.088112580239892,23.708850860595703,Non-IDP,Accessible,default_unreported,NA,NA,FACT
NG034015,Silame,NG034,Sokoto,Birnin Tudu Gudale,7.06886327704826,64.96234893798828,Non-IDP,Accessible,default_unreported,NA,NA,FACT
NG034015,Silame,NG034,Sokoto,Bunkari,4.056006234135866,664.98748779296875,Non-IDP,Accessible,confirmed_by_partner_report,FACT,N/A - fully accessible,FACT
NG034015,Silame,NG034,Sokoto,Gande,141.36878745312487,20094.08984375,Non-IDP,Accessible,confirmed_by_partner_report,FACT,N/A - fully accessible,FACT
NG034015,Silame,NG034,Sokoto,Gaukai,57.80286595758814,4924.4833984375,Non-IDP,Inaccessible,confirmed_by_partner_report,FACT,Insecurity / conflict,FACT
NG034015,Silame,NG034,Sokoto,Jekanadu,93.09237218372088,6580.01416015625,Non-IDP,Inaccessible,confirmed_by_partner_report,FACT,Insecurity / conflict,FACT
NG034015,Silame,NG034,Sokoto,Kammata,0.9022523047592937,3.021305561065674,Non-IDP,Accessible,default_unreported,NA,NA,FACT
NG034015,Silame,NG034,Sokoto,Katami North,74.17241829410196,6589.341796875,Non-IDP,Inaccessible,confirmed_by_partner_report,FACT,Insecurity / conflict,FACT
NG034015,Silame,NG034,Sokoto,Katami South,83.76816546128221,7869.005859375,Non-IDP,Inaccessible,confirmed_by_partner_report,FACT,Insecurity / conflict,FACT
NG034015,Silame,NG034,Sokoto,Kubodu,24.392206166805984,3548.8369140625,Non-IDP,Inaccessible,confirmed_by_partner_report,FACT,Insecurity / conflict,FACT
NG034015,Silame,NG034,Sokoto,Kwaido,46.21265680949026,3735.257080078125,Non-IDP,Inaccessible,confirmed_by_partner_report,FACT,Insecurity / conflict,FACT
NG034015,Silame,NG034,Sokoto,Labani,128.36909697989262,15629.046875,Non-IDP,Accessible,confirmed_by_partner_report,FACT,N/A - fully accessible,FACT
NG034015,Silame,NG034,Sokoto,Maje,43.10972953079493,4799.88232421875,Non-IDP,Inaccessible,confirmed_by_partner_report,FACT,Insecurity / conflict,FACT
NG034015,Silame,NG034,Sokoto,Marafa,65.24816482939792,6859.07421875,Non-IDP,Inaccessible,confirmed_by_partner_report,FACT,Insecurity / conflict,FACT
NG034015,Silame,NG034,Sokoto,Silame,72.32747100057269,10127.2822265625,Non-IDP,Accessible,confirmed_by_partner_report,FACT,N/A - fully accessible,FACT
NG034015,Silame,NG034,Sokoto,Soron Gabas,0.31399812057765386,111.82740783691406,Non-IDP,Accessible,default_unreported,NA,NA,FACT
NG034015,Silame,NG034,Sokoto,Soron Yamma,2.85526069807899,577.476806640625,Non-IDP,Accessible,default_unreported,NA,NA,FACT
NG034016,Sokoto North,NG034,Sokoto,Arkilla,0.03961211780481041,335.1910095214844,Non-IDP,Accessible,default_unreported,NA,NA,DRC
NG034016,Sokoto North,NG034,Sokoto,Dundaye,0.3063204553167224,189.45614624023438,Non-IDP,Accessible,default_unreported,NA,NA,DRC
NG034016,Sokoto North,NG034,Sokoto,Gidan Bubu,13.66092623600465,702.463134765625,Non-IDP,Accessible,default_unreported,NA,NA,DRC
NG034016,Sokoto North,NG034,Sokoto,Gidan Rugga More,5.819488612717465,1375.3515625,Non-IDP,Accessible,default_unreported,NA,NA,DRC
NG034016,Sokoto North,NG034,Sokoto,Kalambaina,4.1478244564935265,29797.76171875,Non-IDP,Accessible,default_unreported,NA,NA,DRC
NG034016,Sokoto North,NG034,Sokoto,Magajin Gari A,1.5240630554199666,22558.365234375,Non-IDP,Accessible,default_unreported,NA,NA,DRC
NG034016,Sokoto North,NG034,Sokoto,Magajin Gari B,4.220150596102368,32215.232421875,Non-IDP,Accessible,default_unreported,NA,NA,DRC
NG034016,Sokoto North,NG034,Sokoto,Magajin Rafi A,0.3993736053274274,8807.3349609375,Non-IDP,Accessible,default_unreported,NA,NA,DRC
NG034016,Sokoto North,NG034,Sokoto,Magajin Rafi B,0.4933259393668324,10556.2646484375,Non-IDP,Accessible,default_unreported,NA,NA,DRC
NG034016,Sokoto North,NG034,Sokoto,Rijia A,7.485144609734416e-4,16.238767623901367,Non-IDP,Accessible,default_unreported,NA,NA,DRC
NG034016,Sokoto North,NG034,Sokoto,Sarkin Adar Gandu,3.7608136253926157,51182.92578125,Non-IDP,Accessible,default_unreported,NA,NA,DRC
NG034016,Sokoto North,NG034,Sokoto,Sarkin Adar Gidan Igwai,5.313568706136793,54368.140625,Non-IDP,Accessible,default_unreported,NA,NA,DRC
NG034016,Sokoto North,NG034,Sokoto,Sarkin Addar A,0.27393802305214104,3949.97802734375,Non-IDP,Accessible,default_unreported,NA,NA,DRC
NG034016,Sokoto North,NG034,Sokoto,Sarkin Addar B,0.03478081986185908,735.437255859375,Non-IDP,Accessible,default_unreported,NA,NA,DRC
NG034016,Sokoto North,NG034,Sokoto,Sarkin Musulmi A,0.3135199980600774,6661.02490234375,Non-IDP,Accessible,default_unreported,NA,NA,DRC
NG034016,Sokoto North,NG034,Sokoto,Sarkin Musulmi B,0.3319094492736589,6713.22412109375,Non-IDP,Accessible,default_unreported,NA,NA,DRC
NG034016,Sokoto North,NG034,Sokoto,Sarkin Zamfara A,0.0010383461932986975,22.744752883911133,Non-IDP,Accessible,default_unreported,NA,NA,DRC
NG034016,Sokoto North,NG034,Sokoto,Sarkin Zamfara B,0.13672974302756785,1298.9857177734375,Non-IDP,Accessible,default_unreported,NA,NA,DRC
NG034016,Sokoto North,NG034,Sokoto,Tudun Wada A,6.000407640635967e-4,13.339887619018555,Non-IDP,Accessible,default_unreported,NA,NA,DRC
NG034016,Sokoto North,NG034,Sokoto,Waziri A,2.857183105049383,28970.216796875,Non-IDP,Accessible,default_unreported,NA,NA,DRC
NG034016,Sokoto North,NG034,Sokoto,Waziri B,0.5944104902969674,13154.9091796875,Non-IDP,Accessible,default_unreported,NA,NA,DRC
NG034016,Sokoto North,NG034,Sokoto,Waziri C,0.9080823314668238,15468.0673828125,Non-IDP,Accessible,default_unreported,NA,NA,DRC
NG034017,Sokoto South,NG034,Sokoto,Arkilla,0.606574057488596,5471.83544921875,Non-IDP,Accessible,default_unreported,NA,NA,DRC
NG034017,Sokoto South,NG034,Sokoto,Durbawa,0.1270030879176259,255.55078125,Non-IDP,Accessible,default_unreported,NA,NA,DRC
NG034017,Sokoto South,NG034,Sokoto,Gagi A,10.388217366293311,122450.6484375,Non-IDP,Accessible,default_unreported,NA,NA,DRC
NG034017,Sokoto South,NG034,Sokoto,Gagi B,2.5497647146755456,31493.771484375,Non-IDP,Accessible,default_unreported,NA,NA,DRC
NG034017,Sokoto South,NG034,Sokoto,Gagi C,5.823274282247484,84608.8125,Non-IDP,Accessible,default_unreported,NA,NA,DRC
NG034017,Sokoto South,NG034,Sokoto,Gidan Rugga More,0.1987568149030991,150.49374389648438,Non-IDP,Accessible,default_unreported,NA,NA,DRC
NG034017,Sokoto South,NG034,Sokoto,Magajin Rafi A,0.048599228936560455,1084.669677734375,Non-IDP,Accessible,default_unreported,NA,NA,DRC
NG034017,Sokoto South,NG034,Sokoto,Magajin Rafi B,0.09732320438584313,2074.208740234375,Non-IDP,Accessible,default_unreported,NA,NA,DRC
NG034017,Sokoto South,NG034,Sokoto,Rijia A,0.6025034117641226,13067.244140625,Non-IDP,Accessible,default_unreported,NA,NA,DRC
NG034017,Sokoto South,NG034,Sokoto,Rijia B,2.0089315981051326,23488.150390625,Non-IDP,Accessible,default_unreported,NA,NA,DRC
NG034017,Sokoto South,NG034,Sokoto,Rikina,0.3679025648545027,2272.12451171875,Non-IDP,Accessible,default_unreported,NA,NA,DRC
NG034017,Sokoto South,NG034,Sokoto,Sarkin Adar Gandu,0.06018736671292782,1021.5840454101563,Non-IDP,Accessible,default_unreported,NA,NA,DRC
NG034017,Sokoto South,NG034,Sokoto,Sarkin Addar A,0.8738267777255923,14727.6162109375,Non-IDP,Accessible,default_unreported,NA,NA,DRC
NG034017,Sokoto South,NG034,Sokoto,Sarkin Addar B,0.7226996209912151,15057.0625,Non-IDP,Accessible,default_unreported,NA,NA,DRC
NG034017,Sokoto South,NG034,Sokoto,Sarkin Zamfara A,0.28554718828743975,5932.27294921875,Non-IDP,Accessible,default_unreported,NA,NA,DRC
NG034017,Sokoto South,NG034,Sokoto,Sarkin Zamfara B,1.7924038092838526,24121.09765625,Non-IDP,Accessible,default_unreported,NA,NA,DRC
NG034017,Sokoto South,NG034,Sokoto,Tudun Wada A,1.763975604018867,28087.51953125,Non-IDP,Accessible,default_unreported,NA,NA,DRC
NG034017,Sokoto South,NG034,Sokoto,Tudun Wada B,3.4490174486590623,49122.57421875,Non-IDP,Accessible,default_unreported,NA,NA,DRC
NG034017,Sokoto South,NG034,Sokoto,Tuntube-Tsefe,0.0034314845198094844,52.46377944946289,Non-IDP,Accessible,default_unreported,NA,NA,DRC
NG034017,Sokoto South,NG034,Sokoto,Waziri C,0.4310911400259733,4828.39599609375,Non-IDP,Accessible,default_unreported,NA,NA,DRC
NG034018,Tambuwal,NG034,Sokoto,Alelu,17.882359987048627,1662.8739013671875,Non-IDP,Accessible,default_unreported,NA,NA,ACF
NG034018,Tambuwal,NG034,Sokoto,Bagida,326.8501961827602,37686.3125,Non-IDP,Accessible,default_unreported,NA,NA,ACF
NG034018,Tambuwal,NG034,Sokoto,Barkeji-Nabaguda,155.14528814948844,22807.078125,Non-IDP,Accessible,default_unreported,NA,NA,ACF
NG034018,Tambuwal,NG034,Sokoto,Bashire-Maikada,147.74219145453424,39786.2265625,Non-IDP,Accessible,default_unreported,NA,NA,ACF
NG034018,Tambuwal,NG034,Sokoto,Dodoru,3.6282301336177403,880.161865234375,Non-IDP,Accessible,default_unreported,NA,NA,ACF
NG034018,Tambuwal,NG034,Sokoto,Dogon Daji,251.13259113942146,32491.3203125,Non-IDP,Accessible,default_unreported,NA,NA,ACF
NG034018,Tambuwal,NG034,Sokoto,Faga Alasan,49.62339947218823,12406.853515625,Non-IDP,Accessible,default_unreported,NA,NA,ACF
NG034018,Tambuwal,NG034,Sokoto,Fakka,11.459596994268178,67.48236846923828,Non-IDP,Accessible,default_unreported,NA,NA,ACF
NG034018,Tambuwal,NG034,Sokoto,Gamo,3.5284392060863974,90.98613739013672,Non-IDP,Accessible,default_unreported,NA,NA,ACF
NG034018,Tambuwal,NG034,Sokoto,Gangan,6.508682669468761,102.87946319580078,Non-IDP,Accessible,default_unreported,NA,NA,ACF
NG034018,Tambuwal,NG034,Sokoto,Gayari,1.4277356632359623,0,Non-IDP,Accessible,default_unreported,NA,NA,ACF
NG034018,Tambuwal,NG034,Sokoto,Gulmare,0.00689662149477005,6.867042064666748,Non-IDP,Accessible,default_unreported,NA,NA,ACF
NG034018,Tambuwal,NG034,Sokoto,Jabo-Kagara,403.12205913468057,43041.2890625,Non-IDP,Accessible,default_unreported,NA,NA,ACF
NG034018,Tambuwal,NG034,Sokoto,Jandutsi Birnin Malam,0.47039877334982155,49.34727478027344,Non-IDP,Accessible,default_unreported,NA,NA,ACF
NG034018,Tambuwal,NG034,Sokoto,Jiga Makera,1.4289214857012034,270.8901062011719,Non-IDP,Accessible,default_unreported,NA,NA,ACF
NG034018,Tambuwal,NG034,Sokoto,Kajiji,0.030341714038610457,125.19723510742188,Non-IDP,Accessible,default_unreported,NA,NA,ACF
NG034018,Tambuwal,NG034,Sokoto,Kebbe West,5.4338023943398,69.1663818359375,Non-IDP,Accessible,default_unreported,NA,NA,ACF
NG034018,Tambuwal,NG034,Sokoto,Kurfa,24.815784986177206,149.46005249023438,Non-IDP,Accessible,default_unreported,NA,NA,ACF
NG034018,Tambuwal,NG034,Sokoto,Lambara,33.00593342531115,688.02789306640625,Non-IDP,Accessible,default_unreported,NA,NA,ACF
NG034018,Tambuwal,NG034,Sokoto,Malisa,7.461806738176614,2109.7421875,Non-IDP,Accessible,default_unreported,NA,NA,ACF
NG034018,Tambuwal,NG034,Sokoto,Mandera,48.58298467921162,1046.68212890625,Non-IDP,Accessible,default_unreported,NA,NA,ACF
NG034018,Tambuwal,NG034,Sokoto,Margai East,6.093293611608088,49.008018493652344,Non-IDP,Accessible,default_unreported,NA,NA,ACF
NG034018,Tambuwal,NG034,Sokoto,Margai West,30.328710181826533,620.05743408203125,Non-IDP,Accessible,default_unreported,NA,NA,ACF
NG034018,Tambuwal,NG034,Sokoto,Maruda,0.010019825815021992,0.4715624749660492,Non-IDP,Accessible,default_unreported,NA,NA,ACF
NG034018,Tambuwal,NG034,Sokoto,Romo Sarki,105.55267814138504,14393.744140625,Non-IDP,Accessible,default_unreported,NA,NA,ACF
NG034018,Tambuwal,NG034,Sokoto,Sabon Birni,111.75104545470596,14891.0654296875,Non-IDP,Accessible,default_unreported,NA,NA,ACF
NG034018,Tambuwal,NG034,Sokoto,Saida Goshe,168.55026124275196,15528.94140625,Non-IDP,Accessible,default_unreported,NA,NA,ACF
NG034018,Tambuwal,NG034,Sokoto,Sanyinna,10.99927383521366,12759.9697265625,Non-IDP,Accessible,default_unreported,NA,NA,ACF
NG034018,Tambuwal,NG034,Sokoto,Sanyinnawal,37.17902721890134,982.2603759765625,Non-IDP,Accessible,default_unreported,NA,NA,ACF
NG034018,Tambuwal,NG034,Sokoto,Tambuwal,88.46757431041745,56851.578125,Non-IDP,Accessible,default_unreported,NA,NA,ACF
NG034018,Tambuwal,NG034,Sokoto,Torankawa,7.616894803049706,720.7451171875,Non-IDP,Accessible,default_unreported,NA,NA,ACF
NG034019,Tangaza,NG034,Sokoto,Atakwanyo,68.98320652535773,1848.0252685546875,Non-IDP,Accessible,confirmed_by_partner_report (blank row - not flagged),NA,NA,IRC; LHI
NG034019,Tangaza,NG034,Sokoto,Balle,4.379172595966339,8.340495109558105,Non-IDP,Accessible,default_unreported,NA,NA,IRC; LHI
NG034019,Tangaza,NG034,Sokoto,Damba,3.5969109149911405,12.842240333557129,Non-IDP,Accessible,default_unreported,NA,NA,IRC; LHI
NG034019,Tangaza,NG034,Sokoto,Gidan Hamidu,0.038271354449629785,0.3612736165523529,Non-IDP,Accessible,default_unreported,NA,NA,IRC; LHI
NG034019,Tangaza,NG034,Sokoto,Gidan Madi,67.95178641851497,23577.505859375,Non-IDP,Accessible,confirmed_by_partner_report (blank row - not flagged),NA,NA,IRC; LHI
NG034019,Tangaza,NG034,Sokoto,Gigane,0.04358949047862186,2.6741440296173096,Non-IDP,Accessible,default_unreported,NA,NA,IRC; LHI
NG034019,Tangaza,NG034,Sokoto,Inname,0.17510132297468187,0,Non-IDP,Accessible,default_unreported,NA,NA,IRC; LHI
NG034019,Tangaza,NG034,Sokoto,Jamali,79.83192163937358,440.71893310546875,Non-IDP,Accessible,default_unreported,NA,NA,IRC; LHI
NG034019,Tangaza,NG034,Sokoto,Kalanjeni,91.11447665052623,12591.41015625,Non-IDP,Accessible,confirmed_by_partner_report (blank row - not flagged),NA,NA,IRC; LHI
NG034019,Tangaza,NG034,Sokoto,Kalmalo,2.748659338464737,0,Non-IDP,Accessible,default_unreported,NA,NA,IRC; LHI
NG034019,Tangaza,NG034,Sokoto,Kaura,0.2061832799384892,0,Non-IDP,Accessible,default_unreported,NA,NA,IRC; LHI
NG034019,Tangaza,NG034,Sokoto,Kwacce Huru,113.34837975910591,15720.328125,Non-IDP,Accessible,confirmed_by_partner_report (blank row - not flagged),NA,NA,IRC; LHI
NG034019,Tangaza,NG034,Sokoto,Magonho,418.12479958463194,16615.033203125,Non-IDP,Accessible,confirmed_by_partner_report (blank row - not flagged),NA,NA,IRC; LHI
NG034019,Tangaza,NG034,Sokoto,Marake,0.7900188549876213,0,Non-IDP,Accessible,default_unreported,NA,NA,IRC; LHI
NG034019,Tangaza,NG034,Sokoto,Raka,125.02362261404765,9368.421875,Non-IDP,Accessible,confirmed_by_partner_report (blank row - not flagged),NA,NA,IRC; LHI
NG034019,Tangaza,NG034,Sokoto,Ruwa Wuri,362.80494735642765,17723.482421875,Non-IDP,Accessible,confirmed_by_partner_report (blank row - not flagged),NA,NA,IRC; LHI
NG034019,Tangaza,NG034,Sokoto,Sabon Birni,0.039010493583850975,0.1997026950120926,Non-IDP,Accessible,default_unreported,NA,NA,IRC; LHI
NG034019,Tangaza,NG034,Sokoto,Sakkwai,423.1192764381194,14585.5146484375,Non-IDP,Accessible,confirmed_by_partner_report (blank row - not flagged),NA,NA,IRC; LHI
NG034019,Tangaza,NG034,Sokoto,Salewa,292.6680619857783,7591.1220703125,Non-IDP,Accessible,default_unreported,NA,NA,IRC; LHI
NG034019,Tangaza,NG034,Sokoto,Samama,6.436474427352726,225.01718139648438,Non-IDP,Accessible,default_unreported,NA,NA,IRC; LHI
NG034019,Tangaza,NG034,Sokoto,Sutti,132.59140399442916,14217.2060546875,Non-IDP,Accessible,confirmed_by_partner_report (blank row - not flagged),NA,NA,IRC; LHI
NG034019,Tangaza,NG034,Sokoto,Tangaza,450.5434428028481,32493.875,Non-IDP,Accessible,confirmed_by_partner_report (blank row - not flagged),NA,NA,IRC; LHI
NG034019,Tangaza,NG034,Sokoto,Tudun Kose,3.6745801612263023,128.3063507080078,Non-IDP,Accessible,default_unreported,NA,NA,IRC; LHI
NG034020,Tureta,NG034,Sokoto,Bangi Dabaga,30.18188669013381,1172.7232666015625,Non-IDP,Inaccessible,confirmed_by_partner_report,FACT,Insecurity / conflict,FACT
NG034020,Tureta,NG034,Sokoto,Birnin Magaji,46.36007757305905,2122.236328125,Non-IDP,Accessible,default_unreported,NA,NA,FACT
NG034020,Tureta,NG034,Sokoto,Bukkuyum,0.2956434829974496,6.005904197692871,Non-IDP,Accessible,default_unreported,NA,NA,FACT
NG034020,Tureta,NG034,Sokoto,Dakko,0.01344681318193674,0.977021336555481,Non-IDP,Accessible,default_unreported,NA,NA,FACT
NG034020,Tureta,NG034,Sokoto,Damri,44.32934873339176,537.20703125,Non-IDP,Accessible,default_unreported,NA,NA,FACT
NG034020,Tureta,NG034,Sokoto,Dangulbi,496.85203626906537,9932.0693359375,Non-IDP,Inaccessible,confirmed_by_partner_report,FACT,Insecurity / conflict,FACT
NG034020,Tureta,NG034,Sokoto,Danmanau,17.69454012395817,771.3272705078125,Non-IDP,Inaccessible,confirmed_by_partner_report,FACT,Insecurity / conflict,FACT
NG034020,Tureta,NG034,Sokoto,Duma,214.05877821507906,16884.134765625,Non-IDP,Inaccessible,confirmed_by_partner_report,FACT,Insecurity / conflict,FACT
NG034020,Tureta,NG034,Sokoto,Fajaldu,57.618341366100935,1737.2972412109375,Non-IDP,Inaccessible,confirmed_by_partner_report,FACT,Insecurity / conflict,FACT
NG034020,Tureta,NG034,Sokoto,Furagirke,69.93362953333926,10991.0576171875,Non-IDP,Inaccessible,confirmed_by_partner_report,FACT,Insecurity / conflict,FACT
NG034020,Tureta,NG034,Sokoto,Gidan Kare,297.87708306348804,13820.0458984375,Non-IDP,Inaccessible,confirmed_by_partner_report,FACT,Insecurity / conflict,FACT
NG034020,Tureta,NG034,Sokoto,Kambama,29.622548925661565,1510.0289306640625,Non-IDP,Accessible,default_unreported,NA,NA,FACT
NG034020,Tureta,NG034,Sokoto,Kuruwa,342.4816842946073,5714.9130859375,Non-IDP,Inaccessible,confirmed_by_partner_report,FACT,Insecurity / conflict,FACT
NG034020,Tureta,NG034,Sokoto,Kwarare,161.22622421385574,3735.989501953125,Non-IDP,Inaccessible,confirmed_by_partner_report,FACT,Insecurity / conflict,FACT
NG034020,Tureta,NG034,Sokoto,Lamba Tureta,129.391400109442,20882.779296875,Non-IDP,Accessible,confirmed_by_partner_report,FACT,N/A - fully accessible,FACT
NG034020,Tureta,NG034,Sokoto,Lambara,57.51873005302239,744.78887939453125,Non-IDP,Accessible,default_unreported,NA,NA,FACT
NG034020,Tureta,NG034,Sokoto,Lofa,37.63841639552951,11253.1201171875,Non-IDP,Inaccessible,confirmed_by_partner_report,FACT,Insecurity / conflict,FACT
NG034020,Tureta,NG034,Sokoto,Ruwan Jema,153.8987111315813,5715.81103515625,Non-IDP,Inaccessible,confirmed_by_partner_report,FACT,Insecurity / conflict,FACT
NG034020,Tureta,NG034,Sokoto,Tsamiya,201.59259990112884,15788.4501953125,Non-IDP,Inaccessible,confirmed_by_partner_report,FACT,Insecurity / conflict,FACT
NG034020,Tureta,NG034,Sokoto,Tureta,72.61478915346807,17292.134765625,Non-IDP,Accessible,confirmed_by_partner_report,FACT,N/A - fully accessible,FACT
NG034020,Tureta,NG034,Sokoto,Wababe-Salau,16.883254374695227,384.8912353515625,Non-IDP,Accessible,default_unreported,NA,NA,FACT
NG034020,Tureta,NG034,Sokoto,Zauma,126.28622366338891,2771.7001953125,Non-IDP,Inaccessible,confirmed_by_partner_report,FACT,Insecurity / conflict,FACT
NG034021,Wamako,NG034,Sokoto,Arkilla,27.96788066691062,261525.171875,Non-IDP,Accessible,default_unreported,NA,NA,CRS
NG034021,Wamako,NG034,Sokoto,Bado,33.26566095304537,101452.984375,Non-IDP,Accessible,default_unreported,NA,NA,CRS
NG034021,Wamako,NG034,Sokoto,Bankanu,7.761017887114703,4374.994140625,Non-IDP,Accessible,default_unreported,NA,NA,CRS
NG034021,Wamako,NG034,Sokoto,Birniruwa,0.2879541967122555,0,Non-IDP,Accessible,default_unreported,NA,NA,CRS
NG034021,Wamako,NG034,Sokoto,Bunkari,7.826662889712572,66.27930450439453,Non-IDP,Accessible,default_unreported,NA,NA,CRS
NG034021,Wamako,NG034,Sokoto,Dingyadi,4.518007844410449,3604.9619140625,Non-IDP,Accessible,default_unreported,NA,NA,CRS
NG034021,Wamako,NG034,Sokoto,Dundaye,39.86295482511857,39498.375,Non-IDP,Accessible,default_unreported,NA,NA,CRS
NG034021,Wamako,NG034,Sokoto,Gagi B,0.5116233326470703,4835.60400390625,Non-IDP,Accessible,default_unreported,NA,NA,CRS
NG034021,Wamako,NG034,Sokoto,Gande,1.9747532667689323,7.489434719085693,Non-IDP,Accessible,default_unreported,NA,NA,CRS
NG034021,Wamako,NG034,Sokoto,Gidan Bubu,53.312955966813774,30818.7421875,Non-IDP,Accessible,default_unreported,NA,NA,CRS
NG034021,Wamako,NG034,Sokoto,Gidan Hamidu,88.18726202667295,30676.82421875,Non-IDP,Accessible,default_unreported,NA,NA,CRS
NG034021,Wamako,NG034,Sokoto,Gidan Rugga More,1.9096549983019828,23.684213638305664,Non-IDP,Accessible,default_unreported,NA,NA,CRS
NG034021,Wamako,NG034,Sokoto,Gumbi,39.712973193070084,36242.60546875,Non-IDP,Accessible,default_unreported,NA,NA,CRS
NG034021,Wamako,NG034,Sokoto,Gwamatse,103.65680133395135,15095.1513671875,Non-IDP,Accessible,default_unreported,NA,NA,CRS
NG034021,Wamako,NG034,Sokoto,Jekanadu,13.223104173788876,698.62725830078125,Non-IDP,Accessible,default_unreported,NA,NA,CRS
NG034021,Wamako,NG034,Sokoto,Kalambaina,13.71891131648469,47188.3671875,Non-IDP,Accessible,default_unreported,NA,NA,CRS
NG034021,Wamako,NG034,Sokoto,Kammata,100.76650217614778,16725.271484375,Non-IDP,Accessible,default_unreported,NA,NA,CRS
NG034021,Wamako,NG034,Sokoto,Kaura,154.787528729305,32213.470703125,Non-IDP,Accessible,default_unreported,NA,NA,CRS
NG034021,Wamako,NG034,Sokoto,Kubodu,15.217535496258199,1008.5619506835938,Non-IDP,Accessible,default_unreported,NA,NA,CRS
NG034021,Wamako,NG034,Sokoto,Kwacce Huru,0.030566558919668196,0,Non-IDP,Accessible,default_unreported,NA,NA,CRS
NG034021,Wamako,NG034,Sokoto,Samama,7.959913490603447,735.84490966796875,Non-IDP,Accessible,default_unreported,NA,NA,CRS
NG034021,Wamako,NG034,Sokoto,Sarkin Adar Gandu,0.376254434856534,2425.53271484375,Non-IDP,Accessible,default_unreported,NA,NA,CRS
NG034021,Wamako,NG034,Sokoto,Sarkin Adar Gidan Igwai,0.015374153794705869,14.832974433898926,Non-IDP,Accessible,default_unreported,NA,NA,CRS
NG034021,Wamako,NG034,Sokoto,Sarkin Zamfara B,0.5106737384694516,2226.58349609375,Non-IDP,Accessible,default_unreported,NA,NA,CRS
NG034021,Wamako,NG034,Sokoto,Takatuku Madorawa,0.08244322139513492,36.720703125,Non-IDP,Accessible,default_unreported,NA,NA,CRS
NG034021,Wamako,NG034,Sokoto,Tudun Wada B,0.33765473736962676,2848.18408203125,Non-IDP,Accessible,default_unreported,NA,NA,CRS
NG034021,Wamako,NG034,Sokoto,Tulluwa,8.291635939422667,3569.08642578125,Non-IDP,Accessible,default_unreported,NA,NA,CRS
NG034021,Wamako,NG034,Sokoto,Tuntube-Tsefe,0.5875744762301073,3267.37353515625,Non-IDP,Accessible,default_unreported,NA,NA,CRS
NG034021,Wamako,NG034,Sokoto,Wamakko,20.505490899546622,25603.955078125,Non-IDP,Accessible,default_unreported,NA,NA,CRS
NG034022,Wurno,NG034,Sokoto,Achida,19.634447578519225,15820.6787109375,Non-IDP,Accessible,confirmed_by_partner_report,ZOA,N/A - fully accessible,ZOA
NG034022,Wurno,NG034,Sokoto,Alkanmu,36.396978880705625,14051.59375,Non-IDP,Accessible,confirmed_by_partner_report,ZOA,NA,ZOA
NG034022,Wurno,NG034,Sokoto,Chacho-Marnona,303.6763872332863,34241.28125,Non-IDP,Accessible,confirmed_by_partner_report,ZOA,NA,ZOA
NG034022,Wurno,NG034,Sokoto,Chimola,0.001543927737891674,0.06583553552627563,Non-IDP,Accessible,default_unreported,NA,NA,ZOA
NG034022,Wurno,NG034,Sokoto,Dimbiso,41.62583910227932,12604.5703125,Non-IDP,Inaccessible,confirmed_by_partner_report,ZOA,Insecurity / conflict,ZOA
NG034022,Wurno,NG034,Sokoto,Dinawa,56.06359736278963,12720.642578125,Non-IDP,Accessible,confirmed_by_partner_report,ZOA,NA,ZOA
NG034022,Wurno,NG034,Sokoto,Gandu,2.0804943143446444,1209.6102294921875,Non-IDP,Accessible,confirmed_by_partner_report,ZOA,NA,ZOA
NG034022,Wurno,NG034,Sokoto,Gidan Kaya,0.5587612743991613,657.07598876953125,Non-IDP,Accessible,default_unreported,NA,NA,ZOA
NG034022,Wurno,NG034,Sokoto,Giyawa,5.8445284636680634,222.0353240966797,Non-IDP,Accessible,default_unreported,NA,NA,ZOA
NG034022,Wurno,NG034,Sokoto,Hamma Ali Marabawa,11.993399478470803,1371.5672607421875,Non-IDP,Accessible,confirmed_by_partner_report,ZOA,NA,ZOA
NG034022,Wurno,NG034,Sokoto,Huchi,4.850737136190295,340.4179992675781,Non-IDP,Accessible,default_unreported,NA,NA,ZOA
NG034022,Wurno,NG034,Sokoto,Kagara,1.4732553846004903,14.655704498291016,Non-IDP,Accessible,default_unreported,NA,NA,ZOA
NG034022,Wurno,NG034,Sokoto,Kwargaba,91.83970313253927,13051.119140625,Non-IDP,Inaccessible,confirmed_by_partner_report,ZOA,Insecurity / conflict,ZOA
NG034022,Wurno,NG034,Sokoto,Kwasare,35.665857372452024,16786.11328125,Non-IDP,Accessible,confirmed_by_partner_report,ZOA,NA,ZOA
NG034022,Wurno,NG034,Sokoto,Lahodu,42.11625890030122,15481.75,Non-IDP,Inaccessible,confirmed_by_partner_report,ZOA,Insecurity / conflict,ZOA
NG034022,Wurno,NG034,Sokoto,Magarya,4.32353248858647,5181.7587890625,Non-IDP,Accessible,confirmed_by_partner_report,ZOA,NA,ZOA
NG034022,Wurno,NG034,Sokoto,Marafa,3.612976961183224,18307.638671875,Non-IDP,Accessible,confirmed_by_partner_report,ZOA,NA,ZOA
NG034022,Wurno,NG034,Sokoto,Rabah,7.615435537196398,1967.58447265625,Non-IDP,Inaccessible,confirmed_by_partner_report,ZOA,Insecurity / conflict,ZOA
NG034022,Wurno,NG034,Sokoto,Sabon Gari Dole,48.65713560155153,584.99609375,Non-IDP,Accessible,default_unreported,NA,NA,ZOA
NG034022,Wurno,NG034,Sokoto,Tambagarka,0.14807253268682957,12.741504669189453,Non-IDP,Accessible,default_unreported,NA,NA,ZOA
NG034022,Wurno,NG034,Sokoto,Tofa,4.820391242854893,1319.0909423828125,Non-IDP,Accessible,default_unreported,NA,NA,ZOA
NG034022,Wurno,NG034,Sokoto,Tunga,47.115631323439615,17949.70703125,Non-IDP,Accessible,confirmed_by_partner_report,ZOA,N/A - fully accessible,ZOA
NG034022,Wurno,NG034,Sokoto,Tursa,1.9218804118281696e-10,0,Non-IDP,Accessible,default_unreported,NA,NA,ZOA
NG034023,Yabo,NG034,Sokoto,Bakale,137.59616056420003,14690.0576171875,Non-IDP,Inaccessible,confirmed_by_partner_report,FACT,Insecurity / conflict,FACT
NG034023,Yabo,NG034,Sokoto,Bayawa North,2.2247413838464616,77.28532409667969,Non-IDP,Accessible,default_unreported,NA,NA,FACT
NG034023,Yabo,NG034,Sokoto,Bengaje,82.05395604330707,14599.224609375,Non-IDP,Inaccessible,confirmed_by_partner_report,FACT,Insecurity / conflict,FACT
NG034023,Yabo,NG034,Sokoto,Binjin Muza,231.1907179743284,16455.080078125,Non-IDP,Inaccessible,confirmed_by_partner_report,FACT,Insecurity / conflict,FACT
NG034023,Yabo,NG034,Sokoto,Birniruwa,50.64372270185506,7945.9912109375,Non-IDP,Inaccessible,confirmed_by_partner_report,FACT,Insecurity / conflict,FACT
NG034023,Yabo,NG034,Sokoto,Dagawa,67.70386087055326,20699.419921875,Non-IDP,Accessible,confirmed_by_partner_report,FACT,N/A - fully accessible,FACT
NG034023,Yabo,NG034,Sokoto,Dandin Mahe,1.1060728101096153,108.55413055419922,Non-IDP,Inaccessible,confirmed_by_partner_report,FACT,Insecurity / conflict,FACT
NG034023,Yabo,NG034,Sokoto,Dingyadi,0.8573883548188508,15.899652481079102,Non-IDP,Accessible,default_unreported,NA,NA,FACT
NG034023,Yabo,NG034,Sokoto,Fakka,46.43608640579033,13679.39453125,Non-IDP,Inaccessible,confirmed_by_partner_report,FACT,Insecurity / conflict,FACT
NG034023,Yabo,NG034,Sokoto,Gangan,4.110073298438906,1119.79638671875,Non-IDP,Inaccessible,confirmed_by_partner_report,FACT,Insecurity / conflict,FACT
NG034023,Yabo,NG034,Sokoto,Jaredi,0.13903328443288804,12.2169189453125,Non-IDP,Accessible,default_unreported,NA,NA,FACT
NG034023,Yabo,NG034,Sokoto,Jekanadu,0.4555059235706329,0,Non-IDP,Accessible,default_unreported,NA,NA,FACT
NG034023,Yabo,NG034,Sokoto,Kammata,13.777352364168943,25.085853576660156,Non-IDP,Accessible,default_unreported,NA,NA,FACT
NG034023,Yabo,NG034,Sokoto,Katami South,3.2053990369457006,24.510425567626953,Non-IDP,Accessible,default_unreported,NA,NA,FACT
NG034023,Yabo,NG034,Sokoto,Kaura Miyo,0.046727860518932345,0,Non-IDP,Accessible,default_unreported,NA,NA,FACT
NG034023,Yabo,NG034,Sokoto,Kilgori,70.73180611416241,14094.7431640625,Non-IDP,Inaccessible,confirmed_by_partner_report,FACT,Insecurity / conflict,FACT
NG034023,Yabo,NG034,Sokoto,Labani,1.6974420293020607,16.223360061645508,Non-IDP,Accessible,default_unreported,NA,NA,FACT
NG034023,Yabo,NG034,Sokoto,Saida Goshe,0.13260023770856857,4.226360321044922,Non-IDP,Accessible,default_unreported,NA,NA,FACT
NG034023,Yabo,NG034,Sokoto,Sanyinna,4.393861459719181,164.5552215576172,Non-IDP,Accessible,default_unreported,NA,NA,FACT
NG034023,Yabo,NG034,Sokoto,Sanyinnawal,0.5860944394743443,11.992696762084961,Non-IDP,Accessible,default_unreported,NA,NA,FACT
NG034023,Yabo,NG034,Sokoto,Shagari,0.07444281847035884,12.260915756225586,Non-IDP,Accessible,default_unreported,NA,NA,FACT
NG034023,Yabo,NG034,Sokoto,Sifawa Lukuyawa,18.53199574082607,684.53912353515625,Non-IDP,Accessible,default_unreported,NA,NA,FACT
NG034023,Yabo,NG034,Sokoto,Torankawa,75.10447137578421,8844.244140625,Non-IDP,Accessible,default_unreported,NA,NA,FACT
NG034023,Yabo,NG034,Sokoto,Yabo A,30.297593671634672,24350.126953125,Non-IDP,Accessible,confirmed_by_partner_report,FACT,N/A - fully accessible,FACT
NG034023,Yabo,NG034,Sokoto,Yabo B,21.04836604515052,16686.255859375,Non-IDP,Accessible,confirmed_by_partner_report,FACT,N/A - fully accessible,FACT
NG036001,Bade,NG036,Yobe,Dagona,167.17174114742423,10970.3447265625,Non-IDP,Accessible,confirmed_by_partner_report,NRC,N/A - fully accessible,NRC
NG036001,Bade,NG036,Yobe,Dawayo,103.36083242777079,18472.79296875,Non-IDP,Accessible,confirmed_by_partner_report,NRC,N/A - fully accessible,NRC
NG036001,Bade,NG036,Yobe,Garbagal,0.37343285378087687,4.1401872634887695,Non-IDP,Accessible,default_unreported,NA,NA,NRC
NG036001,Bade,NG036,Yobe,Garin Gawo,0.02693680449694395,0,Non-IDP,Accessible,default_unreported,NA,NA,NRC
NG036001,Bade,NG036,Yobe,Gasma,2.24739536088223,744.66949462890625,Non-IDP,Accessible,confirmed_by_partner_report,NRC,N/A - fully accessible,NRC
NG036001,Bade,NG036,Yobe,Girgir / Bayam,4.632603754471302,257.9442138671875,Non-IDP,Accessible,default_unreported,NA,NA,NRC
NG036001,Bade,NG036,Yobe,Gogaram,2.817313578541756,120.97522735595703,Non-IDP,Accessible,default_unreported,NA,NA,NRC
NG036001,Bade,NG036,Yobe,Gwio-Kura,298.83144418768353,18035.58203125,Non-IDP,Accessible,confirmed_by_partner_report,NRC,N/A - fully accessible,NRC
NG036001,Bade,NG036,Yobe,Jaba,24.51135394280708,1399.093994140625,Non-IDP,Accessible,default_unreported,NA,NA,NRC
NG036001,Bade,NG036,Yobe,Jaji Maji,0.18429191268387438,7.335005283355713,Non-IDP,Accessible,default_unreported,NA,NA,NRC
NG036001,Bade,NG036,Yobe,Jawa Garun Dole,2.7777877250636815,168.80271911621094,Non-IDP,Accessible,default_unreported,NA,NA,NRC
NG036001,Bade,NG036,Yobe,Jawur / Katamma,88.89201685742813,6802.16357421875,Non-IDP,Accessible,default_unreported,NA,NA,NRC
NG036001,Bade,NG036,Yobe,Kadira,1.1232174952006004,20.64332389831543,Non-IDP,Accessible,default_unreported,NA,NA,NRC
NG036001,Bade,NG036,Yobe,Katuzu,13.17612369601822,12633.619140625,Non-IDP,Accessible,confirmed_by_partner_report,NRC,N/A - fully accessible,NRC
NG036001,Bade,NG036,Yobe,Lawan Fannami,2.2648709518519956,25215.623046875,Non-IDP,Accessible,confirmed_by_partner_report,NRC,N/A - fully accessible,NRC
NG036001,Bade,NG036,Yobe,Lawan Musa,1.6983099723894932,16578.556640625,Non-IDP,Accessible,confirmed_by_partner_report,NRC,N/A - fully accessible,NRC
NG036001,Bade,NG036,Yobe,Sabon Gari,6.607322114053771,37760.08984375,Non-IDP,Accessible,confirmed_by_partner_report,NRC,N/A - fully accessible,NRC
NG036001,Bade,NG036,Yobe,Sarkin Hausawa,14.23027325106609,13940.560546875,Non-IDP,Accessible,confirmed_by_partner_report,NRC,N/A - fully accessible,NRC
NG036001,Bade,NG036,Yobe,Sugum Tagali,238.8261780797143,7635.66650390625,Non-IDP,Accessible,default_unreported,NA,NA,NRC
NG036001,Bade,NG036,Yobe,Zabudum / Dachia,42.3643070807302,381.28021240234375,Non-IDP,Accessible,default_unreported,NA,NA,NRC
NG036001,Bade,NG036,Yobe,Zango,2.803519116536851,17020.26171875,Non-IDP,Accessible,confirmed_by_partner_report,NRC,N/A - fully accessible,NRC
NG036002,Bursari,NG036,Yobe,Balle,20.911414679502727,1228.1998291015625,Non-IDP,Accessible,default_unreported,NA,NA,FACT
NG036002,Bursari,NG036,Yobe,Bayamari,233.1349143721676,19456.634765625,Non-IDP,Accessible,confirmed_by_partner_report,FACT,N/A - fully accessible,FACT
NG036002,Bursari,NG036,Yobe,Danani Lawanti,626.9234524675736,26207.49609375,Non-IDP,Inaccessible,confirmed_by_partner_report,FACT,Physical access (terrain,FACT
NG036002,Bursari,NG036,Yobe,Dapchi,519.4372258919927,36906.046875,Non-IDP,Accessible,confirmed_by_partner_report,FACT,N/A - fully accessible,FACT
NG036002,Bursari,NG036,Yobe,Guba Dapso,500.34829368943593,18955.15234375,Non-IDP,Accessible,confirmed_by_partner_report,FACT,N/A - fully accessible,FACT
NG036002,Bursari,NG036,Yobe,Guji Metalari,389.33564781625586,25084,Non-IDP,Accessible,confirmed_by_partner_report,FACT,N/A - fully accessible,FACT
NG036002,Bursari,NG036,Yobe,Gumsa,0.9424759317014814,60.36624526977539,Non-IDP,Accessible,default_unreported,NA,NA,FACT
NG036002,Bursari,NG036,Yobe,Guya,5.825601515709691,192.1251220703125,Non-IDP,Accessible,default_unreported,NA,NA,FACT
NG036002,Bursari,NG036,Yobe,Gwio-Kura,303.3097130319645,15296.9443359375,Non-IDP,Accessible,confirmed_by_partner_report,FACT,N/A - fully accessible,FACT
NG036002,Bursari,NG036,Yobe,Jaba,4.514904139462083,244.2451934814453,Non-IDP,Accessible,default_unreported,NA,NA,FACT
NG036002,Bursari,NG036,Yobe,Jawa Garun Dole,328.8831111145713,29100.7265625,Non-IDP,Accessible,confirmed_by_partner_report,FACT,N/A - fully accessible,FACT
NG036002,Bursari,NG036,Yobe,Jawur / Katamma,9.452381685905635,359.7771301269531,Non-IDP,Accessible,default_unreported,NA,NA,FACT
NG036002,Bursari,NG036,Yobe,Juluri Damnawa,110.18382097102833,6054.06103515625,Non-IDP,Accessible,default_unreported,NA,NA,FACT
NG036002,Bursari,NG036,Yobe,Jumbam,36.11407379082632,1532.1483154296875,Non-IDP,Accessible,default_unreported,NA,NA,FACT
NG036002,Bursari,NG036,Yobe,Kaliyari,531.1920830582552,24352.66796875,Non-IDP,Accessible,confirmed_by_partner_report,FACT,N/A - fully accessible,FACT
NG036002,Bursari,NG036,Yobe,Kurnawa,642.9341412154635,32276.228515625,Non-IDP,Accessible,confirmed_by_partner_report,FACT,N/A - fully accessible,FACT
NG036002,Bursari,NG036,Yobe,Lawan Musa,2.498496754636526,136.2942352294922,Non-IDP,Accessible,default_unreported,NA,NA,FACT
NG036002,Bursari,NG036,Yobe,Ma'anna,0.027330769968271256,3.9528121948242188,Non-IDP,Accessible,default_unreported,NA,NA,FACT
NG036002,Bursari,NG036,Yobe,Manda-Dawa,20.11363743202543,1066.5096435546875,Non-IDP,Accessible,default_unreported,NA,NA,FACT
NG036002,Bursari,NG036,Yobe,Masaba,345.5990458616803,20309.265625,Non-IDP,Accessible,confirmed_by_partner_report,FACT,N/A - fully accessible,FACT
NG036002,Bursari,NG036,Yobe,Mozogun,46.94307902345775,2127.1650390625,Non-IDP,Accessible,default_unreported,NA,NA,FACT
NG036002,Bursari,NG036,Yobe,Sarkin Hausawa,10.563150238869198,1021.8993530273438,Non-IDP,Inaccessible,confirmed_by_partner_report,FACT,Other,FACT
NG036002,Bursari,NG036,Yobe,Waro,11.140092280095338,680.958984375,Non-IDP,Accessible,default_unreported,NA,NA,FACT
NG036002,Bursari,NG036,Yobe,Zango,5.596910276902795,761.64007568359375,Non-IDP,Accessible,default_unreported,NA,NA,FACT
NG036003,Damaturu,NG036,Yobe,Bindigari Pawari,16.808015650514363,48146.23828125,Non-IDP,Accessible,confirmed_by_partner_report,NRC,N/A - fully accessible,NRC
NG036003,Damaturu,NG036,Yobe,Damakasu,196.19217061329604,7437.39501953125,Non-IDP,Accessible,confirmed_by_partner_report,NRC,N/A - fully accessible,NRC
NG036003,Damaturu,NG036,Yobe,Damaturu Central,19.538060310732842,85084.171875,Non-IDP,Accessible,confirmed_by_partner_report,NRC,N/A - fully accessible,NRC
NG036003,Damaturu,NG036,Yobe,Gambir Moduri,296.87733567320015,14016.4248046875,Non-IDP,Accessible,confirmed_by_partner_report,NRC,N/A - fully accessible,NRC
NG036003,Damaturu,NG036,Yobe,Goduram,0.8680860424408615,26.98246955871582,Non-IDP,Accessible,default_unreported,NA,NA,NRC
NG036003,Damaturu,NG036,Yobe,Gujba,127.48399126689058,4734.42236328125,Non-IDP,Accessible,default_unreported,NA,NA,NRC
NG036003,Damaturu,NG036,Yobe,Kalallawa Gabai,558.3483615088581,14408.8984375,Non-IDP,Accessible,confirmed_by_partner_report,NRC,N/A - fully accessible,NRC
NG036003,Damaturu,NG036,Yobe,Kukareta Warsala,435.26926583408846,19751.140625,Non-IDP,Accessible,confirmed_by_partner_report,NRC,N/A - fully accessible,NRC
NG036003,Damaturu,NG036,Yobe,Maisandari / Waziri Ibrahim,223.42730302250553,88130.4765625,Non-IDP,Accessible,confirmed_by_partner_report,NRC,N/A - fully accessible,NRC
NG036003,Damaturu,NG036,Yobe,Mashio,58.08659775608951,1279.235107421875,Non-IDP,Accessible,default_unreported,NA,NA,NRC
NG036003,Damaturu,NG036,Yobe,Murfakalam,190.89008275457954,15225.7646484375,Non-IDP,Accessible,confirmed_by_partner_report,NRC,N/A - fully accessible,NRC
NG036003,Damaturu,NG036,Yobe,Nayinawa,22.53786299741827,79276.1875,Non-IDP,Accessible,confirmed_by_partner_report,NRC,N/A - fully accessible,NRC
NG036003,Damaturu,NG036,Yobe,Ngamdu,4.716354309279321,341.8135070800781,Non-IDP,Accessible,default_unreported,NA,NA,NRC
NG036003,Damaturu,NG036,Yobe,Ngelzarma A,74.59991899860191,2554.673095703125,Non-IDP,Accessible,default_unreported,NA,NA,NRC
NG036003,Damaturu,NG036,Yobe,Ngelzarma B,2.952377430054307,108.034423828125,Non-IDP,Accessible,default_unreported,NA,NA,NRC
NG036003,Damaturu,NG036,Yobe,Ngurbuwa,0.6718719353229999,16.57233238220215,Non-IDP,Accessible,default_unreported,NA,NA,NRC
NG036003,Damaturu,NG036,Yobe,Njiwaji / Gwange,16.898243056621073,72500.6796875,Non-IDP,Accessible,confirmed_by_partner_report,NRC,N/A - fully accessible,NRC
NG036003,Damaturu,NG036,Yobe,Sasawa / Kabaru,666.1208109380119,19436.34765625,Non-IDP,Accessible,confirmed_by_partner_report,NRC,N/A - fully accessible,NRC
NG036003,Damaturu,NG036,Yobe,Sungul Koka,11.032422902719974,409.5287780761719,Non-IDP,Accessible,default_unreported,NA,NA,NRC
NG036004,Fika,NG036,Yobe,Bage,3.4306858938058666e-5,9.713616600492969e-5,Non-IDP,Accessible,default_unreported,NA,NA,FACT
NG036004,Fika,NG036,Yobe,Damagum B,13.20817416255815,1282.5313720703125,Non-IDP,Accessible,default_unreported,NA,NA,FACT
NG036004,Fika,NG036,Yobe,Darin Langawa,6.538073678601068,400.8258972167969,Non-IDP,Accessible,default_unreported,NA,NA,FACT
NG036004,Fika,NG036,Yobe,Daura A,0.712609405878067,100.0108871459961,Non-IDP,Accessible,default_unreported,NA,NA,FACT
NG036004,Fika,NG036,Yobe,Daura B,18.31150300113535,1317.1805419921875,Non-IDP,Accessible,default_unreported,NA,NA,FACT
NG036004,Fika,NG036,Yobe,Fika Anze,141.70699461564803,28481.224609375,Non-IDP,Accessible,confirmed_by_partner_report,FACT,N/A - fully accessible,FACT
NG036004,Fika,NG036,Yobe,Gabai,1.5469126575440764,68.84522247314453,Non-IDP,Accessible,default_unreported,NA,NA,FACT
NG036004,Fika,NG036,Yobe,Gadaka / She,302.44685581481065,53408.28125,Non-IDP,Accessible,confirmed_by_partner_report,FACT,N/A - fully accessible,FACT
NG036004,Fika,NG036,Yobe,Garu,322.4007904146538,25407.669921875,Non-IDP,Accessible,confirmed_by_partner_report,FACT,N/A - fully accessible,FACT
NG036004,Fika,NG036,Yobe,Gudi / Dozi,467.7905219034487,20724.169921875,Non-IDP,Accessible,confirmed_by_partner_report,FACT,N/A - fully accessible,FACT
NG036004,Fika,NG036,Yobe,Janda,2.614381524691489e-4,9.12760806386359e-5,Non-IDP,Accessible,default_unreported,NA,NA,FACT
NG036004,Fika,NG036,Yobe,Janga,621.4820418972686,34013.0546875,Non-IDP,Inaccessible,confirmed_by_partner_report,FACT,Other,FACT
NG036004,Fika,NG036,Yobe,Lanzai West,40.01529661857295,2357.687744140625,Non-IDP,Accessible,default_unreported,NA,NA,FACT
NG036004,Fika,NG036,Yobe,Mamudo,0.00595376257866621,0,Non-IDP,Accessible,default_unreported,NA,NA,FACT
NG036004,Fika,NG036,Yobe,Mubi / Fusami,39.72866509063259,1461.4415283203125,Non-IDP,Inaccessible,confirmed_by_partner_report,FACT,Other,FACT
NG036004,Fika,NG036,Yobe,Ngalda / Dumb,275.4995273062558,28860.328125,Non-IDP,Accessible,confirmed_by_partner_report,FACT,N/A - fully accessible,FACT
NG036004,Fika,NG036,Yobe,Ngojin Alaraba,11.146931556034163,2593.0322265625,Non-IDP,Accessible,default_unreported,NA,NA,FACT
NG036004,Fika,NG036,Yobe,Papa North,3.7048420777296274,498.7594299316406,Non-IDP,Accessible,default_unreported,NA,NA,FACT
NG036004,Fika,NG036,Yobe,Shoye,32.297289259042415,2299.220458984375,Non-IDP,Accessible,confirmed_by_partner_report,FACT,N/A - fully accessible,FACT
NG036004,Fika,NG036,Yobe,Turmi Malori,65.66180287835681,4072.587890625,Non-IDP,Inaccessible,confirmed_by_partner_report,FACT,Other,FACT
NG036004,Fika,NG036,Yobe,Zangaya Mazawaun,286.1823762152985,18872.943359375,Non-IDP,Inaccessible,confirmed_by_partner_report,FACT,Other,FACT
NG036005,Fune,NG036,Yobe,Alagarno,238.6189661144719,12142.302734375,Non-IDP,Accessible,default_unreported,NA,NA,FACT
NG036005,Fune,NG036,Yobe,Borno Kiji,522.5979387904183,22618.005859375,Non-IDP,Inaccessible,confirmed_by_partner_report,FACT,Other,FACT
NG036005,Fune,NG036,Yobe,Chukuriwa,12.806734051132322,1397.1490478515625,Non-IDP,Accessible,default_unreported,NA,NA,FACT
NG036005,Fune,NG036,Yobe,Damagum A,22.08774141049987,30952.720703125,Non-IDP,Accessible,confirmed_by_partner_report,FACT,N/A - fully accessible,FACT
NG036005,Fune,NG036,Yobe,Damagum B,290.8046928657492,28786.802734375,Non-IDP,Accessible,confirmed_by_partner_report,FACT,N/A - fully accessible,FACT
NG036005,Fune,NG036,Yobe,Dapchi,17.866678384588003,1123.5567626953125,Non-IDP,Accessible,default_unreported,NA,NA,FACT
NG036005,Fune,NG036,Yobe,Daura A,306.60205644918966,21786.7890625,Non-IDP,Accessible,confirmed_by_partner_report,FACT,N/A - fully accessible,FACT
NG036005,Fune,NG036,Yobe,Daura B,322.7797608865198,31257.228515625,Non-IDP,Accessible,confirmed_by_partner_report,FACT,N/A - fully accessible,FACT
NG036005,Fune,NG036,Yobe,Dawasa,4.4613385078921315,115.97554016113281,Non-IDP,Accessible,default_unreported,NA,NA,FACT
NG036005,Fune,NG036,Yobe,Duddaye,18.56432884279409,1892.676025390625,Non-IDP,Accessible,default_unreported,NA,NA,FACT
NG036005,Fune,NG036,Yobe,Gadaka / She,47.59029456940871,4363.91455078125,Non-IDP,Accessible,confirmed_by_partner_report,FACT,N/A - fully accessible,FACT
NG036005,Fune,NG036,Yobe,Gujba,98.10627831420565,4370.76171875,Non-IDP,Accessible,default_unreported,NA,NA,FACT
NG036005,Fune,NG036,Yobe,Jajere,625.092990853665,50626.65625,Non-IDP,Accessible,confirmed_by_partner_report,FACT,N/A - fully accessible,FACT
NG036005,Fune,NG036,Yobe,Janga,37.79389881842303,1091.603271484375,Non-IDP,Accessible,default_unreported,NA,NA,FACT
NG036005,Fune,NG036,Yobe,Kalallawa Gabai,3.8701254096698463,477.9703063964844,Non-IDP,Accessible,default_unreported,NA,NA,FACT
NG036005,Fune,NG036,Yobe,Kayeri,614.4139356648635,51043.46484375,Non-IDP,Accessible,default_unreported,NA,NA,FACT
NG036005,Fune,NG036,Yobe,Kollere Kafaje,730.1586122158208,54254.62890625,Non-IDP,Accessible,confirmed_by_partner_report,FACT,N/A - fully accessible,FACT
NG036005,Fune,NG036,Yobe,Koriyel,66.45383639162873,4033.8984375,Non-IDP,Accessible,default_unreported,NA,NA,FACT
NG036005,Fune,NG036,Yobe,Lafiya Loiloi,0.9040031546620428,39.6204948425293,Non-IDP,Accessible,default_unreported,NA,NA,FACT
NG036005,Fune,NG036,Yobe,Marmari Gudugurka,405.5824596579981,25507.421875,Non-IDP,Inaccessible,confirmed_by_partner_report,FACT,Other,FACT
NG036005,Fune,NG036,Yobe,Mashio,912.2483016004674,44693.28515625,Non-IDP,Accessible,confirmed_by_partner_report,FACT,N/A - fully accessible,FACT
NG036005,Fune,NG036,Yobe,Muguram,2.9227517384654282,224.7256622314453,Non-IDP,Accessible,default_unreported,NA,NA,FACT
NG036005,Fune,NG036,Yobe,Mutai,74.35377925490522,2438.53564453125,Non-IDP,Accessible,default_unreported,NA,NA,FACT
NG036005,Fune,NG036,Yobe,Nangere,2.7998918535545543,173.4113311767578,Non-IDP,Accessible,default_unreported,NA,NA,FACT
NG036005,Fune,NG036,Yobe,Ngelzarma A,427.55757007794665,38332.19921875,Non-IDP,Accessible,confirmed_by_partner_report,FACT,N/A - fully accessible,FACT
NG036005,Fune,NG036,Yobe,Ngelzarma B,725.0196577610635,31447.021484375,Non-IDP,Accessible,confirmed_by_partner_report,FACT,N/A - fully accessible,FACT
NG036005,Fune,NG036,Yobe,Tikau,14.040255840133906,2112.49853515625,Non-IDP,Accessible,default_unreported,NA,NA,FACT
NG036005,Fune,NG036,Yobe,Turmi Malori,215.4813119745865,12074.501953125,Non-IDP,Accessible,confirmed_by_partner_report,FACT,N/A - fully accessible,FACT
NG036006,Geidam,NG036,Yobe,Asheikri,59.2623265880518,22064.484375,Non-IDP,Accessible,confirmed_by_partner_report,FACT,N/A - fully accessible,FACT
NG036006,Geidam,NG036,Yobe,Babbangida,37.616631412815806,1751.86181640625,Non-IDP,Accessible,default_unreported,NA,NA,FACT
NG036006,Geidam,NG036,Yobe,Balle,122.90521062656113,14082.1171875,Non-IDP,Accessible,confirmed_by_partner_report,FACT,N/A - fully accessible,FACT
NG036006,Geidam,NG036,Yobe,Borko,933.7255115479053,46034.44140625,Non-IDP,Inaccessible,confirmed_by_partner_report,FACT,Insecurity / conflict,FACT
NG036006,Geidam,NG036,Yobe,Bultuwa,69.2268957259422,2866.95263671875,Non-IDP,Accessible,default_unreported,NA,NA,FACT
NG036006,Geidam,NG036,Yobe,Dabira,2.2530874736406803,244.6613006591797,Non-IDP,Accessible,default_unreported,NA,NA,FACT
NG036006,Geidam,NG036,Yobe,Danani Lawanti,47.0006535998808,4010.3466796875,Non-IDP,Accessible,default_unreported,NA,NA,FACT
NG036006,Geidam,NG036,Yobe,Degeltura,23.435322927518843,1003.5148315429688,Non-IDP,Accessible,default_unreported,NA,NA,FACT
NG036006,Geidam,NG036,Yobe,Fukurti,370.7238252881024,27645.05078125,Non-IDP,Accessible,confirmed_by_partner_report,FACT,N/A - fully accessible,FACT
NG036006,Geidam,NG036,Yobe,Futchimiram,355.67667115288737,30174.560546875,Non-IDP,Inaccessible,confirmed_by_partner_report,FACT,Insecurity / conflict,FACT
NG036006,Geidam,NG036,Yobe,Gamawo,0.14955724955640734,6.692282199859619,Non-IDP,Accessible,default_unreported,NA,NA,FACT
NG036006,Geidam,NG036,Yobe,Guji Metalari,19.421243637454985,1088.4007568359375,Non-IDP,Accessible,default_unreported,NA,NA,FACT
NG036006,Geidam,NG036,Yobe,Gumsa,404.7509139308803,21002.666015625,Non-IDP,Accessible,confirmed_by_partner_report,FACT,N/A - fully accessible,FACT
NG036006,Geidam,NG036,Yobe,Hausari,9.823553417647123,25230.078125,Non-IDP,Accessible,confirmed_by_partner_report,FACT,N/A - fully accessible,FACT
NG036006,Geidam,NG036,Yobe,Jororo,374.5926853734218,21040.158203125,Non-IDP,Accessible,confirmed_by_partner_report,FACT,N/A - fully accessible,FACT
NG036006,Geidam,NG036,Yobe,Jumbam,2.1036898907222747,78.11982727050781,Non-IDP,Accessible,default_unreported,NA,NA,FACT
NG036006,Geidam,NG036,Yobe,Kolori,21.923064059696674,29016.353515625,Non-IDP,Inaccessible,confirmed_by_partner_report,FACT,Insecurity / conflict,FACT
NG036006,Geidam,NG036,Yobe,Kusur,1367.8888504069746,36382.8828125,Non-IDP,Inaccessible,confirmed_by_partner_report,FACT,Insecurity / conflict,FACT
NG036006,Geidam,NG036,Yobe,Ma'anna,489.16832569502225,24275.2265625,Non-IDP,Inaccessible,confirmed_by_partner_report,FACT,Insecurity / conflict,FACT
NG036006,Geidam,NG036,Yobe,Mafa,61.03633240284216,2388.391357421875,Non-IDP,Accessible,default_unreported,NA,NA,FACT
NG036006,Geidam,NG036,Yobe,Mozogun,10.657939564037084,809.6810302734375,Non-IDP,Accessible,default_unreported,NA,NA,FACT
NG036006,Geidam,NG036,Yobe,Ngulabamma,6.657996540657081,849.4554443359375,Non-IDP,Accessible,confirmed_by_partner_report,FACT,N/A - fully accessible,FACT
NG036007,Gujba,NG036,Yobe,Ajigin A,0.26089443699745457,0.28937411308288574,Non-IDP,Accessible,default_unreported,NA,NA,NRC
NG036007,Gujba,NG036,Yobe,Ajigin B,2.06197536941105,5.75551700592041,Non-IDP,Accessible,default_unreported,NA,NA,NRC
NG036007,Gujba,NG036,Yobe,Bularafa,226.50508345839094,8760.3740234375,Non-IDP,Accessible,confirmed_by_partner_report,NRC,N/A - fully accessible,NRC
NG036007,Gujba,NG036,Yobe,Buni Gari,489.08818454628073,16789.482421875,Non-IDP,Accessible,confirmed_by_partner_report,NRC,N/A - fully accessible,NRC
NG036007,Gujba,NG036,Yobe,Buni Yadi,258.1737808631158,35610.55078125,Non-IDP,Accessible,confirmed_by_partner_report,NRC,N/A - fully accessible,NRC
NG036007,Gujba,NG036,Yobe,Dadingel,196.30878440750098,6357.0673828125,Non-IDP,Accessible,confirmed_by_partner_report,NRC,N/A - fully accessible,NRC
NG036007,Gujba,NG036,Yobe,Dokshi,81.56695316454852,2549.296142578125,Non-IDP,Accessible,default_unreported,NA,NA,NRC
NG036007,Gujba,NG036,Yobe,Gabai,68.30544082664899,2462.7880859375,Non-IDP,Accessible,default_unreported,NA,NA,NRC
NG036007,Gujba,NG036,Yobe,Gambir Moduri,63.948238615601596,897.116943359375,Non-IDP,Accessible,default_unreported,NA,NA,NRC
NG036007,Gujba,NG036,Yobe,Goneri,21.90387596585226,10486.2783203125,Non-IDP,Accessible,confirmed_by_partner_report,NRC,N/A - fully accessible,NRC
NG036007,Gujba,NG036,Yobe,Gotala Gotumba,187.62128891889532,14612.466796875,Non-IDP,Accessible,confirmed_by_partner_report,NRC,N/A - fully accessible,NRC
NG036007,Gujba,NG036,Yobe,Gujba,1144.821551696678,43852.953125,Non-IDP,Accessible,confirmed_by_partner_report,NRC,N/A - fully accessible,NRC
NG036007,Gujba,NG036,Yobe,Maisandari / Waziri Ibrahim,0.036631036843180656,0,Non-IDP,Accessible,default_unreported,NA,NA,NRC
NG036007,Gujba,NG036,Yobe,Mallumdunari,208.91687674032258,4423.95556640625,Non-IDP,Accessible,confirmed_by_partner_report,NRC,N/A - fully accessible,NRC
NG036007,Gujba,NG036,Yobe,Mutai,444.6609057086656,21226.9375,Non-IDP,Accessible,confirmed_by_partner_report,NRC,N/A - fully accessible,NRC
NG036007,Gujba,NG036,Yobe,Ngamdu,7.727522683143616e-5,0.0023691230453550816,Non-IDP,Accessible,default_unreported,NA,NA,NRC
NG036007,Gujba,NG036,Yobe,Ngurbuwa,395.25566317370783,10761.2822265625,Non-IDP,Accessible,confirmed_by_partner_report,NRC,N/A - fully accessible,NRC
NG036007,Gujba,NG036,Yobe,Shetimare,5.236873149871826e-6,6.021195440553129e-4,Non-IDP,Accessible,default_unreported,NA,NA,NRC
NG036007,Gujba,NG036,Yobe,Turmi Malori,69.29228160749149,1493.434326171875,Non-IDP,Accessible,default_unreported,NA,NA,NRC
NG036007,Gujba,NG036,Yobe,Wagir,421.1489449952106,21129.57421875,Non-IDP,Accessible,confirmed_by_partner_report,NRC,N/A - fully accessible,NRC
NG036007,Gujba,NG036,Yobe,Zangaya Mazawaun,46.766726150469424,1085.23046875,Non-IDP,Accessible,default_unreported,NA,NA,NRC
NG036008,Gulani,NG036,Yobe,Ashaka / Magaba,6.948471661150106e-4,1.3531192962545902e-4,Non-IDP,Accessible,default_unreported,NA,NA,FACT
NG036008,Gulani,NG036,Yobe,Bage,0.02815109765088558,0.07684479653835297,Non-IDP,Accessible,default_unreported,NA,NA,FACT
NG036008,Gulani,NG036,Yobe,Bara,149.25510233949132,17275.107421875,Non-IDP,Accessible,confirmed_by_partner_report,FACT,N/A - fully accessible,FACT
NG036008,Gulani,NG036,Yobe,Bularafa,201.66320815925053,14119.6171875,Non-IDP,Accessible,confirmed_by_partner_report,FACT,N/A - fully accessible,FACT
NG036008,Gulani,NG036,Yobe,Bumsa,241.39602567973435,12935.7822265625,Non-IDP,Accessible,confirmed_by_partner_report,FACT,N/A - fully accessible,FACT
NG036008,Gulani,NG036,Yobe,Buni Gari,3.8389808064364197,25.037311553955078,Non-IDP,Accessible,default_unreported,NA,NA,FACT
NG036008,Gulani,NG036,Yobe,Dokshi,211.04177974641908,6843.7900390625,Non-IDP,Accessible,confirmed_by_partner_report,FACT,N/A - fully accessible,FACT
NG036008,Gulani,NG036,Yobe,Fikayel,1.0195669801760233e-11,0,Non-IDP,Accessible,default_unreported,NA,NA,FACT
NG036008,Gulani,NG036,Yobe,Gabai,676.6837007140389,44313.16796875,Non-IDP,Accessible,confirmed_by_partner_report,FACT,N/A - fully accessible,FACT
NG036008,Gulani,NG036,Yobe,Gagure,217.20894640476018,31587.330078125,Non-IDP,Accessible,confirmed_by_partner_report,FACT,N/A - fully accessible,FACT
NG036008,Gulani,NG036,Yobe,Garin Tuwo,43.28076407190752,7569.2861328125,Non-IDP,Accessible,default_unreported,NA,NA,FACT
NG036008,Gulani,NG036,Yobe,Gulani,116.22201580826473,8734.4267578125,Non-IDP,Accessible,confirmed_by_partner_report,FACT,N/A - fully accessible,FACT
NG036008,Gulani,NG036,Yobe,Gunda,62.96259480428954,4133.9541015625,Non-IDP,Accessible,default_unreported,NA,NA,FACT
NG036008,Gulani,NG036,Yobe,Gwani / Shinga / Wade,3.8826719111271815e-5,0,Non-IDP,Accessible,default_unreported,NA,NA,FACT
NG036008,Gulani,NG036,Yobe,Jillahi,1.7697709500789643e-6,0,Non-IDP,Accessible,default_unreported,NA,NA,FACT
NG036008,Gulani,NG036,Yobe,Kupto,9.444998329877853e-5,0,Non-IDP,Accessible,default_unreported,NA,NA,FACT
NG036008,Gulani,NG036,Yobe,Kushimaga,217.6570365826676,21283.22265625,Non-IDP,Accessible,confirmed_by_partner_report,FACT,N/A - fully accessible,FACT
NG036008,Gulani,NG036,Yobe,Limanti,3.211757987985343,57.79563903808594,Non-IDP,Accessible,default_unreported,NA,NA,FACT
NG036008,Gulani,NG036,Yobe,Malleri,9.379792666062712e-5,0,Non-IDP,Accessible,default_unreported,NA,NA,FACT
NG036008,Gulani,NG036,Yobe,Mutai,8.841821537487954,1369.7259521484375,Non-IDP,Accessible,default_unreported,NA,NA,FACT
NG036008,Gulani,NG036,Yobe,Ngalda / Dumb,82.09731532882655,7757.01416015625,Non-IDP,Accessible,default_unreported,NA,NA,FACT
NG036008,Gulani,NG036,Yobe,Njibulwa,63.243589037133695,8855.2265625,Non-IDP,Inaccessible,confirmed_by_partner_report,FACT,Physical access (terrain,FACT
NG036008,Gulani,NG036,Yobe,Ruhu,179.12668485918374,11057.4111328125,Non-IDP,Accessible,default_unreported,NA,NA,FACT
NG036008,Gulani,NG036,Yobe,Tetteba,164.2277228657651,11568.2939453125,Non-IDP,Accessible,confirmed_by_partner_report,FACT,N/A - fully accessible,FACT
NG036008,Gulani,NG036,Yobe,Zangaya Mazawaun,1.4750150285652877,115.88391876220703,Non-IDP,Accessible,default_unreported,NA,NA,FACT
NG036008,Gulani,NG036,Yobe,Zara,1.993661553994,103.06005096435547,Non-IDP,Accessible,default_unreported,NA,NA,FACT
NG036009,Jakusko,NG036,Yobe,Abunabo,2.53568717353607,249.18722534179688,Non-IDP,Accessible,default_unreported,NA,NA,FACT
NG036009,Jakusko,NG036,Yobe,Alagarno,14.442967048671246,816.01409912109375,Non-IDP,Accessible,default_unreported,NA,NA,FACT
NG036009,Jakusko,NG036,Yobe,Buduwa,305.0239826434634,35242.2109375,Non-IDP,Accessible,confirmed_by_partner_report,FACT,N/A - fully accessible,FACT
NG036009,Jakusko,NG036,Yobe,Bursali,60.8365896726953,4376.6103515625,Non-IDP,Accessible,confirmed_by_partner_report,FACT,N/A - fully accessible,FACT
NG036009,Jakusko,NG036,Yobe,Chukuriwa,48.95241911515134,2064.263671875,Non-IDP,Accessible,default_unreported,NA,NA,FACT
NG036009,Jakusko,NG036,Yobe,Dagona,0.8842597682282924,20.050817489624023,Non-IDP,Accessible,default_unreported,NA,NA,FACT
NG036009,Jakusko,NG036,Yobe,Dapchi,43.10463337464118,2040.6630859375,Non-IDP,Accessible,default_unreported,NA,NA,FACT
NG036009,Jakusko,NG036,Yobe,Dawayo,3.2637954790678023,62.86149215698242,Non-IDP,Accessible,default_unreported,NA,NA,FACT
NG036009,Jakusko,NG036,Yobe,Dumbari,433.4188982478306,22989.853515625,Non-IDP,Accessible,confirmed_by_partner_report,FACT,N/A - fully accessible,FACT
NG036009,Jakusko,NG036,Yobe,Girgir / Bayam,524.9488028681137,34055.44140625,Non-IDP,Accessible,confirmed_by_partner_report,FACT,N/A - fully accessible,FACT
NG036009,Jakusko,NG036,Yobe,Gogaram,314.2857163118743,13780.873046875,Non-IDP,Inaccessible,confirmed_by_partner_report,FACT,Other,FACT
NG036009,Jakusko,NG036,Yobe,Gololo North,0.5750555001206398,58.44756317138672,Non-IDP,Accessible,default_unreported,NA,NA,FACT
NG036009,Jakusko,NG036,Yobe,Gololo South,7.98203313943243,537.657470703125,Non-IDP,Accessible,default_unreported,NA,NA,FACT
NG036009,Jakusko,NG036,Yobe,Gwio-Kura,46.284611062962206,1909.0380859375,Non-IDP,Accessible,default_unreported,NA,NA,FACT
NG036009,Jakusko,NG036,Yobe,Jaba,271.3598978247396,16791.462890625,Non-IDP,Accessible,confirmed_by_partner_report,FACT,N/A - fully accessible,FACT
NG036009,Jakusko,NG036,Yobe,Jakusko,176.57253708671666,30077.275390625,Non-IDP,Accessible,confirmed_by_partner_report,FACT,N/A - fully accessible,FACT
NG036009,Jakusko,NG036,Yobe,Jawur / Katamma,480.74488802672363,35548.94140625,Non-IDP,Accessible,confirmed_by_partner_report,FACT,N/A - fully accessible,FACT
NG036009,Jakusko,NG036,Yobe,Kadira,0.5165285822554678,26.726863861083984,Non-IDP,Accessible,default_unreported,NA,NA,FACT
NG036009,Jakusko,NG036,Yobe,Kayeri,21.99417331623888,238.96099853515625,Non-IDP,Accessible,default_unreported,NA,NA,FACT
NG036009,Jakusko,NG036,Yobe,Lafiya Loiloi,652.5795038828215,48586.3515625,Non-IDP,Accessible,confirmed_by_partner_report,FACT,N/A - fully accessible,FACT
NG036009,Jakusko,NG036,Yobe,Marana,21.972191377316236,1519.0445556640625,Non-IDP,Accessible,default_unreported,NA,NA,FACT
NG036009,Jakusko,NG036,Yobe,Marmari Gudugurka,35.20688514704527,822.1558837890625,Non-IDP,Accessible,default_unreported,NA,NA,FACT
NG036009,Jakusko,NG036,Yobe,Muguram,448.90172477659775,24965.20703125,Non-IDP,Accessible,confirmed_by_partner_report,FACT,N/A - fully accessible,FACT
NG036009,Jakusko,NG036,Yobe,Sarkin Hausawa,0.012865147117190064,0,Non-IDP,Accessible,default_unreported,NA,NA,FACT
NG036009,Jakusko,NG036,Yobe,Sugum Tagali,30.49101900011158,325.54559326171875,Non-IDP,Accessible,default_unreported,NA,NA,FACT
NG036009,Jakusko,NG036,Yobe,Udubo North East,16.049268678126694,910.318603515625,Non-IDP,Accessible,default_unreported,NA,NA,FACT
NG036009,Jakusko,NG036,Yobe,Zabudum / Dachia,355.3231169072561,21080.2890625,Non-IDP,Accessible,confirmed_by_partner_report,FACT,N/A - fully accessible,FACT
NG036010,Karasuwa,NG036,Yobe,Bilal Jawa,172.73440250369723,18927.591796875,Non-IDP,Accessible,confirmed_by_partner_report,FACT,N/A - fully accessible,FACT
NG036010,Karasuwa,NG036,Yobe,Bulatura,7.365173548370152,119.14118194580078,Non-IDP,Accessible,default_unreported,NA,NA,FACT
NG036010,Karasuwa,NG036,Yobe,Dagona,18.15950263904074,343.99560546875,Non-IDP,Accessible,default_unreported,NA,NA,FACT
NG036010,Karasuwa,NG036,Yobe,Dawayo,21.24922071444149,2898.724365234375,Non-IDP,Accessible,confirmed_by_partner_report,FACT,N/A - fully accessible,FACT
NG036010,Karasuwa,NG036,Yobe,Dumsai,7.6529137792531845,208.8768310546875,Non-IDP,Accessible,default_unreported,NA,NA,FACT
NG036010,Karasuwa,NG036,Yobe,Fajiganari,198.17547174019526,12377.7861328125,Non-IDP,Accessible,confirmed_by_partner_report,FACT,N/A - fully accessible,FACT
NG036010,Karasuwa,NG036,Yobe,Garin Gawo,146.5480323139935,10498.7890625,Non-IDP,Inaccessible,confirmed_by_partner_report,FACT,Other,FACT
NG036010,Karasuwa,NG036,Yobe,Gasma,99.10910048062921,11651.197265625,Non-IDP,Accessible,confirmed_by_partner_report,FACT,N/A - fully accessible,FACT
NG036010,Karasuwa,NG036,Yobe,Jajeri,141.54065519462776,10622.830078125,Non-IDP,Accessible,confirmed_by_partner_report,FACT,N/A - fully accessible,FACT
NG036010,Karasuwa,NG036,Yobe,Jaji Maji,27.277122726074666,13139.646484375,Non-IDP,Accessible,confirmed_by_partner_report,FACT,N/A - fully accessible,FACT
NG036010,Karasuwa,NG036,Yobe,Jebuwa,13.602936574925304,762.2449951171875,Non-IDP,Accessible,default_unreported,NA,NA,FACT
NG036010,Karasuwa,NG036,Yobe,Karasuwa Galu,261.77992930371016,16825.037109375,Non-IDP,Accessible,confirmed_by_partner_report,FACT,N/A - fully accessible,FACT
NG036010,Karasuwa,NG036,Yobe,Karausuwa Garin Guna,257.30392380654536,13062.193359375,Non-IDP,Accessible,confirmed_by_partner_report,FACT,N/A - fully accessible,FACT
NG036010,Karasuwa,NG036,Yobe,Kumaganam,78.20474475187862,5073.91845703125,Non-IDP,Accessible,default_unreported,NA,NA,FACT
NG036010,Karasuwa,NG036,Yobe,Lafiya,0.031811187576711177,5.778800010681152,Non-IDP,Accessible,default_unreported,NA,NA,FACT
NG036010,Karasuwa,NG036,Yobe,Lawan Fannami,0.3079031921149492,1150.0948486328125,Non-IDP,Inaccessible,confirmed_by_partner_report,FACT,Other,FACT
NG036010,Karasuwa,NG036,Yobe,Lawan Musa,27.943843592658997,8527.52734375,Non-IDP,Accessible,confirmed_by_partner_report,FACT,N/A - fully accessible,FACT
NG036010,Karasuwa,NG036,Yobe,Masaba,0.6727205856165885,2.407463550567627,Non-IDP,Accessible,default_unreported,NA,NA,FACT
NG036010,Karasuwa,NG036,Yobe,Sabon Gari,8.106675587744355,2708.611328125,Non-IDP,Accessible,confirmed_by_partner_report,FACT,N/A - fully accessible,FACT
NG036010,Karasuwa,NG036,Yobe,Sugum Tagali,28.954978608767092,1331.1005859375,Non-IDP,Accessible,default_unreported,NA,NA,FACT
NG036010,Karasuwa,NG036,Yobe,Sumbar,0.026709723381519317,0,Non-IDP,Accessible,default_unreported,NA,NA,FACT
NG036010,Karasuwa,NG036,Yobe,Wachakal,18.036854067961908,3660.6220703125,Non-IDP,Accessible,confirmed_by_partner_report,FACT,N/A - fully accessible,FACT
NG036010,Karasuwa,NG036,Yobe,Waro,89.54345315562725,4810.01708984375,Non-IDP,Accessible,default_unreported,NA,NA,FACT
NG036010,Karasuwa,NG036,Yobe,Zango,0.21064493408626317,542.30145263671875,Non-IDP,Inaccessible,confirmed_by_partner_report,FACT,Other,FACT
NG036011,Machina,NG036,Yobe,Afunori,9.628004789608985,799.89471435546875,Non-IDP,Inaccessible,confirmed_by_partner_report,FACT,Other,FACT
NG036011,Machina,NG036,Yobe,Gumshi,141.29983268728887,1266.2490234375,Non-IDP,Accessible,default_unreported,NA,NA,FACT
NG036011,Machina,NG036,Yobe,Kukayasku,83.79054183093989,4524.79736328125,Non-IDP,Accessible,confirmed_by_partner_report,FACT,N/A - fully accessible,FACT
NG036011,Machina,NG036,Yobe,Lamisu,358.7672475112424,13614.318359375,Non-IDP,Accessible,confirmed_by_partner_report,FACT,N/A - fully accessible,FACT
NG036011,Machina,NG036,Yobe,Machinamari,0.3610443130899817,12.758918762207031,Non-IDP,Accessible,default_unreported,NA,NA,FACT
NG036011,Machina,NG036,Yobe,Maskandare,170.13840211178703,10570.2490234375,Non-IDP,Accessible,confirmed_by_partner_report,FACT,N/A - fully accessible,FACT
NG036012,Nangere,NG036,Yobe,Bare Bari,21.804074415899663,4737.74853515625,Non-IDP,Inaccessible,confirmed_by_partner_report,FACT,Other,FACT
NG036012,Nangere,NG036,Yobe,Chillariye,52.798140925446035,7740.0712890625,Non-IDP,Accessible,default_unreported,NA,NA,FACT
NG036012,Nangere,NG036,Yobe,Chukuriwa,172.9001885775137,17662.31640625,Non-IDP,Accessible,confirmed_by_partner_report,FACT,N/A - fully accessible,FACT
NG036012,Nangere,NG036,Yobe,Darin Langawa,88.61922306748468,8484.365234375,Non-IDP,Accessible,confirmed_by_partner_report,FACT,N/A - fully accessible,FACT
NG036012,Nangere,NG036,Yobe,Dawasa,105.43778486200137,20244.87890625,Non-IDP,Accessible,confirmed_by_partner_report,FACT,N/A - fully accessible,FACT
NG036012,Nangere,NG036,Yobe,Dazigau,105.5135690451386,19029.8828125,Non-IDP,Accessible,confirmed_by_partner_report,FACT,N/A - fully accessible,FACT
NG036012,Nangere,NG036,Yobe,Degubi,66.69232082910953,9723.9453125,Non-IDP,Accessible,confirmed_by_partner_report,FACT,N/A - fully accessible,FACT
NG036012,Nangere,NG036,Yobe,Dogo Tebo,0.338081543076694,12.166572570800781,Non-IDP,Accessible,default_unreported,NA,NA,FACT
NG036012,Nangere,NG036,Yobe,Duddaye,220.84964761308407,29950.4375,Non-IDP,Accessible,confirmed_by_partner_report,FACT,N/A - fully accessible,FACT
NG036012,Nangere,NG036,Yobe,Garu,2.985944917126046,248.4228973388672,Non-IDP,Accessible,default_unreported,NA,NA,FACT
NG036012,Nangere,NG036,Yobe,Hausawa Asibiti,0.07444152659313381,8.18854808807373,Non-IDP,Accessible,default_unreported,NA,NA,FACT
NG036012,Nangere,NG036,Yobe,Janda,1.8127384449889212,200.8560333251953,Non-IDP,Accessible,default_unreported,NA,NA,FACT
NG036012,Nangere,NG036,Yobe,Janga,2.944417698817849,96.87238311767578,Non-IDP,Accessible,default_unreported,NA,NA,FACT
NG036012,Nangere,NG036,Yobe,Kayeri,3.876091111343026,43.8105583190918,Non-IDP,Accessible,default_unreported,NA,NA,FACT
NG036012,Nangere,NG036,Yobe,Kollere Kafaje,4.274684348419607,643.77374267578125,Non-IDP,Inaccessible,confirmed_by_partner_report,FACT,Other,FACT
NG036012,Nangere,NG036,Yobe,Kukuri,79.44618248822677,18474.146484375,Non-IDP,Inaccessible,confirmed_by_partner_report,FACT,Other,FACT
NG036012,Nangere,NG036,Yobe,Lafiya Loiloi,1.8562311878198385,66.25896453857422,Non-IDP,Accessible,default_unreported,NA,NA,FACT
NG036012,Nangere,NG036,Yobe,Nangere,77.94303417342942,16345.2138671875,Non-IDP,Accessible,confirmed_by_partner_report,FACT,N/A - fully accessible,FACT
NG036012,Nangere,NG036,Yobe,Ngojin Alaraba,0.09170444397819043,1.035447359085083,Non-IDP,Accessible,default_unreported,NA,NA,FACT
NG036012,Nangere,NG036,Yobe,Tikau,71.95257227100956,12706.2998046875,Non-IDP,Accessible,confirmed_by_partner_report,FACT,N/A - fully accessible,FACT
NG036012,Nangere,NG036,Yobe,Watinani,145.62506667654966,24974.6875,Non-IDP,Accessible,confirmed_by_partner_report,FACT,N/A - fully accessible,FACT
NG036012,Nangere,NG036,Yobe,Yayari,12.732951877884627,3913.30224609375,Non-IDP,Inaccessible,confirmed_by_partner_report,FACT,Other,FACT
NG036012,Nangere,NG036,Yobe,Zaura,19.8375244596014,2638.797119140625,Non-IDP,Accessible,default_unreported,NA,NA,FACT
NG036012,Nangere,NG036,Yobe,Zindiwa,19.46588785790813,2176.0234375,Non-IDP,Accessible,default_unreported,NA,NA,FACT
NG036013,Nguru,NG036,Yobe,Afunori,251.62575075776124,15554.8134765625,Non-IDP,Accessible,confirmed_by_partner_report,FACT,N/A - fully accessible,FACT
NG036013,Nguru,NG036,Yobe,Birniwa,2.5058279149429126,274.8608093261719,Non-IDP,Accessible,confirmed_by_partner_report,FACT,N/A - fully accessible,FACT
NG036013,Nguru,NG036,Yobe,Bulabulin,13.496016308096529,21523.685546875,Non-IDP,Accessible,confirmed_by_partner_report,FACT,N/A - fully accessible,FACT
NG036013,Nguru,NG036,Yobe,Bulanguwa,132.6362301935153,11858.291015625,Non-IDP,Accessible,confirmed_by_partner_report,FACT,N/A - fully accessible,FACT
NG036013,Nguru,NG036,Yobe,Dabule,62.89449684104061,4329.42626953125,Non-IDP,Accessible,default_unreported,NA,NA,FACT
NG036013,Nguru,NG036,Yobe,Dumsai,113.18615093238446,13120.765625,Non-IDP,Accessible,default_unreported,NA,NA,FACT
NG036013,Nguru,NG036,Yobe,Gumshi,75.70040875599187,2808.41259765625,Non-IDP,Accessible,confirmed_by_partner_report,FACT,N/A - fully accessible,FACT
NG036013,Nguru,NG036,Yobe,Hausari,2.5709394621372224,27078.03125,Non-IDP,Accessible,confirmed_by_partner_report,FACT,N/A - fully accessible,FACT
NG036013,Nguru,NG036,Yobe,Jajeri,51.11348672288609,4430.29248046875,Non-IDP,Accessible,confirmed_by_partner_report,FACT,N/A - fully accessible,FACT
NG036013,Nguru,NG036,Yobe,Karasuwa Galu,0.9436576480431557,10.157344818115234,Non-IDP,Accessible,default_unreported,NA,NA,FACT
NG036013,Nguru,NG036,Yobe,Maja Kura,165.66280787769966,16209.412109375,Non-IDP,Inaccessible,confirmed_by_partner_report,FACT,Other,FACT
NG036013,Nguru,NG036,Yobe,Matamu,27.644715854956882,1537.7034912109375,Non-IDP,Inaccessible,confirmed_by_partner_report,FACT,Other,FACT
NG036013,Nguru,NG036,Yobe,Ngarbi,33.35471341998243,38517.8203125,Non-IDP,Accessible,confirmed_by_partner_report,FACT,N/A - fully accessible,FACT
NG036013,Nguru,NG036,Yobe,Ngilewa,10.669831444623798,24971.525390625,Non-IDP,Accessible,confirmed_by_partner_report,FACT,N/A - fully accessible,FACT
NG036013,Nguru,NG036,Yobe,S G Kanuri,5.906006497521401,21192.416015625,Non-IDP,Accessible,confirmed_by_partner_report,FACT,N/A - fully accessible,FACT
NG036013,Nguru,NG036,Yobe,Sumbar,5.221596673542976,174.3692626953125,Non-IDP,Accessible,default_unreported,NA,NA,FACT
NG036013,Nguru,NG036,Yobe,Wachakal,34.869144946022274,1162.31005859375,Non-IDP,Accessible,default_unreported,NA,NA,FACT
NG036014,Potiskum,NG036,Yobe,Bare Bari,36.48938443288004,26005.966796875,Non-IDP,Accessible,confirmed_by_partner_report,FACT,N/A - fully accessible,FACT
NG036014,Potiskum,NG036,Yobe,Bolewa A,2.1287024752910173,26113.26171875,Non-IDP,Inaccessible,confirmed_by_partner_report,FACT,Other,FACT
NG036014,Potiskum,NG036,Yobe,Bolewa B,5.443554501722067,63988.29296875,Non-IDP,Accessible,confirmed_by_partner_report,FACT,N/A - fully accessible,FACT
NG036014,Potiskum,NG036,Yobe,Chillariye,2.5843040346387625,787.5135498046875,Non-IDP,Accessible,default_unreported,NA,NA,FACT
NG036014,Potiskum,NG036,Yobe,Damagum B,33.685607145913366,3301.5283203125,Non-IDP,Accessible,default_unreported,NA,NA,FACT
NG036014,Potiskum,NG036,Yobe,Danchuwa,4.775256291766998,34158.76171875,Non-IDP,Accessible,confirmed_by_partner_report,FACT,N/A - fully accessible,FACT
NG036014,Potiskum,NG036,Yobe,Darin Langawa,5.944784094279706,575.31158447265625,Non-IDP,Inaccessible,confirmed_by_partner_report,FACT,Other,FACT
NG036014,Potiskum,NG036,Yobe,Dazigau,4.652481145402134,706.65625,Non-IDP,Accessible,default_unreported,NA,NA,FACT
NG036014,Potiskum,NG036,Yobe,Degubi,0.0652465929737091,3.341074228286743,Non-IDP,Accessible,default_unreported,NA,NA,FACT
NG036014,Potiskum,NG036,Yobe,Dogo Tebo,3.2689155798536538,19436.080078125,Non-IDP,Inaccessible,confirmed_by_partner_report,FACT,Other,FACT
NG036014,Potiskum,NG036,Yobe,Dogon Nini,7.700682161646902,88764.6328125,Non-IDP,Accessible,confirmed_by_partner_report,FACT,N/A - fully accessible,FACT
NG036014,Potiskum,NG036,Yobe,Hausawa Asibiti,4.387121717730947,24576.033203125,Non-IDP,Inaccessible,confirmed_by_partner_report,FACT,Other,FACT
NG036014,Potiskum,NG036,Yobe,Janga,11.882920881845623,432.3775634765625,Non-IDP,Accessible,default_unreported,NA,NA,FACT
NG036014,Potiskum,NG036,Yobe,Kollere Kafaje,66.7285113458085,8003.82080078125,Non-IDP,Accessible,default_unreported,NA,NA,FACT
NG036014,Potiskum,NG036,Yobe,Mamudo,184.50554680657345,29485.4140625,Non-IDP,Accessible,confirmed_by_partner_report,FACT,N/A - fully accessible,FACT
NG036014,Potiskum,NG036,Yobe,Ngojin Alaraba,184.6549793059702,29642.568359375,Non-IDP,Inaccessible,confirmed_by_partner_report,FACT,Other,FACT
NG036014,Potiskum,NG036,Yobe,Tikau,93.26670106400073,21066.50390625,Non-IDP,Inaccessible,confirmed_by_partner_report,FACT,Other,FACT
NG036014,Potiskum,NG036,Yobe,Yerimaram,56.318538261105566,127613.1015625,Non-IDP,Accessible,confirmed_by_partner_report,FACT,N/A - fully accessible,FACT
NG036015,Tarmua,NG036,Yobe,Alagarno,109.2662508277694,4099.3232421875,Non-IDP,Accessible,default_unreported,NA,NA,FACT
NG036015,Tarmua,NG036,Yobe,Babbangida,827.0722947470568,40466.0390625,Non-IDP,Accessible,confirmed_by_partner_report,FACT,N/A - fully accessible,FACT
NG036015,Tarmua,NG036,Yobe,Biriri,465.35650577239227,26284.345703125,Non-IDP,Accessible,confirmed_by_partner_report,FACT,N/A - fully accessible,FACT
NG036015,Tarmua,NG036,Yobe,Borko,0.024159660749614238,2.0664405822753906,Non-IDP,Accessible,default_unreported,NA,NA,FACT
NG036015,Tarmua,NG036,Yobe,Borno Kiji,109.3059187221083,6491.13916015625,Non-IDP,Accessible,default_unreported,NA,NA,FACT
NG036015,Tarmua,NG036,Yobe,Danani Lawanti,5.016776870489121e-4,0,Non-IDP,Accessible,default_unreported,NA,NA,FACT
NG036015,Tarmua,NG036,Yobe,Dapchi,36.17526351490149,1833.7034912109375,Non-IDP,Accessible,default_unreported,NA,NA,FACT
NG036015,Tarmua,NG036,Yobe,Goduram,414.85300294190097,14751.50390625,Non-IDP,Accessible,default_unreported,NA,NA,FACT
NG036015,Tarmua,NG036,Yobe,Gumsa,18.850210215663843,817.2288818359375,Non-IDP,Accessible,default_unreported,NA,NA,FACT
NG036015,Tarmua,NG036,Yobe,Jajere,241.33487635023803,13178.3828125,Non-IDP,Inaccessible,confirmed_by_partner_report,FACT,Insecurity / conflict,FACT
NG036015,Tarmua,NG036,Yobe,Jumbam,192.81120923496604,13534.1611328125,Non-IDP,Accessible,confirmed_by_partner_report,FACT,N/A - fully accessible,FACT
NG036015,Tarmua,NG036,Yobe,Kalallawa Gabai,128.17002812035108,4780.72509765625,Non-IDP,Inaccessible,confirmed_by_partner_report,FACT,Other,FACT
NG036015,Tarmua,NG036,Yobe,Kalizoram,134.50597010218476,4451.66455078125,Non-IDP,Inaccessible,confirmed_by_partner_report,FACT,Insecurity / conflict,FACT
NG036015,Tarmua,NG036,Yobe,Koriyel,509.738364673213,23227.6015625,Non-IDP,Inaccessible,confirmed_by_partner_report,FACT,Insecurity / conflict,FACT
NG036015,Tarmua,NG036,Yobe,Kusur,70.28422088715052,1198.4593505859375,Non-IDP,Accessible,default_unreported,NA,NA,FACT
NG036015,Tarmua,NG036,Yobe,Lantewa,658.8058584444427,24371.615234375,Non-IDP,Inaccessible,confirmed_by_partner_report,FACT,Other,FACT
NG036015,Tarmua,NG036,Yobe,Mafa,678.447586904573,27077.6015625,Non-IDP,Inaccessible,confirmed_by_partner_report,FACT,Other,FACT
NG036015,Tarmua,NG036,Yobe,Manda-Dawa,421.9056431188606,21262.60546875,Non-IDP,Inaccessible,confirmed_by_partner_report,FACT,Other,FACT
NG036015,Tarmua,NG036,Yobe,Marmari Gudugurka,19.040466521796226,1103.3187255859375,Non-IDP,Accessible,default_unreported,NA,NA,FACT
NG036015,Tarmua,NG036,Yobe,Sasawa / Kabaru,51.09426749492207,2441.63720703125,Non-IDP,Accessible,default_unreported,NA,NA,FACT
NG036015,Tarmua,NG036,Yobe,Shekau,183.07982692396354,7496.3447265625,Non-IDP,Accessible,confirmed_by_partner_report,FACT,N/A - fully accessible,FACT
NG036015,Tarmua,NG036,Yobe,Sungul Koka,351.032232059568,12070.7001953125,Non-IDP,Inaccessible,confirmed_by_partner_report,FACT,Insecurity / conflict,FACT
NG036016,Yunusari,NG036,Yobe,Asheikri,22.194098138472445,841.26544189453125,Non-IDP,Accessible,default_unreported,NA,NA,FACT
NG036016,Yunusari,NG036,Yobe,Balle,32.52618829416579,1677.159423828125,Non-IDP,Accessible,default_unreported,NA,NA,FACT
NG036016,Yunusari,NG036,Yobe,Bultuwa,382.11648574437737,25658.806640625,Non-IDP,Inaccessible,confirmed_by_partner_report,FACT,Insecurity / conflict,FACT
NG036016,Yunusari,NG036,Yobe,Degeltura,381.8464704088401,26833.046875,Non-IDP,Accessible,default_unreported,NA,NA,FACT
NG036016,Yunusari,NG036,Yobe,Dilala / Kalgi,539.2979773861431,29778.12109375,Non-IDP,Accessible,confirmed_by_partner_report,FACT,N/A - fully accessible,FACT
NG036016,Yunusari,NG036,Yobe,Fukurti,26.03024172449529,1300.0677490234375,Non-IDP,Accessible,default_unreported,NA,NA,FACT
NG036016,Yunusari,NG036,Yobe,Guya,107.35868664196164,4691.7353515625,Non-IDP,Inaccessible,confirmed_by_partner_report,FACT,Other,FACT
NG036016,Yunusari,NG036,Yobe,Jororo,22.393099572228152,1180.0838623046875,Non-IDP,Accessible,default_unreported,NA,NA,FACT
NG036016,Yunusari,NG036,Yobe,Kafiya,417.2230649780364,21751.9296875,Non-IDP,Accessible,confirmed_by_partner_report,FACT,N/A - fully accessible,FACT
NG036016,Yunusari,NG036,Yobe,Kaliyari,74.39002539989447,2960.182373046875,Non-IDP,Accessible,confirmed_by_partner_report,FACT,N/A - fully accessible,FACT
NG036016,Yunusari,NG036,Yobe,Mairari,423.4149244961748,38735.21875,Non-IDP,Inaccessible,confirmed_by_partner_report,FACT,Other,FACT
NG036016,Yunusari,NG036,Yobe,Mozogun,259.03669723974906,16730.26171875,Non-IDP,Accessible,confirmed_by_partner_report,FACT,N/A - fully accessible,FACT
NG036016,Yunusari,NG036,Yobe,Yunusari,842.4280533074462,31648.37890625,Non-IDP,Accessible,confirmed_by_partner_report,FACT,N/A - fully accessible,FACT
NG036016,Yunusari,NG036,Yobe,Yusufari,126.2090404425304,2127.489501953125,Non-IDP,Accessible,default_unreported,NA,NA,FACT
NG036016,Yunusari,NG036,Yobe,Zajibiriri / Dumbol,321.7715188612378,19122.3046875,Non-IDP,Accessible,confirmed_by_partner_report,FACT,N/A - fully accessible,FACT
NG036017,Yusufari,NG036,Yobe,Afunori,15.341323668568492,2166.155029296875,Non-IDP,Accessible,default_unreported,NA,NA,FACT
NG036017,Yusufari,NG036,Yobe,Bilal Jawa,0.026260084672391416,0.38112542033195496,Non-IDP,Accessible,default_unreported,NA,NA,FACT
NG036017,Yusufari,NG036,Yobe,Bulatura,438.04058830058307,21152.34375,Non-IDP,Accessible,confirmed_by_partner_report,FACT,N/A - fully accessible,FACT
NG036017,Yusufari,NG036,Yobe,Fajiganari,14.168773635751606,694.200439453125,Non-IDP,Accessible,default_unreported,NA,NA,FACT
NG036017,Yusufari,NG036,Yobe,Gasma,2.7993651129930615,37.47236633300781,Non-IDP,Accessible,default_unreported,NA,NA,FACT
NG036017,Yusufari,NG036,Yobe,Gumshi,389.4853511613121,14551.5390625,Non-IDP,Accessible,default_unreported,NA,NA,FACT
NG036017,Yusufari,NG036,Yobe,Guya,459.7284433316491,22369.693359375,Non-IDP,Accessible,confirmed_by_partner_report,FACT,N/A - fully accessible,FACT
NG036017,Yusufari,NG036,Yobe,Jajeri,4.5709981553251,76.59529876708984,Non-IDP,Accessible,default_unreported,NA,NA,FACT
NG036017,Yusufari,NG036,Yobe,Jebuwa,404.8459510993216,21639.10546875,Non-IDP,Accessible,confirmed_by_partner_report,FACT,N/A - fully accessible,FACT
NG036017,Yusufari,NG036,Yobe,Kaliyari,2.1745981349866392,44.49839401245117,Non-IDP,Accessible,default_unreported,NA,NA,FACT
NG036017,Yusufari,NG036,Yobe,Karausuwa Garin Guna,23.724521158496387,689.53997802734375,Non-IDP,Inaccessible,confirmed_by_partner_report,FACT,Other,FACT
NG036017,Yusufari,NG036,Yobe,Kumaganam,498.77809417299414,26097.646484375,Non-IDP,Accessible,confirmed_by_partner_report,FACT,N/A - fully accessible,FACT
NG036017,Yusufari,NG036,Yobe,Lamisu,1.0957795193721056,153.27398681640625,Non-IDP,Accessible,default_unreported,NA,NA,FACT
NG036017,Yusufari,NG036,Yobe,Maimalari,421.46462731886953,19703.08984375,Non-IDP,Accessible,confirmed_by_partner_report,FACT,N/A - fully accessible,FACT
NG036017,Yusufari,NG036,Yobe,Masaba,18.201913248739125,883.29364013671875,Non-IDP,Accessible,default_unreported,NA,NA,FACT
NG036017,Yusufari,NG036,Yobe,Sumbar,435.00653450458907,18410.796875,Non-IDP,Accessible,confirmed_by_partner_report,FACT,N/A - fully accessible,FACT
NG036017,Yusufari,NG036,Yobe,Tulotulo,784.2074533088924,24878.34765625,Non-IDP,Accessible,confirmed_by_partner_report,FACT,N/A - fully accessible,FACT
NG036017,Yusufari,NG036,Yobe,Waro,28.390722562599464,1669.1868896484375,Non-IDP,Accessible,confirmed_by_partner_report,FACT,N/A - fully accessible,FACT
NG036017,Yusufari,NG036,Yobe,Yusufari,394.5823627032193,26684.275390625,Non-IDP,Accessible,confirmed_by_partner_report,FACT,N/A - fully accessible,FACT
NG037001,Anka,NG037,Zamfara,Bagega,738.5420917179661,32393.1875,Non-IDP,Inaccessible,confirmed_by_partner_report,Solidarités,NA,Solidarités
NG037001,Anka,NG037,Zamfara,Barayar Zaki,123.46475638632678,16663.509765625,Non-IDP,Accessible,confirmed_by_partner_report (blank row - not flagged),NA,NA,Solidarités
NG037001,Anka,NG037,Zamfara,Bindin,4.358102262309108,0.7655500173568726,Non-IDP,Accessible,default_unreported,NA,NA,Solidarités
NG037001,Anka,NG037,Zamfara,Dakko,32.923887182725814,4683.9580078125,Non-IDP,Accessible,default_unreported,NA,NA,Solidarités
NG037001,Anka,NG037,Zamfara,Damri,14.112049575762361,373.6808776855469,Non-IDP,Accessible,default_unreported,NA,NA,Solidarités
NG037001,Anka,NG037,Zamfara,Dangaladima,114.05935431133359,13694.28515625,Non-IDP,Accessible,confirmed_by_partner_report (blank row - not flagged),NA,NA,Solidarités
NG037001,Anka,NG037,Zamfara,Dangulbi,8.920979548047345,281.4266357421875,Non-IDP,Accessible,default_unreported,NA,NA,Solidarités
NG037001,Anka,NG037,Zamfara,Dankurmi,19.963918522863903,447.2642822265625,Non-IDP,Accessible,default_unreported,NA,NA,Solidarités
NG037001,Anka,NG037,Zamfara,Galadima,148.69912512189686,12333.3447265625,Non-IDP,Accessible,confirmed_by_partner_report (blank row - not flagged),NA,NA,Solidarités
NG037001,Anka,NG037,Zamfara,Gwaram,0.5114892397077754,362.5391845703125,Non-IDP,Accessible,default_unreported,NA,NA,Solidarités
NG037001,Anka,NG037,Zamfara,Gwashi,144.4775205856099,4373.11572265625,Non-IDP,Accessible,confirmed_by_partner_report (blank row - not flagged),NA,NA,Solidarités
NG037001,Anka,NG037,Zamfara,Jangebe,1.9121676007733122,118.46955108642578,Non-IDP,Accessible,default_unreported,NA,NA,Solidarités
NG037001,Anka,NG037,Zamfara,Kanoma,1.9859852186362743,241.9700927734375,Non-IDP,Accessible,default_unreported,NA,NA,Solidarités
NG037001,Anka,NG037,Zamfara,Magaji,114.2732883090291,31087.01953125,Non-IDP,Accessible,confirmed_by_partner_report (blank row - not flagged),NA,NA,Solidarités
NG037001,Anka,NG037,Zamfara,Matseri,168.77134727574443,14346.1396484375,Non-IDP,Accessible,confirmed_by_partner_report (blank row - not flagged),NA,NA,Solidarités
NG037001,Anka,NG037,Zamfara,Nasarawa,1.9707744066311716,20.3384952545166,Non-IDP,Accessible,default_unreported,NA,NA,Solidarités
NG037001,Anka,NG037,Zamfara,Ruwan Gizo,75.058437382615807,2407.236572265625,Non-IDP,Accessible,default_unreported,NA,NA,Solidarités
NG037001,Anka,NG037,Zamfara,Ruwan Jema,12.825843535512567,2626.792724609375,Non-IDP,Accessible,default_unreported,NA,NA,Solidarités
NG037001,Anka,NG037,Zamfara,Sabon Birni,708.130477854629,27477.21875,Non-IDP,Accessible,confirmed_by_partner_report (blank row - not flagged),NA,NA,Solidarités
NG037001,Anka,NG037,Zamfara,Sauna Ruwan Gora,2.205115040272713,61.14345169067383,Non-IDP,Accessible,default_unreported,NA,NA,Solidarités
NG037001,Anka,NG037,Zamfara,Waramu,115.61582541804766,16467.771484375,Non-IDP,Accessible,confirmed_by_partner_report (blank row - not flagged),NA,NA,Solidarités
NG037001,Anka,NG037,Zamfara,Wuya,225.75323438780356,11297.7412109375,Non-IDP,Accessible,confirmed_by_partner_report (blank row - not flagged),NA,NA,Solidarités
NG037001,Anka,NG037,Zamfara,Yarsabaya,125.90150373785308,8483.5185546875,Non-IDP,Accessible,confirmed_by_partner_report (blank row - not flagged),NA,NA,Solidarités
NG037001,Anka,NG037,Zamfara,Yashi,1.376733584351778,188.82760620117188,Non-IDP,Accessible,default_unreported,NA,NA,Solidarités
NG037002,Bakura,NG037,Zamfara,Bakura,19.997782031011344,31056.4375,Non-IDP,Accessible,confirmed_by_partner_report,FACT,N/A - fully accessible,FACT
NG037002,Bakura,NG037,Zamfara,Birnin Tudu,93.4506388756144,14652.923828125,Non-IDP,Accessible,confirmed_by_partner_report,FACT,N/A - fully accessible,FACT
NG037002,Bakura,NG037,Zamfara,Dakko,110.44215757409381,13533.7783203125,Non-IDP,Inaccessible,confirmed_by_partner_report,FACT,Insecurity / conflict,FACT
NG037002,Bakura,NG037,Zamfara,Damri,352.1927289155166,15890.5341796875,Non-IDP,Inaccessible,confirmed_by_partner_report,FACT,Insecurity / conflict,FACT
NG037002,Bakura,NG037,Zamfara,Dankadu,198.8473566024084,30262.943359375,Non-IDP,Accessible,confirmed_by_partner_report,FACT,N/A - fully accessible,FACT
NG037002,Bakura,NG037,Zamfara,Danmanau,572.9465875754059,33358.015625,Non-IDP,Accessible,confirmed_by_partner_report,FACT,N/A - fully accessible,FACT
NG037002,Bakura,NG037,Zamfara,Galadima,6.362084660781861,2769.815673828125,Non-IDP,Accessible,confirmed_by_partner_report,FACT,N/A - fully accessible,FACT
NG037002,Bakura,NG037,Zamfara,Gidan Kare,1.1317422550327778,4.929249286651611,Non-IDP,Accessible,default_unreported,NA,NA,FACT
NG037002,Bakura,NG037,Zamfara,Kayaye,2.0420096626325845,733.64068603515625,Non-IDP,Accessible,default_unreported,NA,NA,FACT
NG037002,Bakura,NG037,Zamfara,Kuruwa,0.014168988691747188,0,Non-IDP,Accessible,default_unreported,NA,NA,FACT
NG037002,Bakura,NG037,Zamfara,Kwarare,6.595187524780035,862.4154052734375,Non-IDP,Accessible,default_unreported,NA,NA,FACT
NG037002,Bakura,NG037,Zamfara,Nasarawa,176.3347909720142,9269.5908203125,Non-IDP,Accessible,confirmed_by_partner_report,FACT,N/A - fully accessible,FACT
NG037002,Bakura,NG037,Zamfara,Rini,51.6034779847089,16537.224609375,Non-IDP,Accessible,confirmed_by_partner_report,FACT,N/A - fully accessible,FACT
NG037002,Bakura,NG037,Zamfara,Ruwan Bore-Mirkidi,11.6423597686584,280.096435546875,Non-IDP,Accessible,default_unreported,NA,NA,FACT
NG037002,Bakura,NG037,Zamfara,Ruwan Jema,3.5431665381758215,607.06378173828125,Non-IDP,Inaccessible,confirmed_by_partner_report,FACT,Other,FACT
NG037002,Bakura,NG037,Zamfara,Sauna Ruwan Gora,1.9839814399245976,29.386625289916992,Non-IDP,Accessible,default_unreported,NA,NA,FACT
NG037002,Bakura,NG037,Zamfara,Yargeda,56.97880970294395,9125.6142578125,Non-IDP,Accessible,confirmed_by_partner_report,FACT,N/A - fully accessible,FACT
NG037002,Bakura,NG037,Zamfara,Yarkofoji,33.30567148959207,17679.19140625,Non-IDP,Accessible,confirmed_by_partner_report,FACT,N/A - fully accessible,FACT
NG037002,Bakura,NG037,Zamfara,Yarstakuwa,8.5994680348154091,383.15771484375,Non-IDP,Accessible,default_unreported,NA,NA,FACT
NG037003,Birnin Magaji,NG037,Zamfara,Babban Duhu B,0.006777939909012057,0,Non-IDP,Accessible,default_unreported,NA,NA,FACT
NG037003,Birnin Magaji,NG037,Zamfara,Banga,6.453474261394918,1205.861328125,Non-IDP,Inaccessible,confirmed_by_partner_report,FACT,Other,FACT
NG037003,Birnin Magaji,NG037,Zamfara,Baure B,0.16054106107697264,11.454144477844238,Non-IDP,Accessible,default_unreported,NA,NA,FACT
NG037003,Birnin Magaji,NG037,Zamfara,Birnin Magaji,44.53022155870247,21217.552734375,Non-IDP,Accessible,confirmed_by_partner_report,FACT,N/A - fully accessible,FACT
NG037003,Birnin Magaji,NG037,Zamfara,Dan' Isa,5.148187093692064,840.86798095703125,Non-IDP,Inaccessible,confirmed_by_partner_report,FACT,Other,FACT
NG037003,Birnin Magaji,NG037,Zamfara,Dandire B,18.458768656819107,240.01058959960938,Non-IDP,Accessible,default_unreported,NA,NA,FACT
NG037003,Birnin Magaji,NG037,Zamfara,Danfani Sabon Birni,258.7864657405468,16836.78125,Non-IDP,Inaccessible,confirmed_by_partner_report,FACT,Insecurity / conflict,FACT
NG037003,Birnin Magaji,NG037,Zamfara,Dauran Birnin Tsaba,0.013102663447469473,37.89567565917969,Non-IDP,Accessible,default_unreported,NA,NA,FACT
NG037003,Birnin Magaji,NG037,Zamfara,Gabake,0.5627724109150767,115.08203125,Non-IDP,Accessible,default_unreported,NA,NA,FACT
NG037003,Birnin Magaji,NG037,Zamfara,Galadima Dan Galadima,0.6312624514886737,168.95355224609375,Non-IDP,Accessible,default_unreported,NA,NA,FACT
NG037003,Birnin Magaji,NG037,Zamfara,Gora,109.35715684008875,22768.3984375,Non-IDP,Inaccessible,confirmed_by_partner_report,FACT,Insecurity / conflict,FACT
NG037003,Birnin Magaji,NG037,Zamfara,Gusami Gari,123.66463887247538,9813.5615234375,Non-IDP,Inaccessible,confirmed_by_partner_report,FACT,Insecurity / conflict,FACT
NG037003,Birnin Magaji,NG037,Zamfara,Gusami Hayi,112.3556218307547,11336.1982421875,Non-IDP,Inaccessible,confirmed_by_partner_report,FACT,Insecurity / conflict,FACT
NG037003,Birnin Magaji,NG037,Zamfara,Kagara,0.15268632846713065,9.801310539245605,Non-IDP,Accessible,default_unreported,NA,NA,FACT
NG037003,Birnin Magaji,NG037,Zamfara,Kyambarawa,0.2065403151986599,10.266826629638672,Non-IDP,Accessible,default_unreported,NA,NA,FACT
NG037003,Birnin Magaji,NG037,Zamfara,Madomawa East,37.39484120228815,13308.138671875,Non-IDP,Accessible,confirmed_by_partner_report,FACT,N/A - fully accessible,FACT
NG037003,Birnin Magaji,NG037,Zamfara,Madomawa West,96.23072264874763,25488.828125,Non-IDP,Accessible,confirmed_by_partner_report,FACT,N/A - fully accessible,FACT
NG037003,Birnin Magaji,NG037,Zamfara,Nasarawa Mailayi,129.92665867313855,20580.826171875,Non-IDP,Inaccessible,confirmed_by_partner_report,FACT,Insecurity / conflict,FACT
NG037003,Birnin Magaji,NG037,Zamfara,Nassarawa Godel East,187.57769596881485,16488.505859375,Non-IDP,Inaccessible,confirmed_by_partner_report,FACT,Insecurity / conflict,FACT
NG037003,Birnin Magaji,NG037,Zamfara,Nassarawa Godel West,99.98566187229908,23678.6015625,Non-IDP,Accessible,confirmed_by_partner_report,FACT,N/A - fully accessible,FACT
NG037003,Birnin Magaji,NG037,Zamfara,Tofa,2.315914578679204,473.2607116699219,Non-IDP,Accessible,default_unreported,NA,NA,FACT
NG037003,Birnin Magaji,NG037,Zamfara,Wonaka,195.69470593147344,6628.28857421875,Non-IDP,Inaccessible,confirmed_by_partner_report,FACT,Insecurity / conflict,FACT
NG037004,Bukkuyum,NG037,Zamfara,Adabka,673.6184470527182,40619.234375,Non-IDP,Accessible,confirmed_by_partner_report,FACT,N/A - fully accessible,FACT
NG037004,Bukkuyum,NG037,Zamfara,Bagega,0.01719534183549881,0.1811157464981079,Non-IDP,Accessible,default_unreported,NA,NA,FACT
NG037004,Bukkuyum,NG037,Zamfara,Barayar Zaki,18.67421484608841,1232.2578125,Non-IDP,Accessible,default_unreported,NA,NA,FACT
NG037004,Bukkuyum,NG037,Zamfara,Birnin Magaji,1.158817726296574,1.3854774236679077,Non-IDP,Accessible,default_unreported,NA,NA,FACT
NG037004,Bukkuyum,NG037,Zamfara,Birnin Tudu,28.916823801067473,1555.8201904296875,Non-IDP,Accessible,default_unreported,NA,NA,FACT
NG037004,Bukkuyum,NG037,Zamfara,Bukkuyum,212.87898465620648,22511.83203125,Non-IDP,Accessible,confirmed_by_partner_report,FACT,N/A - fully accessible,FACT
NG037004,Bukkuyum,NG037,Zamfara,Dangaladima,1.7441385005170404,125.57648468017578,Non-IDP,Accessible,default_unreported,NA,NA,FACT
NG037004,Bukkuyum,NG037,Zamfara,Dangulbi,6.522988757938147e-4,0.0034104252699762583,Non-IDP,Accessible,default_unreported,NA,NA,FACT
NG037004,Bukkuyum,NG037,Zamfara,Danko Maga,7.721780483168989,849.14715576171875,Non-IDP,Accessible,default_unreported,NA,NA,FACT
NG037004,Bukkuyum,NG037,Zamfara,Dankurmi,10.817332039149106,622.78985595703125,Non-IDP,Accessible,default_unreported,NA,NA,FACT
NG037004,Bukkuyum,NG037,Zamfara,Gwashi,646.7966892936488,46541.33984375,Non-IDP,Inaccessible,confirmed_by_partner_report,FACT,Insecurity / conflict,FACT
NG037004,Bukkuyum,NG037,Zamfara,Kyabu Kandu,6.833368622104898,216.1387939453125,Non-IDP,Accessible,confirmed_by_partner_report,FACT,N/A - fully accessible,FACT
NG037004,Bukkuyum,NG037,Zamfara,Kyaram,747.7495419304029,64287.8125,Non-IDP,Accessible,confirmed_by_partner_report,FACT,N/A - fully accessible,FACT
NG037004,Bukkuyum,NG037,Zamfara,Masama,243.4065725653079,21085.724609375,Non-IDP,Inaccessible,confirmed_by_partner_report,FACT,Insecurity / conflict,FACT
NG037004,Bukkuyum,NG037,Zamfara,Matseri,35.29891878490722,3020.12646484375,Non-IDP,Accessible,default_unreported,NA,NA,FACT
NG037004,Bukkuyum,NG037,Zamfara,Nasarawa,246.311432244174,38581.37109375,Non-IDP,Accessible,confirmed_by_partner_report,FACT,N/A - fully accessible,FACT
NG037004,Bukkuyum,NG037,Zamfara,Ruwan Jema,129.28888865926731,7581.38671875,Non-IDP,Accessible,confirmed_by_partner_report,FACT,N/A - fully accessible,FACT
NG037004,Bukkuyum,NG037,Zamfara,Tadurga,0.37296340126800537,2.5486598014831543,Non-IDP,Accessible,default_unreported,NA,NA,FACT
NG037004,Bukkuyum,NG037,Zamfara,Waje,6.70430432287583,862.10443115234375,Non-IDP,Accessible,default_unreported,NA,NA,FACT
NG037004,Bukkuyum,NG037,Zamfara,Yalmo Shindi Wari,2.038460791837454,329.3456726074219,Non-IDP,Accessible,default_unreported,NA,NA,FACT
NG037004,Bukkuyum,NG037,Zamfara,Yashi,195.12905820571996,16112.90234375,Non-IDP,Accessible,confirmed_by_partner_report,FACT,N/A - fully accessible,FACT
NG037004,Bukkuyum,NG037,Zamfara,Zarummai,399.86196897874163,29626.869140625,Non-IDP,Accessible,confirmed_by_partner_report,FACT,N/A - fully accessible,FACT
NG037004,Bukkuyum,NG037,Zamfara,Zauma,123.53482916082943,9953.1552734375,Non-IDP,Accessible,default_unreported,NA,NA,FACT
NG037005,Bungudu,NG037,Zamfara,Bela Rawaiya,146.10143209025432,65872.40625,Non-IDP,Accessible,confirmed_by_partner_report,Save the Children,N/A - fully accessible,Save the Children
NG037005,Bungudu,NG037,Zamfara,Bindin,7.2196024506493215,315.9751281738281,Non-IDP,Accessible,default_unreported,NA,NA,Save the Children
NG037005,Bungudu,NG037,Zamfara,Bingi,23.24747061922814,1497.8277587890625,Non-IDP,Accessible,default_unreported,NA,NA,Save the Children
NG037005,Bungudu,NG037,Zamfara,Bingi North,416.92033481153396,41909.26171875,Non-IDP,Accessible,default_unreported,NA,NA,Save the Children
NG037005,Bungudu,NG037,Zamfara,Bingi South,442.6815284477949,40779.87109375,Non-IDP,Inaccessible,confirmed_by_partner_report,Save the Children,Insecurity / conflict,Save the Children
NG037005,Bungudu,NG037,Zamfara,Bungudu,101.87317747728413,46726.44140625,Non-IDP,Accessible,confirmed_by_partner_report,Save the Children,N/A - fully accessible,Save the Children
NG037005,Bungudu,NG037,Zamfara,Damaga Gamagiwa,16.700230861339925,3077.82568359375,Non-IDP,Accessible,default_unreported,NA,NA,Save the Children
NG037005,Bungudu,NG037,Zamfara,Dan' Isa,10.583162468653143,3591.512939453125,Non-IDP,Accessible,default_unreported,NA,NA,Save the Children
NG037005,Bungudu,NG037,Zamfara,Furfuri Kwaikwai,252.36967754516056,63808.625,Non-IDP,Accessible,confirmed_by_partner_report,Save the Children,N/A - fully accessible,Save the Children
NG037005,Bungudu,NG037,Zamfara,Gada Karakai,286.10016091011113,72109.7421875,Non-IDP,Inaccessible,confirmed_by_partner_report,Save the Children,Insecurity / conflict,Save the Children
NG037005,Bungudu,NG037,Zamfara,Galadima,3.189681101920754,1325.2884521484375,Non-IDP,Accessible,default_unreported,NA,NA,Save the Children
NG037005,Bungudu,NG037,Zamfara,Kagara,1.3438071621602774,526.877685546875,Non-IDP,Accessible,default_unreported,NA,NA,Save the Children
NG037005,Bungudu,NG037,Zamfara,Kanoma,1.8782231305997372,169.6456298828125,Non-IDP,Accessible,default_unreported,NA,NA,Save the Children
NG037005,Bungudu,NG037,Zamfara,Kotorkoshi,143.80793854335832,53920.28515625,Non-IDP,Accessible,confirmed_by_partner_report,Save the Children,N/A - fully accessible,Save the Children
NG037005,Bungudu,NG037,Zamfara,Kurya,13.431608215402902,2680.633056640625,Non-IDP,Accessible,default_unreported,NA,NA,Save the Children
NG037005,Bungudu,NG037,Zamfara,Kyambarawa,1.237101144231856e-4,0.7321052551269531,Non-IDP,Accessible,default_unreported,NA,NA,Save the Children
NG037005,Bungudu,NG037,Zamfara,Magami,4.10025057347098,294.3245849609375,Non-IDP,Accessible,default_unreported,NA,NA,Save the Children
NG037005,Bungudu,NG037,Zamfara,Maru,10.902568352631889,1261.6629638671875,Non-IDP,Accessible,confirmed_by_partner_report,Save the Children,N/A - fully accessible,Save the Children
NG037005,Bungudu,NG037,Zamfara,Mayana,4.94964035283637,771.698486328125,Non-IDP,Accessible,confirmed_by_partner_report,Save the Children,N/A - fully accessible,Save the Children
NG037005,Bungudu,NG037,Zamfara,Nahuche,145.24725535595894,65936.40625,Non-IDP,Accessible,confirmed_by_partner_report,Save the Children,N/A - fully accessible,Save the Children
NG037005,Bungudu,NG037,Zamfara,Rijiya,1.9416028370146752,345.79180908203125,Non-IDP,Accessible,default_unreported,NA,NA,Save the Children
NG037005,Bungudu,NG037,Zamfara,Ruwan Doruma,31.830102399143637,4424.98486328125,Non-IDP,Accessible,confirmed_by_partner_report,Save the Children,N/A - fully accessible,Save the Children
NG037005,Bungudu,NG037,Zamfara,Samawa,65.44815009469652,20486.767578125,Non-IDP,Inaccessible,confirmed_by_partner_report,Save the Children,Insecurity / conflict,Save the Children
NG037005,Bungudu,NG037,Zamfara,Sankalawa,53.72993352302086,29431.115234375,Non-IDP,Accessible,confirmed_by_partner_report,Save the Children,N/A - fully accessible,Save the Children
NG037005,Bungudu,NG037,Zamfara,Tofa,103.53397920628196,29710.69140625,Non-IDP,Inaccessible,confirmed_by_partner_report,Save the Children,Insecurity / conflict,Save the Children
NG037005,Bungudu,NG037,Zamfara,Tudun Wada,29.802382123390736,9027.703125,Non-IDP,Accessible,confirmed_by_partner_report,Save the Children,N/A - fully accessible,Save the Children
NG037005,Bungudu,NG037,Zamfara,Wanke,0.10626076205587387,6.063665390014648,Non-IDP,Accessible,default_unreported,NA,NA,Save the Children
NG037005,Bungudu,NG037,Zamfara,Wonaka,4.080159494399071,224.4055938720703,Non-IDP,Accessible,default_unreported,NA,NA,Save the Children
NG037005,Bungudu,NG037,Zamfara,Yandoton Daji,10.216374752407312,693.230224609375,Non-IDP,Accessible,default_unreported,NA,NA,Save the Children
NG037006,Gummi,NG037,Zamfara,Bagida,0.05355143717670441,0,Non-IDP,Accessible,default_unreported,NA,NA,FACT
NG037006,Gummi,NG037,Zamfara,Bardoki,1054.3329633577991,43399.58203125,Non-IDP,Inaccessible,confirmed_by_partner_report,FACT,Insecurity / conflict,FACT
NG037006,Gummi,NG037,Zamfara,Birnin Magaji,241.50555880019078,16441.79296875,Non-IDP,Accessible,confirmed_by_partner_report,FACT,N/A - fully accessible,FACT
NG037006,Gummi,NG037,Zamfara,Birnin Tudu,385.21379590120966,47974.828125,Non-IDP,Accessible,confirmed_by_partner_report,FACT,N/A - fully accessible,FACT
NG037006,Gummi,NG037,Zamfara,Danko Maga,24.42508741941041,980.06427001953125,Non-IDP,Accessible,default_unreported,NA,NA,FACT
NG037006,Gummi,NG037,Zamfara,Falale,111.60778447196412,16695.6953125,Non-IDP,Accessible,confirmed_by_partner_report,FACT,N/A - fully accessible,FACT
NG037006,Gummi,NG037,Zamfara,Gamo,227.2943915476947,24169.517578125,Non-IDP,Inaccessible,confirmed_by_partner_report,FACT,Insecurity / conflict,FACT
NG037006,Gummi,NG037,Zamfara,Gayari,53.268205715922356,94.372161865234375,Non-IDP,Accessible,default_unreported,NA,NA,FACT
NG037006,Gummi,NG037,Zamfara,Gyalganye,82.86263180433869,27658.060546875,Non-IDP,Accessible,confirmed_by_partner_report,FACT,N/A - fully accessible,FACT
NG037006,Gummi,NG037,Zamfara,Kurfa,226.67558353186084,24039.681640625,Non-IDP,Accessible,default_unreported,NA,NA,FACT
NG037006,Gummi,NG037,Zamfara,Kyaram,131.1656188333001,1825.2005615234375,Non-IDP,Accessible,confirmed_by_partner_report,FACT,N/A - fully accessible,FACT
NG037006,Gummi,NG037,Zamfara,Magaji,246.5682155672952,69563.0234375,Non-IDP,Accessible,confirmed_by_partner_report,FACT,N/A - fully accessible,FACT
NG037006,Gummi,NG037,Zamfara,Rafi,57.7328376561513,16616.25390625,Non-IDP,Accessible,confirmed_by_partner_report,FACT,N/A - fully accessible,FACT
NG037006,Gummi,NG037,Zamfara,Sangi,8.524664535034418,27.47317886352539,Non-IDP,Accessible,default_unreported,NA,NA,FACT
NG037006,Gummi,NG037,Zamfara,Uban Dawaki,57.752893350933434,17740.775390625,Non-IDP,Accessible,confirmed_by_partner_report,FACT,N/A - fully accessible,FACT
NG037006,Gummi,NG037,Zamfara,Zarummai,8.949170055851207,580.93994140625,Non-IDP,Accessible,default_unreported,NA,NA,FACT
NG037006,Gummi,NG037,Zamfara,Zauma,21.09525743379813,847.51934814453125,Non-IDP,Accessible,default_unreported,NA,NA,FACT
NG037007,Gusau,NG037,Zamfara,Bela Rawaiya,4.582249908331752,2685.72412109375,Non-IDP,Accessible,confirmed_by_partner_report,INTERSOS,NA,INTERSOS
NG037007,Gusau,NG037,Zamfara,Bingi North,18.624756267990588,1117.7060546875,Non-IDP,Accessible,default_unreported,NA,NA,INTERSOS
NG037007,Gusau,NG037,Zamfara,Bingi South,48.47000808208525,2794.564453125,Non-IDP,Accessible,default_unreported,NA,NA,INTERSOS
NG037007,Gusau,NG037,Zamfara,Dandire A,3.602818487411132e-4,0,Non-IDP,Accessible,default_unreported,NA,NA,INTERSOS
NG037007,Gusau,NG037,Zamfara,Dandire B,6.27853302821067,129.16598510742188,Non-IDP,Accessible,default_unreported,NA,NA,INTERSOS
NG037007,Gusau,NG037,Zamfara,Danjibga,14.050371577955671,914.32110595703125,Non-IDP,Accessible,default_unreported,NA,NA,INTERSOS
NG037007,Gusau,NG037,Zamfara,Dansadau,858.281512638518,8779.98046875,Non-IDP,Accessible,default_unreported,NA,NA,INTERSOS
NG037007,Gusau,NG037,Zamfara,Dugu Muazu,5.684524617721399e-5,3.6998509312979877e-4,Non-IDP,Accessible,default_unreported,NA,NA,INTERSOS
NG037007,Gusau,NG037,Zamfara,Furfuri Kwaikwai,8.784853800656451,9997.7568359375,Non-IDP,Accessible,confirmed_by_partner_report,INTERSOS,NA,INTERSOS
NG037007,Gusau,NG037,Zamfara,Galadima,43.52472635933399,243746.453125,Non-IDP,Accessible,confirmed_by_partner_report,INTERSOS,NA,INTERSOS
NG037007,Gusau,NG037,Zamfara,Gusami Hayi,0.09846819591575862,36.96138000488281,Non-IDP,Accessible,default_unreported,NA,NA,INTERSOS
NG037007,Gusau,NG037,Zamfara,Keta,34.610433185088155,644.6951904296875,Non-IDP,Accessible,default_unreported,NA,NA,INTERSOS
NG037007,Gusau,NG037,Zamfara,Kotorkoshi,5.4272121197469385,1260.138427734375,Non-IDP,Accessible,default_unreported,NA,NA,INTERSOS
NG037007,Gusau,NG037,Zamfara,Kuyello,22.97176462165151,22.17597770690918,Non-IDP,Accessible,default_unreported,NA,NA,INTERSOS
NG037007,Gusau,NG037,Zamfara,Kwaren Ganuwa,6.645264741373204,282.2766418457031,Non-IDP,Accessible,default_unreported,NA,NA,INTERSOS
NG037007,Gusau,NG037,Zamfara,Mada,115.61587474974168,44399.91015625,Non-IDP,Inaccessible,confirmed_by_partner_report,INTERSOS,NA,INTERSOS
NG037007,Gusau,NG037,Zamfara,Madawaki,9.393529393643115,56161.640625,Non-IDP,Accessible,confirmed_by_partner_report (blank row - not flagged),NA,NA,INTERSOS
NG037007,Gusau,NG037,Zamfara,Magami,571.637045443099,64960.44921875,Non-IDP,Inaccessible,confirmed_by_partner_report,INTERSOS,NA,INTERSOS
NG037007,Gusau,NG037,Zamfara,Maidabino B,1.4873510481969603,1.4711307287216187,Non-IDP,Accessible,default_unreported,NA,NA,INTERSOS
NG037007,Gusau,NG037,Zamfara,Mayana,63.699271696676966,47019.71875,Non-IDP,Accessible,confirmed_by_partner_report,INTERSOS,NA,INTERSOS
NG037007,Gusau,NG037,Zamfara,Rijiya,131.5141437816577,49486.36328125,Non-IDP,Accessible,confirmed_by_partner_report,INTERSOS,NA,INTERSOS
NG037007,Gusau,NG037,Zamfara,Ruwan Bore,91.74507976360655,21062.51953125,Non-IDP,Inaccessible,confirmed_by_partner_report,INTERSOS,NA,INTERSOS
NG037007,Gusau,NG037,Zamfara,Sabon Gari,3.518486525510963,49351.6640625,Non-IDP,Accessible,confirmed_by_partner_report (blank row - not flagged),NA,NA,INTERSOS
NG037007,Gusau,NG037,Zamfara,Sabon Layi,0.013662994028478861,0.014959992840886116,Non-IDP,Accessible,default_unreported,NA,NA,INTERSOS
NG037007,Gusau,NG037,Zamfara,Sankalawa,0.04101286665797234,56.18014144897461,Non-IDP,Accessible,default_unreported,NA,NA,INTERSOS
NG037007,Gusau,NG037,Zamfara,Tabanni,14.92197066535601,6.177460193634033,Non-IDP,Accessible,default_unreported,NA,NA,INTERSOS
NG037007,Gusau,NG037,Zamfara,Tofa,1.2381167763465644,263.7663269042969,Non-IDP,Accessible,default_unreported,NA,NA,INTERSOS
NG037007,Gusau,NG037,Zamfara,Tudun Wada,73.67032349458968,278560.875,Non-IDP,Accessible,confirmed_by_partner_report,INTERSOS,NA,INTERSOS
NG037007,Gusau,NG037,Zamfara,Wanke,438.79259553171346,65806.7421875,Non-IDP,Inaccessible,confirmed_by_partner_report,INTERSOS,NA,INTERSOS
NG037007,Gusau,NG037,Zamfara,Wonaka,510.31507636296374,31103.08984375,Non-IDP,Inaccessible,confirmed_by_partner_report,INTERSOS,NA,INTERSOS
NG037007,Gusau,NG037,Zamfara,Yandoton Daji,8.576293516296838,1383.1983642578125,Non-IDP,Accessible,default_unreported,NA,NA,INTERSOS
NG037007,Gusau,NG037,Zamfara,Yankuzo B,0.9089948758376837,17.372913360595703,Non-IDP,Accessible,default_unreported,NA,NA,INTERSOS
NG037007,Gusau,NG037,Zamfara,Yanware,11.841615638578237,798.302734375,Non-IDP,Accessible,default_unreported,NA,NA,INTERSOS
NG037008,Kaura Namoda,NG037,Zamfara,Banga,83.64602334959781,23429.416015625,Non-IDP,Accessible,default_unreported,NA,NA,DRC
NG037008,Kaura Namoda,NG037,Zamfara,Bela Rawaiya,42.580612380189535,18789.3828125,Non-IDP,Accessible,default_unreported,NA,NA,DRC
NG037008,Kaura Namoda,NG037,Zamfara,Dan' Isa,128.8095895827585,30273.625,Non-IDP,Accessible,default_unreported,NA,NA,DRC
NG037008,Kaura Namoda,NG037,Zamfara,Dauran Birnin Tsaba,0.010820009497057647,0,Non-IDP,Accessible,default_unreported,NA,NA,DRC
NG037008,Kaura Namoda,NG037,Zamfara,Gabake,64.68355815872026,16688.98828125,Non-IDP,Accessible,default_unreported,NA,NA,DRC
NG037008,Kaura Namoda,NG037,Zamfara,Galadima Dan Galadima,46.777751439914226,36201.10546875,Non-IDP,Accessible,default_unreported,NA,NA,DRC
NG037008,Kaura Namoda,NG037,Zamfara,Gidan Goga,1.307192829405082,0.9580051302909851,Non-IDP,Accessible,default_unreported,NA,NA,DRC
NG037008,Kaura Namoda,NG037,Zamfara,Gora,2.9078217570027114,302.5922546386719,Non-IDP,Accessible,default_unreported,NA,NA,DRC
NG037008,Kaura Namoda,NG037,Zamfara,Gusami Hayi,9.774362652903974,1134.4859619140625,Non-IDP,Accessible,default_unreported,NA,NA,DRC
NG037008,Kaura Namoda,NG037,Zamfara,Kagara,55.087196717588185,14402.3271484375,Non-IDP,Accessible,default_unreported,NA,NA,DRC
NG037008,Kaura Namoda,NG037,Zamfara,Kanwa,1.9843623565163504,513.29901123046875,Non-IDP,Accessible,default_unreported,NA,NA,DRC
NG037008,Kaura Namoda,NG037,Zamfara,Kungurki,179.938524030689,52157.76953125,Non-IDP,Accessible,default_unreported,NA,NA,DRC
NG037008,Kaura Namoda,NG037,Zamfara,Kurya,63.6533863362844,29153.880859375,Non-IDP,Accessible,default_unreported,NA,NA,DRC
NG037008,Kaura Namoda,NG037,Zamfara,Kyambarawa,94.74859926997877,36120.45703125,Non-IDP,Accessible,default_unreported,NA,NA,DRC
NG037008,Kaura Namoda,NG037,Zamfara,Madomawa West,4.550978213742554,867.24932861328125,Non-IDP,Accessible,default_unreported,NA,NA,DRC
NG037008,Kaura Namoda,NG037,Zamfara,Nahuche,1.9755079184894562,865.4610595703125,Non-IDP,Accessible,default_unreported,NA,NA,DRC
NG037008,Kaura Namoda,NG037,Zamfara,Nasarawa Mailayi,0.4120539714142084,18.316171646118164,Non-IDP,Accessible,default_unreported,NA,NA,DRC
NG037008,Kaura Namoda,NG037,Zamfara,Sakajiki,93.96521978378439,24156.580078125,Non-IDP,Accessible,default_unreported,NA,NA,DRC
NG037008,Kaura Namoda,NG037,Zamfara,Sarkin Mafara-Sarkin Baura,69.1654212754972,96503.0234375,Non-IDP,Accessible,default_unreported,NA,NA,DRC
NG037008,Kaura Namoda,NG037,Zamfara,Yankaba,48.82786207592404,19516.458984375,Non-IDP,Accessible,default_unreported,NA,NA,DRC
NG037009,Maradun,NG037,Zamfara,Birnin Yero,22.32151846111706,975.061767578125,Non-IDP,Accessible,default_unreported,NA,NA,FACT
NG037009,Maradun,NG037,Zamfara,Boko,18.933371566434385,3605.6044921875,Non-IDP,Inaccessible,confirmed_by_partner_report,FACT,Other,FACT
NG037009,Maradun,NG037,Zamfara,Damaga Gamagiwa,205.62978157575,13637.5703125,Non-IDP,Inaccessible,confirmed_by_partner_report,FACT,Insecurity / conflict,FACT
NG037009,Maradun,NG037,Zamfara,Dole,24.39636498200211,228.316162109375,Non-IDP,Accessible,default_unreported,NA,NA,FACT
NG037009,Maradun,NG037,Zamfara,Dosara Birnin Kaya,258.4903478602984,31717.98046875,Non-IDP,Accessible,confirmed_by_partner_report,FACT,N/A - fully accessible,FACT
NG037009,Maradun,NG037,Zamfara,Faru Magami,751.5767706793332,45102.3671875,Non-IDP,Inaccessible,confirmed_by_partner_report,FACT,Insecurity / conflict,FACT
NG037009,Maradun,NG037,Zamfara,Gada Karakai,0.5049372572407722,534.55511474609375,Non-IDP,Inaccessible,confirmed_by_partner_report,FACT,Insecurity / conflict,FACT
NG037009,Maradun,NG037,Zamfara,Galadi,14.1012413614555,228.90597534179688,Non-IDP,Accessible,default_unreported,NA,NA,FACT
NG037009,Maradun,NG037,Zamfara,Gandi 2,30.430106296084166,285.1005859375,Non-IDP,Accessible,default_unreported,NA,NA,FACT
NG037009,Maradun,NG037,Zamfara,Gidan Goga,171.3531551355599,24565.279296875,Non-IDP,Inaccessible,confirmed_by_partner_report,FACT,Insecurity / conflict,FACT
NG037009,Maradun,NG037,Zamfara,Gorar Namaye,131.437562416067,20059.349609375,Non-IDP,Inaccessible,confirmed_by_partner_report,FACT,Insecurity / conflict,FACT
NG037009,Maradun,NG037,Zamfara,Janbako,376.54535534348344,16379.2255859375,Non-IDP,Inaccessible,confirmed_by_partner_report,FACT,Insecurity / conflict,FACT
NG037009,Maradun,NG037,Zamfara,Kanwa,0.21245862538743018,97.48790740966797,Non-IDP,Accessible,default_unreported,NA,NA,FACT
NG037009,Maradun,NG037,Zamfara,Kaya,599.3272553263162,26248.767578125,Non-IDP,Inaccessible,confirmed_by_partner_report,FACT,Insecurity / conflict,FACT
NG037009,Maradun,NG037,Zamfara,Kayaye,11.547035335515387,213.0775146484375,Non-IDP,Accessible,default_unreported,NA,NA,FACT
NG037009,Maradun,NG037,Zamfara,Kungurki,27.966719970436813,292.9682312011719,Non-IDP,Accessible,default_unreported,NA,NA,FACT
NG037009,Maradun,NG037,Zamfara,Kurya,1.4169494311916828,274.1512451171875,Non-IDP,Accessible,default_unreported,NA,NA,FACT
NG037009,Maradun,NG037,Zamfara,Makera-Take Tsaba,0.41133299649709465,83.28065490722656,Non-IDP,Accessible,default_unreported,NA,NA,FACT
NG037009,Maradun,NG037,Zamfara,Maradun North,210.10433401497937,23523.916015625,Non-IDP,Accessible,confirmed_by_partner_report,FACT,N/A - fully accessible,FACT
NG037009,Maradun,NG037,Zamfara,Maradun South,113.61774814064599,33506.6953125,Non-IDP,Accessible,confirmed_by_partner_report,FACT,N/A - fully accessible,FACT
NG037009,Maradun,NG037,Zamfara,Maru,2.6444288457231373,715.64727783203125,Non-IDP,Accessible,default_unreported,NA,NA,FACT
NG037009,Maradun,NG037,Zamfara,Morai,13.516666888417005,1381.2130126953125,Non-IDP,Inaccessible,confirmed_by_partner_report,FACT,Insecurity / conflict,FACT
NG037009,Maradun,NG037,Zamfara,Moriki,13.758620106829405,515.43701171875,Non-IDP,Accessible,default_unreported,NA,NA,FACT
NG037009,Maradun,NG037,Zamfara,Rini,52.76451795164645,1737.08251953125,Non-IDP,Accessible,default_unreported,NA,NA,FACT
NG037009,Maradun,NG037,Zamfara,Sakajiki,31.364219503943442,18.98191261291504,Non-IDP,Accessible,default_unreported,NA,NA,FACT
NG037009,Maradun,NG037,Zamfara,Tsibiri,61.898789659365654,3445.306884765625,Non-IDP,Inaccessible,confirmed_by_partner_report,FACT,Insecurity / conflict,FACT
NG037009,Maradun,NG037,Zamfara,Yankaba,0.7365545588431358,103.92044830322266,Non-IDP,Accessible,default_unreported,NA,NA,FACT
NG037009,Maradun,NG037,Zamfara,Yarstakuwa,1.2559791593626737,19.334672927856445,Non-IDP,Accessible,default_unreported,NA,NA,FACT
NG037010,Maru,NG037,Zamfara,Ayu,4.484589773501396,20.380390167236328,Non-IDP,Accessible,default_unreported,NA,NA,INTERSOS
NG037010,Maru,NG037,Zamfara,Bagega,142.09888654434155,538.2999267578125,Non-IDP,Accessible,default_unreported,NA,NA,INTERSOS
NG037010,Maru,NG037,Zamfara,Bena,12.277841289940953,859.030517578125,Non-IDP,Accessible,default_unreported,NA,NA,INTERSOS
NG037010,Maru,NG037,Zamfara,Bindin,467.4718406276512,28974.888671875,Non-IDP,Inaccessible,confirmed_by_partner_report,INTERSOS,NA,INTERSOS
NG037010,Maru,NG037,Zamfara,Bingi,701.3637571181285,42326.14453125,Non-IDP,Inaccessible,confirmed_by_partner_report,INTERSOS,NA,INTERSOS
NG037010,Maru,NG037,Zamfara,Bingi North,3.7409405331373216,142.37954711914063,Non-IDP,Accessible,default_unreported,NA,NA,INTERSOS
NG037010,Maru,NG037,Zamfara,Bingi South,86.25587682373887,5959.380859375,Non-IDP,Accessible,default_unreported,NA,NA,INTERSOS
NG037010,Maru,NG037,Zamfara,Damaga Gamagiwa,8.678141988427788,203.65357971191406,Non-IDP,Accessible,default_unreported,NA,NA,INTERSOS
NG037010,Maru,NG037,Zamfara,Dan Umaru Mairairai,100.46008387858295,4609.603515625,Non-IDP,Accessible,default_unreported,NA,NA,INTERSOS
NG037010,Maru,NG037,Zamfara,Dangulbi,806.9674596265278,62530.16796875,Non-IDP,Inaccessible,confirmed_by_partner_report,INTERSOS,NA,INTERSOS
NG037010,Maru,NG037,Zamfara,Dankurmi,638.1181107861936,58675.4453125,Non-IDP,Inaccessible,confirmed_by_partner_report,INTERSOS,NA,INTERSOS
NG037010,Maru,NG037,Zamfara,Dansadau,1567.5169234496154,116591.5546875,Non-IDP,Inaccessible,confirmed_by_partner_report,INTERSOS,NA,INTERSOS
NG037010,Maru,NG037,Zamfara,Dosara Birnin Kaya,3.4693178369628193,0.5870075225830078,Non-IDP,Accessible,default_unreported,NA,NA,INTERSOS
NG037010,Maru,NG037,Zamfara,Gada Karakai,1.7183518147674353,689.24041748046875,Non-IDP,Accessible,default_unreported,NA,NA,INTERSOS
NG037010,Maru,NG037,Zamfara,Gwaram,9.737277239754171,1168.826416015625,Non-IDP,Accessible,default_unreported,NA,NA,INTERSOS
NG037010,Maru,NG037,Zamfara,Gwashi,19.66723635958409,319.8977355957031,Non-IDP,Accessible,default_unreported,NA,NA,INTERSOS
NG037010,Maru,NG037,Zamfara,Kakangi,22.47398595854816,552.4302978515625,Non-IDP,Accessible,default_unreported,NA,NA,INTERSOS
NG037010,Maru,NG037,Zamfara,Kanoma,601.7869445452201,39298.8046875,Non-IDP,Inaccessible,confirmed_by_partner_report,INTERSOS,NA,INTERSOS
NG037010,Maru,NG037,Zamfara,Kotonkoro,213.41848868900487,6357.19287109375,Non-IDP,Accessible,default_unreported,NA,NA,INTERSOS
NG037010,Maru,NG037,Zamfara,Kuyanbana,2145.5601301464226,68034.859375,Non-IDP,Inaccessible,confirmed_by_partner_report,INTERSOS,NA,INTERSOS
NG037010,Maru,NG037,Zamfara,Kuyello,51.90658004486251,88.73640441894531,Non-IDP,Accessible,default_unreported,NA,NA,INTERSOS
NG037010,Maru,NG037,Zamfara,Magajin Gari 2,29.96714629217537,302.9569091796875,Non-IDP,Accessible,default_unreported,NA,NA,INTERSOS
NG037010,Maru,NG037,Zamfara,Magajin Gari 3,32.41884577696053,327.9482116699219,Non-IDP,Accessible,default_unreported,NA,NA,INTERSOS
NG037010,Maru,NG037,Zamfara,Magami,17.575529959938613,2310.63818359375,Non-IDP,Accessible,default_unreported,NA,NA,INTERSOS
NG037010,Maru,NG037,Zamfara,Maru,211.8617527215675,47158.4375,Non-IDP,Accessible,confirmed_by_partner_report,INTERSOS,NA,INTERSOS
NG037010,Maru,NG037,Zamfara,Mayanchi,88.83499998476007,15597.0986328125,Non-IDP,Inaccessible,confirmed_by_partner_report,INTERSOS,NA,INTERSOS
NG037010,Maru,NG037,Zamfara,Morai,20.636754131066322,2412.061279296875,Non-IDP,Accessible,default_unreported,NA,NA,INTERSOS
NG037010,Maru,NG037,Zamfara,Ruwan Doruma,120.38122089584542,21335.267578125,Non-IDP,Accessible,confirmed_by_partner_report,INTERSOS,NA,INTERSOS
NG037010,Maru,NG037,Zamfara,Sabon Birni,37.92409780717557,415.4221496582031,Non-IDP,Accessible,default_unreported,NA,NA,INTERSOS
NG037010,Maru,NG037,Zamfara,Wasagu,1.2280783838115157,7.750721454620361,Non-IDP,Accessible,default_unreported,NA,NA,INTERSOS
NG037010,Maru,NG037,Zamfara,Wuya,87.00666353225112,1876.5609130859375,Non-IDP,Accessible,default_unreported,NA,NA,INTERSOS
NG037010,Maru,NG037,Zamfara,Yarsabaya,8.5845476965518,157.37490844726563,Non-IDP,Accessible,default_unreported,NA,NA,INTERSOS
NG037011,Shinkafi,NG037,Zamfara,Badarawa,73.38778246721185,13425.201171875,Non-IDP,Accessible,confirmed_by_partner_report,FACT,N/A - fully accessible,FACT
NG037011,Shinkafi,NG037,Zamfara,Birnin Yero,31.337601437903523,4041.16748046875,Non-IDP,Accessible,default_unreported,NA,NA,FACT
NG037011,Shinkafi,NG037,Zamfara,Dole,1.0085892624963522,11.142257690429688,Non-IDP,Accessible,default_unreported,NA,NA,FACT
NG037011,Shinkafi,NG037,Zamfara,Faru Magami,2.3745217040586137,102.494873046875,Non-IDP,Accessible,default_unreported,NA,NA,FACT
NG037011,Shinkafi,NG037,Zamfara,Galadi,187.60846200414895,22816.220703125,Non-IDP,Accessible,confirmed_by_partner_report,FACT,N/A - fully accessible,FACT
NG037011,Shinkafi,NG037,Zamfara,Gebe A,50.463545558416754,4205.6474609375,Non-IDP,Inaccessible,confirmed_by_partner_report,FACT,Other,FACT
NG037011,Shinkafi,NG037,Zamfara,Isa South,6.136487569716424,1201.130859375,Non-IDP,Inaccessible,confirmed_by_partner_report,FACT,Other,FACT
NG037011,Shinkafi,NG037,Zamfara,Jangeru,75.26826526681995,15163.353515625,Non-IDP,Accessible,confirmed_by_partner_report,FACT,N/A - fully accessible,FACT
NG037011,Shinkafi,NG037,Zamfara,Katuru,130.67793141948735,15806.9697265625,Non-IDP,Accessible,confirmed_by_partner_report,FACT,N/A - fully accessible,FACT
NG037011,Shinkafi,NG037,Zamfara,Kaya,17.33396956177254,974.49835205078125,Non-IDP,Inaccessible,confirmed_by_partner_report,FACT,Insecurity / conflict,FACT
NG037011,Shinkafi,NG037,Zamfara,Kurya,109.12296027510715,8634.3505859375,Non-IDP,Inaccessible,confirmed_by_partner_report,FACT,Insecurity / conflict,FACT
NG037011,Shinkafi,NG037,Zamfara,Kware,109.27815881685221,13653.224609375,Non-IDP,Inaccessible,confirmed_by_partner_report,FACT,Insecurity / conflict,FACT
NG037011,Shinkafi,NG037,Zamfara,Mashema,16.951349215468582,104.5705337524414,Non-IDP,Accessible,default_unreported,NA,NA,FACT
NG037011,Shinkafi,NG037,Zamfara,Mayasa Kuturu,0.00393617816670239,0.8176036477088928,Non-IDP,Accessible,default_unreported,NA,NA,FACT
NG037011,Shinkafi,NG037,Zamfara,Shanawa,35.68862634316349,7020.97119140625,Non-IDP,Accessible,confirmed_by_partner_report,FACT,N/A - fully accessible,FACT
NG037011,Shinkafi,NG037,Zamfara,Shinkafi North,5.856266535716653,22088.28125,Non-IDP,Accessible,confirmed_by_partner_report,FACT,N/A - fully accessible,FACT
NG037011,Shinkafi,NG037,Zamfara,Shinkafi South,10.944003450999498,32966.36328125,Non-IDP,Accessible,confirmed_by_partner_report,FACT,N/A - fully accessible,FACT
NG037011,Shinkafi,NG037,Zamfara,Tsabre,1.5519236298277974e-6,0,Non-IDP,Accessible,default_unreported,NA,NA,FACT
NG037011,Shinkafi,NG037,Zamfara,Tsibiri,23.10773887851292,2025.8387451171875,Non-IDP,Accessible,default_unreported,NA,NA,FACT
NG037011,Shinkafi,NG037,Zamfara,Yanbuki-Dutsi,10.543270280903936,839.77667236328125,Non-IDP,Accessible,default_unreported,NA,NA,FACT
NG037012,Talata Mafara,NG037,Zamfara,Birnin Tudu,0.5612886064635515,96.705413818359375,Non-IDP,Accessible,default_unreported,NA,NA,FACT
NG037012,Talata Mafara,NG037,Zamfara,Damri,15.710777708830713,618.68585205078125,Non-IDP,Accessible,default_unreported,NA,NA,FACT
NG037012,Talata Mafara,NG037,Zamfara,Danmanau,0.8093246178474426,0.06979993730783463,Non-IDP,Accessible,default_unreported,NA,NA,FACT
NG037012,Talata Mafara,NG037,Zamfara,Dosara Birnin Kaya,16.483539122540112,2607.0126953125,Non-IDP,Accessible,default_unreported,NA,NA,FACT
NG037012,Talata Mafara,NG037,Zamfara,Galadima,130.39702534676982,92096.171875,Non-IDP,Accessible,confirmed_by_partner_report,FACT,N/A - fully accessible,FACT
NG037012,Talata Mafara,NG037,Zamfara,Gorar Namaye,0.13905257915415614,51.45552062988281,Non-IDP,Accessible,default_unreported,NA,NA,FACT
NG037012,Talata Mafara,NG037,Zamfara,Gusari-Garbadu,80.16127895456,14968.5556640625,Non-IDP,Inaccessible,confirmed_by_partner_report,FACT,Insecurity / conflict,FACT
NG037012,Talata Mafara,NG037,Zamfara,Gwaram,152.80458462848998,18604.591796875,Non-IDP,Inaccessible,confirmed_by_partner_report,FACT,Insecurity / conflict,FACT
NG037012,Talata Mafara,NG037,Zamfara,Jangebe,129.52032636302627,29703.412109375,Non-IDP,Inaccessible,confirmed_by_partner_report,FACT,Insecurity / conflict,FACT
NG037012,Talata Mafara,NG037,Zamfara,Kagara,108.55156762701222,14765.41015625,Non-IDP,Inaccessible,confirmed_by_partner_report,FACT,Insecurity / conflict,FACT
NG037012,Talata Mafara,NG037,Zamfara,Kanoma,12.76406568167162,1467.196044921875,Non-IDP,Accessible,default_unreported,NA,NA,FACT
NG037012,Talata Mafara,NG037,Zamfara,Kayaye,93.2213404101925,65067.40234375,Non-IDP,Accessible,confirmed_by_partner_report,FACT,N/A - fully accessible,FACT
NG037012,Talata Mafara,NG037,Zamfara,Makera-Take Tsaba,79.10307385760724,19970.470703125,Non-IDP,Inaccessible,confirmed_by_partner_report,FACT,Insecurity / conflict,FACT
NG037012,Talata Mafara,NG037,Zamfara,Mayanchi,1.050984083305657,97.35455322265625,Non-IDP,Accessible,default_unreported,NA,NA,FACT
NG037012,Talata Mafara,NG037,Zamfara,Morai,165.57052969767022,29101.53125,Non-IDP,Inaccessible,confirmed_by_partner_report,FACT,Insecurity / conflict,FACT
NG037012,Talata Mafara,NG037,Zamfara,Ruwan Bore-Mirkidi,99.19278029244042,9903.859375,Non-IDP,Accessible,default_unreported,NA,NA,FACT
NG037012,Talata Mafara,NG037,Zamfara,Ruwan Gizo,173.01514861794783,10460.25390625,Non-IDP,Inaccessible,confirmed_by_partner_report,FACT,Insecurity / conflict,FACT
NG037012,Talata Mafara,NG037,Zamfara,Sauna Ruwan Gora,384.07329273074913,30229.017578125,Non-IDP,Inaccessible,confirmed_by_partner_report,FACT,Insecurity / conflict,FACT
NG037012,Talata Mafara,NG037,Zamfara,Yargeda,0.3298238264708519,2.1002109050750732,Non-IDP,Accessible,default_unreported,NA,NA,FACT
NG037012,Talata Mafara,NG037,Zamfara,Yarsabaya,28.527414991526246,2303.833984375,Non-IDP,Accessible,default_unreported,NA,NA,FACT
NG037013,Tsafe,NG037,Zamfara,Bilbis,234.25737547917473,43440.6015625,Non-IDP,Accessible,confirmed_by_partner_report (blank row - not flagged),NA,NA,IRC
NG037013,Tsafe,NG037,Zamfara,Chediya,119.75968907060992,41051.7109375,Non-IDP,Accessible,confirmed_by_partner_report (blank row - not flagged),NA,NA,IRC
NG037013,Tsafe,NG037,Zamfara,Danjibga,532.4628271044255,51220.1484375,Non-IDP,Accessible,confirmed_by_partner_report (blank row - not flagged),NA,NA,IRC
NG037013,Tsafe,NG037,Zamfara,Dansadau,1.3601718022147042e-4,0.006473996210843325,Non-IDP,Accessible,default_unreported,NA,NA,IRC
NG037013,Tsafe,NG037,Zamfara,Dauki,91.30552301716995,9964.9599609375,Non-IDP,Accessible,confirmed_by_partner_report (blank row - not flagged),NA,NA,IRC
NG037013,Tsafe,NG037,Zamfara,Faskari,0.019721978166997434,37.590057373046875,Non-IDP,Accessible,default_unreported,NA,NA,IRC
NG037013,Tsafe,NG037,Zamfara,Keta,155.79853003895713,14941.3486328125,Non-IDP,Accessible,default_unreported,NA,NA,IRC
NG037013,Tsafe,NG037,Zamfara,Kotorkoshi,2.257253174638629,768.8582763671875,Non-IDP,Accessible,confirmed_by_partner_report (blank row - not flagged),NA,NA,IRC
NG037013,Tsafe,NG037,Zamfara,Kwaren Ganuwa,149.89057983410098,25803.615234375,Non-IDP,Accessible,confirmed_by_partner_report (blank row - not flagged),NA,NA,IRC
NG037013,Tsafe,NG037,Zamfara,Mada,5.8767767575138805,981.41851806640625,Non-IDP,Accessible,default_unreported,NA,NA,IRC
NG037013,Tsafe,NG037,Zamfara,Magami,8.66027729294759,247.86309814453125,Non-IDP,Accessible,default_unreported,NA,NA,IRC
NG037013,Tsafe,NG037,Zamfara,Rijiya,0.2188173386738524,5.534648418426514,Non-IDP,Accessible,default_unreported,NA,NA,IRC
NG037013,Tsafe,NG037,Zamfara,Sabon Layi,3.5566122029052676,102.54005432128906,Non-IDP,Accessible,default_unreported,NA,NA,IRC
NG037013,Tsafe,NG037,Zamfara,Tsafe Central,186.47299460740567,67757.75,Non-IDP,Accessible,confirmed_by_partner_report (blank row - not flagged),NA,NA,IRC
NG037013,Tsafe,NG037,Zamfara,Wanke,2.3192324563744364,63.5556526184082,Non-IDP,Accessible,default_unreported,NA,NA,IRC
NG037013,Tsafe,NG037,Zamfara,Wonaka,0.3672994677934647,11.43131160736084,Non-IDP,Accessible,default_unreported,NA,NA,IRC
NG037013,Tsafe,NG037,Zamfara,Yandoton Daji,107.76852122270029,32949.01953125,Non-IDP,Accessible,confirmed_by_partner_report (blank row - not flagged),NA,NA,IRC
NG037013,Tsafe,NG037,Zamfara,Yankara,0.0789737513749469,8.057638168334961,Non-IDP,Accessible,default_unreported,NA,NA,IRC
NG037013,Tsafe,NG037,Zamfara,Yankuzo A,147.4165548247478,26693.255859375,Non-IDP,Accessible,confirmed_by_partner_report (blank row - not flagged),NA,NA,IRC
NG037013,Tsafe,NG037,Zamfara,Yankuzo B,52.54542388465416,8603.900390625,Non-IDP,Accessible,default_unreported,NA,NA,IRC
NG037013,Tsafe,NG037,Zamfara,Yanware,286.83163388833844,32244.765625,Non-IDP,Accessible,confirmed_by_partner_report (blank row - not flagged),NA,NA,IRC
NG037013,Tsafe,NG037,Zamfara,Yar Malamai,0.4092400888041705,29.944664001464844,Non-IDP,Accessible,default_unreported,NA,NA,IRC
NG037013,Tsafe,NG037,Zamfara,Zango,0.8803227660349011,15.317769050598145,Non-IDP,Accessible,default_unreported,NA,NA,IRC
NG037014,Zurmi,NG037,Zamfara,Babban Duhu B,21.72912931543374,73.43968963623047,Non-IDP,Accessible,default_unreported,NA,NA,FACT
NG037014,Zurmi,NG037,Zamfara,Birnin Magaji,76.44086811808104,2852.131591796875,Non-IDP,Accessible,default_unreported,NA,NA,FACT
NG037014,Zurmi,NG037,Zamfara,Birnin Yero,18.306521292233736,3872.26025390625,Non-IDP,Accessible,default_unreported,NA,NA,FACT
NG037014,Zurmi,NG037,Zamfara,Boko,144.2319102327186,33620.55078125,Non-IDP,Accessible,confirmed_by_partner_report,FACT,N/A - fully accessible,FACT
NG037014,Zurmi,NG037,Zamfara,Danfani Sabon Birni,120.45276341030085,1186.14697265625,Non-IDP,Accessible,default_unreported,NA,NA,FACT
NG037014,Zurmi,NG037,Zamfara,Dauran Birnin Tsaba,200.52189531431523,38698.33203125,Non-IDP,Inaccessible,confirmed_by_partner_report,FACT,Insecurity / conflict,FACT
NG037014,Zurmi,NG037,Zamfara,Dole,57.33859427891529,9780.8330078125,Non-IDP,Inaccessible,confirmed_by_partner_report,FACT,Insecurity / conflict,FACT
NG037014,Zurmi,NG037,Zamfara,Gabake,17.165469910870254,2096.67919921875,Non-IDP,Accessible,default_unreported,NA,NA,FACT
NG037014,Zurmi,NG037,Zamfara,Gebe B,7.697415639995597e-12,9.344006679512518e-10,Non-IDP,Accessible,default_unreported,NA,NA,FACT
NG037014,Zurmi,NG037,Zamfara,Gidan Goga,10.03045029974883,1567.2540283203125,Non-IDP,Accessible,default_unreported,NA,NA,FACT
NG037014,Zurmi,NG037,Zamfara,Jangeru,25.1422936519528,474.17291259765625,Non-IDP,Accessible,default_unreported,NA,NA,FACT
NG037014,Zurmi,NG037,Zamfara,Kanwa,200.2743216287558,33273.34765625,Non-IDP,Accessible,confirmed_by_partner_report,FACT,N/A - fully accessible,FACT
NG037014,Zurmi,NG037,Zamfara,Kaya,33.36924299587751,6224.3623046875,Non-IDP,Inaccessible,confirmed_by_partner_report,FACT,Insecurity / conflict,FACT
NG037014,Zurmi,NG037,Zamfara,Kurya,51.13814496354175,2191.86474609375,Non-IDP,Inaccessible,confirmed_by_partner_report,FACT,Insecurity / conflict,FACT
NG037014,Zurmi,NG037,Zamfara,Kwashabawa,442.373362255744,29710.32421875,Non-IDP,Accessible,default_unreported,NA,NA,FACT
NG037014,Zurmi,NG037,Zamfara,Madomawa East,0.3617596518929005,118.7578353881836,Non-IDP,Accessible,default_unreported,NA,NA,FACT
NG037014,Zurmi,NG037,Zamfara,Madomawa West,1.098042987759918,224.64797973632813,Non-IDP,Accessible,default_unreported,NA,NA,FACT
NG037014,Zurmi,NG037,Zamfara,Mashema,196.7727806539401,6307.9521484375,Non-IDP,Accessible,default_unreported,NA,NA,FACT
NG037014,Zurmi,NG037,Zamfara,Mayasa Kuturu,298.7867133738855,24415.0625,Non-IDP,Inaccessible,confirmed_by_partner_report,FACT,Insecurity / conflict,FACT
NG037014,Zurmi,NG037,Zamfara,Moriki,128.03888904604898,28300.03125,Non-IDP,Accessible,confirmed_by_partner_report,FACT,N/A - fully accessible,FACT
NG037014,Zurmi,NG037,Zamfara,Nassarawa Godel West,6.904371188039303,1173.9334716796875,Non-IDP,Accessible,default_unreported,NA,NA,FACT
NG037014,Zurmi,NG037,Zamfara,Rukudawa,661.0572101469953,41410.1015625,Non-IDP,Inaccessible,confirmed_by_partner_report,FACT,Insecurity / conflict,FACT
NG037014,Zurmi,NG037,Zamfara,Sarkin Mafara-Sarkin Baura,0.3185617918814719,27.577777862548828,Non-IDP,Accessible,default_unreported,NA,NA,FACT
NG037014,Zurmi,NG037,Zamfara,Tsibiri,7.708379532202244,1323.6983642578125,Non-IDP,Inaccessible,confirmed_by_partner_report,FACT,Insecurity / conflict,FACT
NG037014,Zurmi,NG037,Zamfara,Yanbuki-Dutsi,203.85073296871025,18994.166015625,Non-IDP,Inaccessible,confirmed_by_partner_report,FACT,Insecurity / conflict,FACT
NG037014,Zurmi,NG037,Zamfara,Yanfako,7.489237301122427,65.09014129638672,Non-IDP,Accessible,default_unreported,NA,NA,FACT
NG037014,Zurmi,NG037,Zamfara,Yankaba,0.3473242366396785,10.928149223327637,Non-IDP,Accessible,default_unreported,NA,NA,FACT
NG037014,Zurmi,NG037,Zamfara,Zurmi,136.2889363375716,42199.8203125,Non-IDP,Accessible,confirmed_by_partner_report,FACT,N/A - fully accessible,FACT
NG002001,Demsa,NG002,Adamawa,Bille,273.6672926913563,15276.6279296875,IDP,Accessible,confirmed_by_partner_report,FACT,N/A - fully accessible,FACT
NG002001,Demsa,NG002,Adamawa,Borrong,72.07992376403952,5879.435546875,IDP,Inaccessible,confirmed_by_partner_report,FACT,Physical access (terrain,FACT
NG002001,Demsa,NG002,Adamawa,Demsa,243.33806990652704,22542.365234375,IDP,Accessible,confirmed_by_partner_report,FACT,N/A - fully accessible,FACT
NG002001,Demsa,NG002,Adamawa,Dilli,159.4623951074024,5525.09912109375,IDP,Inaccessible,confirmed_by_partner_report,FACT,Other,FACT
NG002001,Demsa,NG002,Adamawa,Dong,200.52528660694898,20594.8359375,IDP,Accessible,confirmed_by_partner_report,FACT,N/A - fully accessible,FACT
NG002001,Demsa,NG002,Adamawa,Dwam,155.44499573718386,22745.318359375,IDP,Accessible,confirmed_by_partner_report,FACT,N/A - fully accessible,FACT
NG002001,Demsa,NG002,Adamawa,Gwamba,152.5249403928023,6047.8857421875,IDP,Inaccessible,confirmed_by_partner_report,FACT,Physical access (terrain,FACT
NG002001,Demsa,NG002,Adamawa,Kpasham,252.74620679058884,30512.68359375,IDP,Accessible,confirmed_by_partner_report,FACT,N/A - fully accessible,FACT
NG002001,Demsa,NG002,Adamawa,Mbula,75.33057736321574,3607.09228515625,IDP,Accessible,confirmed_by_partner_report,FACT,N/A - fully accessible,FACT
NG002001,Demsa,NG002,Adamawa,Nassarawo Demsa,138.5315107949438,24696.150390625,IDP,Accessible,confirmed_by_partner_report,FACT,N/A - fully accessible,FACT
NG002002,Fufore,NG002,Adamawa,Beti,597.9311932478686,41098.578125,IDP,Accessible,confirmed_by_partner_report,FACT,N/A - fully accessible,FACT
NG002002,Fufore,NG002,Adamawa,Bole Yolde Pate,67.90426936197233,3142.256103515625,IDP,Accessible,confirmed_by_partner_report,FACT,N/A - fully accessible,FACT
NG002002,Fufore,NG002,Adamawa,Farang,638.9845646777496,37847.1484375,IDP,Accessible,confirmed_by_partner_report,FACT,N/A - fully accessible,FACT
NG002002,Fufore,NG002,Adamawa,Fufore,101.96804341757345,27929.271484375,IDP,Accessible,confirmed_by_partner_report,FACT,N/A - fully accessible,FACT
NG002002,Fufore,NG002,Adamawa,Gurin,621.7470668478176,38694.5859375,IDP,Inaccessible,confirmed_by_partner_report,FACT,Other,FACT
NG002002,Fufore,NG002,Adamawa,Mayo Inne,716.2746993465106,43836.234375,IDP,Accessible,confirmed_by_partner_report,FACT,N/A - fully accessible,FACT
NG002002,Fufore,NG002,Adamawa,Pariya,612.9123683121212,38825.453125,IDP,Accessible,confirmed_by_partner_report,FACT,N/A - fully accessible,FACT
NG002002,Fufore,NG002,Adamawa,Ribadu,372.96594679393013,18314.748046875,IDP,Accessible,confirmed_by_partner_report,FACT,N/A - fully accessible,FACT
NG002002,Fufore,NG002,Adamawa,Wuro Bokki,501.4019702919546,31046.08984375,IDP,Accessible,confirmed_by_partner_report,FACT,N/A - fully accessible,FACT
NG002003,Ganye,NG002,Adamawa,Gamu,335.90249099500403,17764.41015625,IDP,Accessible,confirmed_by_partner_report,FACT,N/A - fully accessible,FACT
NG002003,Ganye,NG002,Adamawa,Ganye 1,4.653091139364183,32197.921875,IDP,Accessible,confirmed_by_partner_report,FACT,N/A - fully accessible,FACT
NG002003,Ganye,NG002,Adamawa,Ganye 2,53.41370061683491,55446.84765625,IDP,Accessible,confirmed_by_partner_report,FACT,N/A - fully accessible,FACT
NG002003,Ganye,NG002,Adamawa,Sangassumi,10.3932935457201,25764.103515625,IDP,Accessible,confirmed_by_partner_report,FACT,N/A - fully accessible,FACT
NG002003,Ganye,NG002,Adamawa,Sugu,460.42461853328706,30806.962890625,IDP,Inaccessible,confirmed_by_partner_report,FACT,Other,FACT
NG002003,Ganye,NG002,Adamawa,Yebbi,384.1362335235939,24299.6875,IDP,Accessible,confirmed_by_partner_report,FACT,N/A - fully accessible,FACT
NG002004,Gombi,NG002,Adamawa,Boga,290.5871190223384,63483.34765625,IDP,Accessible,confirmed_by_partner_report,NRC,N/A - fully accessible,NRC
NG002004,Gombi,NG002,Adamawa,Duwa,243.23880920116252,77667.1015625,IDP,Accessible,confirmed_by_partner_report,NRC,N/A - fully accessible,NRC
NG002004,Gombi,NG002,Adamawa,Gaanda,397.50437756335737,24534.841796875,IDP,Accessible,confirmed_by_partner_report,NRC,N/A - fully accessible,NRC
NG002004,Gombi,NG002,Adamawa,Gabon,245.33162414328956,52938.26171875,IDP,Accessible,confirmed_by_partner_report,NRC,N/A - fully accessible,NRC
NG002004,Gombi,NG002,Adamawa,Garkida,120.705183590457,22750.255859375,IDP,Accessible,confirmed_by_partner_report,NRC,N/A - fully accessible,NRC
NG002004,Gombi,NG002,Adamawa,Gombi North,67.19539391377735,68201.4921875,IDP,Accessible,confirmed_by_partner_report,NRC,N/A - fully accessible,NRC
NG002004,Gombi,NG002,Adamawa,Gombi South,49.56239689972114,66067.484375,IDP,Accessible,confirmed_by_partner_report,NRC,N/A - fully accessible,NRC
NG002004,Gombi,NG002,Adamawa,Guyaku,335.94678392648007,23235.5078125,IDP,Accessible,confirmed_by_partner_report,NRC,N/A - fully accessible,NRC
NG002004,Gombi,NG002,Adamawa,Kilange Funa,13.104579548023938,789.54144287109375,IDP,Accessible,default_unreported,NA,NA,NRC
NG002004,Gombi,NG002,Adamawa,Tawa,642.1106045619936,39409.04296875,IDP,Accessible,confirmed_by_partner_report,NRC,N/A - fully accessible,NRC
NG002004,Gombi,NG002,Adamawa,Yang,147.15379715001583,29118.978515625,IDP,Accessible,confirmed_by_partner_report,NRC,N/A - fully accessible,NRC
NG002005,Girei,NG002,Adamawa,Dakri,134.45085331803418,20076.82421875,IDP,Accessible,confirmed_by_partner_report,FACT,N/A - fully accessible,FACT
NG002005,Girei,NG002,Adamawa,Damare,38.729470290070054,39823.43359375,IDP,Accessible,confirmed_by_partner_report,FACT,N/A - fully accessible,FACT
NG002005,Girei,NG002,Adamawa,Demsa,38.69543853185296,585.29034423828125,IDP,Accessible,default_unreported,NA,NA,FACT
NG002005,Girei,NG002,Adamawa,Gereng,149.3615959524474,5369.34033203125,IDP,Accessible,confirmed_by_partner_report,FACT,N/A - fully accessible,FACT
NG002005,Girei,NG002,Adamawa,Girei 1,72.88225380739165,41821.3828125,IDP,Accessible,confirmed_by_partner_report,FACT,N/A - fully accessible,FACT
NG002005,Girei,NG002,Adamawa,Girei 2,63.72795536615848,16461.056640625,IDP,Accessible,confirmed_by_partner_report,FACT,N/A - fully accessible,FACT
NG002005,Girei,NG002,Adamawa,Gwadabawa,10.664027589390814,7625.67138671875,IDP,Accessible,confirmed_by_partner_report,FACT,N/A - fully accessible,FACT
NG002005,Girei,NG002,Adamawa,Jera Bakari,163.03780479228666,8463.3623046875,IDP,Inaccessible,confirmed_by_partner_report,FACT,Other,FACT
NG002005,Girei,NG002,Adamawa,Jera Bonyo,142.30000440960148,8418.724609375,IDP,Accessible,confirmed_by_partner_report,FACT,N/A - fully accessible,FACT
NG002005,Girei,NG002,Adamawa,Limawa,0.3382290240151286,2151.494140625,IDP,Inaccessible,confirmed_by_partner_report,FACT,Other,FACT
NG002005,Girei,NG002,Adamawa,Modire,159.75080892661296,46273.83984375,IDP,Accessible,confirmed_by_partner_report,FACT,N/A - fully accessible,FACT
NG002005,Girei,NG002,Adamawa,Wuro Dole,199.03566860077362,22761.380859375,IDP,Accessible,confirmed_by_partner_report,FACT,N/A - fully accessible,FACT
NG002006,Guyuk,NG002,Adamawa,Banjiram,50.82174984227121,25614.404296875,IDP,Accessible,confirmed_by_partner_report,FACT,N/A - fully accessible,FACT
NG002006,Guyuk,NG002,Adamawa,Bodeno,70.34968059637869,26067.158203125,IDP,Inaccessible,confirmed_by_partner_report,FACT,Physical access (terrain,FACT
NG002006,Guyuk,NG002,Adamawa,Chikila,160.47434267290464,38943.01171875,IDP,Accessible,confirmed_by_partner_report,FACT,N/A - fully accessible,FACT
NG002006,Guyuk,NG002,Adamawa,Dumna,66.42075994246667,29762.126953125,IDP,Inaccessible,confirmed_by_partner_report,FACT,Physical access (terrain,FACT
NG002006,Guyuk,NG002,Adamawa,Guyuk,87.03817248890019,60878.73828125,IDP,Inaccessible,confirmed_by_partner_report,FACT,Physical access (terrain,FACT
NG002006,Guyuk,NG002,Adamawa,Kola,71.65177376192665,44326.109375,IDP,Accessible,confirmed_by_partner_report,FACT,N/A - fully accessible,FACT
NG002006,Guyuk,NG002,Adamawa,Purakayo,73.06830515553486,29223.841796875,IDP,Inaccessible,confirmed_by_partner_report,FACT,Physical access (terrain,FACT
NG002007,Hong,NG002,Adamawa,Bangshika,295.90330265206813,19220.447265625,IDP,Accessible,confirmed_by_partner_report,NRC,N/A - fully accessible,NRC
NG002007,Hong,NG002,Adamawa,Daksiri,382.82164279004,16603.375,IDP,Accessible,confirmed_by_partner_report,NRC,N/A - fully accessible,NRC
NG002007,Hong,NG002,Adamawa,Garaha,863.6055184979743,14327.8544921875,IDP,Accessible,confirmed_by_partner_report,NRC,N/A - fully accessible,NRC
NG002007,Hong,NG002,Adamawa,Gaya-Sikalmi,497.67122684020995,15340.8212890625,IDP,Accessible,confirmed_by_partner_report,NRC,N/A - fully accessible,NRC
NG002007,Hong,NG002,Adamawa,Hildi,62.731501156250715,10147.201171875,IDP,Accessible,confirmed_by_partner_report,NRC,N/A - fully accessible,NRC
NG002007,Hong,NG002,Adamawa,Hong,152.77831200862647,14481.7529296875,IDP,Accessible,confirmed_by_partner_report,NRC,N/A - fully accessible,NRC
NG002007,Hong,NG002,Adamawa,Hoserezum,363.8310229818002,13630.9248046875,IDP,Accessible,confirmed_by_partner_report,NRC,N/A - fully accessible,NRC
NG002007,Hong,NG002,Adamawa,Mayo Lope,185.2649275489533,16766.392578125,IDP,Accessible,confirmed_by_partner_report,NRC,N/A - fully accessible,NRC
NG002007,Hong,NG002,Adamawa,Shangui,80.18813113996602,7342.47998046875,IDP,Accessible,confirmed_by_partner_report,NRC,N/A - fully accessible,NRC
NG002007,Hong,NG002,Adamawa,Thilbang,243.47872856812572,24128.783203125,IDP,Accessible,confirmed_by_partner_report,NRC,N/A - fully accessible,NRC
NG002007,Hong,NG002,Adamawa,Uba,12.08439571729958,11712.4384765625,IDP,Accessible,confirmed_by_partner_report,NRC,N/A - fully accessible,NRC
NG002008,Jada,NG002,Adamawa,Jada 1,80.39025769520927,17203.04296875,IDP,Accessible,confirmed_by_partner_report,FACT,N/A - fully accessible,FACT
NG002008,Jada,NG002,Adamawa,Jada 2,181.15260329353237,32693.564453125,IDP,Accessible,confirmed_by_partner_report,FACT,N/A - fully accessible,FACT
NG002008,Jada,NG002,Adamawa,Leko,340.158584376291,42200.24609375,IDP,Accessible,confirmed_by_partner_report,FACT,N/A - fully accessible,FACT
NG002008,Jada,NG002,Adamawa,Yeli,432.31977457191886,69121.359375,IDP,Accessible,confirmed_by_partner_report,FACT,N/A - fully accessible,FACT
NG002009,Lamurde,NG002,Adamawa,Dubange,69.48245629718423,3503.4990234375,IDP,Accessible,confirmed_by_partner_report,NRC,N/A - fully accessible,NRC
NG002009,Lamurde,NG002,Adamawa,Dumna,1.205527629926145,2004.10791015625,IDP,Accessible,confirmed_by_partner_report,NRC,N/A - fully accessible,NRC
NG002009,Lamurde,NG002,Adamawa,Gyawana,123.88002775202735,17370.28125,IDP,Accessible,confirmed_by_partner_report,NRC,N/A - fully accessible,NRC
NG002009,Lamurde,NG002,Adamawa,Lafiya,78.2404070534547,28606.796875,IDP,Accessible,confirmed_by_partner_report,NRC,N/A - fully accessible,NRC
NG002009,Lamurde,NG002,Adamawa,Lamurde,72.36908544445228,16735.470703125,IDP,Accessible,confirmed_by_partner_report,NRC,N/A - fully accessible,NRC
NG002009,Lamurde,NG002,Adamawa,Ngbakawo,64.59965785459542,2053.8466796875,IDP,Accessible,confirmed_by_partner_report,NRC,N/A - fully accessible,NRC
NG002009,Lamurde,NG002,Adamawa,Opalo,45.09021402129674,3172.157470703125,IDP,Accessible,confirmed_by_partner_report,NRC,N/A - fully accessible,NRC
NG002009,Lamurde,NG002,Adamawa,Rigange,51.34027121928078,5101.60498046875,IDP,Accessible,confirmed_by_partner_report,NRC,N/A - fully accessible,NRC
NG002009,Lamurde,NG002,Adamawa,Waduku,151.87367836118543,15379.02734375,IDP,Accessible,confirmed_by_partner_report,NRC,N/A - fully accessible,NRC
NG002010,Madagali,NG002,Adamawa,Bebel,81.6252551120491,19227.626953125,IDP,Accessible,default_unreported,NA,NA,Street Child of Nigeria
NG002010,Madagali,NG002,Adamawa,Duhu,92.70015105868917,28116.392578125,IDP,Accessible,default_unreported,NA,NA,Street Child of Nigeria
NG002010,Madagali,NG002,Adamawa,Gulak,190.7299845938617,58045.078125,IDP,Accessible,default_unreported,NA,NA,Street Child of Nigeria
NG002010,Madagali,NG002,Adamawa,Hyambula,53.79765134718451,14424.3955078125,IDP,Accessible,default_unreported,NA,NA,Street Child of Nigeria
NG002010,Madagali,NG002,Adamawa,Kirchinga,122.29536536093876,13175.8583984375,IDP,Accessible,default_unreported,NA,NA,Street Child of Nigeria
NG002010,Madagali,NG002,Adamawa,Madagali,12.71943652244091,43019.10546875,IDP,Accessible,default_unreported,NA,NA,Street Child of Nigeria
NG002010,Madagali,NG002,Adamawa,Pallam,169.72149916922592,21089.8984375,IDP,Accessible,default_unreported,NA,NA,Street Child of Nigeria
NG002010,Madagali,NG002,Adamawa,Sukur,141.488436297884,41718.81640625,IDP,Accessible,default_unreported,NA,NA,Street Child of Nigeria
NG002010,Madagali,NG002,Adamawa,Waga-Chakawa,148.01065535586685,20416.451171875,IDP,Accessible,default_unreported,NA,NA,Street Child of Nigeria
NG002010,Madagali,NG002,Adamawa,Wula,28.24670404321742,5083.25927734375,IDP,Accessible,default_unreported,NA,NA,Street Child of Nigeria
NG002011,Maiha,NG002,Adamawa,Belel,173.38163809209703,35356.7265625,IDP,Accessible,confirmed_by_partner_report,NRC,N/A - fully accessible,NRC
NG002011,Maiha,NG002,Adamawa,Humbutudi,102.34129540175701,4626.109375,IDP,Accessible,confirmed_by_partner_report,NRC,N/A - fully accessible,NRC
NG002011,Maiha,NG002,Adamawa,Konkol,127.31886752799602,18210.79296875,IDP,Accessible,confirmed_by_partner_report,NRC,N/A - fully accessible,NRC
NG002011,Maiha,NG002,Adamawa,Maiha Gari,74.56454164770746,27232.060546875,IDP,Accessible,default_unreported,NA,NA,NRC
NG002011,Maiha,NG002,Adamawa,Manjekin,132.3100876735528,6948.7421875,IDP,Accessible,confirmed_by_partner_report,NRC,N/A - fully accessible,NRC
NG002011,Maiha,NG002,Adamawa,Mayo Nguli,82.75903399515259,30712.51171875,IDP,Accessible,confirmed_by_partner_report,NRC,N/A - fully accessible,NRC
NG002011,Maiha,NG002,Adamawa,Pakka,19.717796656429172,7876.92333984375,IDP,Accessible,confirmed_by_partner_report,NRC,N/A - fully accessible,NRC
NG002011,Maiha,NG002,Adamawa,Sorau A,415.5581768463087,29778.515625,IDP,Accessible,confirmed_by_partner_report,NRC,N/A - fully accessible,NRC
NG002011,Maiha,NG002,Adamawa,Sorau B,397.5578274003113,27648.11328125,IDP,Accessible,confirmed_by_partner_report,NRC,N/A - fully accessible,NRC
NG002011,Maiha,NG002,Adamawa,Tambajam,110.12207415412426,19463,IDP,Accessible,confirmed_by_partner_report,NRC,N/A - fully accessible,NRC
NG002011,Maiha,NG002,Adamawa,Zumo,26.13496735660279,1740.2923583984375,IDP,Accessible,confirmed_by_partner_report,NRC,N/A - fully accessible,NRC
NG002012,Mayo-Belwa,NG002,Adamawa,Jereng,228.070810723989,14454.447265625,IDP,Accessible,confirmed_by_partner_report,FACT,N/A - fully accessible,FACT
NG002012,Mayo-Belwa,NG002,Adamawa,Mayo Farang,499.28203488153554,27750.0078125,IDP,Accessible,confirmed_by_partner_report,FACT,N/A - fully accessible,FACT
NG002012,Mayo-Belwa,NG002,Adamawa,Mbilla,31.066115855132402,20590.6875,IDP,Accessible,confirmed_by_partner_report,FACT,N/A - fully accessible,FACT
NG002012,Mayo-Belwa,NG002,Adamawa,Ribadu,83.0948298669231,7264.517578125,IDP,Accessible,confirmed_by_partner_report,FACT,N/A - fully accessible,FACT
NG002012,Mayo-Belwa,NG002,Adamawa,Tola,184.07982076765728,12900.595703125,IDP,Accessible,confirmed_by_partner_report,FACT,N/A - fully accessible,FACT
NG002013,Michika,NG002,Adamawa,Bazza Margi,41.46044194123686,7548.12353515625,IDP,Accessible,confirmed_by_partner_report,NRC,N/A - fully accessible,NRC
NG002013,Michika,NG002,Adamawa,Futuless,79.76750663038588,13441.3056640625,IDP,Accessible,confirmed_by_partner_report,NRC,N/A - fully accessible,NRC
NG002013,Michika,NG002,Adamawa,Garta,76.37126619569754,11407.056640625,IDP,Accessible,confirmed_by_partner_report,NRC,N/A - fully accessible,NRC
NG002013,Michika,NG002,Adamawa,Jigalambu,57.56587093422713,12730.8310546875,IDP,Accessible,confirmed_by_partner_report,NRC,N/A - fully accessible,NRC
NG002013,Michika,NG002,Adamawa,Madzi,59.09018780278206,14135.927734375,IDP,Accessible,confirmed_by_partner_report,NRC,N/A - fully accessible,NRC
NG002013,Michika,NG002,Adamawa,Michika 1,4.409015942379236,13913.31640625,IDP,Accessible,confirmed_by_partner_report,NRC,N/A - fully accessible,NRC
NG002013,Michika,NG002,Adamawa,Michika 2,20.151203514565946,25427.0859375,IDP,Accessible,confirmed_by_partner_report,NRC,N/A - fully accessible,NRC
NG002013,Michika,NG002,Adamawa,Moda / Dlaka,21.843030114282072,12984.091796875,IDP,Accessible,confirmed_by_partner_report,NRC,N/A - fully accessible,NRC
NG002013,Michika,NG002,Adamawa,Munkavachitta,20.66298403774154,4824.619140625,IDP,Accessible,confirmed_by_partner_report,NRC,N/A - fully accessible,NRC
NG002013,Michika,NG002,Adamawa,Ninkisi / Wuro Ngiki,86.28296872357632,22122.9296875,IDP,Accessible,confirmed_by_partner_report,NRC,N/A - fully accessible,NRC
NG002013,Michika,NG002,Adamawa,Sina Kamale,71.02190523907603,8637.087890625,IDP,Accessible,default_unreported,NA,NA,NRC
NG002013,Michika,NG002,Adamawa,Tsukumu / Tilijo,96.98552675486613,16675.4375,IDP,Accessible,confirmed_by_partner_report,NRC,N/A - fully accessible,NRC
NG002013,Michika,NG002,Adamawa,Tumbara / Ngabili,80.79255075792193,5218.62255859375,IDP,Accessible,confirmed_by_partner_report,NRC,N/A - fully accessible,NRC
NG002013,Michika,NG002,Adamawa,Vih / Boka,86.91303146754217,13289.2822265625,IDP,Accessible,confirmed_by_partner_report,NRC,N/A - fully accessible,NRC
NG002013,Michika,NG002,Adamawa,Wambilimi / Tili,34.91877705649907,13464.1982421875,IDP,Accessible,confirmed_by_partner_report,NRC,N/A - fully accessible,NRC
NG002013,Michika,NG002,Adamawa,Zah,154.1160883733419,22994.341796875,IDP,Accessible,confirmed_by_partner_report,NRC,N/A - fully accessible,NRC
NG002014,Mubi North,NG002,Adamawa,Betso,82.05097183666122,14310.9921875,IDP,Accessible,confirmed_by_partner_report,NRC,N/A - fully accessible,NRC
NG002014,Mubi North,NG002,Adamawa,Digil,121.87761246214295,13312.4580078125,IDP,Accessible,confirmed_by_partner_report,NRC,N/A - fully accessible,NRC
NG002014,Mubi North,NG002,Adamawa,Kolere,0.4965033216460049,4731.36865234375,IDP,Accessible,confirmed_by_partner_report,NRC,N/A - fully accessible,NRC
NG002014,Mubi North,NG002,Adamawa,Lamurde,0.29253074596627054,1366.8475341796875,IDP,Accessible,confirmed_by_partner_report,NRC,N/A - fully accessible,NRC
NG002014,Mubi North,NG002,Adamawa,Lokuwa,10.948433995706454,26560.67578125,IDP,Accessible,confirmed_by_partner_report,NRC,N/A - fully accessible,NRC
NG002014,Mubi North,NG002,Adamawa,Mayo Bani,79.12392115598202,10759.7578125,IDP,Accessible,confirmed_by_partner_report,NRC,N/A - fully accessible,NRC
NG002014,Mubi North,NG002,Adamawa,Mijilu,128.94533953980732,15944.591796875,IDP,Accessible,confirmed_by_partner_report,NRC,N/A - fully accessible,NRC
NG002014,Mubi North,NG002,Adamawa,Muchalla,234.88950544719506,18932.162109375,IDP,Accessible,confirmed_by_partner_report,NRC,N/A - fully accessible,NRC
NG002014,Mubi North,NG002,Adamawa,Sabon Layi,1.5092713799233972,7179.6181640625,IDP,Accessible,confirmed_by_partner_report,NRC,N/A - fully accessible,NRC
NG002014,Mubi North,NG002,Adamawa,Vimtim,97.15308618345432,12444.0986328125,IDP,Accessible,confirmed_by_partner_report,NRC,N/A - fully accessible,NRC
NG002014,Mubi North,NG002,Adamawa,Yelwa,14.728259823044949,21724.09375,IDP,Accessible,confirmed_by_partner_report,NRC,N/A - fully accessible,NRC
NG002015,Mubi South,NG002,Adamawa,Dirbishi,44.48526521682763,22023.6640625,IDP,Accessible,confirmed_by_partner_report,NRC,N/A - fully accessible,NRC
NG002015,Mubi South,NG002,Adamawa,Duvu,53.70592178562301,35235.21484375,IDP,Accessible,default_unreported,NA,NA,NRC
NG002015,Mubi South,NG002,Adamawa,Gella,43.177413775980355,6524.681640625,IDP,Accessible,confirmed_by_partner_report,NRC,N/A - fully accessible,NRC
NG002015,Mubi South,NG002,Adamawa,Gude,60.36494602405405,24415.0625,IDP,Accessible,confirmed_by_partner_report,NRC,N/A - fully accessible,NRC
NG002015,Mubi South,NG002,Adamawa,Kwaja,34.01423404533398,4636.1953125,IDP,Accessible,default_unreported,NA,NA,NRC
NG002015,Mubi South,NG002,Adamawa,Lamurde,31.42826684302035,37900.82421875,IDP,Accessible,confirmed_by_partner_report,NRC,N/A - fully accessible,NRC
NG002015,Mubi South,NG002,Adamawa,Lokuwa,0.6630532551756502,3724.478515625,IDP,Accessible,confirmed_by_partner_report,NRC,N/A - fully accessible,NRC
NG002015,Mubi South,NG002,Adamawa,Mugulbu,101.56280455227727,9834.67578125,IDP,Accessible,confirmed_by_partner_report,NRC,N/A - fully accessible,NRC
NG002015,Mubi South,NG002,Adamawa,Mujara,122.83157905338139,54057.3203125,IDP,Accessible,confirmed_by_partner_report,NRC,N/A - fully accessible,NRC
NG002015,Mubi South,NG002,Adamawa,Nassarawo,7.603482105012417,30548.2734375,IDP,Accessible,confirmed_by_partner_report,NRC,N/A - fully accessible,NRC
NG002015,Mubi South,NG002,Adamawa,Sabon Layi,0.1112665362500772,960.21826171875,IDP,Accessible,confirmed_by_partner_report,NRC,N/A - fully accessible,NRC
NG002016,Numan,NG002,Adamawa,Bare,101.21658952468037,11197.927734375,IDP,Accessible,confirmed_by_partner_report,NRC,N/A - fully accessible,NRC
NG002016,Numan,NG002,Adamawa,Gamadiyo,87.3388015790127,3697.76611328125,IDP,Accessible,confirmed_by_partner_report,NRC,N/A - fully accessible,NRC
NG002016,Numan,NG002,Adamawa,Imburu,70.19764565064025,29357.541015625,IDP,Accessible,confirmed_by_partner_report,NRC,N/A - fully accessible,NRC
NG002016,Numan,NG002,Adamawa,Kodomti,170.67871959884928,4694.755859375,IDP,Accessible,confirmed_by_partner_report,NRC,N/A - fully accessible,NRC
NG002016,Numan,NG002,Adamawa,Nassarawo Demsa,5.594284145249366,34500.59765625,IDP,Accessible,confirmed_by_partner_report,NRC,N/A - fully accessible,NRC
NG002016,Numan,NG002,Adamawa,Numan 1,5.564341684403479,9466.8203125,IDP,Accessible,confirmed_by_partner_report,NRC,N/A - fully accessible,NRC
NG002016,Numan,NG002,Adamawa,Numan 2,4.297644798940182,4270.00830078125,IDP,Accessible,confirmed_by_partner_report,NRC,N/A - fully accessible,NRC
NG002016,Numan,NG002,Adamawa,Numan 3,0.6258091602705754,4249.23681640625,IDP,Accessible,confirmed_by_partner_report,NRC,N/A - fully accessible,NRC
NG002016,Numan,NG002,Adamawa,Sabon Pegi,30.20525449641944,23655.71875,IDP,Accessible,confirmed_by_partner_report,NRC,N/A - fully accessible,NRC
NG002017,Shelleng,NG002,Adamawa,Bodwai,351.67415338321524,63959.42578125,IDP,Accessible,confirmed_by_partner_report,FACT,N/A - fully accessible,FACT
NG002017,Shelleng,NG002,Adamawa,Gundo,108.8598745356524,29875.8359375,IDP,Accessible,confirmed_by_partner_report,FACT,N/A - fully accessible,FACT
NG002017,Shelleng,NG002,Adamawa,Jumbul,160.15428222763157,48300.32421875,IDP,Accessible,confirmed_by_partner_report,FACT,N/A - fully accessible,FACT
NG002017,Shelleng,NG002,Adamawa,Ketembere,79.6666434041878,43480.19921875,IDP,Accessible,confirmed_by_partner_report,FACT,N/A - fully accessible,FACT
NG002017,Shelleng,NG002,Adamawa,Kiri,43.25576052253181,37455.921875,IDP,Accessible,confirmed_by_partner_report,FACT,N/A - fully accessible,FACT
NG002017,Shelleng,NG002,Adamawa,Libbo,236.0646033624878,60635.94140625,IDP,Accessible,confirmed_by_partner_report,FACT,N/A - fully accessible,FACT
NG002017,Shelleng,NG002,Adamawa,Shelleng,82.63782365411043,103300.046875,IDP,Accessible,confirmed_by_partner_report,FACT,N/A - fully accessible,FACT
NG002017,Shelleng,NG002,Adamawa,Talum,132.4710979315472,25944.693359375,IDP,Accessible,confirmed_by_partner_report,FACT,N/A - fully accessible,FACT
NG002018,Song,NG002,Adamawa,Dirma,513.421485302287,41620.33984375,IDP,Accessible,confirmed_by_partner_report,FACT,N/A - fully accessible,FACT
NG002018,Song,NG002,Adamawa,Kilange Hirna,112.97850043597079,11983.619140625,IDP,Accessible,confirmed_by_partner_report,FACT,N/A - fully accessible,FACT
NG002018,Song,NG002,Adamawa,Sigire,241.99196762372088,24412.783203125,IDP,Accessible,confirmed_by_partner_report,FACT,N/A - fully accessible,FACT
NG002018,Song,NG002,Adamawa,Song Gari,220.3005853388127,81478.140625,IDP,Accessible,confirmed_by_partner_report,FACT,N/A - fully accessible,FACT
NG002018,Song,NG002,Adamawa,Song Waje,604.0633195921939,49048.375,IDP,Accessible,confirmed_by_partner_report,FACT,N/A - fully accessible,FACT
NG002018,Song,NG002,Adamawa,Zumo,1055.420101640759,23046.359375,IDP,Accessible,confirmed_by_partner_report,FACT,N/A - fully accessible,FACT
NG002019,Toungo,NG002,Adamawa,Toungo 1,42.972508970184805,13952.4921875,IDP,Accessible,confirmed_by_partner_report,FACT,N/A - fully accessible,FACT
NG002019,Toungo,NG002,Adamawa,Toungo 2,583.0699697568614,27079.05078125,IDP,Accessible,confirmed_by_partner_report,FACT,N/A - fully accessible,FACT
NG002019,Toungo,NG002,Adamawa,Toungo 3,264.2716579393425,19739.6015625,IDP,Accessible,confirmed_by_partner_report,FACT,N/A - fully accessible,FACT
NG002020,Yola North,NG002,Adamawa,Ajiya,1.5296450751976394,16371.6435546875,IDP,Accessible,confirmed_by_partner_report,NRC,N/A - fully accessible,NRC
NG002020,Yola North,NG002,Adamawa,Alkalawa,1.0694249208721667,11973.505859375,IDP,Accessible,confirmed_by_partner_report,NRC,N/A - fully accessible,NRC
NG002020,Yola North,NG002,Adamawa,Bole Yolde Pate,2.585267277269572,5454.78173828125,IDP,Accessible,confirmed_by_partner_report,NRC,N/A - fully accessible,NRC
NG002020,Yola North,NG002,Adamawa,Doubeli,0.513620734855745,5139.2099609375,IDP,Accessible,confirmed_by_partner_report,NRC,N/A - fully accessible,NRC
NG002020,Yola North,NG002,Adamawa,Gwadabawa,16.935848346578123,71203.984375,IDP,Accessible,confirmed_by_partner_report,NRC,N/A - fully accessible,NRC
NG002020,Yola North,NG002,Adamawa,Jambutu,7.4698003111983535,55428.23828125,IDP,Accessible,confirmed_by_partner_report,NRC,N/A - fully accessible,NRC
NG002020,Yola North,NG002,Adamawa,Karewa,34.000932150516334,151516.546875,IDP,Accessible,confirmed_by_partner_report,NRC,N/A - fully accessible,NRC
NG002020,Yola North,NG002,Adamawa,Limawa,0.4509512981698513,5554.6728515625,IDP,Accessible,confirmed_by_partner_report,NRC,N/A - fully accessible,NRC
NG002020,Yola North,NG002,Adamawa,Luggere,2.2582973734602034,20433.3671875,IDP,Accessible,confirmed_by_partner_report,NRC,N/A - fully accessible,NRC
NG002020,Yola North,NG002,Adamawa,Nassarawo,3.9364984299399106,38628.4140625,IDP,Accessible,confirmed_by_partner_report,NRC,N/A - fully accessible,NRC
NG002020,Yola North,NG002,Adamawa,Rumde,0.40839337441837414,3947.24365234375,IDP,Accessible,confirmed_by_partner_report,NRC,N/A - fully accessible,NRC
NG002020,Yola North,NG002,Adamawa,Yelwa,0.4515130562292449,5155.01953125,IDP,Accessible,confirmed_by_partner_report,NRC,N/A - fully accessible,NRC
NG002021,Yola South,NG002,Adamawa,Adarawo,6.2948563708571195,26571.12890625,IDP,Accessible,confirmed_by_partner_report,NRC,N/A - fully accessible,NRC
NG002021,Yola South,NG002,Adamawa,Bako,1.4788112965045497,12102.5703125,IDP,Accessible,confirmed_by_partner_report,NRC,N/A - fully accessible,NRC
NG002021,Yola South,NG002,Adamawa,Bole Yolde Pate,175.87597851851964,95765.0859375,IDP,Accessible,confirmed_by_partner_report,NRC,N/A - fully accessible,NRC
NG002021,Yola South,NG002,Adamawa,Makama A,4.727241586436331,37243.7890625,IDP,Accessible,confirmed_by_partner_report,NRC,N/A - fully accessible,NRC
NG002021,Yola South,NG002,Adamawa,Makama B,2.4990520142478645,16697.568359375,IDP,Accessible,confirmed_by_partner_report,NRC,N/A - fully accessible,NRC
NG002021,Yola South,NG002,Adamawa,Mbamba,151.1896139568517,39921.83984375,IDP,Accessible,confirmed_by_partner_report,NRC,N/A - fully accessible,NRC
NG002021,Yola South,NG002,Adamawa,Namtari,323.49751298279546,128260.453125,IDP,Accessible,confirmed_by_partner_report,NRC,N/A - fully accessible,NRC
NG002021,Yola South,NG002,Adamawa,Ngurore,139.3026272737366,48890.04296875,IDP,Accessible,confirmed_by_partner_report,NRC,N/A - fully accessible,NRC
NG002021,Yola South,NG002,Adamawa,Toungo,2.2185753068960907,20722.8046875,IDP,Accessible,confirmed_by_partner_report,NRC,N/A - fully accessible,NRC
NG007002,Agatu,NG007,Benue,Akpanaja,54.418996517714646,1938.2308349609375,IDP,Accessible,default_unreported,NA,NA,CRS
NG007002,Agatu,NG007,Benue,Egba,75.41439127332377,5949.4912109375,IDP,Accessible,default_unreported,NA,NA,CRS
NG007002,Agatu,NG007,Benue,Enungba,98.23409363755832,7970.158203125,IDP,Accessible,default_unreported,NA,NA,CRS
NG007002,Agatu,NG007,Benue,Loko,40.51491126466693,1205.5867919921875,IDP,Accessible,default_unreported,NA,NA,CRS
NG007002,Agatu,NG007,Benue,Obagaji,132.94578216995572,9463.86328125,IDP,Accessible,default_unreported,NA,NA,CRS
NG007002,Agatu,NG007,Benue,Odugbeho,93.77616854201528,4255.3291015625,IDP,Accessible,default_unreported,NA,NA,CRS
NG007002,Agatu,NG007,Benue,Ogbaulu,189.67341290967988,4817.7431640625,IDP,Accessible,default_unreported,NA,NA,CRS
NG007002,Agatu,NG007,Benue,Ogwule - Kaduna,116.47068880973679,7844.818359375,IDP,Accessible,default_unreported,NA,NA,CRS
NG007002,Agatu,NG007,Benue,Ogwule - Ogbaulu,167.6945250827679,7113.73681640625,IDP,Accessible,default_unreported,NA,NA,CRS
NG007002,Agatu,NG007,Benue,Okokolo,19.59453148912122,2028.7044677734375,IDP,Accessible,default_unreported,NA,NA,CRS
NG007002,Agatu,NG007,Benue,Oshigbudu,85.7541536348095,6866.9931640625,IDP,Accessible,default_unreported,NA,NA,CRS
NG007002,Agatu,NG007,Benue,Usha,138.07226241630852,7533.0185546875,IDP,Accessible,default_unreported,NA,NA,CRS
NG007006,Guma,NG007,Benue,Abinsi,99.02352637258959,18994.185546875,IDP,Accessible,confirmed_by_partner_report (blank row - not flagged),NA,NA,COOPI
NG007006,Guma,NG007,Benue,Agan,43.92570422729302,3046.17822265625,IDP,Accessible,default_unreported,NA,NA,COOPI
NG007006,Guma,NG007,Benue,Kaambe,235.6936604308157,16713.15234375,IDP,Inaccessible,confirmed_by_partner_report,COOPI,NA,COOPI
NG007006,Guma,NG007,Benue,Mbabai,62.500027871816634,5447.27978515625,IDP,Accessible,confirmed_by_partner_report (blank row - not flagged),NA,NA,COOPI
NG007006,Guma,NG007,Benue,Mbawa,431.03611414624834,43164.6328125,IDP,Accessible,confirmed_by_partner_report (blank row - not flagged),NA,NA,COOPI
NG007006,Guma,NG007,Benue,Nyiev,346.3918745239861,23971.51171875,IDP,Accessible,confirmed_by_partner_report (blank row - not flagged),NA,NA,COOPI
NG007006,Guma,NG007,Benue,Nzorov,147.18986315855742,15179.1083984375,IDP,Accessible,confirmed_by_partner_report (blank row - not flagged),NA,NA,COOPI
NG007006,Guma,NG007,Benue,Saghev,175.93850316107512,15622.7041015625,IDP,Inaccessible,confirmed_by_partner_report,COOPI,NA,COOPI
NG007006,Guma,NG007,Benue,Tombo,337.03671717993257,3948.9443359375,IDP,Accessible,default_unreported,NA,NA,COOPI
NG007006,Guma,NG007,Benue,Uvir,357.6529221135764,18481.353515625,IDP,Accessible,confirmed_by_partner_report (blank row - not flagged),NA,NA,COOPI
NG007008,Gwer West,NG007,Benue,Gee,67.4907756914425,5132.1162109375,IDP,Accessible,default_unreported,NA,NA,CRS
NG007008,Gwer West,NG007,Benue,Ikyaghev,155.0512538242445,43131.94140625,IDP,Accessible,default_unreported,NA,NA,CRS
NG007008,Gwer West,NG007,Benue,Mbachohon,152.36460882203497,8318.8779296875,IDP,Accessible,default_unreported,NA,NA,CRS
NG007008,Gwer West,NG007,Benue,Nyamshi / Mbanyamshi,59.47793757541418,2166.856201171875,IDP,Accessible,default_unreported,NA,NA,CRS
NG007008,Gwer West,NG007,Benue,Saghev Ukusu,165.05379040855885,4806.85693359375,IDP,Accessible,default_unreported,NA,NA,CRS
NG007011,Kwande,NG007,Benue,Kumakwagh,261.0349211437016,31357.8984375,IDP,Inaccessible,confirmed_by_partner_report,Save the Children,Insecurity / conflict,Save the Children
NG007011,Kwande,NG007,Benue,Liev L,482.99171976015566,53449.84375,IDP,Accessible,confirmed_by_partner_report,Save the Children,N/A - fully accessible,Save the Children
NG007011,Kwande,NG007,Benue,Liev Ll,452.84034595845606,40379.765625,IDP,Accessible,confirmed_by_partner_report,Save the Children,N/A - fully accessible,Save the Children
NG007011,Kwande,NG007,Benue,Mbadura,72.09225635448546,16358.775390625,IDP,Accessible,confirmed_by_partner_report,Save the Children,N/A - fully accessible,Save the Children
NG007011,Kwande,NG007,Benue,Mbaikyor,354.715366202557,41907.6953125,IDP,Accessible,confirmed_by_partner_report (blank row - not flagged),NA,NA,Save the Children
NG007011,Kwande,NG007,Benue,Tondov L,49.41430639972496,19680.298828125,IDP,Accessible,confirmed_by_partner_report,Save the Children,N/A - fully accessible,Save the Children
NG007011,Kwande,NG007,Benue,Yaav,235.04127739687968,28900.357421875,IDP,Accessible,confirmed_by_partner_report,Save the Children,N/A - fully accessible,Save the Children
NG007012,Logo,NG007,Benue,Mbaapen,76.07155789355323,7286.97412109375,IDP,Accessible,default_unreported,NA,NA,CRS
NG007012,Logo,NG007,Benue,Mbadyul,60.12612668439305,18988.42578125,IDP,Accessible,default_unreported,NA,NA,CRS
NG007012,Logo,NG007,Benue,Mbagber,137.48617481140016,25995.919921875,IDP,Accessible,default_unreported,NA,NA,CRS
NG007012,Logo,NG007,Benue,Mbavuur,161.9201077108283,26727.017578125,IDP,Accessible,default_unreported,NA,NA,CRS
NG007012,Logo,NG007,Benue,Mbayam,62.78678288946438,40250.91796875,IDP,Accessible,default_unreported,NA,NA,CRS
NG007012,Logo,NG007,Benue,Nenzev,187.9679112460301,14820.2783203125,IDP,Accessible,default_unreported,NA,NA,CRS
NG007012,Logo,NG007,Benue,Tombo,283.6586172519784,24105.94921875,IDP,Accessible,default_unreported,NA,NA,CRS
NG007012,Logo,NG007,Benue,Yonov,219.07993336777187,20773.0859375,IDP,Accessible,default_unreported,NA,NA,CRS
NG007013,Makurdi,NG007,Benue,Agan,98.45916213481027,17645.623046875,IDP,Accessible,confirmed_by_partner_report,Malteser,N/A - fully accessible,Malteser
NG007013,Makurdi,NG007,Benue,Ankpa / Wadata,4.937592269909955,37883.8203125,IDP,Accessible,confirmed_by_partner_report,Malteser,N/A - fully accessible,Malteser
NG007013,Makurdi,NG007,Benue,Bar,159.93566675310456,117880.2265625,IDP,Accessible,confirmed_by_partner_report,Malteser,Insecurity / conflict,Malteser
NG007013,Makurdi,NG007,Benue,Clerk / Market,9.350694314013348,70198.71875,IDP,Accessible,confirmed_by_partner_report,Malteser,N/A - fully accessible,Malteser
NG007013,Makurdi,NG007,Benue,Fiidi,160.47566106731628,183859.03125,IDP,Accessible,confirmed_by_partner_report,Malteser,N/A - fully accessible,Malteser
NG007013,Makurdi,NG007,Benue,Mbalagh,116.88204808191364,13042.779296875,IDP,Accessible,confirmed_by_partner_report,Malteser,Insecurity / conflict,Malteser
NG007013,Makurdi,NG007,Benue,Mbawa,59.860925681715855,4412.6689453125,IDP,Accessible,default_unreported,NA,NA,Malteser
NG007013,Makurdi,NG007,Benue,Modern Market,60.04157106485796,45606.74609375,IDP,Accessible,confirmed_by_partner_report,Malteser,flooding,Malteser
NG007013,Makurdi,NG007,Benue,North Bank 1,177.04639631056506,95578.796875,IDP,Inaccessible,confirmed_by_partner_report,Malteser,Insecurity / conflict,Malteser
NG007013,Makurdi,NG007,Benue,North Bank 2,9.383953631751776,25351.962890625,IDP,Accessible,confirmed_by_partner_report,Malteser,N/A - fully accessible,Malteser
NG007013,Makurdi,NG007,Benue,Wailomayo,13.058332760191917,57101.63671875,IDP,Accessible,confirmed_by_partner_report,Malteser,N/A - fully accessible,Malteser
NG008002,Askira/Uba,NG008,Borno,Askira East,98.97006192868336,11626.001953125,IDP,Inaccessible,confirmed_by_partner_report,FACT,Other,FACT
NG008002,Askira/Uba,NG008,Borno,Dille Huyim,339.3927145187329,8929.8466796875,IDP,Accessible,confirmed_by_partner_report,FACT,N/A - fully accessible,FACT
NG008002,Askira/Uba,NG008,Borno,Hausari Zadawa,245.61277814128198,13247.5771484375,IDP,Accessible,confirmed_by_partner_report,FACT,N/A - fully accessible,FACT
NG008002,Askira/Uba,NG008,Borno,Hussari Tampul,139.72212929940332,8950.4619140625,IDP,Accessible,confirmed_by_partner_report,FACT,N/A - fully accessible,FACT
NG008002,Askira/Uba,NG008,Borno,Lassa,52.121915016670854,12147.7099609375,IDP,Accessible,confirmed_by_partner_report,FACT,N/A - fully accessible,FACT
NG008002,Askira/Uba,NG008,Borno,Mussa,347.898570753631,7194.47412109375,IDP,Accessible,confirmed_by_partner_report,FACT,N/A - fully accessible,FACT
NG008002,Askira/Uba,NG008,Borno,Rumirgo Chul,186.5214820012827,10409.060546875,IDP,Accessible,confirmed_by_partner_report,FACT,N/A - fully accessible,FACT
NG008002,Askira/Uba,NG008,Borno,Uba,82.99441106729788,20778.228515625,IDP,Accessible,confirmed_by_partner_report,FACT,N/A - fully accessible,FACT
NG008002,Askira/Uba,NG008,Borno,Uvu Uda,122.82519794902325,6139.0166015625,IDP,Accessible,default_unreported,NA,NA,FACT
NG008002,Askira/Uba,NG008,Borno,Wamdeo Giwi,210.3137827634964,9373.2255859375,IDP,Accessible,confirmed_by_partner_report,FACT,N/A - fully accessible,FACT
NG008003,Bama,NG008,Borno,Banki,192.87842741826856,60861.32421875,IDP,Accessible,default_unreported,NA,NA,PLAN
NG008003,Bama,NG008,Borno,Kasugula,134.7435328586185,59660.4296875,IDP,Accessible,confirmed_by_partner_report (blank row - not flagged),NA,NA,PLAN
NG008003,Bama,NG008,Borno,Shehuri,7.966827132514506,60659.43359375,IDP,Accessible,confirmed_by_partner_report (blank row - not flagged),NA,NA,PLAN
NG008003,Bama,NG008,Borno,Soye,514.6361868636334,48039.9765625,IDP,Accessible,confirmed_by_partner_report (blank row - not flagged),NA,NA,PLAN
NG008004,Bayo,NG008,Borno,Balbaya,121.05257023125993,10207.8662109375,IDP,Accessible,confirmed_by_partner_report,FACT,N/A - fully accessible,FACT
NG008004,Bayo,NG008,Borno,Briyel,47.95284264216193,10982.9951171875,IDP,Accessible,confirmed_by_partner_report,FACT,N/A - fully accessible,FACT
NG008004,Bayo,NG008,Borno,Gamadadi,25.6843858716079,6081.01513671875,IDP,Accessible,confirmed_by_partner_report,FACT,N/A - fully accessible,FACT
NG008004,Bayo,NG008,Borno,Jaradali,186.3157477947262,16430.916015625,IDP,Accessible,confirmed_by_partner_report,FACT,N/A - fully accessible,FACT
NG008004,Bayo,NG008,Borno,Jaragol,117.24287411522948,8654.052734375,IDP,Accessible,confirmed_by_partner_report,FACT,N/A - fully accessible,FACT
NG008004,Bayo,NG008,Borno,Telli,123.10609423844672,12130.84375,IDP,Accessible,confirmed_by_partner_report,FACT,N/A - fully accessible,FACT
NG008004,Bayo,NG008,Borno,Wuyo,286.8155265694979,26426.22265625,IDP,Accessible,confirmed_by_partner_report,FACT,N/A - fully accessible,FACT
NG008004,Bayo,NG008,Borno,Zara,35.65717145092291,3000.41845703125,IDP,Accessible,confirmed_by_partner_report,FACT,N/A - fully accessible,FACT
NG008005,Biu,NG008,Borno,Buratai,1191.2160273122959,13892.5068359375,IDP,Accessible,confirmed_by_partner_report,FACT,N/A - fully accessible,FACT
NG008005,Biu,NG008,Borno,Dugja,87.00869371622444,50743.82421875,IDP,Accessible,confirmed_by_partner_report,FACT,N/A - fully accessible,FACT
NG008005,Biu,NG008,Borno,Galdimari,10.14875260621667,34928.01171875,IDP,Accessible,confirmed_by_partner_report,FACT,N/A - fully accessible,FACT
NG008005,Biu,NG008,Borno,Garubula,653.3146016428756,26812.705078125,IDP,Accessible,confirmed_by_partner_report,FACT,N/A - fully accessible,FACT
NG008005,Biu,NG008,Borno,Gunda,536.0285198220964,22685.3359375,IDP,Accessible,confirmed_by_partner_report,FACT,N/A - fully accessible,FACT
NG008005,Biu,NG008,Borno,Gur,491.1599669366973,10710.80859375,IDP,Accessible,confirmed_by_partner_report,FACT,N/A - fully accessible,FACT
NG008005,Biu,NG008,Borno,Mandaragirau,310.9878283572627,13134.337890625,IDP,Accessible,default_unreported,NA,NA,FACT
NG008005,Biu,NG008,Borno,Miringa,123.64674487634373,21499.349609375,IDP,Accessible,confirmed_by_partner_report,FACT,N/A - fully accessible,FACT
NG008005,Biu,NG008,Borno,Silumthla,6.192202612208978,18890.908203125,IDP,Inaccessible,confirmed_by_partner_report,FACT,Other,FACT
NG008005,Biu,NG008,Borno,Tetteba,44.083573226134774,2032.9117431640625,IDP,Accessible,default_unreported,NA,NA,FACT
NG008005,Biu,NG008,Borno,Yawi,50.932625658648014,26520.48828125,IDP,Accessible,confirmed_by_partner_report,FACT,N/A - fully accessible,FACT
NG008005,Biu,NG008,Borno,Zarawuyaku,213.77771376909328,36663.02734375,IDP,Accessible,confirmed_by_partner_report,FACT,N/A - fully accessible,FACT
NG008006,Chibok,NG008,Borno,Garu,30.965890110954643,18078.103515625,IDP,Accessible,confirmed_by_partner_report,IMC,N/A - fully accessible,IMC
NG008006,Chibok,NG008,Borno,Gatamarwa,70.42064108085421,6421.65771484375,IDP,Inaccessible,confirmed_by_partner_report,IMC,Insecurity / conflict,IMC
NG008006,Chibok,NG008,Borno,Kautikari,159.21502500200558,17589.7578125,IDP,Inaccessible,confirmed_by_partner_report,IMC,Insecurity / conflict,IMC
NG008006,Chibok,NG008,Borno,Korongillum,291.9561208562243,12848.7373046875,IDP,Inaccessible,confirmed_by_partner_report,IMC,Insecurity / conflict,IMC
NG008006,Chibok,NG008,Borno,Kuburmbulla,271.82583973664083,15512.1494140625,IDP,Inaccessible,confirmed_by_partner_report,IMC,Insecurity / conflict,IMC
NG008006,Chibok,NG008,Borno,Likama,35.79459091018081,9163.029296875,IDP,Accessible,confirmed_by_partner_report,IMC,N/A - fully accessible,IMC
NG008006,Chibok,NG008,Borno,Mbalala,221.06130120583128,23940.91796875,IDP,Accessible,confirmed_by_partner_report,IMC,Other,IMC
NG008006,Chibok,NG008,Borno,Mboakura,92.70180845939522,4334.748046875,IDP,Accessible,default_unreported,NA,NA,IMC
NG008006,Chibok,NG008,Borno,Pemi,71.72532363182593,7085.4921875,IDP,Inaccessible,confirmed_by_partner_report,IMC,Insecurity / conflict,IMC
NG008006,Chibok,NG008,Borno,Shikarkir,93.88950672447896,7890.5419921875,IDP,Inaccessible,confirmed_by_partner_report,IMC,Insecurity / conflict,IMC
NG008006,Chibok,NG008,Borno,Whuntaku,170.52211128779172,28558.8359375,IDP,Accessible,confirmed_by_partner_report,IMC,Other,IMC
NG008007,Damboa,NG008,Borno,Ajigin A,839.4523015105509,10317.7236328125,IDP,Inaccessible,confirmed_by_partner_report,IMC,Insecurity / conflict,IMC
NG008007,Damboa,NG008,Borno,Azir Multe,639.358264949957,25117.669921875,IDP,Inaccessible,confirmed_by_partner_report,IMC,Insecurity / conflict,IMC
NG008007,Damboa,NG008,Borno,Bego Yerwa,487.5337658738365,10091.087890625,IDP,Accessible,default_unreported,NA,NA,IMC
NG008007,Damboa,NG008,Borno,Damboa,126.12916833933589,63803.4140625,IDP,Accessible,confirmed_by_partner_report,IMC,N/A - fully accessible,IMC
NG008007,Damboa,NG008,Borno,Gumsuri,905.4081483615691,30544.73828125,IDP,Accessible,confirmed_by_partner_report,IMC,Other,IMC
NG008007,Damboa,NG008,Borno,Nzuba Wayaram,264.75194251733114,35897.21484375,IDP,Inaccessible,confirmed_by_partner_report,IMC,Insecurity / conflict,IMC
NG008008,Dikwa,NG008,Borno,Dikwa,121.08284183705533,55950.55078125,IDP,Accessible,default_unreported,NA,NA,Street Child of Nigeria
NG008009,Gubio,NG008,Borno,Ardimini,304.78795766742826,23347.458984375,IDP,Inaccessible,confirmed_by_partner_report,FACT,Insecurity / conflict,FACT
NG008009,Gubio,NG008,Borno,Gubio 1,213.83917980750704,45209.86328125,IDP,Inaccessible,confirmed_by_partner_report,FACT,Access denied by authorities / community,FACT
NG008009,Gubio,NG008,Borno,Gubio 2,136.4676091888199,18814.380859375,IDP,Inaccessible,confirmed_by_partner_report,FACT,Access denied by authorities / community,FACT
NG008011,Gwoza,NG008,Borno,Bulabulin,111.137071420681,47371.1171875,IDP,Accessible,confirmed_by_partner_report,NRC,N/A - fully accessible,NRC
NG008011,Gwoza,NG008,Borno,Hambagda Limankara Jaje,682.5182611846315,21805.94921875,IDP,Accessible,default_unreported,NA,NA,NRC
NG008011,Gwoza,NG008,Borno,Hausari Gaddamayo,4.16344341037941,35802.7421875,IDP,Accessible,confirmed_by_partner_report,NRC,N/A - fully accessible,NRC
NG008011,Gwoza,NG008,Borno,Pulka Bokko,202.62030704355212,57319.921875,IDP,Accessible,confirmed_by_partner_report,NRC,N/A - fully accessible,NRC
NG008012,Hawul,NG008,Borno,Bilingwi,60.76889776328562,16620.44921875,IDP,Inaccessible,confirmed_by_partner_report,FACT,Other,FACT
NG008012,Hawul,NG008,Borno,Buma,63.674295349022934,4317.98291015625,IDP,Accessible,confirmed_by_partner_report,FACT,N/A - fully accessible,FACT
NG008012,Hawul,NG008,Borno,Garkida,182.48571404536293,6293.2373046875,IDP,Inaccessible,confirmed_by_partner_report,FACT,Other,FACT
NG008012,Hawul,NG008,Borno,Grim Damchoba,263.23225120404373,21143.017578125,IDP,Accessible,confirmed_by_partner_report,FACT,N/A - fully accessible,FACT
NG008012,Hawul,NG008,Borno,Gwanzang,314.6619375344575,24713.03125,IDP,Accessible,confirmed_by_partner_report,FACT,N/A - fully accessible,FACT
NG008012,Hawul,NG008,Borno,Hizhi Bwala,91.01170564207945,13608.8896484375,IDP,Inaccessible,confirmed_by_partner_report,FACT,Physical access (terrain,FACT
NG008012,Hawul,NG008,Borno,Kidda,60.49001475441506,12323.8642578125,IDP,Accessible,confirmed_by_partner_report,FACT,N/A - fully accessible,FACT
NG008012,Hawul,NG008,Borno,Kwajaffa,468.4668005632997,22948.384765625,IDP,Accessible,confirmed_by_partner_report,FACT,N/A - fully accessible,FACT
NG008012,Hawul,NG008,Borno,Kwaya Bura,118.85323889303065,17028.693359375,IDP,Accessible,confirmed_by_partner_report,FACT,N/A - fully accessible,FACT
NG008012,Hawul,NG008,Borno,Marama Kidang,79.92678343593239,18259.962890625,IDP,Accessible,confirmed_by_partner_report,FACT,N/A - fully accessible,FACT
NG008012,Hawul,NG008,Borno,Pama Waitam,190.5594727810297,8851.32421875,IDP,Accessible,confirmed_by_partner_report,FACT,N/A - fully accessible,FACT
NG008012,Hawul,NG008,Borno,Puba Vidau,382.27873758141226,17472.880859375,IDP,Inaccessible,confirmed_by_partner_report,FACT,Access denied by authorities / community,FACT
NG008012,Hawul,NG008,Borno,Sakwa Hema,100.86692826326478,15365.7265625,IDP,Accessible,confirmed_by_partner_report,FACT,N/A - fully accessible,FACT
NG008013,Jere,NG008,Borno,Auno,22.902543862035408,12258.2861328125,IDP,Accessible,confirmed_by_partner_report,NRC,N/A - fully accessible,NRC
NG008013,Jere,NG008,Borno,Bolori 2,2.0960607165298013,11012.1435546875,IDP,Accessible,default_unreported,NA,NA,NRC
NG008013,Jere,NG008,Borno,Dala,48.101551585640905,28455.02734375,IDP,Accessible,confirmed_by_partner_report,NRC,N/A - fully accessible,NRC
NG008013,Jere,NG008,Borno,Dalori,12.481621196476452,11394.736328125,IDP,Accessible,confirmed_by_partner_report,NRC,N/A - fully accessible,NRC
NG008013,Jere,NG008,Borno,Dusuman,65.32236447107464,76305.7421875,IDP,Accessible,confirmed_by_partner_report,NRC,N/A - fully accessible,NRC
NG008013,Jere,NG008,Borno,Galtimari,49.46316051178156,188600.9375,IDP,Accessible,confirmed_by_partner_report,NRC,N/A - fully accessible,NRC
NG008013,Jere,NG008,Borno,Gomari,7.600324320871472,116064.78125,IDP,Accessible,confirmed_by_partner_report,NRC,N/A - fully accessible,NRC
NG008013,Jere,NG008,Borno,Gongolong,180.73283283580756,20195.59375,IDP,Accessible,confirmed_by_partner_report,NRC,N/A - fully accessible,NRC
NG008013,Jere,NG008,Borno,Khaddamari,63.34072013031678,22653.265625,IDP,Accessible,default_unreported,NA,NA,NRC
NG008013,Jere,NG008,Borno,Limanti,13.66828834012486,2785.4228515625,IDP,Accessible,confirmed_by_partner_report,NRC,N/A - fully accessible,NRC
NG008013,Jere,NG008,Borno,Maimusari,2.1895060002637368,49868.9765625,IDP,Accessible,confirmed_by_partner_report,NRC,N/A - fully accessible,NRC
NG008013,Jere,NG008,Borno,Mairi,28.39961987178779,148482.6875,IDP,Accessible,confirmed_by_partner_report,NRC,N/A - fully accessible,NRC
NG008013,Jere,NG008,Borno,Mashamari,10.917677397100583,176948.953125,IDP,Accessible,confirmed_by_partner_report,NRC,N/A - fully accessible,NRC
NG008013,Jere,NG008,Borno,Old Maiduguri,43.17629838722334,106297.421875,IDP,Accessible,confirmed_by_partner_report,NRC,N/A - fully accessible,NRC
NG008013,Jere,NG008,Borno,Tamsum Gamdua,44.02170388868475,98141.8984375,IDP,Accessible,confirmed_by_partner_report,NRC,N/A - fully accessible,NRC
NG008014,Kaga,NG008,Borno,Benisheikh,146.23036658658552,26641.69140625,IDP,Accessible,confirmed_by_partner_report,FACT,N/A - fully accessible,FACT
NG008014,Kaga,NG008,Borno,Mainok,118.66323242976189,16922.345703125,IDP,Accessible,confirmed_by_partner_report,FACT,N/A - fully accessible,FACT
NG008014,Kaga,NG008,Borno,Ngamdu,545.9646899358034,38694.25,IDP,Accessible,confirmed_by_partner_report,FACT,N/A - fully accessible,FACT
NG008014,Kaga,NG008,Borno,Wassaram,87.88163144757166,4744.5341796875,IDP,Accessible,confirmed_by_partner_report,FACT,N/A - fully accessible,FACT
NG008015,Kala/Balge,NG008,Borno,Rann,164.35860730227537,14523.578125,IDP,Accessible,confirmed_by_partner_report (blank row - not flagged),NA,NA,PLAN
NG008016,Konduga,NG008,Borno,Auno,491.0711503071538,140705.546875,IDP,Accessible,confirmed_by_partner_report,NRC,N/A - fully accessible,NRC
NG008016,Konduga,NG008,Borno,Bego Yerwa,148.13554501977762,6554.99658203125,IDP,Accessible,default_unreported,NA,NA,NRC
NG008016,Konduga,NG008,Borno,Dalori,62.08451306927267,17742.77734375,IDP,Accessible,confirmed_by_partner_report,NRC,N/A - fully accessible,NRC
NG008016,Konduga,NG008,Borno,Jakana,731.9950836447696,26133.28515625,IDP,Accessible,confirmed_by_partner_report,NRC,N/A - fully accessible,NRC
NG008016,Konduga,NG008,Borno,Konduga,87.21580912747777,31401.54296875,IDP,Accessible,confirmed_by_partner_report,NRC,N/A - fully accessible,NRC
NG008016,Konduga,NG008,Borno,Yabal,677.5788778265421,16310.6181640625,IDP,Accessible,confirmed_by_partner_report,NRC,N/A - fully accessible,NRC
NG008016,Konduga,NG008,Borno,Yale,2.547986945249319,9954.5458984375,IDP,Accessible,confirmed_by_partner_report,NRC,N/A - fully accessible,NRC
NG008018,Kwaya Kusar,NG008,Borno,Bila Gusi,62.80294589490614,11831.8642578125,IDP,Accessible,confirmed_by_partner_report,FACT,N/A - fully accessible,FACT
NG008018,Kwaya Kusar,NG008,Borno,Gongdi,45.337940168549736,9868.255859375,IDP,Accessible,confirmed_by_partner_report,FACT,N/A - fully accessible,FACT
NG008018,Kwaya Kusar,NG008,Borno,Guwal,28.256208362088024,5871.2158203125,IDP,Accessible,confirmed_by_partner_report,FACT,N/A - fully accessible,FACT
NG008018,Kwaya Kusar,NG008,Borno,Kubuku,66.32067089021226,6552.15087890625,IDP,Accessible,confirmed_by_partner_report,FACT,N/A - fully accessible,FACT
NG008018,Kwaya Kusar,NG008,Borno,Kurba Gayi,126.96078351410235,15269.9609375,IDP,Accessible,confirmed_by_partner_report,FACT,N/A - fully accessible,FACT
NG008018,Kwaya Kusar,NG008,Borno,Kwaya Kusar,214.51900080460408,38487.83203125,IDP,Accessible,confirmed_by_partner_report,FACT,N/A - fully accessible,FACT
NG008018,Kwaya Kusar,NG008,Borno,Peta,40.53555520705238,9179.2333984375,IDP,Accessible,confirmed_by_partner_report,FACT,N/A - fully accessible,FACT
NG008018,Kwaya Kusar,NG008,Borno,Wada,50.33919272715339,7627.0927734375,IDP,Accessible,confirmed_by_partner_report,FACT,N/A - fully accessible,FACT
NG008018,Kwaya Kusar,NG008,Borno,Wawa,68.96450898301912,5036.31494140625,IDP,Accessible,confirmed_by_partner_report,FACT,N/A - fully accessible,FACT
NG008018,Kwaya Kusar,NG008,Borno,Yimirdalang,106.67809986615413,8773,IDP,Accessible,confirmed_by_partner_report,FACT,N/A - fully accessible,FACT
NG008019,Mafa,NG008,Borno,Loskuri,297.2084069595044,4622.09765625,IDP,Accessible,default_unreported,NA,NA,FHI 360
NG008019,Mafa,NG008,Borno,Mafa,603.6589216452553,20336.212890625,IDP,Accessible,confirmed_by_partner_report,FHI 360,N/A - fully accessible,FHI 360
NG008020,Magumeri,NG008,Borno,Gajiganna,128.79263766147005,21585.927734375,IDP,Accessible,confirmed_by_partner_report,INTERSOS,NA,INTERSOS
NG008020,Magumeri,NG008,Borno,Kalizoram,1229.9862458044015,41464.81640625,IDP,Accessible,confirmed_by_partner_report,INTERSOS,NA,INTERSOS
NG008020,Magumeri,NG008,Borno,Magumeri,242.31704882571708,27182.021484375,IDP,Accessible,confirmed_by_partner_report,INTERSOS,NA,INTERSOS
NG008021,Maiduguri,NG008,Borno,Bolori 1,24.322066902808487,282234.53125,IDP,Accessible,confirmed_by_partner_report,INTERSOS,NA,INTERSOS
NG008021,Maiduguri,NG008,Borno,Bolori 2,19.26772727431595,250278.578125,IDP,Accessible,confirmed_by_partner_report,INTERSOS,NA,INTERSOS
NG008021,Maiduguri,NG008,Borno,Bulabulin,1.0427595709530115,27440.115234375,IDP,Accessible,confirmed_by_partner_report,INTERSOS,NA,INTERSOS
NG008021,Maiduguri,NG008,Borno,Fezzan,0.2462344887413159,7581.3701171875,IDP,Accessible,confirmed_by_partner_report (blank row - not flagged),NA,NA,INTERSOS
NG008021,Maiduguri,NG008,Borno,Galtimari,4.2508989014755345,52202.35546875,IDP,Accessible,confirmed_by_partner_report (blank row - not flagged),NA,NA,INTERSOS
NG008021,Maiduguri,NG008,Borno,Gamboru,1.4282285716141463,35882.421875,IDP,Accessible,confirmed_by_partner_report (blank row - not flagged),NA,NA,INTERSOS
NG008021,Maiduguri,NG008,Borno,Gwange 1,1.6818973948451967,39185.7890625,IDP,Accessible,confirmed_by_partner_report (blank row - not flagged),NA,NA,INTERSOS
NG008021,Maiduguri,NG008,Borno,Gwange 2,2.289777968587076,50918.4921875,IDP,Accessible,confirmed_by_partner_report (blank row - not flagged),NA,NA,INTERSOS
NG008021,Maiduguri,NG008,Borno,Gwange 3,3.2139303511053026,69336.6875,IDP,Accessible,confirmed_by_partner_report,INTERSOS,NA,INTERSOS
NG008021,Maiduguri,NG008,Borno,Hausari,1.2840615585968793,28631.30859375,IDP,Accessible,confirmed_by_partner_report (blank row - not flagged),NA,NA,INTERSOS
NG008021,Maiduguri,NG008,Borno,Lamisula,9.814640014925876,138396.75,IDP,Accessible,confirmed_by_partner_report (blank row - not flagged),NA,NA,INTERSOS
NG008021,Maiduguri,NG008,Borno,Limanti,0.8948879152876734,27402.109375,IDP,Accessible,confirmed_by_partner_report (blank row - not flagged),NA,NA,INTERSOS
NG008021,Maiduguri,NG008,Borno,Mafoni,1.046136257352203,25113.783203125,IDP,Accessible,confirmed_by_partner_report (blank row - not flagged),NA,NA,INTERSOS
NG008021,Maiduguri,NG008,Borno,Maisandari,60.256351014926494,649074.8125,IDP,Accessible,confirmed_by_partner_report,INTERSOS,NA,INTERSOS
NG008021,Maiduguri,NG008,Borno,Shehuri North,1.1982046584478616,33904.3359375,IDP,Accessible,confirmed_by_partner_report (blank row - not flagged),NA,NA,INTERSOS
NG008021,Maiduguri,NG008,Borno,Shehuri South,0.42207471485324205,11992.08984375,IDP,Accessible,default_unreported,NA,NA,INTERSOS
NG008023,Mobbar,NG008,Borno,Damasak,29.24150587141794,25236.716796875,IDP,Accessible,default_unreported,NA,NA,FHI 360
NG008023,Mobbar,NG008,Borno,Zanna Umarti,147.37275725443547,40279.34375,IDP,Accessible,default_unreported,NA,NA,FHI 360
NG008024,Monguno,NG008,Borno,Kaguram,262.5066289823753,15489.9716796875,IDP,Accessible,default_unreported,NA,NA,Street Child of Nigeria
NG008024,Monguno,NG008,Borno,Monguno,78.31897717624223,113941.984375,IDP,Accessible,default_unreported,NA,NA,Street Child of Nigeria
NG008024,Monguno,NG008,Borno,Ngurno,186.1529384147066,3229.838623046875,IDP,Accessible,default_unreported,NA,NA,Street Child of Nigeria
NG008025,Ngala,NG008,Borno,Gamboru A,5.897176050253511,34734.24609375,IDP,Accessible,default_unreported,NA,NA,CARE
NG008025,Ngala,NG008,Borno,Gamboru C,106.81357058067815,45470.6953125,IDP,Accessible,default_unreported,NA,NA,CARE
NG008025,Ngala,NG008,Borno,Ngala,42.99695560251069,39843.93359375,IDP,Accessible,default_unreported,NA,NA,CARE
NG008025,Ngala,NG008,Borno,Rann,39.329193306072504,297.1742248535156,IDP,Accessible,default_unreported,NA,NA,CARE
NG008025,Ngala,NG008,Borno,Shehuri,54.46196569192755,6201.13671875,IDP,Accessible,default_unreported,NA,NA,CARE
NG008027,Shani,NG008,Borno,Bargu,142.6811080995009,27060.25,IDP,Accessible,confirmed_by_partner_report,FACT,N/A - fully accessible,FACT
NG008027,Shani,NG008,Borno,Gasi,257.43961988213016,24427.17578125,IDP,Accessible,confirmed_by_partner_report,FACT,N/A - fully accessible,FACT
NG008027,Shani,NG008,Borno,Gora,83.09987395050175,13659.2568359375,IDP,Accessible,confirmed_by_partner_report,FACT,N/A - fully accessible,FACT
NG008027,Shani,NG008,Borno,Gwalasho,148.61158407317328,15715.0283203125,IDP,Accessible,confirmed_by_partner_report,FACT,N/A - fully accessible,FACT
NG008027,Shani,NG008,Borno,Gwaskara,32.8654934650392,6316.6318359375,IDP,Inaccessible,confirmed_by_partner_report,FACT,Other,FACT
NG008027,Shani,NG008,Borno,Kombo,63.49731602565363,7171.0380859375,IDP,Accessible,confirmed_by_partner_report,FACT,N/A - fully accessible,FACT
NG008027,Shani,NG008,Borno,Kubo,79.74217219787026,13312.72265625,IDP,Accessible,confirmed_by_partner_report,FACT,N/A - fully accessible,FACT
NG008027,Shani,NG008,Borno,Lakundum,79.2545625269165,11329.7314453125,IDP,Accessible,confirmed_by_partner_report,FACT,N/A - fully accessible,FACT
NG008027,Shani,NG008,Borno,Shani,192.85515124912692,45035.44921875,IDP,Accessible,confirmed_by_partner_report,FACT,N/A - fully accessible,FACT
NG008027,Shani,NG008,Borno,Walama,190.62347265223494,18178.193359375,IDP,Accessible,confirmed_by_partner_report,FACT,N/A - fully accessible,FACT
NG019007,Jema'a,NG019,Kaduna,Asso,222.9436252491269,24021.3515625,IDP,Accessible,default_unreported,NA,NA,COOPI
NG019007,Jema'a,NG019,Kaduna,Atuku,84.23213202361917,13826.78125,IDP,Accessible,confirmed_by_partner_report (blank row - not flagged),NA,NA,COOPI
NG019007,Jema'a,NG019,Kaduna,Gidan Waya,89.0591644141301,32213.3984375,IDP,Accessible,confirmed_by_partner_report (blank row - not flagged),NA,NA,COOPI
NG019007,Jema'a,NG019,Kaduna,Godogodo,185.65047687619912,20835.357421875,IDP,Accessible,confirmed_by_partner_report (blank row - not flagged),NA,NA,COOPI
NG019007,Jema'a,NG019,Kaduna,Jagindi,272.0645755465035,39534.69921875,IDP,Accessible,confirmed_by_partner_report (blank row - not flagged),NA,NA,COOPI
NG019007,Jema'a,NG019,Kaduna,Kafanchan A,2.6712460603042243,17991,IDP,Accessible,confirmed_by_partner_report (blank row - not flagged),NA,NA,COOPI
NG019007,Jema'a,NG019,Kaduna,Kafanchan B,1.6161464035494328,11926.951171875,IDP,Accessible,confirmed_by_partner_report (blank row - not flagged),NA,NA,COOPI
NG019007,Jema'a,NG019,Kaduna,Kaninkon,189.79089766737437,25720.37109375,IDP,Accessible,confirmed_by_partner_report (blank row - not flagged),NA,NA,COOPI
NG019007,Jema'a,NG019,Kaduna,Maigizo,17.951660883983134,39332.45703125,IDP,Accessible,confirmed_by_partner_report (blank row - not flagged),NA,NA,COOPI
NG019023,Zaria,NG019,Kaduna,Dambo,52.151267734349545,42218.62890625,IDP,Accessible,confirmed_by_partner_report (blank row - not flagged),NA,NA,COOPI
NG019023,Zaria,NG019,Kaduna,Kaura,2.9193518934894502,37086.4609375,IDP,Accessible,confirmed_by_partner_report (blank row - not flagged),NA,NA,COOPI
NG019023,Zaria,NG019,Kaduna,Kufena,42.07570108912465,79068.984375,IDP,Accessible,confirmed_by_partner_report (blank row - not flagged),NA,NA,COOPI
NG019023,Zaria,NG019,Kaduna,Kwarbai A,7.1286179578035025,67625.4921875,IDP,Accessible,confirmed_by_partner_report (blank row - not flagged),NA,NA,COOPI
NG019023,Zaria,NG019,Kaduna,Limancin Kona,1.4722860682392902,23963.451171875,IDP,Accessible,confirmed_by_partner_report (blank row - not flagged),NA,NA,COOPI
NG019023,Zaria,NG019,Kaduna,Tudun Wada,3.7398815607339144,38515.18359375,IDP,Accessible,confirmed_by_partner_report (blank row - not flagged),NA,NA,COOPI
NG019023,Zaria,NG019,Kaduna,Tukur Tukur,8.939007445357934,67933.0625,IDP,Accessible,confirmed_by_partner_report (blank row - not flagged),NA,NA,COOPI
NG021001,Bakori,NG021,Katsina,Bakori A,13.59470619549203,12366.2001953125,IDP,Accessible,confirmed_by_partner_report,FACT,N/A - fully accessible,FACT
NG021001,Bakori,NG021,Katsina,Bakori B,41.966944709964515,23022.306640625,IDP,Accessible,confirmed_by_partner_report,FACT,N/A - fully accessible,FACT
NG021001,Bakori,NG021,Katsina,Kabomo,49.524463950487494,12910.544921875,IDP,Accessible,confirmed_by_partner_report,FACT,N/A - fully accessible,FACT
NG021001,Bakori,NG021,Katsina,Kurami Yankwani,123.67277561653674,48088.25,IDP,Inaccessible,confirmed_by_partner_report,FACT,Insecurity / conflict,FACT
NG021002,Batagarawa,NG021,Katsina,Ajiwa,51.58317571862298,58058.17578125,IDP,Accessible,confirmed_by_partner_report (blank row - not flagged),NA,NA,IRC
NG021002,Batagarawa,NG021,Katsina,Bakiyawa,53.94221645654702,19193.13671875,IDP,Accessible,confirmed_by_partner_report (blank row - not flagged),NA,NA,IRC
NG021002,Batagarawa,NG021,Katsina,Batagarawa,81.62018919567824,47217.76953125,IDP,Accessible,confirmed_by_partner_report (blank row - not flagged),NA,NA,IRC
NG021002,Batagarawa,NG021,Katsina,Dabaibayawa,91.13031861765909,19627.19140625,IDP,Accessible,confirmed_by_partner_report (blank row - not flagged),NA,NA,IRC
NG021002,Batagarawa,NG021,Katsina,Dandagoro,58.97182548646891,51074.26171875,IDP,Accessible,confirmed_by_partner_report (blank row - not flagged),NA,NA,IRC
NG021002,Batagarawa,NG021,Katsina,Jino,51.39008597044623,14923.5361328125,IDP,Accessible,confirmed_by_partner_report (blank row - not flagged),NA,NA,IRC
NG021002,Batagarawa,NG021,Katsina,Kudu 2,0.44459220041266084,2601.10986328125,IDP,Accessible,confirmed_by_partner_report (blank row - not flagged),NA,NA,IRC
NG021002,Batagarawa,NG021,Katsina,Shinkafi 2,9.343861383796707,26910.390625,IDP,Accessible,confirmed_by_partner_report (blank row - not flagged),NA,NA,IRC
NG021002,Batagarawa,NG021,Katsina,Yargamji,33.76491521408701,9544.1474609375,IDP,Accessible,confirmed_by_partner_report (blank row - not flagged),NA,NA,IRC
NG021003,Batsari,NG021,Katsina,Abadau Kagara,148.8387536340023,35706.37890625,IDP,Inaccessible,confirmed_by_partner_report,FACT,Insecurity / conflict,FACT
NG021003,Batsari,NG021,Katsina,Batsari,34.675028993721604,42227.28515625,IDP,Accessible,confirmed_by_partner_report,FACT,N/A - fully accessible,FACT
NG021003,Batsari,NG021,Katsina,Dan Alhaji Yangayya,170.72143090142012,45024.41015625,IDP,Inaccessible,confirmed_by_partner_report,FACT,Insecurity / conflict,FACT
NG021003,Batsari,NG021,Katsina,Kandawa,76.07529859353042,30625.23046875,IDP,Inaccessible,confirmed_by_partner_report,FACT,Insecurity / conflict,FACT
NG021003,Batsari,NG021,Katsina,Karare,83.10239277892137,20015.740234375,IDP,Inaccessible,confirmed_by_partner_report,FACT,Insecurity / conflict,FACT
NG021003,Batsari,NG021,Katsina,Madogara,121.55002277541473,13069.21875,IDP,Inaccessible,confirmed_by_partner_report,FACT,Insecurity / conflict,FACT
NG021003,Batsari,NG021,Katsina,Rumah,129.93270567204294,20420.71484375,IDP,Inaccessible,confirmed_by_partner_report,FACT,Insecurity / conflict,FACT
NG021003,Batsari,NG021,Katsina,Wagini,61.03250572697711,15912.2490234375,IDP,Accessible,confirmed_by_partner_report,FACT,N/A - fully accessible,FACT
NG021004,Baure,NG021,Katsina,Babban Mutum,48.4466315783904,14664.880859375,IDP,Accessible,default_unreported,NA,NA,FACT
NG021004,Baure,NG021,Katsina,Baure,34.33654354814197,38491.0859375,IDP,Accessible,confirmed_by_partner_report,FACT,N/A - fully accessible,FACT
NG021004,Baure,NG021,Katsina,Faski,96.06278818550587,29433.228515625,IDP,Accessible,default_unreported,NA,NA,FACT
NG021004,Baure,NG021,Katsina,Garki,91.79624261174834,40409.8046875,IDP,Accessible,confirmed_by_partner_report,FACT,N/A - fully accessible,FACT
NG021004,Baure,NG021,Katsina,Maibara,70.7481025718459,26899.583984375,IDP,Accessible,confirmed_by_partner_report,FACT,N/A - fully accessible,FACT
NG021004,Baure,NG021,Katsina,Mudiri,51.16923672606945,18586.455078125,IDP,Accessible,confirmed_by_partner_report,FACT,N/A - fully accessible,FACT
NG021004,Baure,NG021,Katsina,Taramnawa,71.9286980347929,27470.3046875,IDP,Accessible,default_unreported,NA,NA,FACT
NG021004,Baure,NG021,Katsina,Yanmaulu,107.82367088312918,34141.2265625,IDP,Accessible,confirmed_by_partner_report,FACT,N/A - fully accessible,FACT
NG021005,Bindawa,NG021,Katsina,Bindawa,24.35031748087412,21525.935546875,IDP,Accessible,confirmed_by_partner_report,FACT,N/A - fully accessible,FACT
NG021005,Bindawa,NG021,Katsina,Doro,50.6909102947787,26405.783203125,IDP,Accessible,confirmed_by_partner_report,FACT,N/A - fully accessible,FACT
NG021005,Bindawa,NG021,Katsina,Jibawa,47.50660174656463,19531.779296875,IDP,Accessible,confirmed_by_partner_report,FACT,N/A - fully accessible,FACT
NG021005,Bindawa,NG021,Katsina,Kamri,41.19482371677744,18738.296875,IDP,Accessible,confirmed_by_partner_report,FACT,N/A - fully accessible,FACT
NG021005,Bindawa,NG021,Katsina,Kandawa,1.6450547258242965,393.2160949707031,IDP,Accessible,confirmed_by_partner_report,FACT,N/A - fully accessible,FACT
NG021005,Bindawa,NG021,Katsina,Shibdawa,53.901475193399904,14032.8251953125,IDP,Accessible,confirmed_by_partner_report,FACT,N/A - fully accessible,FACT
NG021005,Bindawa,NG021,Katsina,Yangora,45.77035688797426,9387.32421875,IDP,Accessible,confirmed_by_partner_report,FACT,N/A - fully accessible,FACT
NG021006,Charanchi,NG021,Katsina,Banye,39.39252517472923,11476.9716796875,IDP,Accessible,default_unreported,NA,NA,CARE
NG021006,Charanchi,NG021,Katsina,Charanchi,46.06257547107269,47300.984375,IDP,Accessible,default_unreported,NA,NA,CARE
NG021006,Charanchi,NG021,Katsina,Kuraye,64.47028876291168,25077.505859375,IDP,Accessible,default_unreported,NA,NA,CARE
NG021006,Charanchi,NG021,Katsina,Radda,82.46667657183495,26474.470703125,IDP,Accessible,default_unreported,NA,NA,CARE
NG021006,Charanchi,NG021,Katsina,Safana,16.08067344933781,10721.8876953125,IDP,Accessible,default_unreported,NA,NA,CARE
NG021007,Dan Musa,NG021,Katsina,Dan Musa A,11.338064099930108,18769.51171875,IDP,Accessible,confirmed_by_partner_report,FACT,N/A - fully accessible,FACT
NG021007,Dan Musa,NG021,Katsina,Dan Musa B,38.32091616263378,7862.28125,IDP,Accessible,confirmed_by_partner_report,FACT,N/A - fully accessible,FACT
NG021007,Dan Musa,NG021,Katsina,Dandire A,89.78516085676819,12931.939453125,IDP,Inaccessible,confirmed_by_partner_report,FACT,Insecurity / conflict,FACT
NG021007,Dan Musa,NG021,Katsina,Maidabino B,102.87287033440887,11644.15625,IDP,Inaccessible,confirmed_by_partner_report,FACT,Insecurity / conflict,FACT
NG021007,Dan Musa,NG021,Katsina,Mara A,82.99443422775447,18669.75390625,IDP,Inaccessible,confirmed_by_partner_report,FACT,Insecurity / conflict,FACT
NG021007,Dan Musa,NG021,Katsina,Mara B,99.43130237269925,19650.39453125,IDP,Inaccessible,confirmed_by_partner_report,FACT,Insecurity / conflict,FACT
NG021007,Dan Musa,NG021,Katsina,Yantumaki A,69.12201945294738,17758.158203125,IDP,Inaccessible,confirmed_by_partner_report,FACT,Insecurity / conflict,FACT
NG021008,Dandume,NG021,Katsina,Dandume A,7.1396877566355466,68080.5,IDP,Inaccessible,confirmed_by_partner_report,FACT,Insecurity / conflict,FACT
NG021008,Dandume,NG021,Katsina,Dandume B,92.17569099223334,19808.318359375,IDP,Accessible,confirmed_by_partner_report,FACT,N/A - fully accessible,FACT
NG021008,Dandume,NG021,Katsina,Tumburkai A,47.02884838850141,15356.8671875,IDP,Inaccessible,confirmed_by_partner_report,FACT,Insecurity / conflict,FACT
NG021009,Danja,NG021,Katsina,Dabai,44.53454151236122,20143.216796875,IDP,Accessible,confirmed_by_partner_report,FACT,N/A - fully accessible,FACT
NG021009,Danja,NG021,Katsina,Danja B,34.59568283009243,23678.6171875,IDP,Accessible,confirmed_by_partner_report,FACT,N/A - fully accessible,FACT
NG021009,Danja,NG021,Katsina,Tandama,102.65328857873881,17875.1875,IDP,Accessible,confirmed_by_partner_report,FACT,N/A - fully accessible,FACT
NG021010,Daura,NG021,Katsina,Mazoji B,19.21445007496166,13378.3525390625,IDP,Accessible,confirmed_by_partner_report,FACT,N/A - fully accessible,FACT
NG021010,Daura,NG021,Katsina,Sabon Gari,15.603900785180087,100154.8046875,IDP,Accessible,confirmed_by_partner_report,FACT,N/A - fully accessible,FACT
NG021010,Daura,NG021,Katsina,Tudun Wada,7.0262740995133814,42316.46484375,IDP,Accessible,confirmed_by_partner_report,FACT,N/A - fully accessible,FACT
NG021010,Daura,NG021,Katsina,Ubandawaki A,0.6133380648818016,15439.3447265625,IDP,Accessible,confirmed_by_partner_report,FACT,N/A - fully accessible,FACT
NG021010,Daura,NG021,Katsina,Ubandawaki B,12.959053264574825,45316.23046875,IDP,Accessible,confirmed_by_partner_report,FACT,N/A - fully accessible,FACT
NG021011,Dutsi,NG021,Katsina,Dan Aunai,49.975214087622895,19585.49609375,IDP,Accessible,confirmed_by_partner_report,FACT,N/A - fully accessible,FACT
NG021011,Dutsi,NG021,Katsina,Dutsi A,21.058189569201588,20943.576171875,IDP,Accessible,confirmed_by_partner_report,FACT,N/A - fully accessible,FACT
NG021011,Dutsi,NG021,Katsina,Sirika B,52.485817091660024,30871.3671875,IDP,Accessible,confirmed_by_partner_report,FACT,N/A - fully accessible,FACT
NG021011,Dutsi,NG021,Katsina,Yamel A,39.91346110500473,21715.03125,IDP,Accessible,confirmed_by_partner_report,FACT,N/A - fully accessible,FACT
NG021012,Dutsin-Ma,NG021,Katsina,Dutsin Ma A,13.623638496508256,38257.546875,IDP,Accessible,confirmed_by_partner_report,FACT,N/A - fully accessible,FACT
NG021012,Dutsin-Ma,NG021,Katsina,Dutsin Ma B,56.590309546470465,56794.91015625,IDP,Accessible,confirmed_by_partner_report,FACT,N/A - fully accessible,FACT
NG021012,Dutsin-Ma,NG021,Katsina,Karofi B,43.81230668256986,22511.271484375,IDP,Accessible,confirmed_by_partner_report,FACT,N/A - fully accessible,FACT
NG021012,Dutsin-Ma,NG021,Katsina,Shema,78.69426868853552,36616.06640625,IDP,Inaccessible,confirmed_by_partner_report,FACT,Insecurity / conflict,FACT
NG021013,Faskari,NG021,Katsina,Daudawa,121.94171264703417,32600.26953125,IDP,Accessible,confirmed_by_partner_report,FACT,N/A - fully accessible,FACT
NG021013,Faskari,NG021,Katsina,Faskari,171.18038244339502,57580.703125,IDP,Accessible,confirmed_by_partner_report,FACT,Insecurity / conflict,FACT
NG021013,Faskari,NG021,Katsina,Sheme,118.2371200410874,27598.357421875,IDP,Accessible,confirmed_by_partner_report,FACT,N/A - fully accessible,FACT
NG021013,Faskari,NG021,Katsina,Yankara,89.48030599708873,40612.20703125,IDP,Accessible,confirmed_by_partner_report,FACT,N/A - fully accessible,FACT
NG021014,Funtua,NG021,Katsina,Anguwan Musa,1.5766429634548427,15970.01171875,IDP,Accessible,confirmed_by_partner_report,FACT,N/A - fully accessible,FACT
NG021014,Funtua,NG021,Katsina,Maigamji,60.4265172905547,44431.7421875,IDP,Accessible,confirmed_by_partner_report,FACT,N/A - fully accessible,FACT
NG021014,Funtua,NG021,Katsina,Makera,65.81490346921778,58378.7421875,IDP,Accessible,confirmed_by_partner_report,FACT,N/A - fully accessible,FACT
NG021014,Funtua,NG021,Katsina,Nasarawa,1.3877977226886806,12367.11328125,IDP,Accessible,confirmed_by_partner_report,FACT,N/A - fully accessible,FACT
NG021014,Funtua,NG021,Katsina,Sabon Gari,4.273132276612431,30578.595703125,IDP,Accessible,confirmed_by_partner_report,FACT,N/A - fully accessible,FACT
NG021015,Ingawa,NG021,Katsina,Dara,35.96612987464014,16757.02734375,IDP,Accessible,confirmed_by_partner_report,FACT,N/A - fully accessible,FACT
NG021015,Ingawa,NG021,Katsina,Ingawa,49.175994435661195,35146.51953125,IDP,Accessible,confirmed_by_partner_report,FACT,N/A - fully accessible,FACT
NG021016,Jibia,NG021,Katsina,Faru,67.91197466187212,19168.998046875,IDP,Accessible,confirmed_by_partner_report (blank row - not flagged),NA,NA,IRC
NG021016,Jibia,NG021,Katsina,Gangara,74.06217725303786,9369.6435546875,IDP,Accessible,confirmed_by_partner_report (blank row - not flagged),NA,NA,IRC
NG021016,Jibia,NG021,Katsina,Jibia A,7.855511777869225,13454.705078125,IDP,Accessible,default_unreported,NA,NA,IRC
NG021016,Jibia,NG021,Katsina,Kusa,147.88414176973848,25789.546875,IDP,Accessible,confirmed_by_partner_report (blank row - not flagged),NA,NA,IRC
NG021016,Jibia,NG021,Katsina,Mazanya,78.27670089836403,39429.734375,IDP,Accessible,confirmed_by_partner_report (blank row - not flagged),NA,NA,IRC
NG021016,Jibia,NG021,Katsina,Riko,178.43833041031695,22183.119140625,IDP,Accessible,confirmed_by_partner_report (blank row - not flagged),NA,NA,IRC
NG021016,Jibia,NG021,Katsina,Yangayya,105.93582040431835,15181.6005859375,IDP,Accessible,confirmed_by_partner_report (blank row - not flagged),NA,NA,IRC
NG021017,Kafur,NG021,Katsina,Dantutture,93.74216176879442,28221.34765625,IDP,Inaccessible,confirmed_by_partner_report,FACT,Insecurity / conflict,FACT
NG021017,Kafur,NG021,Katsina,Gamzago,114.15042457953423,33378.44921875,IDP,Inaccessible,confirmed_by_partner_report,FACT,Insecurity / conflict,FACT
NG021017,Kafur,NG021,Katsina,Kuringafa,61.86192850831601,22592.423828125,IDP,Inaccessible,confirmed_by_partner_report,FACT,Insecurity / conflict,FACT
NG021017,Kafur,NG021,Katsina,Mahuta,145.03828797627963,28705.0390625,IDP,Accessible,confirmed_by_partner_report,FACT,N/A - fully accessible,FACT
NG021018,Kaita,NG021,Katsina,Abdallawa,80.307375851086,13326.8037109375,IDP,Accessible,confirmed_by_partner_report,FACT,N/A - fully accessible,FACT
NG021018,Kaita,NG021,Katsina,Ba'awa,103.06144263034666,17433.291015625,IDP,Accessible,confirmed_by_partner_report,FACT,N/A - fully accessible,FACT
NG021018,Kaita,NG021,Katsina,Dankaba,109.07837499886728,27986.908203125,IDP,Accessible,confirmed_by_partner_report,FACT,N/A - fully accessible,FACT
NG021018,Kaita,NG021,Katsina,Dankama,65.73761460688144,31720.765625,IDP,Accessible,default_unreported,NA,NA,FACT
NG021018,Kaita,NG021,Katsina,Girka,86.13024817010859,25769.00390625,IDP,Accessible,confirmed_by_partner_report,FACT,N/A - fully accessible,FACT
NG021018,Kaita,NG021,Katsina,Kaita,50.7759420902133,32249.265625,IDP,Accessible,confirmed_by_partner_report,FACT,N/A - fully accessible,FACT
NG021018,Kaita,NG021,Katsina,Matsai,94.35534241139412,32317.3046875,IDP,Accessible,confirmed_by_partner_report,FACT,N/A - fully accessible,FACT
NG021018,Kaita,NG021,Katsina,Yandaki,68.202548704287,28596,IDP,Accessible,confirmed_by_partner_report,FACT,N/A - fully accessible,FACT
NG021019,Kankara,NG021,Katsina,Dan Murabu,117.15248226706845,24549.25,IDP,Inaccessible,confirmed_by_partner_report,FACT,Insecurity / conflict,FACT
NG021019,Kankara,NG021,Katsina,Gurbi,186.50920991763354,31045.677734375,IDP,Inaccessible,confirmed_by_partner_report,FACT,Insecurity / conflict,FACT
NG021019,Kankara,NG021,Katsina,Kankara,59.206098279661596,59653.75,IDP,Inaccessible,confirmed_by_partner_report,FACT,Insecurity / conflict,FACT
NG021019,Kankara,NG021,Katsina,Ketare,82.01253413043042,26168.095703125,IDP,Inaccessible,confirmed_by_partner_report,FACT,Insecurity / conflict,FACT
NG021019,Kankara,NG021,Katsina,Mabai,119.965384412525,30125.84375,IDP,Inaccessible,confirmed_by_partner_report,FACT,Insecurity / conflict,FACT
NG021019,Kankara,NG021,Katsina,Yargoje,94.24960162538267,33930.45703125,IDP,Inaccessible,confirmed_by_partner_report,FACT,Insecurity / conflict,FACT
NG021020,Kankia,NG021,Katsina,Gachi,50.882384567421795,17273.734375,IDP,Accessible,confirmed_by_partner_report,IMC,N/A - fully accessible,IMC
NG021020,Kankia,NG021,Katsina,Galadima A,8.057604278192043,12492.4287109375,IDP,Accessible,confirmed_by_partner_report,IMC,N/A - fully accessible,IMC
NG021020,Kankia,NG021,Katsina,Galadima B,38.561969915605786,23388.427734375,IDP,Accessible,confirmed_by_partner_report,IMC,N/A - fully accessible,IMC
NG021020,Kankia,NG021,Katsina,Kafin Soli,100.4398334722696,23272.494140625,IDP,Accessible,confirmed_by_partner_report,IMC,Other,IMC
NG021020,Kankia,NG021,Katsina,Kunduru Gyaza,131.44927109108994,17634.052734375,IDP,Inaccessible,confirmed_by_partner_report,IMC,Insecurity / conflict,IMC
NG021020,Kankia,NG021,Katsina,Rimaye,74.75360373714176,20064.591796875,IDP,Inaccessible,confirmed_by_partner_report,IMC,Insecurity / conflict,IMC
NG021020,Kankia,NG021,Katsina,Tafashiya Nasarawa,80.7624836029737,16617.970703125,IDP,Accessible,confirmed_by_partner_report,IMC,Other,IMC
NG021021,Katsina,NG021,Katsina,Arewa 1,0.8618080062816292,11064.255859375,IDP,Accessible,confirmed_by_partner_report (blank row - not flagged),NA,NA,COOPI
NG021021,Katsina,NG021,Katsina,Arewa 2,10.123829844470322,32404.146484375,IDP,Accessible,confirmed_by_partner_report (blank row - not flagged),NA,NA,COOPI
NG021021,Katsina,NG021,Katsina,Gabas 3,36.56149975880313,47194.8203125,IDP,Accessible,confirmed_by_partner_report (blank row - not flagged),NA,NA,COOPI
NG021021,Katsina,NG021,Katsina,Jino,5.021785308171392,6942.86572265625,IDP,Accessible,confirmed_by_partner_report (blank row - not flagged),NA,NA,COOPI
NG021021,Katsina,NG021,Katsina,Kudu 2,4.358566029539109,47124.390625,IDP,Accessible,confirmed_by_partner_report (blank row - not flagged),NA,NA,COOPI
NG021021,Katsina,NG021,Katsina,Kudu 3,12.977203633986264,106103.4375,IDP,Accessible,confirmed_by_partner_report (blank row - not flagged),NA,NA,COOPI
NG021021,Katsina,NG021,Katsina,Shinkafi 2,17.116684680913046,61179.58203125,IDP,Accessible,confirmed_by_partner_report (blank row - not flagged),NA,NA,COOPI
NG021021,Katsina,NG021,Katsina,Yamma 1,8.491693150475726,35387.5234375,IDP,Accessible,confirmed_by_partner_report (blank row - not flagged),NA,NA,COOPI
NG021021,Katsina,NG021,Katsina,Yamma 2,9.950492585973693,45891.30859375,IDP,Accessible,confirmed_by_partner_report (blank row - not flagged),NA,NA,COOPI
NG021021,Katsina,NG021,Katsina,Yandaki,15.130015619205658,5579.4833984375,IDP,Accessible,confirmed_by_partner_report (blank row - not flagged),NA,NA,COOPI
NG021022,Kurfi,NG021,Katsina,Barkiya,47.99956926608419,15255.923828125,IDP,Accessible,confirmed_by_partner_report,Malteser,N/A - fully accessible,Malteser
NG021022,Kurfi,NG021,Katsina,Birchi,60.704937217973345,17991.36328125,IDP,Accessible,confirmed_by_partner_report,Malteser,N/A - fully accessible,Malteser
NG021022,Kurfi,NG021,Katsina,Kurfi A,50.75423334982991,31424.72265625,IDP,Accessible,confirmed_by_partner_report,Malteser,N/A - fully accessible,Malteser
NG021022,Kurfi,NG021,Katsina,Rawayau A,36.40356249252379,10151.4833984375,IDP,Accessible,confirmed_by_partner_report,Malteser,N/A - fully accessible,Malteser
NG021023,Kusada,NG021,Katsina,Boko,45.625816718137024,16293.1826171875,IDP,Accessible,confirmed_by_partner_report,FACT,N/A - fully accessible,FACT
NG021023,Kusada,NG021,Katsina,Kaikai,59.09065442596078,17713.458984375,IDP,Accessible,confirmed_by_partner_report,FACT,N/A - fully accessible,FACT
NG021023,Kusada,NG021,Katsina,Kandawa,11.116347565888464,3671.396728515625,IDP,Inaccessible,confirmed_by_partner_report,FACT,Insecurity / conflict,FACT
NG021023,Kusada,NG021,Katsina,Kusada,28.271581015029938,21544.232421875,IDP,Accessible,confirmed_by_partner_report,FACT,N/A - fully accessible,FACT
NG021023,Kusada,NG021,Katsina,Yashe B,47.82270403255343,8642.396484375,IDP,Accessible,confirmed_by_partner_report,FACT,N/A - fully accessible,FACT
NG021024,Mai'adua,NG021,Katsina,Bumbum A,52.02627707896733,24332.0546875,IDP,Accessible,confirmed_by_partner_report,Save the Children,N/A - fully accessible,Save the Children
NG021024,Mai'adua,NG021,Katsina,Mai'adua A,11.823155857425943,45193.97265625,IDP,Accessible,confirmed_by_partner_report (blank row - not flagged),NA,NA,Save the Children
NG021024,Mai'adua,NG021,Katsina,Natsalle,95.89467898364973,45072.1484375,IDP,Accessible,confirmed_by_partner_report,Save the Children,N/A - fully accessible,Save the Children
NG021024,Mai'adua,NG021,Katsina,Ubandawaki A,4.491452820482552,21077.708984375,IDP,Accessible,confirmed_by_partner_report,Save the Children,N/A - fully accessible,Save the Children
NG021025,Malumfashi,NG021,Katsina,Borindawa,58.569141434524894,11696.5224609375,IDP,Inaccessible,confirmed_by_partner_report,FACT,Insecurity / conflict,FACT
NG021025,Malumfashi,NG021,Katsina,Gora Dan Saka,148.55306047808855,28803.337890625,IDP,Inaccessible,confirmed_by_partner_report,FACT,Insecurity / conflict,FACT
NG021025,Malumfashi,NG021,Katsina,Karfi,105.81459829996395,23195.212890625,IDP,Inaccessible,confirmed_by_partner_report,FACT,Insecurity / conflict,FACT
NG021025,Malumfashi,NG021,Katsina,Malumfashi A,28.802119941387623,45075.546875,IDP,Accessible,confirmed_by_partner_report,FACT,N/A - fully accessible,FACT
NG021025,Malumfashi,NG021,Katsina,Malumfashi B,19.54056775095317,26521.373046875,IDP,Accessible,confirmed_by_partner_report,FACT,N/A - fully accessible,FACT
NG021025,Malumfashi,NG021,Katsina,Ruwan Sanyi,42.25003104065934,9617.224609375,IDP,Inaccessible,confirmed_by_partner_report,FACT,Insecurity / conflict,FACT
NG021025,Malumfashi,NG021,Katsina,Yaba,91.45265984659076,28206.77734375,IDP,Inaccessible,confirmed_by_partner_report,FACT,Insecurity / conflict,FACT
NG021026,Mani,NG021,Katsina,Bujawa,115.76715983489484,28167.95703125,IDP,Accessible,confirmed_by_partner_report,FACT,N/A - fully accessible,FACT
NG021026,Mani,NG021,Katsina,Jani,35.485558053169314,15898.6689453125,IDP,Accessible,confirmed_by_partner_report,FACT,N/A - fully accessible,FACT
NG021026,Mani,NG021,Katsina,Kwatta,67.27338039053011,15430.7490234375,IDP,Accessible,confirmed_by_partner_report,FACT,N/A - fully accessible,FACT
NG021026,Mani,NG021,Katsina,Magami,55.65863920762599,18790.630859375,IDP,Accessible,confirmed_by_partner_report,FACT,N/A - fully accessible,FACT
NG021026,Mani,NG021,Katsina,Mani,24.382864596964122,29083.7734375,IDP,Accessible,confirmed_by_partner_report,FACT,N/A - fully accessible,FACT
NG021027,Mashi,NG021,Katsina,Gallu,96.39821094118946,24738.140625,IDP,Accessible,confirmed_by_partner_report,Malteser,Building-footprint issue (no eligible structures),Malteser
NG021027,Mashi,NG021,Katsina,Gana Jigawa,112.84296606541872,25391.826171875,IDP,Accessible,confirmed_by_partner_report,Malteser,N/A - fully accessible,Malteser
NG021027,Mashi,NG021,Katsina,Karau,128.0626489756497,32102.84765625,IDP,Accessible,confirmed_by_partner_report,Malteser,Building-footprint issue (no eligible structures),Malteser
NG021027,Mashi,NG021,Katsina,Majigiri,110.50028026855978,19281.533203125,IDP,Accessible,confirmed_by_partner_report,Malteser,N/A - fully accessible,Malteser
NG021027,Mashi,NG021,Katsina,Mashi,71.2636776944689,54012.21484375,IDP,Accessible,confirmed_by_partner_report,Malteser,N/A - fully accessible,Malteser
NG021028,Matazu,NG021,Katsina,Dissi,24.835497533549784,10464.5498046875,IDP,Accessible,confirmed_by_partner_report,FACT,N/A - fully accessible,FACT
NG021028,Matazu,NG021,Katsina,Gwarjo,55.645819796101094,17569.19140625,IDP,Inaccessible,confirmed_by_partner_report,FACT,Insecurity / conflict,FACT
NG021028,Matazu,NG021,Katsina,Matazu A,42.76286828532696,21933.794921875,IDP,Accessible,confirmed_by_partner_report,FACT,N/A - fully accessible,FACT
NG021028,Matazu,NG021,Katsina,Matazu B,31.289596660013675,16533.650390625,IDP,Accessible,confirmed_by_partner_report,FACT,N/A - fully accessible,FACT
NG021028,Matazu,NG021,Katsina,Rinjin Idi,30.62217681947577,10148.1796875,IDP,Inaccessible,confirmed_by_partner_report,FACT,Insecurity / conflict,FACT
NG021028,Matazu,NG021,Katsina,Sayaya,151.18531303991043,35250.24609375,IDP,Inaccessible,confirmed_by_partner_report,FACT,Insecurity / conflict,FACT
NG021029,Musawa,NG021,Katsina,Dangani,117.60054846190151,32729.763671875,IDP,Inaccessible,confirmed_by_partner_report,FACT,Insecurity / conflict,FACT
NG021029,Musawa,NG021,Katsina,Danjanku-Karachi,74.9352210564108,30166.60546875,IDP,Inaccessible,confirmed_by_partner_report,FACT,Insecurity / conflict,FACT
NG021029,Musawa,NG021,Katsina,Jikamshi,28.033649106913327,24698.94921875,IDP,Inaccessible,confirmed_by_partner_report,FACT,Insecurity / conflict,FACT
NG021029,Musawa,NG021,Katsina,Kira,61.44336418085766,22153.314453125,IDP,Inaccessible,confirmed_by_partner_report,FACT,Insecurity / conflict,FACT
NG021029,Musawa,NG021,Katsina,Kurkujan A,42.717721643392565,13717.6708984375,IDP,Inaccessible,confirmed_by_partner_report,FACT,Insecurity / conflict,FACT
NG021029,Musawa,NG021,Katsina,Kurkujan B,41.172541911301614,18864.130859375,IDP,Inaccessible,confirmed_by_partner_report,FACT,Insecurity / conflict,FACT
NG021029,Musawa,NG021,Katsina,Musawa,79.72080989220763,49321.03125,IDP,Accessible,confirmed_by_partner_report,FACT,N/A - fully accessible,FACT
NG021029,Musawa,NG021,Katsina,Tabanni-Yarraddau,42.51661783281088,11098.4111328125,IDP,Inaccessible,confirmed_by_partner_report,FACT,Insecurity / conflict,FACT
NG021029,Musawa,NG021,Katsina,Tuge,89.78389772922253,17844.416015625,IDP,Inaccessible,confirmed_by_partner_report,FACT,Insecurity / conflict,FACT
NG021030,Rimi,NG021,Katsina,Abukur,36.560469921838525,21093.498046875,IDP,Accessible,confirmed_by_partner_report,FACT,N/A - fully accessible,FACT
NG021030,Rimi,NG021,Katsina,Maje Karare,71.6746008368504,22533.107421875,IDP,Accessible,confirmed_by_partner_report,FACT,N/A - fully accessible,FACT
NG021030,Rimi,NG021,Katsina,Rimi,44.50758722796524,44454.82421875,IDP,Accessible,confirmed_by_partner_report,FACT,N/A - fully accessible,FACT
NG021030,Rimi,NG021,Katsina,Sabon Gari,54.40082526023796,22855.017578125,IDP,Accessible,confirmed_by_partner_report,FACT,N/A - fully accessible,FACT
NG021030,Rimi,NG021,Katsina,Tsagero,38.59137805097228,17435.021484375,IDP,Accessible,confirmed_by_partner_report,FACT,N/A - fully accessible,FACT
NG021031,Sabuwa,NG021,Katsina,Gamji,64.76864612686474,19550.029296875,IDP,Inaccessible,confirmed_by_partner_report,FACT,Insecurity / conflict,FACT
NG021031,Sabuwa,NG021,Katsina,Machika,67.6036557452716,12599.0986328125,IDP,Inaccessible,confirmed_by_partner_report,FACT,Insecurity / conflict,FACT
NG021031,Sabuwa,NG021,Katsina,Magaji Wando,32.905657609865365,8474.306640625,IDP,Inaccessible,confirmed_by_partner_report,FACT,Insecurity / conflict,FACT
NG021032,Safana,NG021,Katsina,Madogara,3.276934056870308,633.436279296875,IDP,Inaccessible,confirmed_by_partner_report,FACT,Insecurity / conflict,FACT
NG021032,Safana,NG021,Katsina,Runka A,274.2424534804063,50164.765625,IDP,Inaccessible,confirmed_by_partner_report,FACT,Population absent / relocated,FACT
NG021032,Safana,NG021,Katsina,Safana,85.9310599094553,37497.28125,IDP,Accessible,confirmed_by_partner_report,FACT,N/A - fully accessible,FACT
NG021032,Safana,NG021,Katsina,Tsaskiya,192.9767162621955,44017.9609375,IDP,Inaccessible,confirmed_by_partner_report,FACT,Insecurity / conflict,FACT
NG021032,Safana,NG021,Katsina,Wurma B,10.290052581441284,2756.874755859375,IDP,Inaccessible,confirmed_by_partner_report,FACT,Insecurity / conflict,FACT
NG021032,Safana,NG021,Katsina,Zakka A,68.64610680612564,30104.1171875,IDP,Inaccessible,confirmed_by_partner_report,FACT,Population absent / relocated,FACT
NG021032,Safana,NG021,Katsina,Zakka B,70.45427529658986,21516.908203125,IDP,Inaccessible,confirmed_by_partner_report,FACT,Population absent / relocated,FACT
NG021033,Sandamu,NG021,Katsina,Karkarku,3.6506885330985264,8634.0947265625,IDP,Accessible,default_unreported,NA,NA,MDM
NG021033,Sandamu,NG021,Katsina,Sandamu,60.554236875323134,42493.24609375,IDP,Accessible,default_unreported,NA,NA,MDM
NG026001,Akwanga,NG026,Nasarawa,Agyaga,159.9179016362267,13916.32421875,IDP,Accessible,default_unreported,NA,NA,CARE
NG026001,Akwanga,NG026,Nasarawa,Akwanga East,131.98837052343052,56720.140625,IDP,Accessible,default_unreported,NA,NA,CARE
NG026001,Akwanga,NG026,Nasarawa,Akwanga West,12.514296764874592,43505.0546875,IDP,Accessible,default_unreported,NA,NA,CARE
NG026001,Akwanga,NG026,Nasarawa,Gudi,45.27882148487,13543.3935546875,IDP,Accessible,default_unreported,NA,NA,CARE
NG026001,Akwanga,NG026,Nasarawa,Moroa,224.42431136315386,20275.330078125,IDP,Accessible,default_unreported,NA,NA,CARE
NG026001,Akwanga,NG026,Nasarawa,Ningha An,136.2277452721114,16486.8046875,IDP,Accessible,default_unreported,NA,NA,CARE
NG026001,Akwanga,NG026,Nasarawa,Ningo / Boher,128.52918467885948,14840.69921875,IDP,Accessible,default_unreported,NA,NA,CARE
NG026002,Awe,NG026,Nasarawa,Jangaru,292.07763620248556,21215.865234375,IDP,Accessible,default_unreported,NA,NA,CARE
NG026002,Awe,NG026,Nasarawa,Kanje-Abuni,471.46286411545924,27915.19921875,IDP,Accessible,default_unreported,NA,NA,CARE
NG026002,Awe,NG026,Nasarawa,Makwangiji,354.02873218511104,24696.779296875,IDP,Accessible,default_unreported,NA,NA,CARE
NG026002,Awe,NG026,Nasarawa,Tunga,282.0369323585429,12833.0244140625,IDP,Accessible,default_unreported,NA,NA,CARE
NG026002,Awe,NG026,Nasarawa,Wuse,425.07087040837155,23524.001953125,IDP,Accessible,default_unreported,NA,NA,CARE
NG026005,Keana,NG026,Nasarawa,Agaza,78.66434575349653,3449.095947265625,IDP,Accessible,default_unreported,NA,NA,CARE
NG026005,Keana,NG026,Nasarawa,Galadima,179.14109899899864,15267.986328125,IDP,Accessible,default_unreported,NA,NA,CARE
NG026005,Keana,NG026,Nasarawa,Kadarko,87.29118208394188,6553.0771484375,IDP,Accessible,default_unreported,NA,NA,CARE
NG026005,Keana,NG026,Nasarawa,Madaki,180.12567515492677,13383.86328125,IDP,Accessible,default_unreported,NA,NA,CARE
NG026007,Kokona,NG026,Nasarawa,Alagye,123.00557157946682,7892.3154296875,IDP,Accessible,default_unreported,NA,NA,CARE
NG026007,Kokona,NG026,Nasarawa,Garaku,287.46507432563675,21959.2421875,IDP,Accessible,default_unreported,NA,NA,CARE
NG026007,Kokona,NG026,Nasarawa,Hadari,313.2115996978872,52565.1953125,IDP,Accessible,default_unreported,NA,NA,CARE
NG026007,Kokona,NG026,Nasarawa,Kofar Gwari,304.62175134734986,17554.8671875,IDP,Accessible,default_unreported,NA,NA,CARE
NG026007,Kokona,NG026,Nasarawa,Kokona,222.16836143073792,14166.1064453125,IDP,Accessible,default_unreported,NA,NA,CARE
NG026008,Lafia,NG026,Nasarawa,Adogi,152.25802966500623,16913.95703125,IDP,Accessible,default_unreported,NA,NA,CARE
NG026008,Lafia,NG026,Nasarawa,Akurba,279.69036102397274,89184.8984375,IDP,Accessible,default_unreported,NA,NA,CARE
NG026008,Lafia,NG026,Nasarawa,Arikya,765.2526995058658,42567.75,IDP,Accessible,default_unreported,NA,NA,CARE
NG026008,Lafia,NG026,Nasarawa,Ashige / Ogah,443.2429489582324,33115.6484375,IDP,Accessible,default_unreported,NA,NA,CARE
NG026008,Lafia,NG026,Nasarawa,Assakio,595.0051322290738,33186.16015625,IDP,Accessible,default_unreported,NA,NA,CARE
NG026008,Lafia,NG026,Nasarawa,Ciroma,26.52682324131638,112320.9609375,IDP,Accessible,default_unreported,NA,NA,CARE
NG026008,Lafia,NG026,Nasarawa,Keffin Wambai,209.72014352105808,23074.587890625,IDP,Accessible,default_unreported,NA,NA,CARE
NG026008,Lafia,NG026,Nasarawa,Makama,16.959695163840124,23459.306640625,IDP,Accessible,default_unreported,NA,NA,CARE
NG026008,Lafia,NG026,Nasarawa,Shabu Kwandare,233.88425685082134,57851.1796875,IDP,Accessible,default_unreported,NA,NA,CARE
NG026008,Lafia,NG026,Nasarawa,Wakwa,117.64054233104766,49738.89453125,IDP,Accessible,default_unreported,NA,NA,CARE
NG026010,Nasarawa-Eggon,NG026,Nasarawa,Ende,54.23079178379011,9695.66015625,IDP,Accessible,default_unreported,NA,NA,CARE
NG026010,Nasarawa-Eggon,NG026,Nasarawa,Gwanje,18.122922370168567,4907.27587890625,IDP,Accessible,default_unreported,NA,NA,CARE
NG026010,Nasarawa-Eggon,NG026,Nasarawa,Igga-Burum Burum,141.99707452357234,8105.17822265625,IDP,Accessible,default_unreported,NA,NA,CARE
NG026010,Nasarawa-Eggon,NG026,Nasarawa,Ikka-Wangibi,94.06801919054443,4233.67626953125,IDP,Accessible,default_unreported,NA,NA,CARE
NG026010,Nasarawa-Eggon,NG026,Nasarawa,Kagbu,161.84179455787486,4257.421875,IDP,Accessible,default_unreported,NA,NA,CARE
NG026010,Nasarawa-Eggon,NG026,Nasarawa,Nassarawa-Eggon,83.04611438809236,50664.18359375,IDP,Accessible,default_unreported,NA,NA,CARE
NG026010,Nasarawa-Eggon,NG026,Nasarawa,Wakama,33.243895451014815,7297.24365234375,IDP,Accessible,default_unreported,NA,NA,CARE
NG026011,Obi,NG026,Nasarawa,Adudu,113.19360968441512,6338.873046875,IDP,Accessible,default_unreported,NA,NA,CARE
NG026011,Obi,NG026,Nasarawa,Agwatashi,194.1694431486597,14188.4052734375,IDP,Accessible,default_unreported,NA,NA,CARE
NG026011,Obi,NG026,Nasarawa,Daddare,92.92616296524115,18525.494140625,IDP,Accessible,default_unreported,NA,NA,CARE
NG026011,Obi,NG026,Nasarawa,Duduguru,89.00056107312572,14492.8271484375,IDP,Accessible,default_unreported,NA,NA,CARE
NG026011,Obi,NG026,Nasarawa,Gwadenye,63.37534248850995,10773.5380859375,IDP,Accessible,default_unreported,NA,NA,CARE
NG026011,Obi,NG026,Nasarawa,Obi,196.86473088053603,20051.0234375,IDP,Accessible,default_unreported,NA,NA,CARE
NG032001,Barikin Ladi,NG032,Plateau,Gassa,46.12103954090452,24038.072265625,IDP,Accessible,default_unreported,NA,NA,CRS
NG032001,Barikin Ladi,NG032,Plateau,Gindin Akwati,107.41320503673667,25159.103515625,IDP,Accessible,default_unreported,NA,NA,CRS
NG032001,Barikin Ladi,NG032,Plateau,Heipang,71.05789169672794,43968.4140625,IDP,Accessible,default_unreported,NA,NA,CRS
NG032001,Barikin Ladi,NG032,Plateau,Kurra Falls,132.61723733277762,22542.255859375,IDP,Accessible,default_unreported,NA,NA,CRS
NG032001,Barikin Ladi,NG032,Plateau,Lobring,69.7697203586669,18614.802734375,IDP,Accessible,default_unreported,NA,NA,CRS
NG032001,Barikin Ladi,NG032,Plateau,Marit,26.3721818684144,5377.49169921875,IDP,Accessible,default_unreported,NA,NA,CRS
NG032001,Barikin Ladi,NG032,Plateau,Rafan,89.03567680913115,18394.02734375,IDP,Accessible,default_unreported,NA,NA,CRS
NG032001,Barikin Ladi,NG032,Plateau,Zabot,91.68590573022574,38542.19921875,IDP,Accessible,default_unreported,NA,NA,CRS
NG032002,Bassa,NG032,Plateau,Assak,69.95467388101459,14838.986328125,IDP,Accessible,default_unreported,NA,NA,CRS
NG032002,Bassa,NG032,Plateau,Buhit,64.00736226523256,52509.98046875,IDP,Accessible,default_unreported,NA,NA,CRS
NG032002,Bassa,NG032,Plateau,Tahu,99.72143871693349,28668.2109375,IDP,Accessible,default_unreported,NA,NA,CRS
NG032002,Bassa,NG032,Plateau,Zabolo,169.1228632665913,21512.361328125,IDP,Accessible,default_unreported,NA,NA,CRS
NG032002,Bassa,NG032,Plateau,Zobwo,13.733074548224211,3417.228515625,IDP,Accessible,default_unreported,NA,NA,CRS
NG032003,Bokkos,NG032,Plateau,Bokkos Central,83.85548469804858,25640.583984375,IDP,Accessible,default_unreported,NA,NA,CRS
NG032003,Bokkos,NG032,Plateau,Bokkos West,35.67980960801792,29091.27734375,IDP,Accessible,default_unreported,NA,NA,CRS
NG032003,Bokkos,NG032,Plateau,Daffo,120.50664021171713,28790.759765625,IDP,Accessible,default_unreported,NA,NA,CRS
NG032003,Bokkos,NG032,Plateau,Mangor,107.91509568846512,16531.720703125,IDP,Accessible,default_unreported,NA,NA,CRS
NG032003,Bokkos,NG032,Plateau,Mbar / Margar,203.62097259349275,33264.2578125,IDP,Accessible,default_unreported,NA,NA,CRS
NG032003,Bokkos,NG032,Plateau,Mushere West,234.2935174369948,15800.533203125,IDP,Accessible,default_unreported,NA,NA,CRS
NG032003,Bokkos,NG032,Plateau,Tangur,150.09213859561353,39185.90625,IDP,Accessible,default_unreported,NA,NA,CRS
NG032011,Mangu,NG032,Plateau,Ampang,95.45380602622986,24167.28515625,IDP,Accessible,confirmed_by_partner_report (blank row - not flagged),NA,NA,COOPI
NG032011,Mangu,NG032,Plateau,Chanso,44.04864888474661,10397.1455078125,IDP,Accessible,default_unreported,NA,NA,COOPI
NG032011,Mangu,NG032,Plateau,Halle,158.9194578344823,36957.10546875,IDP,Accessible,confirmed_by_partner_report (blank row - not flagged),NA,NA,COOPI
NG032011,Mangu,NG032,Plateau,Kombun,204.66066259241586,45203.3359375,IDP,Accessible,default_unreported,NA,NA,COOPI
NG032011,Mangu,NG032,Plateau,Mangu 1,53.201076039849994,41208.30078125,IDP,Accessible,confirmed_by_partner_report (blank row - not flagged),NA,NA,COOPI
NG032011,Mangu,NG032,Plateau,Mangu 11,79.23875477196195,53459.1484375,IDP,Accessible,confirmed_by_partner_report (blank row - not flagged),NA,NA,COOPI
NG032011,Mangu,NG032,Plateau,Mangun,147.34216715075897,23728.984375,IDP,Accessible,confirmed_by_partner_report (blank row - not flagged),NA,NA,COOPI
NG032011,Mangu,NG032,Plateau,Panyam North,124.22926583896506,42683.76171875,IDP,Accessible,confirmed_by_partner_report (blank row - not flagged),NA,NA,COOPI
NG032011,Mangu,NG032,Plateau,Pushit,129.91925528228163,54905.40625,IDP,Accessible,confirmed_by_partner_report (blank row - not flagged),NA,NA,COOPI
NG032011,Mangu,NG032,Plateau,Tangur,10.197198410317212,1956.45263671875,IDP,Accessible,default_unreported,NA,NA,COOPI
NG032015,Riyom,NG032,Plateau,Jol,80.10042861848879,14333.6015625,IDP,Accessible,confirmed_by_partner_report (blank row - not flagged),NA,NA,COOPI
NG032015,Riyom,NG032,Plateau,Kwi,33.841499310866396,9075.658203125,IDP,Accessible,confirmed_by_partner_report (blank row - not flagged),NA,NA,COOPI
NG032015,Riyom,NG032,Plateau,Rim,69.70749017231368,13722.013671875,IDP,Accessible,confirmed_by_partner_report (blank row - not flagged),NA,NA,COOPI
NG032015,Riyom,NG032,Plateau,Sharubutu,77.91483422795105,12696.279296875,IDP,Accessible,confirmed_by_partner_report (blank row - not flagged),NA,NA,COOPI
NG032015,Riyom,NG032,Plateau,Sopp,114.12147817030859,16128.5751953125,IDP,Accessible,confirmed_by_partner_report (blank row - not flagged),NA,NA,COOPI
NG032015,Riyom,NG032,Plateau,Ta Hoss,46.56664751316714,22907.630859375,IDP,Accessible,confirmed_by_partner_report (blank row - not flagged),NA,NA,COOPI
NG032015,Riyom,NG032,Plateau,Turu B,5.561950754474405,3135.368408203125,IDP,Accessible,confirmed_by_partner_report (blank row - not flagged),NA,NA,COOPI
NG034001,Binji,NG034,Sokoto,Jamali,71.63769697425604,8602.5283203125,IDP,Inaccessible,confirmed_by_partner_report,FACT,Insecurity / conflict,FACT
NG034001,Binji,NG034,Sokoto,Maikulki,63.849320608161214,19881.6171875,IDP,Accessible,confirmed_by_partner_report,FACT,N/A - fully accessible,FACT
NG034002,Bodinga,NG034,Sokoto,Bangi Dabaga,210.63173867082304,27896.876953125,IDP,Accessible,default_unreported,NA,NA,ACF
NG034002,Bodinga,NG034,Sokoto,Bodinga Tauma,17.58481755209446,30109.392578125,IDP,Accessible,default_unreported,NA,NA,ACF
NG034002,Bodinga,NG034,Sokoto,Danchadi,63.55145134782433,32337.1015625,IDP,Accessible,default_unreported,NA,NA,ACF
NG034002,Bodinga,NG034,Sokoto,Darhela Badau,25.294862271825252,15899.5849609375,IDP,Accessible,default_unreported,NA,NA,ACF
NG034002,Bodinga,NG034,Sokoto,Kaura Miyo,87.44791723732686,49101.37890625,IDP,Accessible,default_unreported,NA,NA,ACF
NG034002,Bodinga,NG034,Sokoto,Sifawa Lukuyawa,48.96007430546394,28124.291015625,IDP,Accessible,default_unreported,NA,NA,ACF
NG034003,Dange-Shuni,NG034,Sokoto,Dange,31.653619745817124,38574.48828125,IDP,Accessible,confirmed_by_partner_report,FACT,N/A - fully accessible,FACT
NG034004,Gada,NG034,Sokoto,Kaddi,89.91340860833937,14835.2646484375,IDP,Accessible,confirmed_by_partner_report,FACT,N/A - fully accessible,FACT
NG034004,Gada,NG034,Sokoto,Tsitse,117.69889746499729,16392.66015625,IDP,Accessible,confirmed_by_partner_report,FACT,N/A - fully accessible,FACT
NG034005,Gwadabawa,NG034,Sokoto,Asara,121.92607780064571,26263.3671875,IDP,Accessible,default_unreported,NA,NA,ACF
NG034005,Gwadabawa,NG034,Sokoto,Darna Sabon Gari,22.21417061410257,910.73443603515625,IDP,Accessible,default_unreported,NA,NA,ACF
NG034005,Gwadabawa,NG034,Sokoto,Gwadabawa,94.63133263007862,51790.171875,IDP,Accessible,default_unreported,NA,NA,ACF
NG034005,Gwadabawa,NG034,Sokoto,Salame,134.34793071974607,36246.8828125,IDP,Accessible,default_unreported,NA,NA,ACF
NG034006,Goronyo,NG034,Sokoto,Goronyo,140.76705797493767,24910.22265625,IDP,Accessible,default_unreported,NA,NA,ACF
NG034006,Goronyo,NG034,Sokoto,Kagara,129.18731753010525,14941.650390625,IDP,Accessible,default_unreported,NA,NA,ACF
NG034006,Goronyo,NG034,Sokoto,Rimawa,301.52199705074224,29608.595703125,IDP,Accessible,default_unreported,NA,NA,ACF
NG034006,Goronyo,NG034,Sokoto,Sabon Gari Dole,590.845393021111,16760.408203125,IDP,Accessible,default_unreported,NA,NA,ACF
NG034006,Goronyo,NG034,Sokoto,Shinaka,91.37762841603804,16482.75,IDP,Accessible,default_unreported,NA,NA,ACF
NG034007,Gudu,NG034,Sokoto,Balle,731.6922166862605,17397.322265625,IDP,Accessible,confirmed_by_partner_report,FACT,N/A - fully accessible,FACT
NG034008,Illela,NG034,Sokoto,Illela,75.06102622223234,74745.375,IDP,Accessible,default_unreported,NA,NA,DRC
NG034008,Illela,NG034,Sokoto,Kalmalo,140.45050273297477,15173.115234375,IDP,Accessible,default_unreported,NA,NA,DRC
NG034009,Isa,NG034,Sokoto,Isa North,10.919050951994196,12575.853515625,IDP,Accessible,confirmed_by_partner_report (blank row - not flagged),NA,NA,DRC; IRC; LHI
NG034009,Isa,NG034,Sokoto,Isa South,62.629012836850464,30892.091796875,IDP,Accessible,confirmed_by_partner_report (blank row - not flagged),NA,NA,DRC; IRC; LHI
NG034010,Kebbe,NG034,Sokoto,Kebbe East,76.6053666587305,17963.259765625,IDP,Inaccessible,confirmed_by_partner_report,FACT,Insecurity / conflict,FACT
NG034010,Kebbe,NG034,Sokoto,Margai West,34.436234553174494,6260.27587890625,IDP,Inaccessible,confirmed_by_partner_report,FACT,Insecurity / conflict,FACT
NG034010,Kebbe,NG034,Sokoto,Sangi,779.5909742513707,12236.650390625,IDP,Inaccessible,confirmed_by_partner_report,FACT,Insecurity / conflict,FACT
NG034011,Kware,NG034,Sokoto,Durbawa,31.359766653535708,17968.4921875,IDP,Accessible,confirmed_by_partner_report,FACT,N/A - fully accessible,FACT
NG034011,Kware,NG034,Sokoto,Gidan Rugga More,29.47026971231702,38154.15234375,IDP,Accessible,confirmed_by_partner_report,FACT,N/A - fully accessible,FACT
NG034011,Kware,NG034,Sokoto,Kware,8.962974073879481,17648.259765625,IDP,Accessible,confirmed_by_partner_report,FACT,N/A - fully accessible,FACT
NG034011,Kware,NG034,Sokoto,Sabon Birni,113.09387175294351,36430.1015625,IDP,Accessible,confirmed_by_partner_report,FACT,N/A - fully accessible,FACT
NG034011,Kware,NG034,Sokoto,Tsaki Walakae,52.98731188456475,25593.65234375,IDP,Accessible,confirmed_by_partner_report,FACT,N/A - fully accessible,FACT
NG034012,Rabah,NG034,Sokoto,Gandi 1,150.09200534842444,21830.1484375,IDP,Accessible,default_unreported,NA,NA,ACF
NG034012,Rabah,NG034,Sokoto,Goddodi,166.0964223992328,14925.4404296875,IDP,Accessible,default_unreported,NA,NA,ACF
NG034012,Rabah,NG034,Sokoto,Kurya,242.55231895085444,13655.2646484375,IDP,Accessible,default_unreported,NA,NA,ACF
NG034012,Rabah,NG034,Sokoto,Maikujera,56.00474989605331,13629.5361328125,IDP,Accessible,default_unreported,NA,NA,ACF
NG034012,Rabah,NG034,Sokoto,Rabah,129.78776473641526,19331.833984375,IDP,Accessible,default_unreported,NA,NA,ACF
NG034012,Rabah,NG034,Sokoto,Tursa,270.0660720550716,6708,IDP,Accessible,default_unreported,NA,NA,ACF
NG034013,Sabon Birni,NG034,Sokoto,Gatawa,336.23227069886065,22946.40625,IDP,Accessible,confirmed_by_partner_report (blank row - not flagged),NA,NA,IRC; LHI
NG034013,Sabon Birni,NG034,Sokoto,Lajinge,100.05891266726327,19213.0546875,IDP,Accessible,confirmed_by_partner_report (blank row - not flagged),NA,NA,IRC; LHI
NG034013,Sabon Birni,NG034,Sokoto,Makuwana,168.96628624550152,28263.796875,IDP,Accessible,confirmed_by_partner_report (blank row - not flagged),NA,NA,IRC; LHI
NG034013,Sabon Birni,NG034,Sokoto,Sabon Birni,42.29340542315972,38166.078125,IDP,Accessible,confirmed_by_partner_report (blank row - not flagged),NA,NA,IRC; LHI
NG034013,Sabon Birni,NG034,Sokoto,Tsamaye,258.51500661853515,23309.310546875,IDP,Accessible,confirmed_by_partner_report (blank row - not flagged),NA,NA,IRC; LHI
NG034013,Sabon Birni,NG034,Sokoto,Unguwar Lalle,457.24700037641344,39261.234375,IDP,Accessible,confirmed_by_partner_report (blank row - not flagged),NA,NA,IRC; LHI
NG034014,Shagari,NG034,Sokoto,Dandin Mahe,100.96258936397761,32486.037109375,IDP,Accessible,default_unreported,NA,NA,CRS
NG034014,Shagari,NG034,Sokoto,Kajiji,55.04140651852765,23176.240234375,IDP,Accessible,default_unreported,NA,NA,CRS
NG034014,Shagari,NG034,Sokoto,Lambara,463.27247943681954,21062.525390625,IDP,Accessible,default_unreported,NA,NA,CRS
NG034014,Shagari,NG034,Sokoto,Shagari,96.4520166746686,29309.482421875,IDP,Accessible,default_unreported,NA,NA,CRS
NG034015,Silame,NG034,Sokoto,Gande,141.36878745312487,20094.08984375,IDP,Accessible,confirmed_by_partner_report,FACT,N/A - fully accessible,FACT
NG034015,Silame,NG034,Sokoto,Jekanadu,93.09237218372088,6580.01416015625,IDP,Inaccessible,confirmed_by_partner_report,FACT,Insecurity / conflict,FACT
NG034015,Silame,NG034,Sokoto,Katami North,74.17241829410196,6589.341796875,IDP,Inaccessible,confirmed_by_partner_report,FACT,Insecurity / conflict,FACT
NG034015,Silame,NG034,Sokoto,Maje,43.10972953079493,4799.88232421875,IDP,Inaccessible,confirmed_by_partner_report,FACT,Insecurity / conflict,FACT
NG034015,Silame,NG034,Sokoto,Marafa,65.24816482939792,6859.07421875,IDP,Inaccessible,confirmed_by_partner_report,FACT,Insecurity / conflict,FACT
NG034015,Silame,NG034,Sokoto,Silame,72.32747100057269,10127.2822265625,IDP,Accessible,confirmed_by_partner_report,FACT,N/A - fully accessible,FACT
NG034016,Sokoto North,NG034,Sokoto,Kalambaina,4.1478244564935265,29797.76171875,IDP,Accessible,default_unreported,NA,NA,DRC
NG034016,Sokoto North,NG034,Sokoto,Magajin Gari B,4.220150596102368,32215.232421875,IDP,Accessible,default_unreported,NA,NA,DRC
NG034016,Sokoto North,NG034,Sokoto,Sarkin Adar Gandu,3.7608136253926157,51182.92578125,IDP,Accessible,default_unreported,NA,NA,DRC
NG034016,Sokoto North,NG034,Sokoto,Waziri A,2.857183105049383,28970.216796875,IDP,Accessible,default_unreported,NA,NA,DRC
NG034016,Sokoto North,NG034,Sokoto,Waziri B,0.5944104902969674,13154.9091796875,IDP,Accessible,default_unreported,NA,NA,DRC
NG034017,Sokoto South,NG034,Sokoto,Gagi A,10.388217366293311,122450.6484375,IDP,Accessible,default_unreported,NA,NA,DRC
NG034017,Sokoto South,NG034,Sokoto,Gagi C,5.823274282247484,84608.8125,IDP,Accessible,default_unreported,NA,NA,DRC
NG034017,Sokoto South,NG034,Sokoto,Tudun Wada A,1.763975604018867,28087.51953125,IDP,Accessible,default_unreported,NA,NA,DRC
NG034017,Sokoto South,NG034,Sokoto,Tudun Wada B,3.4490174486590623,49122.57421875,IDP,Accessible,default_unreported,NA,NA,DRC
NG034018,Tambuwal,NG034,Sokoto,Bagida,326.8501961827602,37686.3125,IDP,Accessible,default_unreported,NA,NA,ACF
NG034018,Tambuwal,NG034,Sokoto,Barkeji-Nabaguda,155.14528814948844,22807.078125,IDP,Accessible,default_unreported,NA,NA,ACF
NG034018,Tambuwal,NG034,Sokoto,Bashire-Maikada,147.74219145453424,39786.2265625,IDP,Accessible,default_unreported,NA,NA,ACF
NG034018,Tambuwal,NG034,Sokoto,Faga Alasan,49.62339947218823,12406.853515625,IDP,Accessible,default_unreported,NA,NA,ACF
NG034018,Tambuwal,NG034,Sokoto,Jabo-Kagara,403.12205913468057,43041.2890625,IDP,Accessible,default_unreported,NA,NA,ACF
NG034018,Tambuwal,NG034,Sokoto,Romo Sarki,105.55267814138504,14393.744140625,IDP,Accessible,default_unreported,NA,NA,ACF
NG034018,Tambuwal,NG034,Sokoto,Sabon Birni,111.75104545470596,14891.0654296875,IDP,Accessible,default_unreported,NA,NA,ACF
NG034018,Tambuwal,NG034,Sokoto,Saida Goshe,168.55026124275196,15528.94140625,IDP,Accessible,default_unreported,NA,NA,ACF
NG034018,Tambuwal,NG034,Sokoto,Sanyinna,10.99927383521366,12759.9697265625,IDP,Accessible,default_unreported,NA,NA,ACF
NG034018,Tambuwal,NG034,Sokoto,Tambuwal,88.46757431041745,56851.578125,IDP,Accessible,default_unreported,NA,NA,ACF
NG034019,Tangaza,NG034,Sokoto,Gidan Madi,67.95178641851497,23577.505859375,IDP,Accessible,confirmed_by_partner_report (blank row - not flagged),NA,NA,IRC; LHI
NG034019,Tangaza,NG034,Sokoto,Sutti,132.59140399442916,14217.2060546875,IDP,Accessible,confirmed_by_partner_report (blank row - not flagged),NA,NA,IRC; LHI
NG034019,Tangaza,NG034,Sokoto,Tangaza,450.5434428028481,32493.875,IDP,Accessible,confirmed_by_partner_report (blank row - not flagged),NA,NA,IRC; LHI
NG034020,Tureta,NG034,Sokoto,Lamba Tureta,129.391400109442,20882.779296875,IDP,Accessible,confirmed_by_partner_report,FACT,N/A - fully accessible,FACT
NG034020,Tureta,NG034,Sokoto,Tureta,72.61478915346807,17292.134765625,IDP,Accessible,confirmed_by_partner_report,FACT,N/A - fully accessible,FACT
NG034021,Wamako,NG034,Sokoto,Arkilla,27.96788066691062,261525.171875,IDP,Accessible,default_unreported,NA,NA,CRS
NG034021,Wamako,NG034,Sokoto,Bado,33.26566095304537,101452.984375,IDP,Accessible,default_unreported,NA,NA,CRS
NG034021,Wamako,NG034,Sokoto,Gidan Bubu,53.312955966813774,30818.7421875,IDP,Accessible,default_unreported,NA,NA,CRS
NG034021,Wamako,NG034,Sokoto,Kalambaina,13.71891131648469,47188.3671875,IDP,Accessible,default_unreported,NA,NA,CRS
NG034021,Wamako,NG034,Sokoto,Wamakko,20.505490899546622,25603.955078125,IDP,Accessible,default_unreported,NA,NA,CRS
NG034022,Wurno,NG034,Sokoto,Achida,19.634447578519225,15820.6787109375,IDP,Accessible,confirmed_by_partner_report,ZOA,N/A - fully accessible,ZOA
NG034022,Wurno,NG034,Sokoto,Dinawa,56.06359736278963,12720.642578125,IDP,Accessible,confirmed_by_partner_report,ZOA,NA,ZOA
NG034022,Wurno,NG034,Sokoto,Rabah,7.615435537196398,1967.58447265625,IDP,Inaccessible,confirmed_by_partner_report,ZOA,Insecurity / conflict,ZOA
NG034022,Wurno,NG034,Sokoto,Tunga,47.115631323439615,17949.70703125,IDP,Accessible,confirmed_by_partner_report,ZOA,N/A - fully accessible,ZOA
NG036001,Bade,NG036,Yobe,Dagona,167.17174114742423,10970.3447265625,IDP,Accessible,confirmed_by_partner_report,NRC,N/A - fully accessible,NRC
NG036001,Bade,NG036,Yobe,Dawayo,103.36083242777079,18472.79296875,IDP,Accessible,confirmed_by_partner_report,NRC,N/A - fully accessible,NRC
NG036001,Bade,NG036,Yobe,Gwio-Kura,298.83144418768353,18035.58203125,IDP,Accessible,confirmed_by_partner_report,NRC,N/A - fully accessible,NRC
NG036001,Bade,NG036,Yobe,Katuzu,13.17612369601822,12633.619140625,IDP,Accessible,confirmed_by_partner_report,NRC,N/A - fully accessible,NRC
NG036001,Bade,NG036,Yobe,Lawan Fannami,2.2648709518519956,25215.623046875,IDP,Accessible,confirmed_by_partner_report,NRC,N/A - fully accessible,NRC
NG036001,Bade,NG036,Yobe,Lawan Musa,1.6983099723894932,16578.556640625,IDP,Accessible,confirmed_by_partner_report,NRC,N/A - fully accessible,NRC
NG036001,Bade,NG036,Yobe,Sabon Gari,6.607322114053771,37760.08984375,IDP,Accessible,confirmed_by_partner_report,NRC,N/A - fully accessible,NRC
NG036001,Bade,NG036,Yobe,Sarkin Hausawa,14.23027325106609,13940.560546875,IDP,Accessible,confirmed_by_partner_report,NRC,N/A - fully accessible,NRC
NG036001,Bade,NG036,Yobe,Zango,2.803519116536851,17020.26171875,IDP,Accessible,confirmed_by_partner_report,NRC,N/A - fully accessible,NRC
NG036002,Bursari,NG036,Yobe,Bayamari,233.1349143721676,19456.634765625,IDP,Accessible,confirmed_by_partner_report,FACT,N/A - fully accessible,FACT
NG036002,Bursari,NG036,Yobe,Dapchi,519.4372258919927,36906.046875,IDP,Accessible,confirmed_by_partner_report,FACT,N/A - fully accessible,FACT
NG036002,Bursari,NG036,Yobe,Guba Dapso,500.34829368943593,18955.15234375,IDP,Accessible,confirmed_by_partner_report,FACT,N/A - fully accessible,FACT
NG036002,Bursari,NG036,Yobe,Guji Metalari,389.33564781625586,25084,IDP,Accessible,confirmed_by_partner_report,FACT,N/A - fully accessible,FACT
NG036002,Bursari,NG036,Yobe,Jawa Garun Dole,328.8831111145713,29100.7265625,IDP,Accessible,confirmed_by_partner_report,FACT,N/A - fully accessible,FACT
NG036002,Bursari,NG036,Yobe,Kaliyari,531.1920830582552,24352.66796875,IDP,Accessible,confirmed_by_partner_report,FACT,N/A - fully accessible,FACT
NG036003,Damaturu,NG036,Yobe,Bindigari Pawari,16.808015650514363,48146.23828125,IDP,Accessible,confirmed_by_partner_report,NRC,N/A - fully accessible,NRC
NG036003,Damaturu,NG036,Yobe,Damakasu,196.19217061329604,7437.39501953125,IDP,Accessible,confirmed_by_partner_report,NRC,N/A - fully accessible,NRC
NG036003,Damaturu,NG036,Yobe,Damaturu Central,19.538060310732842,85084.171875,IDP,Accessible,confirmed_by_partner_report,NRC,N/A - fully accessible,NRC
NG036003,Damaturu,NG036,Yobe,Gambir Moduri,296.87733567320015,14016.4248046875,IDP,Accessible,confirmed_by_partner_report,NRC,N/A - fully accessible,NRC
NG036003,Damaturu,NG036,Yobe,Kalallawa Gabai,558.3483615088581,14408.8984375,IDP,Accessible,confirmed_by_partner_report,NRC,N/A - fully accessible,NRC
NG036003,Damaturu,NG036,Yobe,Kukareta Warsala,435.26926583408846,19751.140625,IDP,Accessible,confirmed_by_partner_report,NRC,N/A - fully accessible,NRC
NG036003,Damaturu,NG036,Yobe,Maisandari / Waziri Ibrahim,223.42730302250553,88130.4765625,IDP,Accessible,confirmed_by_partner_report,NRC,N/A - fully accessible,NRC
NG036003,Damaturu,NG036,Yobe,Murfakalam,190.89008275457954,15225.7646484375,IDP,Accessible,confirmed_by_partner_report,NRC,N/A - fully accessible,NRC
NG036003,Damaturu,NG036,Yobe,Nayinawa,22.53786299741827,79276.1875,IDP,Accessible,confirmed_by_partner_report,NRC,N/A - fully accessible,NRC
NG036003,Damaturu,NG036,Yobe,Ngamdu,4.716354309279321,341.8135070800781,IDP,Accessible,default_unreported,NA,NA,NRC
NG036003,Damaturu,NG036,Yobe,Njiwaji / Gwange,16.898243056621073,72500.6796875,IDP,Accessible,confirmed_by_partner_report,NRC,N/A - fully accessible,NRC
NG036004,Fika,NG036,Yobe,Fika Anze,141.70699461564803,28481.224609375,IDP,Accessible,confirmed_by_partner_report,FACT,N/A - fully accessible,FACT
NG036004,Fika,NG036,Yobe,Gadaka / She,302.44685581481065,53408.28125,IDP,Accessible,confirmed_by_partner_report,FACT,N/A - fully accessible,FACT
NG036004,Fika,NG036,Yobe,Gudi / Dozi,467.7905219034487,20724.169921875,IDP,Accessible,confirmed_by_partner_report,FACT,N/A - fully accessible,FACT
NG036004,Fika,NG036,Yobe,Shoye,32.297289259042415,2299.220458984375,IDP,Accessible,confirmed_by_partner_report,FACT,N/A - fully accessible,FACT
NG036005,Fune,NG036,Yobe,Damagum A,22.08774141049987,30952.720703125,IDP,Accessible,confirmed_by_partner_report,FACT,N/A - fully accessible,FACT
NG036005,Fune,NG036,Yobe,Damagum B,290.8046928657492,28786.802734375,IDP,Accessible,confirmed_by_partner_report,FACT,N/A - fully accessible,FACT
NG036005,Fune,NG036,Yobe,Daura B,322.7797608865198,31257.228515625,IDP,Accessible,confirmed_by_partner_report,FACT,N/A - fully accessible,FACT
NG036005,Fune,NG036,Yobe,Jajere,625.092990853665,50626.65625,IDP,Accessible,confirmed_by_partner_report,FACT,N/A - fully accessible,FACT
NG036005,Fune,NG036,Yobe,Kollere Kafaje,730.1586122158208,54254.62890625,IDP,Accessible,confirmed_by_partner_report,FACT,N/A - fully accessible,FACT
NG036005,Fune,NG036,Yobe,Mashio,912.2483016004674,44693.28515625,IDP,Accessible,confirmed_by_partner_report,FACT,N/A - fully accessible,FACT
NG036005,Fune,NG036,Yobe,Ngelzarma A,427.55757007794665,38332.19921875,IDP,Accessible,confirmed_by_partner_report,FACT,N/A - fully accessible,FACT
NG036005,Fune,NG036,Yobe,Ngelzarma B,725.0196577610635,31447.021484375,IDP,Accessible,confirmed_by_partner_report,FACT,N/A - fully accessible,FACT
NG036006,Geidam,NG036,Yobe,Asheikri,59.2623265880518,22064.484375,IDP,Accessible,confirmed_by_partner_report,FACT,N/A - fully accessible,FACT
NG036006,Geidam,NG036,Yobe,Balle,122.90521062656113,14082.1171875,IDP,Accessible,confirmed_by_partner_report,FACT,N/A - fully accessible,FACT
NG036006,Geidam,NG036,Yobe,Hausari,9.823553417647123,25230.078125,IDP,Accessible,confirmed_by_partner_report,FACT,N/A - fully accessible,FACT
NG036006,Geidam,NG036,Yobe,Jororo,374.5926853734218,21040.158203125,IDP,Accessible,confirmed_by_partner_report,FACT,N/A - fully accessible,FACT
NG036006,Geidam,NG036,Yobe,Kolori,21.923064059696674,29016.353515625,IDP,Inaccessible,confirmed_by_partner_report,FACT,Insecurity / conflict,FACT
NG036006,Geidam,NG036,Yobe,Ma'anna,489.16832569502225,24275.2265625,IDP,Inaccessible,confirmed_by_partner_report,FACT,Insecurity / conflict,FACT
NG036007,Gujba,NG036,Yobe,Buni Gari,489.08818454628073,16789.482421875,IDP,Accessible,confirmed_by_partner_report,NRC,N/A - fully accessible,NRC
NG036007,Gujba,NG036,Yobe,Buni Yadi,258.1737808631158,35610.55078125,IDP,Accessible,confirmed_by_partner_report,NRC,N/A - fully accessible,NRC
NG036007,Gujba,NG036,Yobe,Gujba,1144.821551696678,43852.953125,IDP,Accessible,confirmed_by_partner_report,NRC,N/A - fully accessible,NRC
NG036007,Gujba,NG036,Yobe,Mutai,444.6609057086656,21226.9375,IDP,Accessible,confirmed_by_partner_report,NRC,N/A - fully accessible,NRC
NG036007,Gujba,NG036,Yobe,Wagir,421.1489449952106,21129.57421875,IDP,Accessible,confirmed_by_partner_report,NRC,N/A - fully accessible,NRC
NG036008,Gulani,NG036,Yobe,Bara,149.25510233949132,17275.107421875,IDP,Accessible,confirmed_by_partner_report,FACT,N/A - fully accessible,FACT
NG036008,Gulani,NG036,Yobe,Bularafa,201.66320815925053,14119.6171875,IDP,Accessible,confirmed_by_partner_report,FACT,N/A - fully accessible,FACT
NG036008,Gulani,NG036,Yobe,Bumsa,241.39602567973435,12935.7822265625,IDP,Accessible,confirmed_by_partner_report,FACT,N/A - fully accessible,FACT
NG036008,Gulani,NG036,Yobe,Dokshi,211.04177974641908,6843.7900390625,IDP,Accessible,confirmed_by_partner_report,FACT,N/A - fully accessible,FACT
NG036008,Gulani,NG036,Yobe,Njibulwa,63.243589037133695,8855.2265625,IDP,Inaccessible,confirmed_by_partner_report,FACT,Physical access (terrain,FACT
NG036008,Gulani,NG036,Yobe,Tetteba,164.2277228657651,11568.2939453125,IDP,Accessible,confirmed_by_partner_report,FACT,N/A - fully accessible,FACT
NG036009,Jakusko,NG036,Yobe,Buduwa,305.0239826434634,35242.2109375,IDP,Accessible,confirmed_by_partner_report,FACT,N/A - fully accessible,FACT
NG036009,Jakusko,NG036,Yobe,Dumbari,433.4188982478306,22989.853515625,IDP,Accessible,confirmed_by_partner_report,FACT,N/A - fully accessible,FACT
NG036009,Jakusko,NG036,Yobe,Girgir / Bayam,524.9488028681137,34055.44140625,IDP,Accessible,confirmed_by_partner_report,FACT,N/A - fully accessible,FACT
NG036009,Jakusko,NG036,Yobe,Jakusko,176.57253708671666,30077.275390625,IDP,Accessible,confirmed_by_partner_report,FACT,N/A - fully accessible,FACT
NG036009,Jakusko,NG036,Yobe,Jawur / Katamma,480.74488802672363,35548.94140625,IDP,Accessible,confirmed_by_partner_report,FACT,N/A - fully accessible,FACT
NG036009,Jakusko,NG036,Yobe,Zabudum / Dachia,355.3231169072561,21080.2890625,IDP,Accessible,confirmed_by_partner_report,FACT,N/A - fully accessible,FACT
NG036010,Karasuwa,NG036,Yobe,Bilal Jawa,172.73440250369723,18927.591796875,IDP,Accessible,confirmed_by_partner_report,FACT,N/A - fully accessible,FACT
NG036010,Karasuwa,NG036,Yobe,Dawayo,21.24922071444149,2898.724365234375,IDP,Accessible,confirmed_by_partner_report,FACT,N/A - fully accessible,FACT
NG036010,Karasuwa,NG036,Yobe,Garin Gawo,146.5480323139935,10498.7890625,IDP,Inaccessible,confirmed_by_partner_report,FACT,Other,FACT
NG036010,Karasuwa,NG036,Yobe,Gasma,99.10910048062921,11651.197265625,IDP,Accessible,confirmed_by_partner_report,FACT,N/A - fully accessible,FACT
NG036010,Karasuwa,NG036,Yobe,Jaji Maji,27.277122726074666,13139.646484375,IDP,Accessible,confirmed_by_partner_report,FACT,N/A - fully accessible,FACT
NG036010,Karasuwa,NG036,Yobe,Karasuwa Galu,261.77992930371016,16825.037109375,IDP,Accessible,confirmed_by_partner_report,FACT,N/A - fully accessible,FACT
NG036010,Karasuwa,NG036,Yobe,Lawan Musa,27.943843592658997,8527.52734375,IDP,Accessible,confirmed_by_partner_report,FACT,N/A - fully accessible,FACT
NG036010,Karasuwa,NG036,Yobe,Wachakal,18.036854067961908,3660.6220703125,IDP,Accessible,confirmed_by_partner_report,FACT,N/A - fully accessible,FACT
NG036011,Machina,NG036,Yobe,Damai,108.96851576441169,5536.55322265625,IDP,Accessible,default_unreported,NA,NA,FACT
NG036011,Machina,NG036,Yobe,Dole,137.64974092816365,8332.376953125,IDP,Accessible,default_unreported,NA,NA,FACT
NG036011,Machina,NG036,Yobe,Falimaram,131.13116105578982,7407.14697265625,IDP,Accessible,default_unreported,NA,NA,FACT
NG036011,Machina,NG036,Yobe,Lamisu,358.7672475112424,13614.318359375,IDP,Accessible,confirmed_by_partner_report,FACT,N/A - fully accessible,FACT
NG036011,Machina,NG036,Yobe,Machina,107.73509721821458,14987.353515625,IDP,Accessible,default_unreported,NA,NA,FACT
NG036011,Machina,NG036,Yobe,Maskandare,170.13840211178703,10570.2490234375,IDP,Accessible,confirmed_by_partner_report,FACT,N/A - fully accessible,FACT
NG036011,Machina,NG036,Yobe,Taganama,82.20032510968703,3633.595703125,IDP,Accessible,default_unreported,NA,NA,FACT
NG036012,Nangere,NG036,Yobe,Darin Langawa,88.61922306748468,8484.365234375,IDP,Accessible,confirmed_by_partner_report,FACT,N/A - fully accessible,FACT
NG036012,Nangere,NG036,Yobe,Dawasa,105.43778486200137,20244.87890625,IDP,Accessible,confirmed_by_partner_report,FACT,N/A - fully accessible,FACT
NG036012,Nangere,NG036,Yobe,Degubi,66.69232082910953,9723.9453125,IDP,Accessible,confirmed_by_partner_report,FACT,N/A - fully accessible,FACT
NG036012,Nangere,NG036,Yobe,Duddaye,220.84964761308407,29950.4375,IDP,Accessible,confirmed_by_partner_report,FACT,N/A - fully accessible,FACT
NG036012,Nangere,NG036,Yobe,Nangere,77.94303417342942,16345.2138671875,IDP,Accessible,confirmed_by_partner_report,FACT,N/A - fully accessible,FACT
NG036013,Nguru,NG036,Yobe,Bulabulin,13.496016308096529,21523.685546875,IDP,Accessible,confirmed_by_partner_report,FACT,N/A - fully accessible,FACT
NG036013,Nguru,NG036,Yobe,Bulanguwa,132.6362301935153,11858.291015625,IDP,Accessible,confirmed_by_partner_report,FACT,N/A - fully accessible,FACT
NG036013,Nguru,NG036,Yobe,Dumsai,113.18615093238446,13120.765625,IDP,Accessible,default_unreported,NA,NA,FACT
NG036013,Nguru,NG036,Yobe,Hausari,2.5709394621372224,27078.03125,IDP,Accessible,confirmed_by_partner_report,FACT,N/A - fully accessible,FACT
NG036013,Nguru,NG036,Yobe,Maja Kura,165.66280787769966,16209.412109375,IDP,Inaccessible,confirmed_by_partner_report,FACT,Other,FACT
NG036013,Nguru,NG036,Yobe,Ngarbi,33.35471341998243,38517.8203125,IDP,Accessible,confirmed_by_partner_report,FACT,N/A - fully accessible,FACT
NG036013,Nguru,NG036,Yobe,Ngilewa,10.669831444623798,24971.525390625,IDP,Accessible,confirmed_by_partner_report,FACT,N/A - fully accessible,FACT
NG036013,Nguru,NG036,Yobe,S G Kanuri,5.906006497521401,21192.416015625,IDP,Accessible,confirmed_by_partner_report,FACT,N/A - fully accessible,FACT
NG036014,Potiskum,NG036,Yobe,Bare Bari,36.48938443288004,26005.966796875,IDP,Accessible,confirmed_by_partner_report,FACT,N/A - fully accessible,FACT
NG036014,Potiskum,NG036,Yobe,Bolewa A,2.1287024752910173,26113.26171875,IDP,Inaccessible,confirmed_by_partner_report,FACT,Other,FACT
NG036014,Potiskum,NG036,Yobe,Bolewa B,5.443554501722067,63988.29296875,IDP,Accessible,confirmed_by_partner_report,FACT,N/A - fully accessible,FACT
NG036014,Potiskum,NG036,Yobe,Danchuwa,4.775256291766998,34158.76171875,IDP,Accessible,confirmed_by_partner_report,FACT,N/A - fully accessible,FACT
NG036014,Potiskum,NG036,Yobe,Dogo Tebo,3.2689155798536538,19436.080078125,IDP,Inaccessible,confirmed_by_partner_report,FACT,Other,FACT
NG036014,Potiskum,NG036,Yobe,Dogon Nini,7.700682161646902,88764.6328125,IDP,Accessible,confirmed_by_partner_report,FACT,N/A - fully accessible,FACT
NG036014,Potiskum,NG036,Yobe,Hausawa Asibiti,4.387121717730947,24576.033203125,IDP,Inaccessible,confirmed_by_partner_report,FACT,Other,FACT
NG036014,Potiskum,NG036,Yobe,Mamudo,184.50554680657345,29485.4140625,IDP,Accessible,confirmed_by_partner_report,FACT,N/A - fully accessible,FACT
NG036014,Potiskum,NG036,Yobe,Ngojin Alaraba,184.6549793059702,29642.568359375,IDP,Inaccessible,confirmed_by_partner_report,FACT,Other,FACT
NG036014,Potiskum,NG036,Yobe,Tikau,93.26670106400073,21066.50390625,IDP,Inaccessible,confirmed_by_partner_report,FACT,Other,FACT
NG036014,Potiskum,NG036,Yobe,Yerimaram,56.318538261105566,127613.1015625,IDP,Accessible,confirmed_by_partner_report,FACT,N/A - fully accessible,FACT
NG036015,Tarmua,NG036,Yobe,Babbangida,827.0722947470568,40466.0390625,IDP,Accessible,confirmed_by_partner_report,FACT,N/A - fully accessible,FACT
NG036015,Tarmua,NG036,Yobe,Biriri,465.35650577239227,26284.345703125,IDP,Accessible,confirmed_by_partner_report,FACT,N/A - fully accessible,FACT
NG036015,Tarmua,NG036,Yobe,Jajere,241.33487635023803,13178.3828125,IDP,Inaccessible,confirmed_by_partner_report,FACT,Insecurity / conflict,FACT
NG036015,Tarmua,NG036,Yobe,Jumbam,192.81120923496604,13534.1611328125,IDP,Accessible,confirmed_by_partner_report,FACT,N/A - fully accessible,FACT
NG036015,Tarmua,NG036,Yobe,Shekau,183.07982692396354,7496.3447265625,IDP,Accessible,confirmed_by_partner_report,FACT,N/A - fully accessible,FACT
NG036016,Yunusari,NG036,Yobe,Bultuwa,382.11648574437737,25658.806640625,IDP,Inaccessible,confirmed_by_partner_report,FACT,Insecurity / conflict,FACT
NG036016,Yunusari,NG036,Yobe,Dilala / Kalgi,539.2979773861431,29778.12109375,IDP,Accessible,confirmed_by_partner_report,FACT,N/A - fully accessible,FACT
NG036016,Yunusari,NG036,Yobe,Kafiya,417.2230649780364,21751.9296875,IDP,Accessible,confirmed_by_partner_report,FACT,N/A - fully accessible,FACT
NG036016,Yunusari,NG036,Yobe,Mairari,423.4149244961748,38735.21875,IDP,Inaccessible,confirmed_by_partner_report,FACT,Other,FACT
NG036016,Yunusari,NG036,Yobe,Mozogun,259.03669723974906,16730.26171875,IDP,Accessible,confirmed_by_partner_report,FACT,N/A - fully accessible,FACT
NG036016,Yunusari,NG036,Yobe,Yunusari,842.4280533074462,31648.37890625,IDP,Accessible,confirmed_by_partner_report,FACT,N/A - fully accessible,FACT
NG036016,Yunusari,NG036,Yobe,Zajibiriri / Dumbol,321.7715188612378,19122.3046875,IDP,Accessible,confirmed_by_partner_report,FACT,N/A - fully accessible,FACT
NG036017,Yusufari,NG036,Yobe,Bulatura,438.04058830058307,21152.34375,IDP,Accessible,confirmed_by_partner_report,FACT,N/A - fully accessible,FACT
NG036017,Yusufari,NG036,Yobe,Guya,459.7284433316491,22369.693359375,IDP,Accessible,confirmed_by_partner_report,FACT,N/A - fully accessible,FACT
NG036017,Yusufari,NG036,Yobe,Jebuwa,404.8459510993216,21639.10546875,IDP,Accessible,confirmed_by_partner_report,FACT,N/A - fully accessible,FACT
NG036017,Yusufari,NG036,Yobe,Kumaganam,498.77809417299414,26097.646484375,IDP,Accessible,confirmed_by_partner_report,FACT,N/A - fully accessible,FACT
NG036017,Yusufari,NG036,Yobe,Maimalari,421.46462731886953,19703.08984375,IDP,Accessible,confirmed_by_partner_report,FACT,N/A - fully accessible,FACT
NG036017,Yusufari,NG036,Yobe,Tulotulo,784.2074533088924,24878.34765625,IDP,Accessible,confirmed_by_partner_report,FACT,N/A - fully accessible,FACT
NG036017,Yusufari,NG036,Yobe,Yusufari,394.5823627032193,26684.275390625,IDP,Accessible,confirmed_by_partner_report,FACT,N/A - fully accessible,FACT
NG037001,Anka,NG037,Zamfara,Dangaladima,114.05935431133359,13694.28515625,IDP,Accessible,confirmed_by_partner_report (blank row - not flagged),NA,NA,Solidarités
NG037001,Anka,NG037,Zamfara,Magaji,114.2732883090291,31087.01953125,IDP,Accessible,confirmed_by_partner_report (blank row - not flagged),NA,NA,Solidarités
NG037001,Anka,NG037,Zamfara,Matseri,168.77134727574443,14346.1396484375,IDP,Accessible,confirmed_by_partner_report (blank row - not flagged),NA,NA,Solidarités
NG037001,Anka,NG037,Zamfara,Sabon Birni,708.130477854629,27477.21875,IDP,Accessible,confirmed_by_partner_report (blank row - not flagged),NA,NA,Solidarités
NG037002,Bakura,NG037,Zamfara,Bakura,19.997782031011344,31056.4375,IDP,Accessible,confirmed_by_partner_report,FACT,N/A - fully accessible,FACT
NG037002,Bakura,NG037,Zamfara,Birnin Tudu,93.4506388756144,14652.923828125,IDP,Accessible,confirmed_by_partner_report,FACT,N/A - fully accessible,FACT
NG037002,Bakura,NG037,Zamfara,Damri,352.1927289155166,15890.5341796875,IDP,Inaccessible,confirmed_by_partner_report,FACT,Insecurity / conflict,FACT
NG037002,Bakura,NG037,Zamfara,Danmanau,572.9465875754059,33358.015625,IDP,Accessible,confirmed_by_partner_report,FACT,N/A - fully accessible,FACT
NG037002,Bakura,NG037,Zamfara,Nasarawa,176.3347909720142,9269.5908203125,IDP,Accessible,confirmed_by_partner_report,FACT,N/A - fully accessible,FACT
NG037002,Bakura,NG037,Zamfara,Yargeda,56.97880970294395,9125.6142578125,IDP,Accessible,confirmed_by_partner_report,FACT,N/A - fully accessible,FACT
NG037003,Birnin Magaji,NG037,Zamfara,Birnin Magaji,44.53022155870247,21217.552734375,IDP,Accessible,confirmed_by_partner_report,FACT,N/A - fully accessible,FACT
NG037003,Birnin Magaji,NG037,Zamfara,Gusami Hayi,112.3556218307547,11336.1982421875,IDP,Inaccessible,confirmed_by_partner_report,FACT,Insecurity / conflict,FACT
NG037003,Birnin Magaji,NG037,Zamfara,Madomawa East,37.39484120228815,13308.138671875,IDP,Accessible,confirmed_by_partner_report,FACT,N/A - fully accessible,FACT
NG037003,Birnin Magaji,NG037,Zamfara,Nassarawa Godel West,99.98566187229908,23678.6015625,IDP,Accessible,confirmed_by_partner_report,FACT,N/A - fully accessible,FACT
NG037004,Bukkuyum,NG037,Zamfara,Bukkuyum,212.87898465620648,22511.83203125,IDP,Accessible,confirmed_by_partner_report,FACT,N/A - fully accessible,FACT
NG037004,Bukkuyum,NG037,Zamfara,Gwashi,646.7966892936488,46541.33984375,IDP,Inaccessible,confirmed_by_partner_report,FACT,Insecurity / conflict,FACT
NG037004,Bukkuyum,NG037,Zamfara,Kyaram,747.7495419304029,64287.8125,IDP,Accessible,confirmed_by_partner_report,FACT,N/A - fully accessible,FACT
NG037004,Bukkuyum,NG037,Zamfara,Masama,243.4065725653079,21085.724609375,IDP,Inaccessible,confirmed_by_partner_report,FACT,Insecurity / conflict,FACT
NG037004,Bukkuyum,NG037,Zamfara,Nasarawa,246.311432244174,38581.37109375,IDP,Accessible,confirmed_by_partner_report,FACT,N/A - fully accessible,FACT
NG037004,Bukkuyum,NG037,Zamfara,Zarummai,399.86196897874163,29626.869140625,IDP,Accessible,confirmed_by_partner_report,FACT,N/A - fully accessible,FACT
NG037005,Bungudu,NG037,Zamfara,Bela Rawaiya,146.10143209025432,65872.40625,IDP,Accessible,confirmed_by_partner_report,Save the Children,N/A - fully accessible,Save the Children
NG037005,Bungudu,NG037,Zamfara,Bungudu,101.87317747728413,46726.44140625,IDP,Accessible,confirmed_by_partner_report,Save the Children,N/A - fully accessible,Save the Children
NG037005,Bungudu,NG037,Zamfara,Kotorkoshi,143.80793854335832,53920.28515625,IDP,Accessible,confirmed_by_partner_report,Save the Children,N/A - fully accessible,Save the Children
NG037005,Bungudu,NG037,Zamfara,Samawa,65.44815009469652,20486.767578125,IDP,Inaccessible,confirmed_by_partner_report,Save the Children,Insecurity / conflict,Save the Children
NG037006,Gummi,NG037,Zamfara,Bardoki,1054.3329633577991,43399.58203125,IDP,Inaccessible,confirmed_by_partner_report,FACT,Insecurity / conflict,FACT
NG037006,Gummi,NG037,Zamfara,Birnin Tudu,385.21379590120966,47974.828125,IDP,Accessible,confirmed_by_partner_report,FACT,N/A - fully accessible,FACT
NG037006,Gummi,NG037,Zamfara,Gamo,227.2943915476947,24169.517578125,IDP,Inaccessible,confirmed_by_partner_report,FACT,Insecurity / conflict,FACT
NG037006,Gummi,NG037,Zamfara,Gyalganye,82.86263180433869,27658.060546875,IDP,Accessible,confirmed_by_partner_report,FACT,N/A - fully accessible,FACT
NG037006,Gummi,NG037,Zamfara,Magaji,246.5682155672952,69563.0234375,IDP,Accessible,confirmed_by_partner_report,FACT,N/A - fully accessible,FACT
NG037006,Gummi,NG037,Zamfara,Rafi,57.7328376561513,16616.25390625,IDP,Accessible,confirmed_by_partner_report,FACT,N/A - fully accessible,FACT
NG037006,Gummi,NG037,Zamfara,Uban Dawaki,57.752893350933434,17740.775390625,IDP,Accessible,confirmed_by_partner_report,FACT,N/A - fully accessible,FACT
NG037007,Gusau,NG037,Zamfara,Galadima,43.52472635933399,243746.453125,IDP,Accessible,confirmed_by_partner_report,INTERSOS,NA,INTERSOS
NG037007,Gusau,NG037,Zamfara,Mada,115.61587474974168,44399.91015625,IDP,Inaccessible,confirmed_by_partner_report,INTERSOS,NA,INTERSOS
NG037007,Gusau,NG037,Zamfara,Magami,571.637045443099,64960.44921875,IDP,Inaccessible,confirmed_by_partner_report,INTERSOS,NA,INTERSOS
NG037007,Gusau,NG037,Zamfara,Mayana,63.699271696676966,47019.71875,IDP,Accessible,confirmed_by_partner_report,INTERSOS,NA,INTERSOS
NG037007,Gusau,NG037,Zamfara,Rijiya,131.5141437816577,49486.36328125,IDP,Accessible,confirmed_by_partner_report,INTERSOS,NA,INTERSOS
NG037007,Gusau,NG037,Zamfara,Sabon Gari,3.518486525510963,49351.6640625,IDP,Accessible,confirmed_by_partner_report (blank row - not flagged),NA,NA,INTERSOS
NG037007,Gusau,NG037,Zamfara,Tudun Wada,73.67032349458968,278560.875,IDP,Accessible,confirmed_by_partner_report,INTERSOS,NA,INTERSOS
NG037007,Gusau,NG037,Zamfara,Wanke,438.79259553171346,65806.7421875,IDP,Inaccessible,confirmed_by_partner_report,INTERSOS,NA,INTERSOS
NG037008,Kaura Namoda,NG037,Zamfara,Galadima Dan Galadima,46.777751439914226,36201.10546875,IDP,Accessible,default_unreported,NA,NA,DRC
NG037008,Kaura Namoda,NG037,Zamfara,Kagara,55.087196717588185,14402.3271484375,IDP,Accessible,default_unreported,NA,NA,DRC
NG037008,Kaura Namoda,NG037,Zamfara,Kungurki,179.938524030689,52157.76953125,IDP,Accessible,default_unreported,NA,NA,DRC
NG037008,Kaura Namoda,NG037,Zamfara,Kyambarawa,94.74859926997877,36120.45703125,IDP,Accessible,default_unreported,NA,NA,DRC
NG037008,Kaura Namoda,NG037,Zamfara,Sakajiki,93.96521978378439,24156.580078125,IDP,Accessible,default_unreported,NA,NA,DRC
NG037008,Kaura Namoda,NG037,Zamfara,Sarkin Mafara-Sarkin Baura,69.1654212754972,96503.0234375,IDP,Accessible,default_unreported,NA,NA,DRC
NG037008,Kaura Namoda,NG037,Zamfara,Yankaba,48.82786207592404,19516.458984375,IDP,Accessible,default_unreported,NA,NA,DRC
NG037009,Maradun,NG037,Zamfara,Dosara Birnin Kaya,258.4903478602984,31717.98046875,IDP,Accessible,confirmed_by_partner_report,FACT,N/A - fully accessible,FACT
NG037009,Maradun,NG037,Zamfara,Gidan Goga,171.3531551355599,24565.279296875,IDP,Inaccessible,confirmed_by_partner_report,FACT,Insecurity / conflict,FACT
NG037009,Maradun,NG037,Zamfara,Gorar Namaye,131.437562416067,20059.349609375,IDP,Inaccessible,confirmed_by_partner_report,FACT,Insecurity / conflict,FACT
NG037009,Maradun,NG037,Zamfara,Janbako,376.54535534348344,16379.2255859375,IDP,Inaccessible,confirmed_by_partner_report,FACT,Insecurity / conflict,FACT
NG037009,Maradun,NG037,Zamfara,Maradun South,113.61774814064599,33506.6953125,IDP,Accessible,confirmed_by_partner_report,FACT,N/A - fully accessible,FACT
NG037010,Maru,NG037,Zamfara,Bindin,467.4718406276512,28974.888671875,IDP,Inaccessible,confirmed_by_partner_report,INTERSOS,NA,INTERSOS
NG037010,Maru,NG037,Zamfara,Dangulbi,806.9674596265278,62530.16796875,IDP,Inaccessible,confirmed_by_partner_report,INTERSOS,NA,INTERSOS
NG037010,Maru,NG037,Zamfara,Kanoma,601.7869445452201,39298.8046875,IDP,Inaccessible,confirmed_by_partner_report,INTERSOS,NA,INTERSOS
NG037010,Maru,NG037,Zamfara,Maru,211.8617527215675,47158.4375,IDP,Accessible,confirmed_by_partner_report,INTERSOS,NA,INTERSOS
NG037010,Maru,NG037,Zamfara,Mayanchi,88.83499998476007,15597.0986328125,IDP,Inaccessible,confirmed_by_partner_report,INTERSOS,NA,INTERSOS
NG037010,Maru,NG037,Zamfara,Ruwan Doruma,120.38122089584542,21335.267578125,IDP,Accessible,confirmed_by_partner_report,INTERSOS,NA,INTERSOS
NG037011,Shinkafi,NG037,Zamfara,Badarawa,73.38778246721185,13425.201171875,IDP,Accessible,confirmed_by_partner_report,FACT,N/A - fully accessible,FACT
NG037011,Shinkafi,NG037,Zamfara,Galadi,187.60846200414895,22816.220703125,IDP,Accessible,confirmed_by_partner_report,FACT,N/A - fully accessible,FACT
NG037011,Shinkafi,NG037,Zamfara,Jangeru,75.26826526681995,15163.353515625,IDP,Accessible,confirmed_by_partner_report,FACT,N/A - fully accessible,FACT
NG037011,Shinkafi,NG037,Zamfara,Kware,109.27815881685221,13653.224609375,IDP,Inaccessible,confirmed_by_partner_report,FACT,Insecurity / conflict,FACT
NG037011,Shinkafi,NG037,Zamfara,Shanawa,35.68862634316349,7020.97119140625,IDP,Accessible,confirmed_by_partner_report,FACT,N/A - fully accessible,FACT
NG037011,Shinkafi,NG037,Zamfara,Shinkafi North,5.856266535716653,22088.28125,IDP,Accessible,confirmed_by_partner_report,FACT,N/A - fully accessible,FACT
NG037011,Shinkafi,NG037,Zamfara,Shinkafi South,10.944003450999498,32966.36328125,IDP,Accessible,confirmed_by_partner_report,FACT,N/A - fully accessible,FACT
NG037012,Talata Mafara,NG037,Zamfara,Galadima,130.39702534676982,92096.171875,IDP,Accessible,confirmed_by_partner_report,FACT,N/A - fully accessible,FACT
NG037012,Talata Mafara,NG037,Zamfara,Gusari-Garbadu,80.16127895456,14968.5556640625,IDP,Inaccessible,confirmed_by_partner_report,FACT,Insecurity / conflict,FACT
NG037012,Talata Mafara,NG037,Zamfara,Jangebe,129.52032636302627,29703.412109375,IDP,Inaccessible,confirmed_by_partner_report,FACT,Insecurity / conflict,FACT
NG037012,Talata Mafara,NG037,Zamfara,Kayaye,93.2213404101925,65067.40234375,IDP,Accessible,confirmed_by_partner_report,FACT,N/A - fully accessible,FACT
NG037012,Talata Mafara,NG037,Zamfara,Morai,165.57052969767022,29101.53125,IDP,Inaccessible,confirmed_by_partner_report,FACT,Insecurity / conflict,FACT
NG037013,Tsafe,NG037,Zamfara,Bilbis,234.25737547917473,43440.6015625,IDP,Accessible,confirmed_by_partner_report (blank row - not flagged),NA,NA,IRC
NG037013,Tsafe,NG037,Zamfara,Kwaren Ganuwa,149.89057983410098,25803.615234375,IDP,Accessible,confirmed_by_partner_report (blank row - not flagged),NA,NA,IRC
NG037013,Tsafe,NG037,Zamfara,Yandoton Daji,107.76852122270029,32949.01953125,IDP,Accessible,confirmed_by_partner_report (blank row - not flagged),NA,NA,IRC
NG037014,Zurmi,NG037,Zamfara,Dauran Birnin Tsaba,200.52189531431523,38698.33203125,IDP,Inaccessible,confirmed_by_partner_report,FACT,Insecurity / conflict,FACT
NG037014,Zurmi,NG037,Zamfara,Kurya,51.13814496354175,2191.86474609375,IDP,Inaccessible,confirmed_by_partner_report,FACT,Insecurity / conflict,FACT
NG037014,Zurmi,NG037,Zamfara,Moriki,128.03888904604898,28300.03125,IDP,Accessible,confirmed_by_partner_report,FACT,N/A - fully accessible,FACT
NG037014,Zurmi,NG037,Zamfara,Zurmi,136.2889363375716,42199.8203125,IDP,Accessible,confirmed_by_partner_report,FACT,N/A - fully accessible,FACT
