State,LGA,Ward (GRID3),Ward (OCHA/COD),Ward spans multiple LGAs (Y/N),Other LGA(s) sharing this ward,Partners covering this LGA-ward portion,Non-IDP clusters,IDP clusters,Total target HHs (primary),Accessible status,Status source,Reporting partner(s),Reported by,Reason category,Reason notes,Date reported by partner,Last reported date,% target achieved so far (as reported)
Adamawa,Demsa,Demsa,Demsa,Yes,Yola South,FACT,2,4,46,Accessible,confirmed_by_partner_report,FACT,Partner,N/A - fully accessible,,2026-04-09 00:00:00,2026-04-09,
Adamawa,Demsa,Dong,Dong,No,,FACT,2,2,36,Accessible,confirmed_by_partner_report,FACT,Partner,N/A - fully accessible,,2026-04-09 00:00:00,2026-04-09,
Adamawa,Demsa,Kpasham,Kpasham,No,,FACT,3,1,30,Accessible,confirmed_by_partner_report,FACT,Partner,N/A - fully accessible,,2026-04-09 00:00:00,2026-04-09,
Adamawa,Demsa,Borrong,Borrong,No,,FACT,1,1,28,Inaccessible,confirmed_by_partner_report,FACT,Partner,Physical access (terrain,Bad terrain especially now that its rainy season,2026-04-09 00:00:00,2026-04-09,
Adamawa,Demsa,Nassarawo Demsa,Nassarawo Demsa,Yes,Numan,FACT,2,1,23,Accessible,confirmed_by_partner_report,FACT,Partner,N/A - fully accessible,,2026-04-09 00:00:00,2026-04-09,
Adamawa,Demsa,Bille,Bille,No,,FACT,3,1,21,Accessible,confirmed_by_partner_report,FACT,Partner,N/A - fully accessible,,2026-04-09 00:00:00,2026-04-09,
Adamawa,Demsa,Gwamba,Gwamba,No,,FACT,1,1,18,Inaccessible,confirmed_by_partner_report,FACT,Partner,Physical access (terrain,Bad terrain especially now that its rainy season,2026-04-09 00:00:00,2026-04-09,
Adamawa,Demsa,Dwam,Dwam,No,,FACT,3,0,15,Accessible,confirmed_by_partner_report,FACT,Partner,N/A - fully accessible,,2026-04-09 00:00:00,2026-04-09,
Adamawa,Demsa,Dilli,Dilli,No,,FACT,1,1,8,Inaccessible,confirmed_by_partner_report,FACT,Partner,Other,This is was not in our previous list but it belongs to Demsa LGA ,2026-04-09 00:00:00,2026-04-09,
Adamawa,Demsa,Mbula,Mbula,No,,FACT,0,1,6,Accessible,confirmed_by_partner_report,FACT,Partner,N/A - fully accessible,,2026-04-09 00:00:00,2026-04-09,
Adamawa,Demsa,Gengle,Bille,Yes,Mayo-Belwa,FACT,1,0,3,Inaccessible,confirmed_by_partner_report,FACT,Partner,Physical access (terrain,Bad terrain especially now that its rainy season,2026-04-09 00:00:00,2026-04-09,
Adamawa,Fufore,Pariya,Pariya,Yes,Girei,FACT,3,2,49,Accessible,confirmed_by_partner_report,FACT,Partner,N/A - fully accessible,,2026-04-09 00:00:00,2026-04-09,
Adamawa,Fufore,Mayo Inne,Mayo Inne,Yes,Jada; Mayo-Belwa,FACT,3,2,41,Accessible,confirmed_by_partner_report,FACT,Partner,N/A - fully accessible,,2026-04-09 00:00:00,2026-04-09,
Adamawa,Fufore,Fufore,Fufore,No,,FACT,4,1,33,Accessible,confirmed_by_partner_report,FACT,Partner,N/A - fully accessible,,2026-04-09 00:00:00,2026-04-09,
Adamawa,Fufore,Beti,Beti,No,,FACT,4,1,30,Accessible,confirmed_by_partner_report,FACT,Partner,N/A - fully accessible,,2026-04-09 00:00:00,2026-04-09,
Adamawa,Fufore,Yadim,Yadim,No,,FACT,3,0,13,Accessible,confirmed_by_partner_report,FACT,Partner,N/A - fully accessible,,2026-04-09 00:00:00,2026-04-09,
Adamawa,Fufore,Farang,Farang,Yes,Song,FACT,2,0,12,Accessible,confirmed_by_partner_report,FACT,Partner,N/A - fully accessible,,2026-04-09 00:00:00,2026-04-09,
Adamawa,Fufore,Ribadu,Ribadu,Yes,Mayo-Belwa,FACT,1,1,8,Accessible,confirmed_by_partner_report,FACT,Partner,N/A - fully accessible,,2026-04-09 00:00:00,2026-04-09,
Adamawa,Fufore,Bole Yolde Pate,Uki Tuki,Yes,Yola North; Yola South,FACT,0,1,6,Accessible,confirmed_by_partner_report,FACT,Partner,N/A - fully accessible,,2026-04-09 00:00:00,2026-04-09,
Adamawa,Fufore,Wuro Bokki,Wuro Bokki,No,,FACT,1,0,5,Accessible,confirmed_by_partner_report,FACT,Partner,N/A - fully accessible,,2026-04-09 00:00:00,2026-04-09,
Adamawa,Fufore,Gurin,Gurin,No,,FACT,1,0,1,Inaccessible,confirmed_by_partner_report,FACT,Partner,Other,This is was not in our previous list but it belongs to Fufore LGA ,2026-04-09 00:00:00,2026-04-09,
Adamawa,Ganye,Ganye 1,Ganye 1,No,,FACT,2,2,73,Accessible,confirmed_by_partner_report,FACT,Partner,N/A - fully accessible,,2026-04-09 00:00:00,2026-04-09,
Adamawa,Ganye,Ganye 2,Ganye 2,No,,FACT,3,0,19,Accessible,confirmed_by_partner_report,FACT,Partner,N/A - fully accessible,,2026-04-09 00:00:00,2026-04-09,
Adamawa,Ganye,Gamu,Gamu,Yes,Toungo,FACT,2,1,18,Accessible,confirmed_by_partner_report,FACT,Partner,N/A - fully accessible,,2026-04-09 00:00:00,2026-04-09,
Adamawa,Ganye,Gurumpawo,Gurumpawo,No,,FACT,3,0,18,Accessible,confirmed_by_partner_report,FACT,Partner,N/A - fully accessible,,2026-04-09 00:00:00,2026-04-09,
Adamawa,Ganye,Yebbi,Yebbi,No,,FACT,2,1,18,Accessible,confirmed_by_partner_report,FACT,Partner,N/A - fully accessible,,2026-04-09 00:00:00,2026-04-09,
Adamawa,Ganye,Sangassumi,Sangassumi,No,,FACT,3,0,13,Accessible,confirmed_by_partner_report,FACT,Partner,N/A - fully accessible,,2026-04-09 00:00:00,2026-04-09,
Adamawa,Ganye,Bakari Goso,Bakari Goso,No,,FACT,2,0,12,Accessible,confirmed_by_partner_report,FACT,Partner,N/A - fully accessible,,2026-04-09 00:00:00,2026-04-09,
Adamawa,Ganye,Nyibago,Bakari Goso,Yes,Jada,FACT,2,0,12,Inaccessible,confirmed_by_partner_report,FACT,Partner,Other,Nyibago is inaccessible and jaggu is not in our previous list,2026-04-09 00:00:00,2026-04-09,
Adamawa,Ganye,Timdore,Timdore,Yes,Jada,FACT,2,0,9,Accessible,confirmed_by_partner_report,FACT,Partner,N/A - fully accessible,,2026-04-09 00:00:00,2026-04-09,
Adamawa,Ganye,Sugu,Sugu,No,,FACT,1,0,0,Inaccessible,confirmed_by_partner_report,FACT,Partner,Other,This was not in our previous list but Sugu belong to Ganye LGA.,2026-04-09 00:00:00,2026-04-09,
Adamawa,Girei,Modire,Modire,No,,FACT,4,2,62,Accessible,confirmed_by_partner_report,FACT,Partner,N/A - fully accessible,,2026-04-09 00:00:00,2026-04-09,
Adamawa,Girei,Girei 1,Girei 1,No,,FACT,3,2,37,Accessible,confirmed_by_partner_report,FACT,Partner,N/A - fully accessible,,2026-04-09 00:00:00,2026-04-09,
Adamawa,Girei,Damare,Damare,No,,FACT,3,2,31,Accessible,confirmed_by_partner_report,FACT,Partner,N/A - fully accessible,,2026-04-09 00:00:00,2026-04-09,
Adamawa,Girei,Wuro Dole,Wuro Dole,No,,FACT,2,2,23,Accessible,confirmed_by_partner_report,FACT,Partner,N/A - fully accessible,,2026-04-09 00:00:00,2026-04-09,
Adamawa,Girei,Gereng,Gereng,No,,FACT,0,2,12,Accessible,confirmed_by_partner_report,FACT,Partner,N/A - fully accessible,,2026-04-09 00:00:00,2026-04-09,
Adamawa,Girei,Jera Bonyo,Girei 2,No,,FACT,2,0,9,Accessible,confirmed_by_partner_report,FACT,Partner,N/A - fully accessible,,2026-04-09 00:00:00,2026-04-09,
Adamawa,Girei,Girei 2,Girei 2,No,,FACT,2,1,8,Accessible,confirmed_by_partner_report,FACT,Partner,N/A - fully accessible,,2026-04-09 00:00:00,2026-04-09,
Adamawa,Girei,Dakri,Dakri,No,,FACT,2,0,7,Accessible,confirmed_by_partner_report,FACT,Partner,N/A - fully accessible,,2026-04-09 00:00:00,2026-04-09,
Adamawa,Girei,Pariya,Wuro Dole,Yes,Fufore,FACT,2,0,6,Accessible,confirmed_by_partner_report,FACT,Partner,N/A - fully accessible,,2026-04-09 00:00:00,2026-04-09,
Adamawa,Girei,Gwadabawa,Modire,Yes,Yola North,FACT,1,0,4,Accessible,confirmed_by_partner_report,FACT,Partner,N/A - fully accessible,,2026-04-09 00:00:00,2026-04-09,
Adamawa,Girei,Jera Bakari,Wuro Dole,No,,FACT,2,0,2,Inaccessible,confirmed_by_partner_report,FACT,Partner,Other,This is was not in our previous list but Jera Bakari belongs to the Girei LGA ,2026-04-09 00:00:00,2026-04-09,
Adamawa,Girei,Song Waje,Wuro Dole,Yes,Song,FACT,1,0,2,Accessible,confirmed_by_partner_report,FACT,Partner,N/A - fully accessible,,2026-04-09 00:00:00,2026-04-09,
Adamawa,Girei,Limawa,Modire,Yes,Yola North,FACT,1,0,1,Inaccessible,confirmed_by_partner_report,FACT,Partner,Other,This was not in our previous list and it belongs to Yola North LGA ,2026-04-09 00:00:00,2026-04-09,
Adamawa,Girei,Tambo,Tambo,No,,FACT,1,0,0,Inaccessible,confirmed_by_partner_report,FACT,Partner,Other,This was not in our previous list but Tambo belongs to Girei LGA ,2026-04-09 00:00:00,2026-04-09,
Adamawa,Gombi,Gombi North,Gombi North,No,,NRC,2,1,34,Accessible,confirmed_by_partner_report,NRC,Partner,N/A - fully accessible,,2026-08-25,2026-08-25,
Adamawa,Gombi,Garkida,Guyaku,No,,NRC,2,1,30,Accessible,confirmed_by_partner_report,NRC,Partner,N/A - fully accessible,,2026-08-25,2026-08-25,
Adamawa,Gombi,Gabon,Gabon,No,,NRC,5,1,27,Accessible,confirmed_by_partner_report,NRC,Partner,N/A - fully accessible,,2026-08-25,2026-08-25,
Adamawa,Gombi,Tawa,Tawa,No,,NRC,1,2,24,Accessible,confirmed_by_partner_report,NRC,Partner,N/A - fully accessible,,2026-08-25,2026-08-25,
Adamawa,Gombi,Gombi South,Gombi South,No,,NRC,3,0,20,Accessible,confirmed_by_partner_report,NRC,Partner,N/A - fully accessible,,2026-08-25,2026-08-25,
Adamawa,Gombi,Gaanda,Gaanda,No,,NRC,2,2,18,Accessible,confirmed_by_partner_report,NRC,Partner,N/A - fully accessible,,2026-08-25,2026-08-25,
Adamawa,Gombi,Boga,Boga,No,,NRC,3,1,15,Accessible,confirmed_by_partner_report,NRC,Partner,N/A - fully accessible,,2026-08-25,2026-08-25,
Adamawa,Gombi,Guyaku,Guyaku,No,,NRC,1,1,12,Accessible,confirmed_by_partner_report,NRC,Partner,N/A - fully accessible,,2026-08-25,2026-08-25,
Adamawa,Gombi,Duwa,Duwa,No,,NRC,2,0,10,Accessible,confirmed_by_partner_report,NRC,Partner,N/A - fully accessible,,2026-08-25,2026-08-25,
Adamawa,Gombi,Yang,Yang,No,,NRC,1,1,8,Accessible,confirmed_by_partner_report,NRC,Partner,N/A - fully accessible,,2026-08-25,2026-08-25,
Adamawa,Guyuk,Dumna,Dumna,Yes,Lamurde,FACT,1,2,49,Inaccessible,confirmed_by_partner_report,FACT,Partner,Physical access (terrain,Bad terrain especially now that its rainy season,2026-04-09 00:00:00,2026-04-09,
Adamawa,Guyuk,Chikila,Chikila,No,,FACT,5,2,44,Accessible,confirmed_by_partner_report,FACT,Partner,N/A - fully accessible,,2026-04-09 00:00:00,2026-04-09,
Adamawa,Guyuk,Guyuk,Guyuk,No,,FACT,2,1,26,Inaccessible,confirmed_by_partner_report,FACT,Partner,Physical access (terrain,Bad terrain especially now that its rainy season,2026-04-09 00:00:00,2026-04-09,
Adamawa,Guyuk,Banjiram,Banjiram,No,,FACT,2,2,23,Accessible,confirmed_by_partner_report,FACT,Partner,N/A - fully accessible,,2026-04-09 00:00:00,2026-04-09,
Adamawa,Guyuk,Purakayo,Purakayo,No,,FACT,2,1,15,Inaccessible,confirmed_by_partner_report,FACT,Partner,Physical access (terrain,Bad terrain especially now that its rainy season,2026-04-09 00:00:00,2026-04-09,
Adamawa,Guyuk,Kola,Kola,No,,FACT,3,0,14,Accessible,confirmed_by_partner_report,FACT,Partner,N/A - fully accessible,,2026-04-09 00:00:00,2026-04-09,
Adamawa,Guyuk,Bodeno,Bodeno,No,,FACT,4,0,13,Inaccessible,confirmed_by_partner_report,FACT,Partner,Physical access (terrain,Bad terrain especially now that its rainy season,2026-04-09 00:00:00,2026-04-09,
Adamawa,Guyuk,Bobini,Bobini,No,,FACT,2,0,10,Inaccessible,confirmed_by_partner_report,FACT,Partner,Physical access (terrain,Bad terrain especially now that its rainy season,2026-04-09 00:00:00,2026-04-09,
Adamawa,Guyuk,Dukul,Dukul,No,,FACT,1,0,2,Inaccessible,confirmed_by_partner_report,FACT,Partner,Physical access (terrain,Bad terrain especially now that its rainy season,2026-04-09 00:00:00,2026-04-09,
Adamawa,Guyuk,Gora,Bobini,No,,FACT,1,0,1,Inaccessible,confirmed_by_partner_report,FACT,Partner,Other,This is was not in our previous list and not sure what LGA its under ,2026-04-09 00:00:00,2026-04-09,
Adamawa,Guyuk,Kombo,Bobini,No,,FACT,1,0,1,Inaccessible,confirmed_by_partner_report,FACT,Partner,Other,This is was not in our previous list and not sure what LGA its under ,2026-04-09 00:00:00,2026-04-09,
Adamawa,Hong,Hong,Hong,No,,NRC,2,1,36,Accessible,confirmed_by_partner_report,NRC,Partner,N/A - fully accessible,,2026-08-25,2026-08-25,
Adamawa,Hong,Bangshika,Bangshika,No,,NRC,3,3,33,Accessible,confirmed_by_partner_report,NRC,Partner,N/A - fully accessible,,2026-08-25,2026-08-25,
Adamawa,Hong,Garaha,Garaha,No,,NRC,2,3,27,Accessible,confirmed_by_partner_report,NRC,Partner,N/A - fully accessible,,2026-08-25,2026-08-25,
Adamawa,Hong,Daksiri,Daksiri,No,,NRC,3,1,22,Accessible,confirmed_by_partner_report,NRC,Partner,N/A - fully accessible,,2026-08-25,2026-08-25,
Adamawa,Hong,Mayo Lope,Mayo Lope,No,,NRC,3,0,18,Accessible,confirmed_by_partner_report,NRC,Partner,N/A - fully accessible,,2026-08-25,2026-08-25,
Adamawa,Hong,Hoserezum,Hoserezum,No,,NRC,3,0,14,Accessible,confirmed_by_partner_report,NRC,Partner,N/A - fully accessible,,2026-08-25,2026-08-25,
Adamawa,Hong,Hildi,Hildi,No,,NRC,0,2,12,Accessible,confirmed_by_partner_report,NRC,Partner,N/A - fully accessible,,2026-08-25,2026-08-25,
Adamawa,Hong,Uba,Uba,No,,NRC,1,1,12,Accessible,confirmed_by_partner_report,NRC,Partner,N/A - fully accessible,,2026-08-25,2026-08-25,
Adamawa,Hong,Thilbang,Thilbang,No,,NRC,2,1,10,Accessible,confirmed_by_partner_report,NRC,Partner,N/A - fully accessible,,2026-08-25,2026-08-25,
Adamawa,Hong,Shangui,Shangui,No,,NRC,2,0,7,Accessible,confirmed_by_partner_report,NRC,Partner,N/A - fully accessible,,2026-08-25,2026-08-25,
Adamawa,Hong,Gaya-Sikalmi,Gaya-sikalmi,No,,NRC,1,0,6,Accessible,confirmed_by_partner_report,NRC,Partner,N/A - fully accessible,,2026-08-25,2026-08-25,
Adamawa,Hong,Kwarhi,Kwarhi,No,,NRC,1,0,1,Accessible,confirmed_by_partner_report,NRC,Partner,N/A - fully accessible,,2026-08-25,2026-08-25,
Adamawa,Jada,Jada 1,Jada 1,No,,FACT,2,1,39,Accessible,confirmed_by_partner_report,FACT,Partner,N/A - fully accessible,,2026-04-09 00:00:00,2026-04-09,
Adamawa,Jada,Jada 2,Jada 2,No,,FACT,4,1,39,Accessible,confirmed_by_partner_report,FACT,Partner,N/A - fully accessible,,2026-04-09 00:00:00,2026-04-09,
Adamawa,Jada,Yeli,Yeli,No,,FACT,7,1,29,Accessible,confirmed_by_partner_report,FACT,Partner,N/A - fully accessible,,2026-04-09 00:00:00,2026-04-09,
Adamawa,Jada,Mbullo,Mbullo,No,,FACT,3,0,17,Accessible,confirmed_by_partner_report,FACT,Partner,N/A - fully accessible,,2026-04-09 00:00:00,2026-04-09,
Adamawa,Jada,Mapeo,Mapeo,No,,FACT,3,0,13,Accessible,confirmed_by_partner_report,FACT,Partner,N/A - fully accessible,,2026-04-09 00:00:00,2026-04-09,
Adamawa,Jada,Nyibago,Nyibago,Yes,Ganye,FACT,3,0,12,Accessible,confirmed_by_partner_report,FACT,Partner,N/A - fully accessible,,2026-04-09 00:00:00,2026-04-09,
Adamawa,Jada,Danaba,Danaba,No,,FACT,3,0,8,Inaccessible,confirmed_by_partner_report,FACT,Partner,Other,This was not in our previous list but Danaba belongs to Jada LGA ,2026-04-09 00:00:00,2026-04-09,
Adamawa,Jada,Leko,Leko,No,,FACT,3,0,7,Accessible,confirmed_by_partner_report,FACT,Partner,N/A - fully accessible,,2026-04-09 00:00:00,2026-04-09,
Adamawa,Jada,Koma 1,Koma 1,No,,FACT,2,0,6,Accessible,confirmed_by_partner_report,FACT,Partner,N/A - fully accessible,,2026-04-09 00:00:00,2026-04-09,
Adamawa,Jada,Mayo Kalaye,Mayo Kalaye,No,,FACT,2,0,6,Accessible,confirmed_by_partner_report,FACT,Partner,N/A - fully accessible,,2026-04-09 00:00:00,2026-04-09,
Adamawa,Jada,Timdore,Danaba,Yes,Ganye,FACT,2,0,5,Accessible,confirmed_by_partner_report,FACT,Partner,N/A - fully accessible,,2026-04-09 00:00:00,2026-04-09,
Adamawa,Jada,Koma 2,Koma 2,No,,FACT,1,0,4,Accessible,confirmed_by_partner_report,FACT,Partner,N/A - fully accessible,,2026-04-09 00:00:00,2026-04-09,
Adamawa,Jada,Mayo Inne,Mayo Kalaye,Yes,Fufore; Mayo-Belwa,FACT,1,0,1,Inaccessible,confirmed_by_partner_report,FACT,Partner,Other,This is was not in our previous list but Mayo Kalaye belongs to Jada LGA ,2026-04-09 00:00:00,2026-04-09,
Adamawa,Lamurde,Lafiya,Lafiya,No,,NRC,3,1,38,Accessible,confirmed_by_partner_report,NRC,Partner,N/A - fully accessible,,2026-08-25,2026-08-25,
Adamawa,Lamurde,Lamurde,Lamurde,Yes,Mubi North; Mubi South,NRC,3,1,24,Accessible,confirmed_by_partner_report,NRC,Partner,N/A - fully accessible,,2026-08-25,2026-08-25,
Adamawa,Lamurde,Gyawana,Gyawana,No,,NRC,2,2,22,Accessible,confirmed_by_partner_report,NRC,Partner,N/A - fully accessible,,2026-08-25,2026-08-25,
Adamawa,Lamurde,Dubange,Dubange,No,,NRC,1,1,20,Accessible,confirmed_by_partner_report,NRC,Partner,N/A - fully accessible,,2026-08-25,2026-08-25,
Adamawa,Lamurde,Opalo,Opalo,No,,NRC,1,1,18,Accessible,confirmed_by_partner_report,NRC,Partner,N/A - fully accessible,,2026-08-25,2026-08-25,
Adamawa,Lamurde,Suwa,Suwa,No,,NRC,3,0,18,Accessible,confirmed_by_partner_report,NRC,Partner,N/A - fully accessible,,2026-08-25,2026-08-25,
Adamawa,Lamurde,Rigange,Rigange,No,,NRC,1,1,16,Accessible,confirmed_by_partner_report,NRC,Partner,N/A - fully accessible,,2026-08-25,2026-08-25,
Adamawa,Lamurde,Waduku,Waduku,No,,NRC,1,1,16,Accessible,confirmed_by_partner_report,NRC,Partner,N/A - fully accessible,,2026-08-25,2026-08-25,
Adamawa,Lamurde,Ngbebogun,Ngbebogun,No,,NRC,3,0,14,Accessible,confirmed_by_partner_report,NRC,Partner,N/A - fully accessible,,2026-08-25,2026-08-25,
Adamawa,Lamurde,Dumna,Lafiya,Yes,Guyuk,NRC,2,0,6,Accessible,confirmed_by_partner_report,NRC,Partner,N/A - fully accessible,,2026-08-25,2026-08-25,
Adamawa,Lamurde,Ngbakawo,Ngbakawo,No,,NRC,0,1,6,Accessible,confirmed_by_partner_report,NRC,Partner,N/A - fully accessible,,2026-08-25,2026-08-25,
Adamawa,Madagali,Gulak,Gulak,No,,Street Child of Nigeria,5,2,66,Accessible,default_unreported,,Not yet reported,,,,,
Adamawa,Madagali,Madagali,Madagali,No,,Street Child of Nigeria,2,3,31,Accessible,default_unreported,,Not yet reported,,,,,
Adamawa,Madagali,Sukur,Sukur,No,,Street Child of Nigeria,2,2,25,Accessible,default_unreported,,Not yet reported,,,,,
Adamawa,Madagali,Pallam,Pallam,No,,Street Child of Nigeria,1,2,24,Accessible,default_unreported,,Not yet reported,,,,,
Adamawa,Madagali,Waga-Chakawa,Waga-chakawa,No,,Street Child of Nigeria,2,1,18,Accessible,default_unreported,,Not yet reported,,,,,
Adamawa,Madagali,Hyambula,Hyambula,No,,Street Child of Nigeria,3,1,14,Accessible,default_unreported,,Not yet reported,,,,,
Adamawa,Madagali,Duhu,Duhu,No,,Street Child of Nigeria,3,0,13,Accessible,default_unreported,,Not yet reported,,,,,
Adamawa,Madagali,Bita Izge,Gulak,No,,Street Child of Nigeria,2,0,6,Accessible,default_unreported,,Not yet reported,,,,,
Adamawa,Madagali,Bebel,Bebel,No,,Street Child of Nigeria,1,0,5,Accessible,default_unreported,,Not yet reported,,,,,
Adamawa,Madagali,Kirchinga,Kirchinga,No,,Street Child of Nigeria,1,0,2,Accessible,default_unreported,,Not yet reported,,,,,
Adamawa,Maiha,Konkol,Konkol,No,,NRC,3,1,37,Accessible,confirmed_by_partner_report,NRC,Partner,N/A - fully accessible,,2026-08-25,2026-08-25,
Adamawa,Maiha,Mayo Nguli,Mayo Nguli,No,,NRC,3,2,35,Accessible,confirmed_by_partner_report,NRC,Partner,N/A - fully accessible,,2026-08-25,2026-08-25,
Adamawa,Maiha,Manjekin,Manjekin,No,,NRC,3,2,31,Accessible,confirmed_by_partner_report,NRC,Partner,N/A - fully accessible,,2026-08-25,2026-08-25,
Adamawa,Maiha,Sorau A,Sorau A,No,,NRC,3,1,24,Accessible,confirmed_by_partner_report,NRC,Partner,N/A - fully accessible,,2026-08-25,2026-08-25,
Adamawa,Maiha,Pakka,Pakka,Yes,Mubi South,NRC,2,1,18,Accessible,confirmed_by_partner_report,NRC,Partner,N/A - fully accessible,,2026-08-25,2026-08-25,
Adamawa,Maiha,Humbutudi,Humbutudi,No,,NRC,1,1,12,Accessible,confirmed_by_partner_report,NRC,Partner,N/A - fully accessible,,2026-08-25,2026-08-25,
Adamawa,Maiha,Sorau B,Sorau B,No,,NRC,1,1,12,Accessible,confirmed_by_partner_report,NRC,Partner,N/A - fully accessible,,2026-08-25,2026-08-25,
Adamawa,Maiha,Tambajam,Tambajam,No,,NRC,4,0,12,Accessible,confirmed_by_partner_report,NRC,Partner,N/A - fully accessible,,2026-08-25,2026-08-25,
Adamawa,Maiha,Zumo,Sorau A,Yes,Song,NRC,1,1,12,Accessible,confirmed_by_partner_report,NRC,Partner,N/A - fully accessible,,2026-08-25,2026-08-25,
Adamawa,Maiha,Belel,Bebel,No,,NRC,1,0,5,Accessible,confirmed_by_partner_report,NRC,Partner,N/A - fully accessible,,2026-08-25,2026-08-25,
Adamawa,Maiha,Nduku,Mayo Nguli,Yes,Mubi South,NRC,1,0,0,Accessible,confirmed_by_partner_report,NRC,Partner,N/A - fully accessible,,2026-08-25,2026-08-25,
Adamawa,Mayo-Belwa,Tola,Tola,No,,FACT,5,1,41,Accessible,confirmed_by_partner_report,FACT,Partner,N/A - fully accessible,,2026-04-09 00:00:00,2026-04-09,
Adamawa,Mayo-Belwa,Mayo Farang,Mayo Farang,No,,FACT,4,1,31,Accessible,confirmed_by_partner_report,FACT,Partner,N/A - fully accessible,,2026-04-09 00:00:00,2026-04-09,
Adamawa,Mayo-Belwa,Mbilla,Mbilla,No,,FACT,1,1,30,Accessible,confirmed_by_partner_report,FACT,Partner,N/A - fully accessible,,2026-04-09 00:00:00,2026-04-09,
Adamawa,Mayo-Belwa,Jereng,Jereng,No,,FACT,1,1,29,Accessible,confirmed_by_partner_report,FACT,Partner,N/A - fully accessible,,2026-04-09 00:00:00,2026-04-09,
Adamawa,Mayo-Belwa,Ribadu,Ribadu,Yes,Fufore,FACT,0,1,18,Accessible,confirmed_by_partner_report,FACT,Partner,N/A - fully accessible,,2026-04-09 00:00:00,2026-04-09,
Adamawa,Mayo-Belwa,Gengle,Gengle,Yes,Demsa,FACT,2,0,12,Inaccessible,confirmed_by_partner_report,FACT,Partner,Physical access (terrain,Bad terrain especially now that its rainy season,2026-04-09 00:00:00,2026-04-09,
Adamawa,Mayo-Belwa,Ndikong,Ndikong,No,,FACT,2,0,11,Inaccessible,confirmed_by_partner_report,FACT,Partner,Physical access (terrain,Bad terrain especially now that its rainy season,2026-04-09 00:00:00,2026-04-09,
Adamawa,Mayo-Belwa,Bajama,Bajama,No,,FACT,3,0,9,Accessible,confirmed_by_partner_report,FACT,Partner,N/A - fully accessible,,2026-04-09 00:00:00,2026-04-09,
Adamawa,Mayo-Belwa,Gorobi,Gorobi,No,,FACT,2,0,9,Inaccessible,confirmed_by_partner_report,FACT,Partner,Physical access (terrain,Bad terrain especially now that its rainy season,2026-04-09 00:00:00,2026-04-09,
Adamawa,Mayo-Belwa,Gang Fada,Gang Fada,No,,FACT,2,0,7,Accessible,confirmed_by_partner_report,FACT,Partner,N/A - fully accessible,,2026-04-09 00:00:00,2026-04-09,
Adamawa,Mayo-Belwa,Binyeri,Binyeri,No,,FACT,1,0,6,Inaccessible,confirmed_by_partner_report,FACT,Partner,Other,This was not in our previous list  but Binyeri belongs to Mayo Belwa LGA,2026-04-09 00:00:00,2026-04-09,
Adamawa,Mayo-Belwa,Mayo Inne,Ndikong,Yes,Fufore; Jada,FACT,1,0,1,Inaccessible,confirmed_by_partner_report,FACT,Partner,Other,This was not in our previous list but Ndikong belongs to Mayo Belwa LGA,2026-04-09 00:00:00,2026-04-09,
Adamawa,Michika,Michika 2,Michika 2,No,,NRC,3,2,58,Accessible,confirmed_by_partner_report,NRC,Partner,N/A - fully accessible,,2026-08-25,2026-08-25,
Adamawa,Michika,Jigalambu,Jigalambu,No,,NRC,1,1,17,Accessible,confirmed_by_partner_report,NRC,Partner,N/A - fully accessible,,2026-08-25,2026-08-25,
Adamawa,Michika,Ninkisi / Wuro Ngiki,Ninkisi/Wuro Ngiki,No,,NRC,4,1,17,Accessible,confirmed_by_partner_report,NRC,Partner,N/A - fully accessible,,2026-08-25,2026-08-25,
Adamawa,Michika,Tsukumu / Tilijo,Tsukumu/Tilijo,No,,NRC,2,1,17,Accessible,confirmed_by_partner_report,NRC,Partner,N/A - fully accessible,,2026-08-25,2026-08-25,
Adamawa,Michika,Bazza Margi,Bazza Margi,No,,NRC,1,1,13,Accessible,confirmed_by_partner_report,NRC,Partner,N/A - fully accessible,,2026-08-25,2026-08-25,
Adamawa,Michika,Michika 1,Michika 1,No,,NRC,3,0,13,Accessible,confirmed_by_partner_report,NRC,Partner,N/A - fully accessible,,2026-08-25,2026-08-25,
Adamawa,Michika,Garta,Garta,No,,NRC,3,0,11,Accessible,confirmed_by_partner_report,NRC,Partner,N/A - fully accessible,,2026-08-25,2026-08-25,
Adamawa,Michika,Moda / Dlaka,Moda/Dlaka,No,,NRC,3,0,10,Accessible,confirmed_by_partner_report,NRC,Partner,N/A - fully accessible,,2026-08-25,2026-08-25,
Adamawa,Michika,Futuless,Futuless,No,,NRC,1,1,8,Accessible,confirmed_by_partner_report,NRC,Partner,N/A - fully accessible,,2026-08-25,2026-08-25,
Adamawa,Michika,Madzi,Madzi,No,,NRC,4,0,8,Accessible,confirmed_by_partner_report,NRC,Partner,N/A - fully accessible,,2026-08-25,2026-08-25,
Adamawa,Michika,Tumbara / Ngabili,Tumbara/Ngabili,No,,NRC,2,1,7,Accessible,confirmed_by_partner_report,NRC,Partner,N/A - fully accessible,,2026-08-25,2026-08-25,
Adamawa,Michika,Vih / Boka,Vih/Boka,No,,NRC,1,0,6,Accessible,confirmed_by_partner_report,NRC,Partner,N/A - fully accessible,,2026-08-25,2026-08-25,
Adamawa,Michika,Wambilimi / Tili,Wambilimi/Tili,No,,NRC,1,0,6,Accessible,confirmed_by_partner_report,NRC,Partner,N/A - fully accessible,,2026-08-25,2026-08-25,
Adamawa,Michika,Zah,Zah,No,,NRC,1,0,6,Accessible,confirmed_by_partner_report,NRC,Partner,N/A - fully accessible,,2026-08-25,2026-08-25,
Adamawa,Michika,Munkavachitta,Munkavachitta,No,,NRC,1,0,1,Accessible,confirmed_by_partner_report,NRC,Partner,N/A - fully accessible,,2026-08-25,2026-08-25,
Adamawa,Mubi North,Lamurde,Yelwa,Yes,Lamurde; Mubi South,NRC,1,1,67,Accessible,confirmed_by_partner_report,NRC,Partner,N/A - fully accessible,,2026-08-25,2026-08-25,
Adamawa,Mubi North,Bahuli,Bahuli,Yes,Mubi South,NRC,2,0,18,Accessible,confirmed_by_partner_report,NRC,Partner,N/A - fully accessible,,2026-08-25,2026-08-25,
Adamawa,Mubi North,Lokuwa,Lokuwa,Yes,Mubi South,NRC,4,0,18,Accessible,confirmed_by_partner_report,NRC,Partner,N/A - fully accessible,,2026-08-25,2026-08-25,
Adamawa,Mubi North,Muchalla,Muchalla,No,,NRC,2,1,18,Accessible,confirmed_by_partner_report,NRC,Partner,N/A - fully accessible,,2026-08-25,2026-08-25,
Adamawa,Mubi North,Betso,Betso,No,,NRC,1,1,12,Accessible,confirmed_by_partner_report,NRC,Partner,N/A - fully accessible,,2026-08-25,2026-08-25,
Adamawa,Mubi North,Digil,Digil,No,,NRC,2,1,12,Accessible,confirmed_by_partner_report,NRC,Partner,N/A - fully accessible,,2026-08-25,2026-08-25,
Adamawa,Mubi North,Mayo Bani,Mayo Bani,No,,NRC,1,1,12,Accessible,confirmed_by_partner_report,NRC,Partner,N/A - fully accessible,,2026-08-25,2026-08-25,
Adamawa,Mubi North,Mijilu,Mijilu,No,,NRC,2,0,12,Accessible,confirmed_by_partner_report,NRC,Partner,N/A - fully accessible,,2026-08-25,2026-08-25,
Adamawa,Mubi North,Vimtim,Vimtim,No,,NRC,0,1,12,Accessible,confirmed_by_partner_report,NRC,Partner,N/A - fully accessible,,2026-08-25,2026-08-25,
Adamawa,Mubi North,Yelwa,Yelwa,Yes,Mubi South; Yola North,NRC,2,0,10,Accessible,confirmed_by_partner_report,NRC,Partner,N/A - fully accessible,,2026-08-25,2026-08-25,
Adamawa,Mubi North,Sabon Layi,Sabon Layi,Yes,Mubi South,NRC,1,0,8,Accessible,confirmed_by_partner_report,NRC,Partner,N/A - fully accessible,,2026-08-25,2026-08-25,
Adamawa,Mubi North,Mujara,Lokuwa,Yes,Mubi South,NRC,2,0,4,Accessible,confirmed_by_partner_report,NRC,Partner,N/A - fully accessible,,2026-08-25,2026-08-25,
Adamawa,Mubi North,Kolere,Kolere,Yes,Mubi South,NRC,1,0,1,Accessible,confirmed_by_partner_report,NRC,Partner,N/A - fully accessible,,2026-08-25,2026-08-25,
Adamawa,Mubi South,Lamurde,Lamurde,Yes,Lamurde; Mubi North,NRC,2,1,58,Accessible,confirmed_by_partner_report,NRC,Partner,N/A - fully accessible,,2026-08-25,2026-08-25,
Adamawa,Mubi South,Nassarawo,Nassarawo,Yes,Yola North,NRC,3,1,51,Accessible,confirmed_by_partner_report,NRC,Partner,N/A - fully accessible,,2026-08-25,2026-08-25,
Adamawa,Mubi South,Mujara,Mujara,Yes,Mubi North,NRC,4,0,24,Accessible,confirmed_by_partner_report,NRC,Partner,N/A - fully accessible,,2026-08-25,2026-08-25,
Adamawa,Mubi South,Gude,Gude,No,,NRC,1,1,17,Accessible,confirmed_by_partner_report,NRC,Partner,N/A - fully accessible,,2026-08-25,2026-08-25,
Adamawa,Mubi South,Mugulbu,Mugulbu,No,,NRC,1,1,16,Accessible,confirmed_by_partner_report,NRC,Partner,N/A - fully accessible,,2026-08-25,2026-08-25,
Adamawa,Mubi South,Gella,Gella,No,,NRC,1,1,12,Accessible,confirmed_by_partner_report,NRC,Partner,N/A - fully accessible,,2026-08-25,2026-08-25,
Adamawa,Mubi South,Nduku,Nduku,Yes,Maiha,NRC,2,0,8,Accessible,confirmed_by_partner_report,NRC,Partner,N/A - fully accessible,,2026-08-25,2026-08-25,
Adamawa,Mubi South,Dirbishi,Dirbishi,No,,NRC,1,0,6,Accessible,confirmed_by_partner_report,NRC,Partner,N/A - fully accessible,,2026-08-25,2026-08-25,
Adamawa,Mubi South,Pakka,Nduku,Yes,Maiha,NRC,1,0,6,Accessible,confirmed_by_partner_report,NRC,Partner,N/A - fully accessible,,2026-08-25,2026-08-25,
Adamawa,Mubi South,Lokuwa,Gude,Yes,Mubi North,NRC,1,0,4,Accessible,confirmed_by_partner_report,NRC,Partner,N/A - fully accessible,,2026-08-25,2026-08-25,
Adamawa,Mubi South,Kolere,Nassarawo,Yes,Mubi North,NRC,1,0,2,Accessible,confirmed_by_partner_report,NRC,Partner,N/A - fully accessible,,2026-08-25,2026-08-25,
Adamawa,Mubi South,Bahuli,Mujara,Yes,Mubi North,NRC,1,0,0,Accessible,confirmed_by_partner_report,NRC,Partner,N/A - fully accessible,,2026-08-25,2026-08-25,
Adamawa,Mubi South,Sabon Layi,Nassarawo,Yes,Mubi North,NRC,1,0,0,Accessible,confirmed_by_partner_report,NRC,Partner,N/A - fully accessible,,2026-08-25,2026-08-25,
Adamawa,Mubi South,Yelwa,Lamurde,Yes,Mubi North; Yola North,NRC,1,0,0,Accessible,confirmed_by_partner_report,NRC,Partner,N/A - fully accessible,,2026-08-25,2026-08-25,
Adamawa,Numan,Imburu,Imburu,No,,NRC,3,1,38,Accessible,confirmed_by_partner_report,NRC,Partner,N/A - fully accessible,,2026-08-25,2026-08-25,
Adamawa,Numan,Bare,Bare,No,,NRC,3,1,36,Accessible,confirmed_by_partner_report,NRC,Partner,N/A - fully accessible,,2026-08-25,2026-08-25,
Adamawa,Numan,Nassarawo Demsa,Sabon Pegi,Yes,Demsa,NRC,2,1,36,Accessible,confirmed_by_partner_report,NRC,Partner,N/A - fully accessible,,2026-08-25,2026-08-25,
Adamawa,Numan,Sabon Pegi,Sabon Pegi,No,,NRC,3,1,33,Accessible,confirmed_by_partner_report,NRC,Partner,N/A - fully accessible,,2026-08-25,2026-08-25,
Adamawa,Numan,Kodomti,Kodomti,No,,NRC,1,3,30,Accessible,confirmed_by_partner_report,NRC,Partner,N/A - fully accessible,,2026-08-25,2026-08-25,
Adamawa,Numan,Vulpi,Vulpi,No,,NRC,2,0,12,Accessible,confirmed_by_partner_report,NRC,Partner,N/A - fully accessible,,2026-08-25,2026-08-25,
Adamawa,Numan,Gamadiyo,Gamadiyo,No,,NRC,0,1,6,Accessible,confirmed_by_partner_report,NRC,Partner,N/A - fully accessible,,2026-08-25,2026-08-25,
Adamawa,Numan,Numan 2,Numan 2,No,,NRC,1,0,6,Accessible,confirmed_by_partner_report,NRC,Partner,N/A - fully accessible,,2026-08-25,2026-08-25,
Adamawa,Numan,Numan 3,Numan 3,No,,NRC,1,0,4,Accessible,confirmed_by_partner_report,NRC,Partner,N/A - fully accessible,,2026-08-25,2026-08-25,
Adamawa,Numan,Numan 1,Numan 1,No,,NRC,3,0,3,Accessible,confirmed_by_partner_report,NRC,Partner,N/A - fully accessible,,2026-08-25,2026-08-25,
Adamawa,Shelleng,Shelleng,Shelleng,No,,FACT,4,1,57,Accessible,confirmed_by_partner_report,FACT,Partner,N/A - fully accessible,,2026-04-09 00:00:00,2026-04-09,
Adamawa,Shelleng,Jumbul,Jumbul,No,,FACT,3,1,35,Accessible,confirmed_by_partner_report,FACT,Partner,N/A - fully accessible,,2026-04-09 00:00:00,2026-04-09,
Adamawa,Shelleng,Bodwai,Bodwai,No,,FACT,3,2,34,Accessible,confirmed_by_partner_report,FACT,Partner,N/A - fully accessible,,2026-04-09 00:00:00,2026-04-09,
Adamawa,Shelleng,Kiri,Kiri,No,,FACT,2,1,18,Accessible,confirmed_by_partner_report,FACT,Partner,N/A - fully accessible,,2026-04-09 00:00:00,2026-04-09,
Adamawa,Shelleng,Libbo,Libbo,Yes,Song,FACT,3,0,18,Accessible,confirmed_by_partner_report,FACT,Partner,N/A - fully accessible,,2026-04-09 00:00:00,2026-04-09,
Adamawa,Shelleng,Ketembere,Ketembere,No,,FACT,3,0,15,Accessible,confirmed_by_partner_report,FACT,Partner,N/A - fully accessible,,2026-04-09 00:00:00,2026-04-09,
Adamawa,Shelleng,Talum,Talum,No,,FACT,1,1,9,Accessible,confirmed_by_partner_report,FACT,Partner,N/A - fully accessible,,2026-04-09 00:00:00,2026-04-09,
Adamawa,Shelleng,Bakta,Bakta,No,,FACT,1,0,6,Accessible,confirmed_by_partner_report,FACT,Partner,N/A - fully accessible,,2026-04-09 00:00:00,2026-04-09,
Adamawa,Shelleng,Gundo,Gundo,No,,FACT,1,1,6,Accessible,confirmed_by_partner_report,FACT,Partner,N/A - fully accessible,,2026-04-09 00:00:00,2026-04-09,
Adamawa,Song,Song Gari,Song Gari,No,,FACT,2,4,60,Accessible,confirmed_by_partner_report,FACT,Partner,N/A - fully accessible,,2026-04-09 00:00:00,2026-04-09,
Adamawa,Song,Zumo,Zumo,Yes,Maiha,FACT,1,3,36,Accessible,confirmed_by_partner_report,FACT,Partner,N/A - fully accessible,,2026-04-09 00:00:00,2026-04-09,
Adamawa,Song,Song Waje,Song Waje,Yes,Girei,FACT,2,2,24,Accessible,confirmed_by_partner_report,FACT,Partner,N/A - fully accessible,,2026-04-09 00:00:00,2026-04-09,
Adamawa,Song,Kilange Funa,Kilange Funa,No,,FACT,3,0,18,Accessible,confirmed_by_partner_report,FACT,Partner,N/A - fully accessible,,2026-04-09 00:00:00,2026-04-09,
Adamawa,Song,Dirma,Dirma,No,,FACT,3,0,13,Accessible,confirmed_by_partner_report,FACT,Partner,N/A - fully accessible,,2026-04-09 00:00:00,2026-04-09,
Adamawa,Song,Waltandi,Waltandi,No,,FACT,2,0,11,Accessible,confirmed_by_partner_report,FACT,Partner,N/A - fully accessible,,2026-04-09 00:00:00,2026-04-09,
Adamawa,Song,Dumne,Dumne,No,,FACT,2,0,10,Accessible,confirmed_by_partner_report,FACT,Partner,N/A - fully accessible,,2026-04-09 00:00:00,2026-04-09,
Adamawa,Song,Gudu Mboi,Gudu Mboi,No,,FACT,2,0,7,Accessible,confirmed_by_partner_report,FACT,Partner,N/A - fully accessible,,2026-04-09 00:00:00,2026-04-09,
Adamawa,Song,Farang,Zumo,Yes,Fufore,FACT,1,0,6,Accessible,confirmed_by_partner_report,FACT,Partner,N/A - fully accessible,,2026-04-09 00:00:00,2026-04-09,
Adamawa,Song,Kilange Hirna,Kilange Hirna,No,,FACT,0,1,6,Accessible,confirmed_by_partner_report,FACT,Partner,N/A - fully accessible,,2026-04-09 00:00:00,2026-04-09,
Adamawa,Song,Sigire,Sigire,No,,FACT,0,1,6,Accessible,confirmed_by_partner_report,FACT,Partner,N/A - fully accessible,,2026-04-09 00:00:00,2026-04-09,
Adamawa,Song,Libbo,Waltandi,Yes,Shelleng,FACT,1,0,1,Accessible,confirmed_by_partner_report,FACT,Partner,N/A - fully accessible,,2026-04-09 00:00:00,2026-04-09,
Adamawa,Toungo,Toungo 3,Toungo 3,No,,FACT,5,1,72,Accessible,confirmed_by_partner_report,FACT,Partner,N/A - fully accessible,,2026-04-09 00:00:00,2026-04-09,
Adamawa,Toungo,Toungo 1,Toungo 1,No,,FACT,3,0,22,Accessible,confirmed_by_partner_report,FACT,Partner,N/A - fully accessible,,2026-04-09 00:00:00,2026-04-09,
Adamawa,Toungo,Toungo 2,Toungo 2,No,,FACT,3,1,19,Accessible,confirmed_by_partner_report,FACT,Partner,N/A - fully accessible,,2026-04-09 00:00:00,2026-04-09,
Adamawa,Toungo,Dawo 2,Dawo 2,No,,FACT,2,0,7,Accessible,confirmed_by_partner_report,FACT,Partner,N/A - fully accessible,,2026-04-09 00:00:00,2026-04-09,
Adamawa,Toungo,Kiri 1,Kiri 1,No,,FACT,2,0,6,Accessible,confirmed_by_partner_report,FACT,Partner,N/A - fully accessible,,2026-04-09 00:00:00,2026-04-09,
Adamawa,Toungo,Kiri 2,Kiri 2,No,,FACT,1,0,6,Accessible,confirmed_by_partner_report,FACT,Partner,N/A - fully accessible,,2026-04-09 00:00:00,2026-04-09,
Adamawa,Toungo,Kogin Baba 1,Kogin Baba 1,No,,FACT,1,0,6,Accessible,confirmed_by_partner_report,FACT,Partner,N/A - fully accessible,,2026-04-09 00:00:00,2026-04-09,
Adamawa,Toungo,Kogin Baba 2,Kogin Baba 2,No,,FACT,1,0,6,Accessible,confirmed_by_partner_report,FACT,Partner,N/A - fully accessible,,2026-04-09 00:00:00,2026-04-09,
Adamawa,Toungo,Gumti,Gumti,No,,FACT,1,0,5,Accessible,confirmed_by_partner_report,FACT,Partner,N/A - fully accessible,,2026-04-09 00:00:00,2026-04-09,
Adamawa,Toungo,Gamu,Toungo 3,Yes,Ganye,FACT,1,0,1,Inaccessible,confirmed_by_partner_report,FACT,Partner,Other,This was not in our previous list but Toungo 3 belongs to Toungo LGA ,2026-04-09 00:00:00,2026-04-09,
Adamawa,Yola North,Karewa,Karewa,No,,NRC,4,2,69,Accessible,confirmed_by_partner_report,NRC,Partner,N/A - fully accessible,,2026-08-25,2026-08-25,
Adamawa,Yola North,Luggere,Luggere,No,,NRC,1,1,45,Accessible,confirmed_by_partner_report,NRC,Partner,N/A - fully accessible,,2026-08-25,2026-08-25,
Adamawa,Yola North,Jambutu,Jambutu,No,,NRC,3,1,25,Accessible,confirmed_by_partner_report,NRC,Partner,N/A - fully accessible,,2026-08-25,2026-08-25,
Adamawa,Yola North,Bole Yolde Pate,Karewa,Yes,Fufore; Yola South,NRC,1,1,21,Accessible,confirmed_by_partner_report,NRC,Partner,N/A - fully accessible,,2026-08-25,2026-08-25,
Adamawa,Yola North,Gwadabawa,Gwadabawa,Yes,Girei,NRC,2,0,11,Accessible,confirmed_by_partner_report,NRC,Partner,N/A - fully accessible,,2026-08-25,2026-08-25,
Adamawa,Yola North,Limawa,Limawa,Yes,Girei,NRC,1,1,9,Accessible,confirmed_by_partner_report,NRC,Partner,N/A - fully accessible,,2026-08-25,2026-08-25,
Adamawa,Yola North,Nassarawo,Nassarawo,Yes,Mubi South,NRC,1,0,8,Accessible,confirmed_by_partner_report,NRC,Partner,N/A - fully accessible,,2026-08-25,2026-08-25,
Adamawa,Yola North,Namtari,Jambutu,Yes,Yola South,NRC,1,0,6,Accessible,confirmed_by_partner_report,NRC,Partner,N/A - fully accessible,,2026-08-25,2026-08-25,
Adamawa,Yola North,Rumde,Rumde,No,,NRC,1,0,5,Accessible,confirmed_by_partner_report,NRC,Partner,N/A - fully accessible,,2026-08-25,2026-08-25,
Adamawa,Yola North,Ajiya,Ajiya,No,,NRC,2,0,2,Accessible,confirmed_by_partner_report,NRC,Partner,N/A - fully accessible,,2026-08-25,2026-08-25,
Adamawa,Yola North,Doubeli,Doubeli,No,,NRC,1,0,2,Accessible,confirmed_by_partner_report,NRC,Partner,N/A - fully accessible,,2026-08-25,2026-08-25,
Adamawa,Yola North,Yelwa,Yelwa,Yes,Mubi North; Mubi South,NRC,1,0,1,Accessible,confirmed_by_partner_report,NRC,Partner,N/A - fully accessible,,2026-08-25,2026-08-25,
Adamawa,Yola North,Alkalawa,Alkalawa,No,,NRC,2,0,0,Accessible,confirmed_by_partner_report,NRC,Partner,N/A - fully accessible,,2026-08-25,2026-08-25,
Adamawa,Yola South,Namtari,Namtari,Yes,Yola North,NRC,5,6,84,Accessible,confirmed_by_partner_report,NRC,Partner,N/A - fully accessible,,2026-08-25,2026-08-25,
Adamawa,Yola South,Bole Yolde Pate,Bole Yolde Pate,Yes,Fufore; Yola North,NRC,3,2,35,Accessible,confirmed_by_partner_report,NRC,Partner,N/A - fully accessible,,2026-08-25,2026-08-25,
Adamawa,Yola South,Makama A,Makama A,No,,NRC,1,1,29,Accessible,confirmed_by_partner_report,NRC,Partner,N/A - fully accessible,,2026-08-25,2026-08-25,
Adamawa,Yola South,Ngurore,Ngurore,No,,NRC,2,1,18,Accessible,confirmed_by_partner_report,NRC,Partner,N/A - fully accessible,,2026-08-25,2026-08-25,
Adamawa,Yola South,Mbamba,Mbamba,No,,NRC,2,1,10,Accessible,confirmed_by_partner_report,NRC,Partner,N/A - fully accessible,,2026-08-25,2026-08-25,
Adamawa,Yola South,Adarawo,Adarawo,No,,NRC,2,0,7,Accessible,confirmed_by_partner_report,NRC,Partner,N/A - fully accessible,,2026-08-25,2026-08-25,
Adamawa,Yola South,Toungo,Toungo,No,,NRC,1,0,6,Accessible,confirmed_by_partner_report,NRC,Partner,N/A - fully accessible,,2026-08-25,2026-08-25,
Adamawa,Yola South,Yolde Kohi,Yolde Kohi,No,,NRC,1,0,6,Accessible,confirmed_by_partner_report,NRC,Partner,N/A - fully accessible,,2026-08-25,2026-08-25,
Adamawa,Yola South,Mbamoi,Mbamoi,No,,NRC,1,0,4,Accessible,confirmed_by_partner_report,NRC,Partner,N/A - fully accessible,,2026-08-25,2026-08-25,
Adamawa,Yola South,Makama B,Makama B,No,,NRC,2,0,3,Accessible,confirmed_by_partner_report,NRC,Partner,N/A - fully accessible,,2026-08-25,2026-08-25,
Adamawa,Yola South,Bako,Bako,No,,NRC,2,0,2,Accessible,confirmed_by_partner_report,NRC,Partner,N/A - fully accessible,,2026-08-25,2026-08-25,
Adamawa,Yola South,Demsa,Yolde Kohi,Yes,Demsa,NRC,1,0,0,Accessible,confirmed_by_partner_report,NRC,Partner,N/A - fully accessible,,2026-08-25,2026-08-25,
Benue,Agatu,Obagaji,,No,,CRS,1,1,54,Accessible,default_unreported,,Not yet reported,,,,,
Benue,Agatu,Usha,,No,,CRS,5,2,40,Accessible,default_unreported,,Not yet reported,,,,,
Benue,Agatu,Ogwule - Ogbaulu,,No,,CRS,3,1,32,Accessible,default_unreported,,Not yet reported,,,,,
Benue,Agatu,Oshigbudu,,No,,CRS,3,1,20,Accessible,default_unreported,,Not yet reported,,,,,
Benue,Agatu,Egba,,No,,CRS,2,1,18,Accessible,default_unreported,,Not yet reported,,,,,
Benue,Agatu,Enungba,,No,,CRS,2,0,14,Accessible,default_unreported,,Not yet reported,,,,,
Benue,Agatu,Ogwule - Kaduna,,No,,CRS,3,0,13,Accessible,default_unreported,,Not yet reported,,,,,
Benue,Agatu,Ogbaulu,,No,,CRS,2,1,8,Accessible,default_unreported,,Not yet reported,,,,,
Benue,Agatu,Okokolo,,No,,CRS,2,0,5,Accessible,default_unreported,,Not yet reported,,,,,
Benue,Agatu,Akpanaja,,No,,CRS,1,0,1,Accessible,default_unreported,,Not yet reported,,,,,
Benue,Guma,Mbawa,,No,,COOPI,9,3,69,Accessible,confirmed_by_partner_report (blank row - not flagged),,Partner,,,,,
Benue,Guma,Nzorov,,No,,COOPI,1,2,36,Accessible,confirmed_by_partner_report (blank row - not flagged),,Partner,,,,,
Benue,Guma,Nyiev,,No,,COOPI,4,2,35,Accessible,confirmed_by_partner_report (blank row - not flagged),,Partner,,,,,
Benue,Guma,Mbadwem,,No,,COOPI,4,0,18,Inaccessible,confirmed_by_partner_report,COOPI,Partner,,,,Unknown (see Date reported by partner column),
Benue,Guma,Mbabai,,No,,COOPI,1,1,17,Accessible,confirmed_by_partner_report (blank row - not flagged),,Partner,,,,,
Benue,Guma,Abinsi,,No,,COOPI,3,1,14,Accessible,confirmed_by_partner_report (blank row - not flagged),,Partner,,,,,
Benue,Guma,Saghev,,Yes,Logo,COOPI,2,0,12,Inaccessible,confirmed_by_partner_report,COOPI,Partner,,,,Unknown (see Date reported by partner column),
Benue,Guma,Fiidi,,Yes,Makurdi,COOPI,2,0,10,Accessible,confirmed_by_partner_report (blank row - not flagged),,Partner,,,,,
Benue,Guma,Mbayer / Yandev,,No,,COOPI,1,0,6,Inaccessible,confirmed_by_partner_report,COOPI,Partner,,,,Unknown (see Date reported by partner column),
Benue,Guma,Uvir,,No,,COOPI,1,0,6,Accessible,confirmed_by_partner_report (blank row - not flagged),,Partner,,,,,
Benue,Guma,Kaambe,,No,,COOPI,1,0,4,Inaccessible,confirmed_by_partner_report,COOPI,Partner,,,,Unknown (see Date reported by partner column),
Benue,Guma,Madaki,,No,,COOPI,1,0,4,Accessible,confirmed_by_partner_report (blank row - not flagged),,Partner,,,,,
Benue,Guma,Mbachaverikyondo,,No,,COOPI,1,0,2,Accessible,confirmed_by_partner_report (blank row - not flagged),,Partner,,,,,
Benue,Guma,Kadarko,,No,,COOPI,1,0,1,Inaccessible,confirmed_by_partner_report,COOPI,Partner,,,,Unknown (see Date reported by partner column),
Benue,Gwer West,Ikyaghev,,No,,CRS,4,3,134,Accessible,default_unreported,,Not yet reported,,,,,
Benue,Gwer West,Mbachohon,,No,,CRS,3,2,27,Accessible,default_unreported,,Not yet reported,,,,,
Benue,Gwer West,Nyamshi / Mbanyamshi,,No,,CRS,2,1,12,Accessible,default_unreported,,Not yet reported,,,,,
Benue,Gwer West,Gbaange-Tongov,,No,,CRS,1,0,6,Accessible,default_unreported,,Not yet reported,,,,,
Benue,Gwer West,Gee,,No,,CRS,1,0,6,Accessible,default_unreported,,Not yet reported,,,,,
Benue,Gwer West,Tijime,,No,,CRS,1,0,6,Accessible,default_unreported,,Not yet reported,,,,,
Benue,Gwer West,Mbabuande,,No,,CRS,1,0,4,Accessible,default_unreported,,Not yet reported,,,,,
Benue,Gwer West,Tyoughatee / Ijaha,,No,,CRS,2,0,4,Accessible,default_unreported,,Not yet reported,,,,,
Benue,Gwer West,Mbapupuu / Tswarev,,No,,CRS,1,0,3,Accessible,default_unreported,,Not yet reported,,,,,
Benue,Gwer West,Saghev Ukusu,,No,,CRS,1,0,2,Accessible,default_unreported,,Not yet reported,,,,,
Benue,Gwer West,Entekpa,,No,,CRS,1,0,0,Accessible,default_unreported,,Not yet reported,,,,,
Benue,Kwande,Yaav,,No,,Save the Children,1,3,69,Accessible,confirmed_by_partner_report,Save the Children,Needs review,N/A - fully accessible,"Marked accessible by default (not an explicit per-ward partner confirmation): Save the Children provided a comprehensive review of their coverage area (Katsina/Zamfara summary + Kwande report, 2026-08-19), and reported no issue for this ward. Following our ""accessible until reported otherwise"" convention, applied here given the scope of their review - to be confirmed directly with the partner as a standard follow-up, not assumed permanent.",2026-08-21,2026-08-21,
Benue,Kwande,Mbaikyor,,No,,Save the Children,3,1,29,Accessible,confirmed_by_partner_report (blank row - not flagged),,Partner,,,,,
Benue,Kwande,Kumakwagh,,No,,Save the Children,1,2,18,Inaccessible,confirmed_by_partner_report,Save the Children,Partner,Insecurity / conflict,"Partner-reported (Save the Children, email 2026-08-19) as ""6 primary, 6 reserve"" - but this ward actually has 3 clusters (1 Non-IDP + 2 IDP, 18 total target HH); partner's count only covers the Non-IDP cluster. Logging the FULL ward as inaccessible: 0 real Kobo submissions recorded anywhere in Kumakwagh (Non-IDP or IDP) as of 2026-08-21, so the same access blocker plausibly covers all 3 clusters - confirm IDP-cluster scope with partner on next contact.",2026-08-19,2026-08-19,0
Benue,Kwande,Liev Ll,,No,,Save the Children,2,1,13,Accessible,confirmed_by_partner_report,Save the Children,Needs review,N/A - fully accessible,"Marked accessible by default (not an explicit per-ward partner confirmation): Save the Children provided a comprehensive review of their coverage area (Katsina/Zamfara summary + Kwande report, 2026-08-19), and reported no issue for this ward. Following our ""accessible until reported otherwise"" convention, applied here given the scope of their review - to be confirmed directly with the partner as a standard follow-up, not assumed permanent.",2026-08-21,2026-08-21,
Benue,Kwande,Tondov Ll,,No,,Save the Children,3,0,13,Accessible,confirmed_by_partner_report,Save the Children,Needs review,N/A - fully accessible,"Marked accessible by default (not an explicit per-ward partner confirmation): Save the Children provided a comprehensive review of their coverage area (Katsina/Zamfara summary + Kwande report, 2026-08-19), and reported no issue for this ward. Following our ""accessible until reported otherwise"" convention, applied here given the scope of their review - to be confirmed directly with the partner as a standard follow-up, not assumed permanent.",2026-08-21,2026-08-21,
Benue,Kwande,Liev L,,No,,Save the Children,5,0,11,Accessible,confirmed_by_partner_report,Save the Children,Needs review,N/A - fully accessible,"Marked accessible by default (not an explicit per-ward partner confirmation): Save the Children provided a comprehensive review of their coverage area (Katsina/Zamfara summary + Kwande report, 2026-08-19), and reported no issue for this ward. Following our ""accessible until reported otherwise"" convention, applied here given the scope of their review - to be confirmed directly with the partner as a standard follow-up, not assumed permanent.",2026-08-21,2026-08-21,
Benue,Kwande,Mbaketsa,,No,,Save the Children,3,0,10,Accessible,confirmed_by_partner_report,Save the Children,Needs review,N/A - fully accessible,"Marked accessible by default (not an explicit per-ward partner confirmation): Save the Children provided a comprehensive review of their coverage area (Katsina/Zamfara summary + Kwande report, 2026-08-19), and reported no issue for this ward. Following our ""accessible until reported otherwise"" convention, applied here given the scope of their review - to be confirmed directly with the partner as a standard follow-up, not assumed permanent.",2026-08-21,2026-08-21,
Benue,Kwande,Agba / Kyan,,No,,Save the Children,2,0,9,Accessible,confirmed_by_partner_report,Save the Children,Needs review,N/A - fully accessible,"Marked accessible by default (not an explicit per-ward partner confirmation): Save the Children provided a comprehensive review of their coverage area (Katsina/Zamfara summary + Kwande report, 2026-08-19), and reported no issue for this ward. Following our ""accessible until reported otherwise"" convention, applied here given the scope of their review - to be confirmed directly with the partner as a standard follow-up, not assumed permanent.",2026-08-21,2026-08-21,
Benue,Kwande,Township,,No,,Save the Children,2,0,8,Accessible,confirmed_by_partner_report,Save the Children,Needs review,N/A - fully accessible,"Marked accessible by default (not an explicit per-ward partner confirmation): Save the Children provided a comprehensive review of their coverage area (Katsina/Zamfara summary + Kwande report, 2026-08-19), and reported no issue for this ward. Following our ""accessible until reported otherwise"" convention, applied here given the scope of their review - to be confirmed directly with the partner as a standard follow-up, not assumed permanent.",2026-08-21,2026-08-21,
Benue,Kwande,Menev,,No,,Save the Children,2,0,7,Accessible,confirmed_by_partner_report,Save the Children,Needs review,N/A - fully accessible,"Marked accessible by default (not an explicit per-ward partner confirmation): Save the Children provided a comprehensive review of their coverage area (Katsina/Zamfara summary + Kwande report, 2026-08-19), and reported no issue for this ward. Following our ""accessible until reported otherwise"" convention, applied here given the scope of their review - to be confirmed directly with the partner as a standard follow-up, not assumed permanent.",2026-08-21,2026-08-21,
Benue,Kwande,Moon,,No,,Save the Children,1,0,6,Inaccessible,confirmed_by_partner_report,Save the Children,Partner,Insecurity / conflict,"Partner-reported (Save the Children, email 2026-08-19, Madubuko Benson): ""unable to access Moon... today due to prevailing security challenges. Community gatekeepers confirmed that a significant proportion of the population... has relocated to safer areas, making household interviews... unfeasible."" Final day of data collection for this LGA. 0 real Kobo submissions recorded for Moon as of 2026-08-21.",2026-08-19,2026-08-19,0
Benue,Kwande,Tondov L,,No,,Save the Children,1,0,6,Accessible,confirmed_by_partner_report,Save the Children,Needs review,N/A - fully accessible,"Marked accessible by default (not an explicit per-ward partner confirmation): Save the Children provided a comprehensive review of their coverage area (Katsina/Zamfara summary + Kwande report, 2026-08-19), and reported no issue for this ward. Following our ""accessible until reported otherwise"" convention, applied here given the scope of their review - to be confirmed directly with the partner as a standard follow-up, not assumed permanent.",2026-08-21,2026-08-21,
Benue,Kwande,Mbadura,,No,,Save the Children,1,0,3,Accessible,confirmed_by_partner_report,Save the Children,Needs review,N/A - fully accessible,"Marked accessible by default (not an explicit per-ward partner confirmation): Save the Children provided a comprehensive review of their coverage area (Katsina/Zamfara summary + Kwande report, 2026-08-19), and reported no issue for this ward. Following our ""accessible until reported otherwise"" convention, applied here given the scope of their review - to be confirmed directly with the partner as a standard follow-up, not assumed permanent.",2026-08-21,2026-08-21,
Benue,Kwande,Mbakyaha,,No,,Save the Children,1,0,1,Accessible,confirmed_by_partner_report,Save the Children,Needs review,N/A - fully accessible,"Marked accessible by default (not an explicit per-ward partner confirmation): Save the Children provided a comprehensive review of their coverage area (Katsina/Zamfara summary + Kwande report, 2026-08-19), and reported no issue for this ward. Following our ""accessible until reported otherwise"" convention, applied here given the scope of their review - to be confirmed directly with the partner as a standard follow-up, not assumed permanent.",2026-08-21,2026-08-21,
Benue,Kwande,Usar,,No,,Save the Children,1,0,1,Accessible,confirmed_by_partner_report,Save the Children,Needs review,N/A - fully accessible,"Marked accessible by default (not an explicit per-ward partner confirmation): Save the Children provided a comprehensive review of their coverage area (Katsina/Zamfara summary + Kwande report, 2026-08-19), and reported no issue for this ward. Following our ""accessible until reported otherwise"" convention, applied here given the scope of their review - to be confirmed directly with the partner as a standard follow-up, not assumed permanent.",2026-08-21,2026-08-21,
Benue,Kwande,Mbayoo,,No,,Save the Children,1,0,0,Accessible,confirmed_by_partner_report,Save the Children,Needs review,N/A - fully accessible,"Marked accessible by default (not an explicit per-ward partner confirmation): Save the Children provided a comprehensive review of their coverage area (Katsina/Zamfara summary + Kwande report, 2026-08-19), and reported no issue for this ward. Following our ""accessible until reported otherwise"" convention, applied here given the scope of their review - to be confirmed directly with the partner as a standard follow-up, not assumed permanent.",2026-08-21,2026-08-21,
Benue,Logo,Mbagber,,No,,CRS,2,4,48,Accessible,default_unreported,,Not yet reported,,,,,
Benue,Logo,Mbayam,,No,,CRS,3,1,47,Accessible,default_unreported,,Not yet reported,,,,,
Benue,Logo,Tombo,,No,,CRS,3,1,32,Accessible,default_unreported,,Not yet reported,,,,,
Benue,Logo,Mbadyul,,No,,CRS,3,1,19,Accessible,default_unreported,,Not yet reported,,,,,
Benue,Logo,Tswarev / Ukembergya,,No,,CRS,3,0,12,Accessible,default_unreported,,Not yet reported,,,,,
Benue,Logo,Mbavuur,,No,,CRS,1,1,11,Accessible,default_unreported,,Not yet reported,,,,,
Benue,Logo,Nenzev,,No,,CRS,2,0,10,Accessible,default_unreported,,Not yet reported,,,,,
Benue,Logo,Turan,,No,,CRS,2,0,7,Accessible,default_unreported,,Not yet reported,,,,,
Benue,Logo,Mbaatikyaa,,No,,CRS,1,0,6,Accessible,default_unreported,,Not yet reported,,,,,
Benue,Logo,Mbater,,No,,CRS,1,0,6,Accessible,default_unreported,,Not yet reported,,,,,
Benue,Logo,Saghev,,Yes,Guma,CRS,2,0,4,Accessible,default_unreported,,Not yet reported,,,,,
Benue,Logo,Yonov,,No,,CRS,2,0,2,Accessible,default_unreported,,Not yet reported,,,,,
Benue,Makurdi,Fiidi,,Yes,Guma,Malteser,7,3,67,Accessible,confirmed_by_partner_report,Malteser,Partner,N/A - fully accessible,,"17, 18 and 22 of August",Unknown (see Date reported by partner column),100
Benue,Makurdi,North Bank 1,,No,,Malteser,3,4,67,Inaccessible,confirmed_by_partner_report,Malteser,Partner,Insecurity / conflict,5 points are insecurity area,,Unknown (see Date reported by partner column),93
Benue,Makurdi,Modern Market,,No,,Malteser,3,2,20,Accessible,confirmed_by_partner_report,Malteser,Partner,flooding,Only two point are located in a flooded location,"20, 21 and 27 of August",Unknown (see Date reported by partner column),100
Benue,Makurdi,Bar,,No,,Malteser,5,0,17,Accessible,confirmed_by_partner_report,Malteser,Partner,Insecurity / conflict,some point are in insecurity area,"20, 21 and 26 of August",Unknown (see Date reported by partner column),100
Benue,Makurdi,Mbalagh,,No,,Malteser,2,1,9,Accessible,confirmed_by_partner_report,Malteser,Partner,Insecurity / conflict,Only one point that is such issue,2026-08-21 00:00:00,2026-08-21,89
Benue,Makurdi,Clerk / Market,,No,,Malteser,2,0,7,Accessible,confirmed_by_partner_report,Malteser,Partner,N/A - fully accessible,,2026-08-20 00:00:00,2026-08-20,100
Benue,Makurdi,Agan,,No,,Malteser,0,1,6,Accessible,confirmed_by_partner_report,Malteser,Partner,N/A - fully accessible,,2026-08-20 00:00:00,2026-08-20,100
Benue,Makurdi,Wailomayo,,No,,Malteser,2,0,4,Accessible,confirmed_by_partner_report,Malteser,Partner,N/A - fully accessible,,2026-08-21 00:00:00,2026-08-21,100
Benue,Makurdi,Ankpa / Wadata,,No,,Malteser,2,0,3,Accessible,confirmed_by_partner_report,Malteser,Partner,N/A - fully accessible,,2026-08-21 00:00:00,2026-08-21,100
Benue,Makurdi,North Bank 2,,No,,Malteser,2,0,3,Accessible,confirmed_by_partner_report,Malteser,Partner,N/A - fully accessible,,2026-08-19 00:00:00,2026-08-19,100
Benue,Makurdi,Central / South Mission,,No,,Malteser,1,0,1,Accessible,confirmed_by_partner_report,Malteser,Partner,N/A - fully accessible,Main town of the state capital,2026-08-21 00:00:00,2026-08-21,100
Borno,Abadam,Arege,Arege,Yes,Kukawa,FACT,10,0,50,Inaccessible,confirmed_by_partner_report,FACT,Partner,Insecurity / conflict,Road is completely inaccessible,2026-04-09 00:00:00,2026-04-09,
Borno,Abadam,Banowa,Banowa,Yes,Guzamala; Kukawa; Mobbar,FACT,8,0,45,Inaccessible,confirmed_by_partner_report,FACT,Partner,Insecurity / conflict,Road is completely inaccessible,2026-04-09 00:00:00,2026-04-09,
Borno,Abadam,Bogum,Banowa,No,,FACT,5,0,27,Inaccessible,confirmed_by_partner_report,FACT,Partner,Insecurity / conflict,NA,2026-04-09 00:00:00,2026-04-09,
Borno,Abadam,Gudumbali West,Banowa,Yes,Guzamala,FACT,4,0,20,Inaccessible,confirmed_by_partner_report,FACT,Partner,Insecurity / conflict,NA,2026-04-09 00:00:00,2026-04-09,
Borno,Abadam,Doro,Arege,Yes,Kukawa,FACT,2,0,12,Inaccessible,confirmed_by_partner_report,FACT,Partner,Insecurity / conflict,Road is completely inaccessible,2026-04-09 00:00:00,2026-04-09,
Borno,Abadam,Foguwa,Foguwa,No,,FACT,1,0,5,Inaccessible,confirmed_by_partner_report,FACT,Partner,Insecurity / conflict,Road is completely inaccessible,2026-04-09 00:00:00,2026-04-09,
Borno,Abadam,Gudumbali East,Banowa,Yes,Guzamala,FACT,2,0,2,Inaccessible,confirmed_by_partner_report,FACT,Partner,Insecurity / conflict,NA,2026-04-09 00:00:00,2026-04-09,
Borno,Askira/Uba,Uba,Uba,No,,FACT,3,2,47,Accessible,confirmed_by_partner_report,FACT,Partner,N/A - fully accessible,,2026-04-09 00:00:00,2026-04-09,
Borno,Askira/Uba,Hausari Zadawa,Hausari Zadawa,No,,FACT,2,1,34,Accessible,confirmed_by_partner_report,FACT,Partner,N/A - fully accessible,,2026-04-09 00:00:00,2026-04-09,
Borno,Askira/Uba,Rumirgo Chul,Rumirgu Chul,No,,FACT,5,1,31,Accessible,confirmed_by_partner_report,FACT,Partner,N/A - fully accessible,,2026-04-09 00:00:00,2026-04-09,
Borno,Askira/Uba,Lassa,Lassa,No,,FACT,1,1,30,Accessible,confirmed_by_partner_report,FACT,Partner,N/A - fully accessible,,2026-04-09 00:00:00,2026-04-09,
Borno,Askira/Uba,Dille Huyim,Dille Huyim,Yes,Damboa,FACT,0,2,24,Accessible,confirmed_by_partner_report,FACT,Partner,N/A - fully accessible,,2026-04-09 00:00:00,2026-04-09,
Borno,Askira/Uba,Mussa,Mussa,No,,FACT,1,1,8,Accessible,confirmed_by_partner_report,FACT,Partner,N/A - fully accessible,,2026-04-09 00:00:00,2026-04-09,
Borno,Askira/Uba,Ngohi,Ngohi,Yes,Chibok,FACT,2,0,7,Accessible,confirmed_by_partner_report,FACT,Partner,N/A - fully accessible,,2026-04-09 00:00:00,2026-04-09,
Borno,Askira/Uba,Ngulde,Ngulde,Yes,Chibok,FACT,1,0,6,Accessible,confirmed_by_partner_report,FACT,Partner,N/A - fully accessible,,2026-04-09 00:00:00,2026-04-09,
Borno,Askira/Uba,Ngurthavu Kopa,Ngurthlavu Kopa,No,,FACT,1,0,6,Accessible,confirmed_by_partner_report,FACT,Partner,N/A - fully accessible,,2026-04-09 00:00:00,2026-04-09,
Borno,Askira/Uba,Wamdeo Giwi,Wamdeo Giwi,No,,FACT,0,1,6,Accessible,confirmed_by_partner_report,FACT,Partner,N/A - fully accessible,,2026-04-09 00:00:00,2026-04-09,
Borno,Askira/Uba,Hussari Tampul,Hausari Tampul,No,,FACT,2,0,4,Accessible,confirmed_by_partner_report,FACT,Partner,N/A - fully accessible,,2026-04-09 00:00:00,2026-04-09,
Borno,Askira/Uba,Askira East,Askira East,No,,FACT,1,0,1,Inaccessible,confirmed_by_partner_report,FACT,Partner,Other,This was not in our previous list but it belongs to Askira LGA ,,Unknown (see Date reported by partner column),
Borno,Bama,Shehuri,Kumshe,Yes,Ngala,PLAN,2,1,125,Accessible,confirmed_by_partner_report (blank row - not flagged),,Partner,,,,,
Borno,Bama,Bogomari,Bogomari,No,,PLAN,5,0,25,Accessible,confirmed_by_partner_report (blank row - not flagged),,Partner,,,,,
Borno,Bama,Kasugula,Kasugula,No,,PLAN,3,0,20,Accessible,confirmed_by_partner_report (blank row - not flagged),,Partner,,,,,
Borno,Bama,Kumshe,Shehuri,No,,PLAN,2,0,9,Accessible,confirmed_by_partner_report (blank row - not flagged),,Partner,,,,,
Borno,Bama,Soye,Soye,No,,PLAN,2,0,7,Accessible,confirmed_by_partner_report (blank row - not flagged),,Partner,,,,,
Borno,Bama,Abbaram,Gulumba,Yes,Dikwa,PLAN,1,0,6,Accessible,confirmed_by_partner_report (blank row - not flagged),,Partner,,,,,
Borno,Bama,Gulumba,Gulumba,No,,PLAN,1,0,6,Accessible,confirmed_by_partner_report (blank row - not flagged),,Partner,,,,,
Borno,Bama,Magarta,Zageri,No,,PLAN,1,0,6,Accessible,confirmed_by_partner_report (blank row - not flagged),,Partner,,,,,
Borno,Bama,Yabiri,Yabiri,No,,PLAN,1,0,4,Accessible,confirmed_by_partner_report (blank row - not flagged),,Partner,,,,,
Borno,Bayo,Wuyo,Wuyo,No,,FACT,3,1,30,Accessible,confirmed_by_partner_report,FACT,Partner,N/A - fully accessible,,2026-04-09 00:00:00,2026-04-09,
Borno,Bayo,Jaradali,Jara-Dali,No,,FACT,4,0,24,Accessible,confirmed_by_partner_report,FACT,Partner,N/A - fully accessible,,2026-04-09 00:00:00,2026-04-09,
Borno,Bayo,Balbaya,Balbaya,No,,FACT,3,1,18,Accessible,confirmed_by_partner_report,FACT,Partner,N/A - fully accessible,,2026-04-09 00:00:00,2026-04-09,
Borno,Bayo,Briyel,Briyel,No,,FACT,1,2,18,Accessible,confirmed_by_partner_report,FACT,Partner,N/A - fully accessible,,2026-04-09 00:00:00,2026-04-09,
Borno,Bayo,Zara,Zara,No,,FACT,1,2,18,Accessible,confirmed_by_partner_report,FACT,Partner,N/A - fully accessible,,2026-04-09 00:00:00,2026-04-09,
Borno,Bayo,Telli,Telli,No,,FACT,2,1,17,Accessible,confirmed_by_partner_report,FACT,Partner,N/A - fully accessible,,2026-04-09 00:00:00,2026-04-09,
Borno,Bayo,Jaragol,Jara-Gol,No,,FACT,1,1,12,Accessible,confirmed_by_partner_report,FACT,Partner,N/A - fully accessible,,2026-04-09 00:00:00,2026-04-09,
Borno,Bayo,Limanti,Limanti,Yes,Jere; Mafa; Maiduguri,FACT,3,0,12,Accessible,confirmed_by_partner_report,FACT,Partner,N/A - fully accessible,,2026-04-09 00:00:00,2026-04-09,
Borno,Bayo,Gamadadi,Gamadadi,No,,FACT,1,0,6,Accessible,confirmed_by_partner_report,FACT,Partner,N/A - fully accessible,,2026-04-09 00:00:00,2026-04-09,
Borno,Bayo,Gwani / Shinga / Wade,Telli,No,,FACT,1,0,1,Inaccessible,confirmed_by_partner_report,FACT,Partner,Other,This is was not in our previous list and not sure what LGA its under ,2026-04-09 00:00:00,2026-04-09,
Borno,Bayo,Kurba Gayi,Wuyo,Yes,Kwaya Kusar,FACT,1,0,0,Inaccessible,confirmed_by_partner_report,FACT,Partner,Other,This is was not in our previous list and not sure what LGA its under ,2026-04-09 00:00:00,2026-04-09,
Borno,Biu,Galdimari,Galdimari,No,,FACT,1,1,53,Accessible,confirmed_by_partner_report,FACT,Partner,N/A - fully accessible,,2026-04-09 00:00:00,2026-04-09,
Borno,Biu,Dugja,Dugja,No,,FACT,3,2,37,Accessible,confirmed_by_partner_report,FACT,Partner,N/A - fully accessible,,2026-04-09 00:00:00,2026-04-09,
Borno,Biu,Miringa,Miringa,No,,FACT,3,1,25,Accessible,confirmed_by_partner_report,FACT,Partner,N/A - fully accessible,,2026-04-09 00:00:00,2026-04-09,
Borno,Biu,Yawi,Yawi,No,,FACT,3,1,20,Accessible,confirmed_by_partner_report,FACT,Partner,N/A - fully accessible,,2026-04-09 00:00:00,2026-04-09,
Borno,Biu,Garubula,Garubula,No,,FACT,2,1,16,Accessible,confirmed_by_partner_report,FACT,Partner,N/A - fully accessible,,2026-04-09 00:00:00,2026-04-09,
Borno,Biu,Buratai,Buratai,Yes,Damboa,FACT,2,1,14,Accessible,confirmed_by_partner_report,FACT,Partner,N/A - fully accessible,,2026-04-09 00:00:00,2026-04-09,
Borno,Biu,Zarawuyaku,Zarawuyaku,No,,FACT,3,0,11,Accessible,confirmed_by_partner_report,FACT,Partner,N/A - fully accessible,,2026-04-09 00:00:00,2026-04-09,
Borno,Biu,Silumthla,Sulumthla,No,,FACT,1,0,9,Inaccessible,confirmed_by_partner_report,FACT,Partner,Other,This is was not in our previous list but it belongs to Biu LGA ,2026-04-09 00:00:00,2026-04-09,
Borno,Biu,Gur,Gur,No,,FACT,2,0,8,Accessible,confirmed_by_partner_report,FACT,Partner,N/A - fully accessible,,2026-04-09 00:00:00,2026-04-09,
Borno,Biu,Azir Multe,Mandaragirau,Yes,Chibok; Damboa,FACT,1,0,6,Accessible,confirmed_by_partner_report,FACT,Partner,N/A - fully accessible,,2026-04-09 00:00:00,2026-04-09,
Borno,Biu,Gunda,Gunda,No,,FACT,0,1,6,Accessible,confirmed_by_partner_report,FACT,Partner,N/A - fully accessible,,2026-04-09 00:00:00,2026-04-09,
Borno,Biu,Grim Damchoba,Garubula,Yes,Hawul,FACT,2,0,3,Inaccessible,confirmed_by_partner_report,FACT,Partner,Other,This is was not in our previous list but Garubula belongs to Biu LGA,2026-04-09 00:00:00,2026-04-09,
Borno,Chibok,Whuntaku,Whuntaku,No,,IMC,4,3,68,Accessible,confirmed_by_partner_report,IMC,Needs review,Other,"Corrected 2026-08-22: IMC's original reason text here (insecurity/inaccessible) contradicted their own Yes answer and cluster-level detail - looks copy-pasted from a neighbouring No row. Cluster-level detail shows 2 of 3 clusters here accessible (idp_NG008006_3, idp_NG008006_4); idp_NG008006_2 is not (insecurity). Ward left Yes per IMC's own answer and the cluster majority; flag the reason-text error back to IMC.",20/08/2026,2026-08-20,
Borno,Chibok,Mbalala,Mbalala,No,,IMC,6,2,53,Accessible,confirmed_by_partner_report,IMC,Needs review,Other,Partially accessible - some areas could not be reached. See Cluster Accessibility for the specific clusters affected.,20/08/2026,2026-08-20,
Borno,Chibok,Garu,Garu,No,,IMC,3,2,31,Accessible,confirmed_by_partner_report,IMC,Needs review,N/A - fully accessible,Location fully accessible with no access constraints reported.,20/08/2026,2026-08-20,
Borno,Chibok,Kautikari,Kautikari,No,,IMC,3,1,21,Inaccessible,confirmed_by_partner_report,IMC,Needs review,Insecurity / conflict,Area inaccessible because of insecurity and safety concerns.,20/08/2026,2026-08-20,0
Borno,Chibok,Korongillum,Korongilum,No,,IMC,3,1,19,Inaccessible,confirmed_by_partner_report,IMC,Needs review,Insecurity / conflict,Area inaccessible because of insecurity and safety concerns.,20/08/2026,2026-08-20,0
Borno,Chibok,Mboakura,Mbokura,No,,IMC,0,2,12,Accessible,default_unreported,,Not yet reported,,,,,
Borno,Chibok,Pemi,Pemi,No,,IMC,1,1,12,Inaccessible,confirmed_by_partner_report,IMC,Needs review,Insecurity / conflict,Area inaccessible because of insecurity and safety concerns.,20/08/2026,2026-08-20,0
Borno,Chibok,Shikarkir,Shirarkir,No,,IMC,2,0,12,Inaccessible,confirmed_by_partner_report,IMC,Needs review,Insecurity / conflict,Area inaccessible because of insecurity and safety concerns.,20/08/2026,2026-08-20,0
Borno,Chibok,Kuburmbulla,Kuburmbula,No,,IMC,1,1,9,Inaccessible,confirmed_by_partner_report,IMC,Needs review,Insecurity / conflict,Area inaccessible because of insecurity and safety concerns.,20/08/2026,2026-08-20,0
Borno,Chibok,Likama,Likama,No,,IMC,2,0,8,Accessible,confirmed_by_partner_report,IMC,Needs review,N/A - fully accessible,"Newly-added ward following the 2026-08-21 ward-splitting fix - did not exist as its own row when IMC's original files were generated. Confirmed directly accessible with the IMC team, 2026-08-22.",2026-08-22,2026-08-22,
Borno,Chibok,Azir Multe,Korongilum,Yes,Biu; Damboa,IMC,1,0,6,Inaccessible,confirmed_by_partner_report,IMC,Needs review,Insecurity / conflict,Area inaccessible because of insecurity and safety concerns.,20/08/2026,2026-08-20,0
Borno,Chibok,Gatamarwa,Gatamarwa,No,,IMC,1,0,6,Inaccessible,confirmed_by_partner_report,IMC,Needs review,Insecurity / conflict,Area inaccessible because of insecurity and safety concerns.,20/08/2026,2026-08-20,0
Borno,Chibok,Ngulde,Korongilum,Yes,Askira/Uba,IMC,1,0,6,Accessible,default_unreported,,Not yet reported,,,,,
Borno,Chibok,Ngohi,Shirarkir,Yes,Askira/Uba,IMC,1,0,4,Accessible,default_unreported,,Not yet reported,,,,,
Borno,Damboa,Damboa,Damboa Central,No,,IMC,3,3,99,Accessible,confirmed_by_partner_report,IMC,Needs review,N/A - fully accessible,Location fully accessible with no access constraints reported.,20/08/2026,2026-08-20,
Borno,Damboa,Gumsuri,Gumsuri,No,,IMC,6,3,54,Accessible,confirmed_by_partner_report,IMC,Needs review,Other,Partially accessible - some areas could not be reached. See Cluster Accessibility for the specific clusters affected.,20/08/2026,2026-08-20,
Borno,Damboa,Azir Multe,Nzuda Wuyaram,Yes,Biu; Chibok,IMC,3,2,30,Inaccessible,confirmed_by_partner_report,IMC,Needs review,Insecurity / conflict,Area inaccessible because of insecurity and safety concerns.,20/08/2026,2026-08-20,0
Borno,Damboa,Nzuba Wayaram,Nzuda Wuyaram,No,,IMC,2,2,29,Inaccessible,confirmed_by_partner_report,IMC,Needs review,Insecurity / conflict,"RESOLVED 2026-08-23 - IMC confirmed by email (RE IMC Accessibility Report, 23/08): both IDP clusters (idp_NG008007_12, idp_NG008007_3) are genuinely inaccessible, and IMC agreed the ward-level answer should change from Yes/partial to No, given that's the majority (12 of 18) of this ward's target. Only non_idp_NG008007_6 (6 HHs) is accessible. Achieved = 6/18 (33%).",23/08/2026,2026-08-23,33
Borno,Damboa,Bego Yerwa,Bego,No,,IMC,2,0,10,Accessible,default_unreported,,Not yet reported,,,,,
Borno,Damboa,Bita Izge,Mulgo Kopchi,Yes,Gwoza,IMC,2,0,8,Accessible,default_unreported,,Not yet reported,,,,,
Borno,Damboa,Ajigin A,Ajigin A,No,,IMC,1,0,6,Inaccessible,confirmed_by_partner_report,IMC,Needs review,Insecurity / conflict,Area inaccessible because of insecurity and safety concerns.,20/08/2026,2026-08-20,0
Borno,Damboa,Buratai,Ajigin A,Yes,Biu,IMC,1,0,6,Inaccessible,confirmed_by_partner_report,IMC,Needs review,Insecurity / conflict,Area inaccessible because of insecurity and safety concerns.,20/08/2026,2026-08-20,0
Borno,Damboa,Dille Huyim,Mulgo Kopchi,Yes,Askira/Uba,IMC,1,0,6,Inaccessible,confirmed_by_partner_report,IMC,Needs review,Insecurity / conflict,Area inaccessible because of insecurity and safety concerns.,20/08/2026,2026-08-20,0
Borno,Damboa,Kafa Mafi,Kafa Mafi,No,,IMC,1,0,6,Accessible,default_unreported,,Not yet reported,,,,,
Borno,Damboa,Mulgoi Kobchi,Mulgo Kopchi,No,,IMC,1,0,6,Accessible,default_unreported,,Not yet reported,,,,,
Borno,Damboa,Wawa Korede,Wawa Korode,No,,IMC,1,0,6,Inaccessible,confirmed_by_partner_report,IMC,Needs review,Insecurity / conflict,Area inaccessible because of insecurity and safety concerns.,20/08/2026,2026-08-20,0
Borno,Dikwa,Dikwa,Dikwa,No,,Street Child of Nigeria,4,3,150,Accessible,default_unreported,,Not yet reported,,,,,
Borno,Dikwa,Gawa,Muliye,Yes,Mafa,Street Child of Nigeria,4,0,17,Accessible,default_unreported,,Not yet reported,,,,,
Borno,Dikwa,Mudu Kaza,M. Kaza,No,,Street Child of Nigeria,3,0,15,Accessible,default_unreported,,Not yet reported,,,,,
Borno,Dikwa,Gajibo,Gajibo,No,,Street Child of Nigeria,1,0,6,Accessible,default_unreported,,Not yet reported,,,,,
Borno,Dikwa,Afuye,Afuye,No,,Street Child of Nigeria,1,0,5,Accessible,default_unreported,,Not yet reported,,,,,
Borno,Dikwa,Muliye,Muliye,No,,Street Child of Nigeria,1,0,5,Accessible,default_unreported,,Not yet reported,,,,,
Borno,Dikwa,Boboshe,Muliye,No,,Street Child of Nigeria,2,0,4,Accessible,default_unreported,,Not yet reported,,,,,
Borno,Dikwa,Abbaram,Muliye,Yes,Bama,Street Child of Nigeria,1,0,3,Accessible,default_unreported,,Not yet reported,,,,,
Borno,Dikwa,Mala Maja,M. Maja,No,,Street Child of Nigeria,1,0,3,Accessible,default_unreported,,Not yet reported,,,,,
Borno,Gubio,Gubio 1,Gubio 1,No,,FACT,7,1,83,Inaccessible,confirmed_by_partner_report,FACT,Partner,Access denied by authorities / community,The military has consistently dismissed the field team while collecting data,2026-04-09 00:00:00,2026-04-09,
Borno,Gubio,Gubio 2,Gubio 2,No,,FACT,2,1,64,Inaccessible,confirmed_by_partner_report,FACT,Partner,Access denied by authorities / community,The military has consistently dismissed the field team while collecting data,2026-04-09 00:00:00,2026-04-09,
Borno,Gubio,Zowo,Zowo,No,,FACT,6,0,29,Inaccessible,confirmed_by_partner_report,FACT,Partner,Insecurity / conflict,Recent attack in the LGA's and its completely innaccessible due to security advisory,2026-04-09 00:00:00,2026-04-09,
Borno,Gubio,Dabira,Dabira,No,,FACT,4,0,23,Inaccessible,confirmed_by_partner_report,FACT,Partner,Other,Recent attack in the LGA's and its completely innaccessible due to security advisory and This is was not in our previous list ,2026-04-09 00:00:00,2026-04-09,
Borno,Gubio,Ngetra,Dabira,Yes,Mobbar,FACT,4,0,19,Inaccessible,confirmed_by_partner_report,FACT,Partner,Insecurity / conflict,Recent attack in the LGA's and its completely innaccessible due to security advisory,2026-04-09 00:00:00,2026-04-09,
Borno,Gubio,Moduri,Gazabure,Yes,Guzamala; Nganzai,FACT,2,0,12,Inaccessible,confirmed_by_partner_report,FACT,Partner,Other,This is was not in our previous list but Gazabure belongs to Gubio LGA,2026-04-09 00:00:00,2026-04-09,
Borno,Gubio,Gazabure,Gazabure,Yes,Guzamala; Mobbar,FACT,2,0,11,Inaccessible,confirmed_by_partner_report,FACT,Partner,Insecurity / conflict,Recent attack in the LGA's and its completely innaccessible due to security advisory,2026-04-09 00:00:00,2026-04-09,
Borno,Gubio,Kingowa,Kingowa,Yes,Nganzai,FACT,2,0,8,Inaccessible,confirmed_by_partner_report,FACT,Partner,Insecurity / conflict,Recent attack in the LGA's and its completely innaccessible due to security advisory,2026-04-09 00:00:00,2026-04-09,
Borno,Gubio,Ardimini,Ardimini,No,,FACT,1,0,6,Inaccessible,confirmed_by_partner_report,FACT,Partner,Insecurity / conflict,Recent attack in the LGA's and its completely innaccessible due to security advisory,2026-04-09 00:00:00,2026-04-09,
Borno,Gubio,Felo,Felo,Yes,Nganzai,FACT,1,0,6,Inaccessible,confirmed_by_partner_report,FACT,Partner,Insecurity / conflict,Recent attack in the LGA's and its completely innaccessible due to security advisory,2026-04-09 00:00:00,2026-04-09,
Borno,Gubio,Futchimiram,Dabira,Yes,Mobbar,FACT,1,0,6,Inaccessible,confirmed_by_partner_report,FACT,Partner,Insecurity / conflict,Recent attack in the LGA's and its completely innaccessible due to security advisory,2026-04-09 00:00:00,2026-04-09,
Borno,Gubio,Gamawo,Ardimini,No,,FACT,1,0,5,Inaccessible,confirmed_by_partner_report,FACT,Partner,Other,This is was not in our previous list but Gamawo/Ardimini belongs to Gubio LGA,2026-04-09 00:00:00,2026-04-09,
Borno,Gubio,Gadai,Gubio 1,Yes,Nganzai,FACT,1,0,3,Inaccessible,confirmed_by_partner_report,FACT,Partner,Other,This is was not in our previous list but Gubio 1 belongs to Gubio LGA,2026-04-09 00:00:00,2026-04-09,
Borno,Gubio,Ngulabamma,Ardimini,Yes,Magumeri,FACT,1,0,1,Inaccessible,confirmed_by_partner_report,FACT,Partner,Other,This is was not in our previous list but Ardimini belongs to Gubio LGA,2026-04-09 00:00:00,2026-04-09,
Borno,Guzamala,Wamiri,Mairari,No,,FACT,9,0,39,Inaccessible,confirmed_by_partner_report,FACT,Partner,Insecurity / conflict,NA,2026-04-09 00:00:00,2026-04-09,
Borno,Guzamala,Aduwa,Aduwa,Yes,Nganzai,FACT,7,0,24,Inaccessible,confirmed_by_partner_report,FACT,Partner,Insecurity / conflict,AOG attacks and no vehicle or access roads,2026-04-09 00:00:00,2026-04-09,
Borno,Guzamala,Gudumbali East,Gudumbali East,Yes,Abadam,FACT,5,0,20,Inaccessible,confirmed_by_partner_report,FACT,Partner,Insecurity / conflict,AOG attacks and no vehicle or access roads,2026-04-09 00:00:00,2026-04-09,
Borno,Guzamala,Banowa,Gudumbali East,Yes,Abadam; Kukawa; Mobbar,FACT,3,0,18,Inaccessible,confirmed_by_partner_report,FACT,Partner,Insecurity / conflict,AOG attacks and no vehicle or access roads,2026-04-09 00:00:00,2026-04-09,
Borno,Guzamala,Guzamala West,Guzamala West,No,,FACT,7,0,16,Inaccessible,confirmed_by_partner_report,FACT,Partner,Insecurity / conflict,NA,2026-04-09 00:00:00,2026-04-09,
Borno,Guzamala,Gudumbali West,Gudumbali West,Yes,Abadam,FACT,3,0,15,Inaccessible,confirmed_by_partner_report,FACT,Partner,Insecurity / conflict,AOG attacks and no vehicle or access roads,2026-04-09 00:00:00,2026-04-09,
Borno,Guzamala,Guzamala East,Mairari,No,,FACT,5,0,15,Inaccessible,confirmed_by_partner_report,FACT,Partner,Insecurity / conflict,AOG attacks and no vehicle or access roads,2026-04-09 00:00:00,2026-04-09,
Borno,Guzamala,Jigalta,Guzamala West,Yes,Nganzai,FACT,4,0,14,Inaccessible,confirmed_by_partner_report,FACT,Partner,Insecurity / conflict,AOG attacks and no vehicle or access roads,2026-04-09 00:00:00,2026-04-09,
Borno,Guzamala,Moduri,Moduri,Yes,Gubio; Nganzai,FACT,2,0,9,Inaccessible,confirmed_by_partner_report,FACT,Partner,Insecurity / conflict,AOG attacks and no vehicle or access roads,2026-04-09 00:00:00,2026-04-09,
Borno,Guzamala,Kukawa,Wamiri,Yes,Kukawa,FACT,2,0,7,Inaccessible,confirmed_by_partner_report,FACT,Partner,Insecurity / conflict,NA,2026-04-09 00:00:00,2026-04-09,
Borno,Guzamala,Mairari,Mairari,No,,FACT,2,0,6,Inaccessible,confirmed_by_partner_report,FACT,Partner,Insecurity / conflict,AOG attacks and no vehicle or access roads,2026-04-09 00:00:00,2026-04-09,
Borno,Guzamala,Alagarno,Wamiri,Yes,Kukawa,FACT,2,0,5,Inaccessible,confirmed_by_partner_report,FACT,Partner,Insecurity / conflict,AOG attacks and no vehicle or access roads,2026-04-09 00:00:00,2026-04-09,
Borno,Guzamala,Badu,Guzamala West,Yes,Nganzai,FACT,1,0,4,Inaccessible,confirmed_by_partner_report,FACT,Partner,Insecurity / conflict,NA,2026-04-09 00:00:00,2026-04-09,
Borno,Guzamala,Guworam,Wamiri,Yes,Kukawa,FACT,1,0,4,Inaccessible,confirmed_by_partner_report,FACT,Partner,Insecurity / conflict,AOG attacks and no vehicle or access roads,2026-04-09 00:00:00,2026-04-09,
Borno,Guzamala,Kingarwa,Mairari,No,,FACT,2,0,3,Inaccessible,confirmed_by_partner_report,FACT,Partner,Insecurity / conflict,AOG attacks and no vehicle or access roads,2026-04-09 00:00:00,2026-04-09,
Borno,Guzamala,Gazabure,Moduri,Yes,Gubio; Mobbar,FACT,1,0,2,Inaccessible,confirmed_by_partner_report,FACT,Partner,Insecurity / conflict,AOG attacks and no vehicle or access roads,2026-04-09 00:00:00,2026-04-09,
Borno,Guzamala,Monguno,Mairari,Yes,Kukawa; Monguno,FACT,2,0,2,Inaccessible,confirmed_by_partner_report,FACT,Partner,N/A - fully accessible,AOG attacks and no vehicle or access roads,2026-04-09 00:00:00,2026-04-09,
Borno,Gwoza,Pulka Bokko,Pulka Bokko,No,,NRC,2,1,74,Accessible,confirmed_by_partner_report,NRC,Partner,N/A - fully accessible,,2026-08-25,2026-08-25,
Borno,Gwoza,Bulabulin,Bulabulin,Yes,Maiduguri,NRC,2,1,69,Accessible,confirmed_by_partner_report,NRC,Partner,N/A - fully accessible,,2026-08-25,2026-08-25,
Borno,Gwoza,Bita Izge,Bita Izge,Yes,Damboa,NRC,3,0,18,Accessible,confirmed_by_partner_report,NRC,Partner,N/A - fully accessible,,2026-08-25,2026-08-25,
Borno,Gwoza,Hausari Gaddamayo,Hausari,No,,NRC,1,0,14,Accessible,confirmed_by_partner_report,NRC,Partner,N/A - fully accessible,,2026-08-25,2026-08-25,
Borno,Gwoza,Wala Warabe Dure,Wala Warabe,No,,NRC,2,0,12,Accessible,confirmed_by_partner_report,NRC,Partner,N/A - fully accessible,,2026-08-25,2026-08-25,
Borno,Gwoza,Ngoshe,Ngoshe,No,,NRC,2,0,10,Accessible,confirmed_by_partner_report,NRC,Partner,N/A - fully accessible,,2026-08-25,2026-08-25,
Borno,Gwoza,Guduf A and B,Guduf A&B,No,,NRC,2,0,7,Accessible,confirmed_by_partner_report,NRC,Partner,N/A - fully accessible,,2026-08-25,2026-08-25,
Borno,Gwoza,Kirawa Jimin,Kirawa,No,,NRC,1,0,1,Accessible,confirmed_by_partner_report,NRC,Partner,N/A - fully accessible,,2026-08-25,2026-08-25,
Borno,Gwoza,Gava Agapalwa,Gava Agapalawa,No,,NRC,1,0,0,Accessible,confirmed_by_partner_report,NRC,Partner,N/A - fully accessible,,2026-08-25,2026-08-25,
Borno,Hawul,Hizhi Bwala,Hizhibwala,No,,FACT,2,2,62,Inaccessible,confirmed_by_partner_report,FACT,Partner,Physical access (terrain,Poor terrain especially now during the rainy season,2026-04-09 00:00:00,2026-04-09,
Borno,Hawul,Kwajaffa,Kwajaffa,No,,FACT,3,2,33,Accessible,confirmed_by_partner_report,FACT,Partner,N/A - fully accessible,,2026-04-09 00:00:00,2026-04-09,
Borno,Hawul,Grim Damchoba,Grim Damchoba,Yes,Biu,FACT,2,1,18,Accessible,confirmed_by_partner_report,FACT,Partner,N/A - fully accessible,,2026-04-09 00:00:00,2026-04-09,
Borno,Hawul,Marama Kidang,Marama Kidang,No,,FACT,2,1,17,Accessible,confirmed_by_partner_report,FACT,Partner,N/A - fully accessible,,2026-04-09 00:00:00,2026-04-09,
Borno,Hawul,Puba Vidau,Puba Vidau,No,,FACT,3,1,14,Inaccessible,confirmed_by_partner_report,FACT,Partner,Access denied by authorities / community,Community leader adviced that the location is hard to access,2026-04-09 00:00:00,2026-04-09,
Borno,Hawul,Sakwa Hema,Sakwa Hema,No,,FACT,2,1,13,Accessible,confirmed_by_partner_report,FACT,Partner,N/A - fully accessible,,2026-04-09 00:00:00,2026-04-09,
Borno,Hawul,Pama Waitam,Pama Whitambaya,No,,FACT,1,1,10,Accessible,confirmed_by_partner_report,FACT,Partner,N/A - fully accessible,,2026-04-09 00:00:00,2026-04-09,
Borno,Hawul,Bilingwi,Bilingwi,No,,FACT,2,0,7,Inaccessible,confirmed_by_partner_report,FACT,Partner,Other,This is was not in our previous list but Bilingwi/Sakwa Hema belongs to Hawul LGA,2026-04-09 00:00:00,2026-04-09,
Borno,Hawul,Garkida,Puba Vidau,No,,FACT,2,0,7,Inaccessible,confirmed_by_partner_report,FACT,Partner,Other,Ward falls in Adamwa ,2026-04-09 00:00:00,2026-04-09,
Borno,Hawul,Gwanzang,Gwangang Chata,No,,FACT,1,0,6,Accessible,confirmed_by_partner_report,FACT,Partner,N/A - fully accessible,,2026-04-09 00:00:00,2026-04-09,
Borno,Hawul,Kwaya Bura,Kwayabura,No,,FACT,1,0,6,Accessible,confirmed_by_partner_report,FACT,Partner,N/A - fully accessible,,2026-04-09 00:00:00,2026-04-09,
Borno,Hawul,Kidda,Kidda,No,,FACT,1,0,5,Accessible,confirmed_by_partner_report,FACT,Partner,N/A - fully accessible,,2026-04-09 00:00:00,2026-04-09,
Borno,Hawul,Shaffa,Shaffa,No,,FACT,1,0,4,Accessible,confirmed_by_partner_report,FACT,Partner,N/A - fully accessible,,2026-04-09 00:00:00,2026-04-09,
Borno,Hawul,Buma,Puba Vidau,Yes,Shani,FACT,1,0,2,Accessible,confirmed_by_partner_report,FACT,Partner,N/A - fully accessible,,2026-04-09 00:00:00,2026-04-09,
Borno,Hawul,Guyaku,Puba Vidau,No,,FACT,1,0,0,Inaccessible,confirmed_by_partner_report,FACT,Partner,Other,This is was not in our previous list but Puba Vidau belongs to Hawul LGA,2026-04-09 00:00:00,2026-04-09,
Borno,Jere,Old Maiduguri,Old Maiduguri,No,,NRC,1,3,53,Accessible,confirmed_by_partner_report,NRC,Partner,N/A - fully accessible,,2026-08-25,2026-08-25,
Borno,Jere,Dusuman,Dusuma,No,,NRC,2,2,27,Accessible,confirmed_by_partner_report,NRC,Partner,N/A - fully accessible,,2026-08-25,2026-08-25,
Borno,Jere,Mairi,Mairi,No,,NRC,3,1,27,Accessible,confirmed_by_partner_report,NRC,Partner,N/A - fully accessible,,2026-08-25,2026-08-25,
Borno,Jere,Galtimari,Galtimari,Yes,Maiduguri,NRC,3,1,24,Accessible,confirmed_by_partner_report,NRC,Partner,N/A - fully accessible,,2026-08-25,2026-08-25,
Borno,Jere,Gomari,Gomari,Yes,Konduga,NRC,2,1,16,Accessible,confirmed_by_partner_report,NRC,Partner,N/A - fully accessible,,2026-08-25,2026-08-25,
Borno,Jere,Mashamari,Mashamari,No,,NRC,3,0,14,Accessible,confirmed_by_partner_report,NRC,Partner,N/A - fully accessible,,2026-08-25,2026-08-25,
Borno,Jere,Tamsum Gamdua,Maimusari,Yes,Mafa,NRC,2,0,8,Accessible,confirmed_by_partner_report,NRC,Partner,N/A - fully accessible,,2026-08-25,2026-08-25,
Borno,Jere,Dala,Dala,Yes,Maiduguri,NRC,2,0,6,Accessible,confirmed_by_partner_report,NRC,Partner,N/A - fully accessible,,2026-08-25,2026-08-25,
Borno,Jere,Dalori,Alau,Yes,Konduga; Mafa,NRC,0,1,6,Accessible,confirmed_by_partner_report,NRC,Partner,N/A - fully accessible,,2026-08-25,2026-08-25,
Borno,Jere,Gongolong,Gongulong,No,,NRC,0,1,6,Accessible,confirmed_by_partner_report,NRC,Partner,N/A - fully accessible,,2026-08-25,2026-08-25,
Borno,Jere,Limanti,Dusuma,Yes,Bayo; Mafa; Maiduguri,NRC,0,1,6,Accessible,confirmed_by_partner_report,NRC,Partner,N/A - fully accessible,,2026-08-25,2026-08-25,
Borno,Jere,Maimusari,Maimusari,No,,NRC,1,0,5,Accessible,confirmed_by_partner_report,NRC,Partner,N/A - fully accessible,,2026-08-25,2026-08-25,
Borno,Jere,Gamboru,Old Maiduguri,Yes,Maiduguri,NRC,1,0,3,Accessible,confirmed_by_partner_report,NRC,Partner,N/A - fully accessible,,2026-08-25,2026-08-25,
Borno,Jere,Ajiri,Galtimari,Yes,Mafa,NRC,1,0,2,Accessible,confirmed_by_partner_report,NRC,Partner,N/A - fully accessible,,2026-08-25,2026-08-25,
Borno,Jere,Alau,Mairi,No,,NRC,1,0,1,Accessible,confirmed_by_partner_report,NRC,Partner,N/A - fully accessible,,2026-08-25,2026-08-25,
Borno,Jere,Auno,Gomari,Yes,Konduga,NRC,1,0,0,Accessible,confirmed_by_partner_report,NRC,Partner,N/A - fully accessible,,2026-08-25,2026-08-25,
Borno,Kaga,Benisheikh,Benisheikh,No,,FACT,2,1,88,Accessible,confirmed_by_partner_report,FACT,Partner,N/A - fully accessible,,2026-04-09 00:00:00,2026-04-09,
Borno,Kaga,Ngamdu,Ngamdu,No,,FACT,3,1,38,Accessible,confirmed_by_partner_report,FACT,Partner,N/A - fully accessible,"Wajiro is not in our previous list, its Ngamdu instead",2026-04-09 00:00:00,2026-04-09,
Borno,Kaga,Mainok,Mainok,No,,FACT,2,1,18,Accessible,confirmed_by_partner_report,FACT,Partner,N/A - fully accessible,,2026-04-09 00:00:00,2026-04-09,
Borno,Kaga,Marguba,Marguba,No,,FACT,4,0,14,Accessible,confirmed_by_partner_report,FACT,Partner,N/A - fully accessible,"Wajiro is not in our previous list, its Marguba instead",2026-04-09 00:00:00,2026-04-09,
Borno,Kaga,Foi,Fai,No,,FACT,4,0,12,Accessible,confirmed_by_partner_report,FACT,Partner,N/A - fully accessible,,2026-04-09 00:00:00,2026-04-09,
Borno,Kaga,Wajiro,Benisheikh,No,,FACT,3,0,8,Accessible,confirmed_by_partner_report,FACT,Partner,N/A - fully accessible,,2026-04-09 00:00:00,2026-04-09,
Borno,Kaga,Dongo,Dongo,No,,FACT,1,0,6,Accessible,confirmed_by_partner_report,FACT,Partner,N/A - fully accessible,,2026-04-09 00:00:00,2026-04-09,
Borno,Kaga,Wassaram,Wassaram,No,,FACT,1,0,6,Accessible,confirmed_by_partner_report,FACT,Partner,N/A - fully accessible,,2026-04-09 00:00:00,2026-04-09,
Borno,Kaga,Borgozo,Borgozo,No,,FACT,1,0,5,Accessible,confirmed_by_partner_report,FACT,Partner,N/A - fully accessible,,2026-04-09 00:00:00,2026-04-09,
Borno,Kaga,Karagawaru,Karagawaru,No,,FACT,2,0,5,Accessible,confirmed_by_partner_report,FACT,Partner,N/A - fully accessible,,2026-04-09 00:00:00,2026-04-09,
Borno,Kaga,Damakasu,Ngamdu,No,,FACT,1,0,4,Accessible,confirmed_by_partner_report,FACT,Partner,N/A - fully accessible,,2026-04-09 00:00:00,2026-04-09,
Borno,Kala/Balge,Rann,Moholo,No,,PLAN,3,2,143,Accessible,confirmed_by_partner_report (blank row - not flagged),,Partner,,,,,
Borno,Kala/Balge,Kala,Kala,No,,PLAN,5,0,25,Accessible,confirmed_by_partner_report (blank row - not flagged),,Partner,,,,,
Borno,Kala/Balge,Jarawa,Jarawa,No,,PLAN,4,0,19,Accessible,confirmed_by_partner_report (blank row - not flagged),,Partner,,,,,
Borno,Kala/Balge,Mada,Mada,No,,PLAN,4,0,7,Accessible,confirmed_by_partner_report (blank row - not flagged),,Partner,,,,,
Borno,Kala/Balge,Daima,Kala,No,,PLAN,2,0,6,Accessible,confirmed_by_partner_report (blank row - not flagged),,Partner,,,,,
Borno,Kala/Balge,Komakandi,K Kaudi,No,,PLAN,3,0,4,Accessible,confirmed_by_partner_report (blank row - not flagged),,Partner,,,,,
Borno,Kala/Balge,Moholo,Moholo,No,,PLAN,1,0,1,Accessible,confirmed_by_partner_report (blank row - not flagged),,Partner,,,,,
Borno,Kala/Balge,Sigal Karche,Moholo,No,,PLAN,3,0,1,Accessible,confirmed_by_partner_report (blank row - not flagged),,Partner,,,,,
Borno,Konduga,Auno,Yajiwa,Yes,Jere,NRC,7,4,91,Accessible,confirmed_by_partner_report,NRC,Partner,N/A - fully accessible,,2026-08-25,2026-08-25,
Borno,Konduga,Yabal,Konduga,No,,NRC,2,1,64,Accessible,confirmed_by_partner_report,NRC,Partner,N/A - fully accessible,,2026-08-25,2026-08-25,
Borno,Konduga,Dalori,Dalori,Yes,Jere; Mafa,NRC,1,2,18,Accessible,confirmed_by_partner_report,NRC,Partner,N/A - fully accessible,,2026-08-25,2026-08-25,
Borno,Konduga,Jakana,Jakana,No,,NRC,2,0,12,Accessible,confirmed_by_partner_report,NRC,Partner,N/A - fully accessible,,2026-08-25,2026-08-25,
Borno,Konduga,Konduga,Yabal,No,,NRC,3,0,11,Accessible,confirmed_by_partner_report,NRC,Partner,N/A - fully accessible,,2026-08-25,2026-08-25,
Borno,Konduga,Dalwa,Dalwa,No,,NRC,1,0,6,Accessible,confirmed_by_partner_report,NRC,Partner,N/A - fully accessible,,2026-08-25,2026-08-25,
Borno,Konduga,Gomari,Auno,Yes,Jere,NRC,1,0,2,Accessible,confirmed_by_partner_report,NRC,Partner,N/A - fully accessible,,2026-08-25,2026-08-25,
Borno,Konduga,Yale,Yale,No,,NRC,2,0,2,Accessible,confirmed_by_partner_report,NRC,Partner,N/A - fully accessible,,2026-08-25,2026-08-25,
Borno,Konduga,Malari,Konduga,No,,NRC,1,0,1,Accessible,confirmed_by_partner_report,NRC,Partner,N/A - fully accessible,,2026-08-25,2026-08-25,
Borno,Kukawa,Kukawa,Kukawa,Yes,Guzamala,FACT,6,0,39,Inaccessible,confirmed_by_partner_report,FACT,Partner,Insecurity / conflict,AOG attacks and no vehicle or access roads,2026-04-09 00:00:00,2026-04-09,
Borno,Kukawa,Yoyo,Yoyo,No,,FACT,9,0,34,Inaccessible,confirmed_by_partner_report,FACT,Partner,Insecurity / conflict,AOG attacks and no vehicle or access roads,2026-04-09 00:00:00,2026-04-09,
Borno,Kukawa,Baga,Baga,No,,FACT,2,0,24,Inaccessible,confirmed_by_partner_report,FACT,Partner,Insecurity / conflict,AOG attacks and no vehicle or access roads,2026-04-09 00:00:00,2026-04-09,
Borno,Kukawa,Doro,Doro,Yes,Abadam,FACT,1,0,18,Inaccessible,confirmed_by_partner_report,FACT,Partner,Insecurity / conflict,AOG attacks and no vehicle or access roads,2026-04-09 00:00:00,2026-04-09,
Borno,Kukawa,Kekeno,Kekeno,Yes,Monguno,FACT,3,0,17,Inaccessible,confirmed_by_partner_report,FACT,Partner,Insecurity / conflict,AOG attacks and no vehicle or access roads,2026-04-09 00:00:00,2026-04-09,
Borno,Kukawa,Arege,Doro,Yes,Abadam,FACT,3,0,13,Inaccessible,confirmed_by_partner_report,FACT,Partner,Insecurity / conflict,NA,2026-04-09 00:00:00,2026-04-09,
Borno,Kukawa,Dogoshi,Dogoshi,No,,FACT,3,0,13,Inaccessible,confirmed_by_partner_report,FACT,Partner,Insecurity / conflict,NA,2026-04-09 00:00:00,2026-04-09,
Borno,Kukawa,Alagarno,Alagarno,Yes,Guzamala,FACT,2,0,12,Inaccessible,confirmed_by_partner_report,FACT,Partner,Insecurity / conflict,AOG attacks and no vehicle or access roads,2026-04-09 00:00:00,2026-04-09,
Borno,Kukawa,Monguno,Yoyo,Yes,Guzamala; Monguno,FACT,2,0,11,Inaccessible,confirmed_by_partner_report,FACT,Partner,Insecurity / conflict,AOG attacks and no vehicle or access roads,2026-04-09 00:00:00,2026-04-09,
Borno,Kukawa,Banowa,Doro,Yes,Abadam; Guzamala; Mobbar,FACT,2,0,10,Inaccessible,confirmed_by_partner_report,FACT,Partner,Insecurity / conflict,NA,2026-04-09 00:00:00,2026-04-09,
Borno,Kukawa,Kauwa,Kauwa,No,,FACT,2,0,9,Inaccessible,confirmed_by_partner_report,FACT,Partner,Insecurity / conflict,NA,2026-04-09 00:00:00,2026-04-09,
Borno,Kukawa,Bundur,Bundur,No,,FACT,1,0,6,Inaccessible,confirmed_by_partner_report,FACT,Partner,Insecurity / conflict,AOG attacks and no vehicle or access roads,2026-04-09 00:00:00,2026-04-09,
Borno,Kukawa,Barwati,Barwati,No,,FACT,1,0,1,Inaccessible,confirmed_by_partner_report,FACT,Partner,Insecurity / conflict,AOG attacks and no vehicle or access roads,2026-04-09 00:00:00,2026-04-09,
Borno,Kukawa,Guworam,Yoyo,Yes,Guzamala,FACT,1,0,1,Inaccessible,confirmed_by_partner_report,FACT,Partner,Insecurity / conflict,AOG attacks and no vehicle or access roads,2026-04-09 00:00:00,2026-04-09,
Borno,Kwaya Kusar,Kwaya Kusar,Kwaya Kusar,No,,FACT,5,3,67,Accessible,confirmed_by_partner_report,FACT,Partner,N/A - fully accessible,,2026-04-09 00:00:00,2026-04-09,
Borno,Kwaya Kusar,Kurba Gayi,Kurba Gayi,Yes,Bayo,FACT,4,1,28,Accessible,confirmed_by_partner_report,FACT,Partner,N/A - fully accessible,,2026-04-09 00:00:00,2026-04-09,
Borno,Kwaya Kusar,Gongdi,Gwandi,No,,FACT,2,1,24,Accessible,confirmed_by_partner_report,FACT,Partner,N/A - fully accessible,,2026-04-09 00:00:00,2026-04-09,
Borno,Kwaya Kusar,Peta,Peta,No,,FACT,2,1,17,Accessible,confirmed_by_partner_report,FACT,Partner,N/A - fully accessible,,2026-04-09 00:00:00,2026-04-09,
Borno,Kwaya Kusar,Bila Gusi,Bila Gusi,No,,FACT,2,1,15,Accessible,confirmed_by_partner_report,FACT,Partner,N/A - fully accessible,,2026-04-09 00:00:00,2026-04-09,
Borno,Kwaya Kusar,Guwal,Guwal,No,,FACT,2,1,11,Accessible,confirmed_by_partner_report,FACT,Partner,N/A - fully accessible,,2026-04-09 00:00:00,2026-04-09,
Borno,Kwaya Kusar,Wada,Wada,No,,FACT,2,1,11,Accessible,confirmed_by_partner_report,FACT,Partner,N/A - fully accessible,,2026-04-09 00:00:00,2026-04-09,
Borno,Kwaya Kusar,Kubuku,Kubuku,No,,FACT,1,1,10,Accessible,confirmed_by_partner_report,FACT,Partner,N/A - fully accessible,,2026-04-09 00:00:00,2026-04-09,
Borno,Kwaya Kusar,Yimirdalang,Yimirdalang,No,,FACT,2,1,9,Accessible,confirmed_by_partner_report,FACT,Partner,N/A - fully accessible,,2026-04-09 00:00:00,2026-04-09,
Borno,Kwaya Kusar,Wawa,Wawa,No,,FACT,0,1,6,Accessible,confirmed_by_partner_report,FACT,Partner,N/A - fully accessible,,2026-04-09 00:00:00,2026-04-09,
Borno,Mafa,Mafa,Mafa,No,,FHI 360,2,2,126,Accessible,confirmed_by_partner_report,FHI 360,Partner,N/A - fully accessible,"Source: FHI 360 point-level review (FHI 360_sampling_points_summary_FHI360.xlsx, Green/Red highlighting), shared by email 2026-08-17. All primary points in this ward marked Green (accessible).",17/08/2026,2026-08-17,
Borno,Mafa,Gawa,Gawa,Yes,Dikwa,FHI 360,5,0,25,Inaccessible,confirmed_by_partner_report,FHI 360,Partner,Insecurity / conflict,"Source: FHI 360 point-level review (FHI 360_sampling_points_summary_FHI360.xlsx, Green/Red highlighting), shared by email 2026-08-17. All primary points in this ward marked Red. Partner's own framing: ""some of the assigned clusters and households are currently inaccessible, while others fall outside our approved movement boundaries"" - not distinguished per ward in their email, so logged uniformly as Insecurity/conflict; flag to partner if a specific ward here is a movement-boundary case rather than active insecurity.",17/08/2026,2026-08-17,0
Borno,Mafa,Mujigine,Mujigine,No,,FHI 360,3,0,16,Inaccessible,confirmed_by_partner_report,FHI 360,Partner,Insecurity / conflict,"Source: FHI 360 point-level review (FHI 360_sampling_points_summary_FHI360.xlsx, Green/Red highlighting), shared by email 2026-08-17. All primary points in this ward marked Red. Partner's own framing: ""some of the assigned clusters and households are currently inaccessible, while others fall outside our approved movement boundaries"" - not distinguished per ward in their email, so logged uniformly as Insecurity/conflict; flag to partner if a specific ward here is a movement-boundary case rather than active insecurity.",17/08/2026,2026-08-17,0
Borno,Mafa,Ajiri,Ajiri,Yes,Jere,FHI 360,3,0,13,Inaccessible,confirmed_by_partner_report,FHI 360,Partner,Insecurity / conflict,"Source: FHI 360 point-level review (FHI 360_sampling_points_summary_FHI360.xlsx, Green/Red highlighting), shared by email 2026-08-17. All primary points in this ward marked Red. Partner's own framing: ""some of the assigned clusters and households are currently inaccessible, while others fall outside our approved movement boundaries"" - not distinguished per ward in their email, so logged uniformly as Insecurity/conflict; flag to partner if a specific ward here is a movement-boundary case rather than active insecurity.",17/08/2026,2026-08-17,0
Borno,Mafa,Koshebe,Koshebe,No,,FHI 360,2,0,8,Inaccessible,confirmed_by_partner_report,FHI 360,Partner,Insecurity / conflict,"Source: FHI 360 point-level review (FHI 360_sampling_points_summary_FHI360.xlsx, Green/Red highlighting), shared by email 2026-08-17. All primary points in this ward marked Red. Partner's own framing: ""some of the assigned clusters and households are currently inaccessible, while others fall outside our approved movement boundaries"" - not distinguished per ward in their email, so logged uniformly as Insecurity/conflict; flag to partner if a specific ward here is a movement-boundary case rather than active insecurity.",17/08/2026,2026-08-17,0
Borno,Mafa,Laje,Lege,No,,FHI 360,1,0,6,Inaccessible,confirmed_by_partner_report,FHI 360,Partner,Insecurity / conflict,"Source: FHI 360 point-level review (FHI 360_sampling_points_summary_FHI360.xlsx, Green/Red highlighting), shared by email 2026-08-17. All primary points in this ward marked Red. Partner's own framing: ""some of the assigned clusters and households are currently inaccessible, while others fall outside our approved movement boundaries"" - not distinguished per ward in their email, so logged uniformly as Insecurity/conflict; flag to partner if a specific ward here is a movement-boundary case rather than active insecurity.",17/08/2026,2026-08-17,0
Borno,Mafa,Masu,Masu,No,,FHI 360,1,0,4,Inaccessible,confirmed_by_partner_report,FHI 360,Partner,Insecurity / conflict,"Source: FHI 360 point-level review (FHI 360_sampling_points_summary_FHI360.xlsx, Green/Red highlighting), shared by email 2026-08-17. All primary points in this ward marked Red. Partner's own framing: ""some of the assigned clusters and households are currently inaccessible, while others fall outside our approved movement boundaries"" - not distinguished per ward in their email, so logged uniformly as Insecurity/conflict; flag to partner if a specific ward here is a movement-boundary case rather than active insecurity.",17/08/2026,2026-08-17,0
Borno,Mafa,Limanti,Limanti,Yes,Bayo; Jere; Maiduguri,FHI 360,2,0,3,Inaccessible,confirmed_by_partner_report,FHI 360,Partner,Insecurity / conflict,"Source: FHI 360 point-level review (FHI 360_sampling_points_summary_FHI360.xlsx, Green/Red highlighting), shared by email 2026-08-17. All primary points in this ward marked Red. Partner's own framing: ""some of the assigned clusters and households are currently inaccessible, while others fall outside our approved movement boundaries"" - not distinguished per ward in their email, so logged uniformly as Insecurity/conflict; flag to partner if a specific ward here is a movement-boundary case rather than active insecurity.",17/08/2026,2026-08-17,0
Borno,Mafa,Dalori,Tamsu Ngamdua,Yes,Jere; Konduga,FHI 360,1,0,2,Accessible,confirmed_by_partner_report,FHI 360,Partner,Physical access (terrain,"Source: FHI 360 point-level review (FHI 360_sampling_points_summary_FHI360.xlsx, Green/Red highlighting), shared by email 2026-08-17. All primary points in this ward marked Green (accessible).",17/08/2026,2026-08-17,
Borno,Mafa,Khaddamari,Koshebe,No,,FHI 360,1,0,2,Inaccessible,confirmed_by_partner_report,FHI 360,Partner,Insecurity / conflict,"Source: FHI 360 point-level review (FHI 360_sampling_points_summary_FHI360.xlsx, Green/Red highlighting), shared by email 2026-08-17. All primary points in this ward marked Red. Partner's own framing: ""some of the assigned clusters and households are currently inaccessible, while others fall outside our approved movement boundaries"" - not distinguished per ward in their email, so logged uniformly as Insecurity/conflict; flag to partner if a specific ward here is a movement-boundary case rather than active insecurity.",17/08/2026,2026-08-17,0
Borno,Mafa,Miye,Masu,Yes,Magumeri; Nganzai,FHI 360,1,0,2,Inaccessible,confirmed_by_partner_report,FHI 360,Partner,Insecurity / conflict,"Source: FHI 360 point-level review (FHI 360_sampling_points_summary_FHI360.xlsx, Green/Red highlighting), shared by email 2026-08-17. All primary points in this ward marked Red. Partner's own framing: ""some of the assigned clusters and households are currently inaccessible, while others fall outside our approved movement boundaries"" - not distinguished per ward in their email, so logged uniformly as Insecurity/conflict; flag to partner if a specific ward here is a movement-boundary case rather than active insecurity.",17/08/2026,2026-08-17,0
Borno,Mafa,Tamsum Gamdua,Tamsu Ngamdua,Yes,Jere,FHI 360,1,0,2,Accessible,confirmed_by_partner_report,FHI 360,Partner,N/A - fully accessible,"Source: FHI 360 point-level review (FHI 360_sampling_points_summary_FHI360.xlsx, Green/Red highlighting), shared by email 2026-08-17. All primary points in this ward marked Green (accessible).",17/08/2026,2026-08-17,
Borno,Magumeri,Magumeri,Magumeri,No,,INTERSOS,3,1,60,Accessible,confirmed_by_partner_report,INTERSOS,Partner,,,,Unknown (see Date reported by partner column),
Borno,Magumeri,Gajiganna,Gajigana,Yes,Nganzai,INTERSOS,1,1,54,Accessible,confirmed_by_partner_report,INTERSOS,Partner,,,,Unknown (see Date reported by partner column),
Borno,Magumeri,Kalizoram,Kalizoram,No,,INTERSOS,2,1,23,Accessible,confirmed_by_partner_report,INTERSOS,Partner,,,,Unknown (see Date reported by partner column),
Borno,Magumeri,Titiwa,Titiwa,Yes,Nganzai,INTERSOS,3,0,18,Accessible,confirmed_by_partner_report,INTERSOS,Partner,,,,Unknown (see Date reported by partner column),
Borno,Magumeri,Ngulabamma,Kalizoram,Yes,Gubio,INTERSOS,4,0,16,Accessible,confirmed_by_partner_report,INTERSOS,Partner,,,,Unknown (see Date reported by partner column),
Borno,Magumeri,Ngamma,Ngamma,No,,INTERSOS,2,0,12,Accessible,confirmed_by_partner_report,INTERSOS,Partner,,,,Unknown (see Date reported by partner column),
Borno,Magumeri,Kupti,Kupti,No,,INTERSOS,2,0,8,Accessible,confirmed_by_partner_report,INTERSOS,Partner,,,,Unknown (see Date reported by partner column),
Borno,Magumeri,Borno Yesu,Borno Yesu,No,,INTERSOS,1,0,6,Accessible,confirmed_by_partner_report,INTERSOS,Partner,,,,Unknown (see Date reported by partner column),
Borno,Magumeri,Furram,Furram,No,,INTERSOS,1,0,6,Accessible,confirmed_by_partner_report,INTERSOS,Partner,,,,Unknown (see Date reported by partner column),
Borno,Magumeri,Sasawa / Kabaru,Kalizoram,No,,INTERSOS,1,0,1,Accessible,confirmed_by_partner_report (blank row - not flagged),,Partner,,,,,
Borno,Magumeri,Miye,Gajigana,Yes,Mafa; Nganzai,INTERSOS,1,0,0,Accessible,confirmed_by_partner_report (blank row - not flagged),,Partner,,,,,
Borno,Maiduguri,Maisandari,Maisandari,No,,INTERSOS,6,2,69,Accessible,confirmed_by_partner_report,INTERSOS,Partner,,,,Unknown (see Date reported by partner column),
Borno,Maiduguri,Bolori 2,Bolori II,No,,INTERSOS,2,2,55,Accessible,confirmed_by_partner_report,INTERSOS,Partner,,,,Unknown (see Date reported by partner column),
Borno,Maiduguri,Bolori 1,Bolori I,No,,INTERSOS,3,2,36,Accessible,confirmed_by_partner_report,INTERSOS,Partner,,,,Unknown (see Date reported by partner column),
Borno,Maiduguri,Gwange 3,Gwange III,No,,INTERSOS,2,1,19,Accessible,confirmed_by_partner_report,INTERSOS,Partner,,,,Unknown (see Date reported by partner column),
Borno,Maiduguri,Gwange 2,Gwange II,No,,INTERSOS,1,0,3,Accessible,confirmed_by_partner_report (blank row - not flagged),,Partner,,,,,
Borno,Maiduguri,Lamisula,Lamisula,No,,INTERSOS,3,0,3,Accessible,confirmed_by_partner_report (blank row - not flagged),,Partner,,,,,
Borno,Maiduguri,Bulabulin,Bulabulin,Yes,Gwoza,INTERSOS,1,0,2,Accessible,confirmed_by_partner_report,INTERSOS,Partner,,,,Unknown (see Date reported by partner column),
Borno,Maiduguri,Galtimari,Maisandari,Yes,Jere,INTERSOS,3,0,2,Accessible,confirmed_by_partner_report (blank row - not flagged),,Partner,,,,,
Borno,Maiduguri,Gamboru,Gamboru,Yes,Jere,INTERSOS,1,0,2,Accessible,confirmed_by_partner_report (blank row - not flagged),,Partner,,,,,
Borno,Maiduguri,Gwange 1,Gwange I,No,,INTERSOS,1,0,2,Accessible,confirmed_by_partner_report (blank row - not flagged),,Partner,,,,,
Borno,Maiduguri,Hausari,Hausari,No,,INTERSOS,1,0,2,Accessible,confirmed_by_partner_report (blank row - not flagged),,Partner,,,,,
Borno,Maiduguri,Limanti,Limanti,Yes,Bayo; Jere; Mafa,INTERSOS,1,0,2,Accessible,confirmed_by_partner_report (blank row - not flagged),,Partner,,,,,
Borno,Maiduguri,Mafoni,Mafoni,No,,INTERSOS,1,0,2,Accessible,confirmed_by_partner_report (blank row - not flagged),,Partner,,,,,
Borno,Maiduguri,Yajiwa,Bolori I,No,,INTERSOS,1,0,2,Accessible,confirmed_by_partner_report (blank row - not flagged),,Partner,,,,,
Borno,Maiduguri,Dala,Maisandari,Yes,Jere,INTERSOS,1,0,1,Accessible,confirmed_by_partner_report (blank row - not flagged),,Partner,,,,,
Borno,Maiduguri,Fezzan,Fezzan,No,,INTERSOS,1,0,1,Accessible,confirmed_by_partner_report (blank row - not flagged),,Partner,,,,,
Borno,Maiduguri,Shehuri North,Shehuri North,No,,INTERSOS,1,0,1,Accessible,confirmed_by_partner_report (blank row - not flagged),,Partner,,,,,
Borno,Mobbar,Zanna Umarti,Zulum Umarti,No,,FHI 360,14,5,132,Accessible,default_unreported,,Not yet reported,,,,,
Borno,Mobbar,Damasak,Damasak,No,,FHI 360,3,5,76,Accessible,default_unreported,,Not yet reported,,,,,
Borno,Mobbar,Kareto,Kareto,No,,FHI 360,8,0,31,Inaccessible,confirmed_by_partner_report,FHI 360,Partner,Insecurity / conflict,"Source: FHI 360 point-level review (FHI 360_sampling_points_summary_FHI360.xlsx, Green/Red highlighting), shared by email 2026-08-17. All primary points in this ward marked Red. Partner's email: ""For Mobbar LGA, all currently assigned households are inaccessible."" Partner proposed Damasak Town and Zanna Umarti as alternative accessible locations - neither is in FHI 360's currently assigned ward list, so this is a request for new supplementary point(s), not an existing point to mark accessible - needs a resampling-mechanism decision (draw-pool/stratum fit), not a template answer.",17/08/2026,2026-08-17,0
Borno,Mobbar,Layi,Chamba,No,,FHI 360,5,0,23,Inaccessible,confirmed_by_partner_report,FHI 360,Partner,Insecurity / conflict,"Source: FHI 360 point-level review (FHI 360_sampling_points_summary_FHI360.xlsx, Green/Red highlighting), shared by email 2026-08-17. All primary points in this ward marked Red. Partner's email: ""For Mobbar LGA, all currently assigned households are inaccessible."" Partner proposed Damasak Town and Zanna Umarti as alternative accessible locations - neither is in FHI 360's currently assigned ward list, so this is a request for new supplementary point(s), not an existing point to mark accessible - needs a resampling-mechanism decision (draw-pool/stratum fit), not a template answer.",17/08/2026,2026-08-17,0
Borno,Mobbar,Futchimiram,Kareto,Yes,Gubio,FHI 360,3,0,15,Inaccessible,confirmed_by_partner_report,FHI 360,Partner,Insecurity / conflict,"Source: FHI 360 point-level review (FHI 360_sampling_points_summary_FHI360.xlsx, Green/Red highlighting), shared by email 2026-08-17. All primary points in this ward marked Red. Partner's email: ""For Mobbar LGA, all currently assigned households are inaccessible."" Partner proposed Damasak Town and Zanna Umarti as alternative accessible locations - neither is in FHI 360's currently assigned ward list, so this is a request for new supplementary point(s), not an existing point to mark accessible - needs a resampling-mechanism decision (draw-pool/stratum fit), not a template answer.",17/08/2026,2026-08-17,0
Borno,Mobbar,Zari,Chamba,No,,FHI 360,2,0,11,Inaccessible,confirmed_by_partner_report,FHI 360,Partner,Insecurity / conflict,"Source: FHI 360 point-level review (FHI 360_sampling_points_summary_FHI360.xlsx, Green/Red highlighting), shared by email 2026-08-17. All primary points in this ward marked Red. Partner's email: ""For Mobbar LGA, all currently assigned households are inaccessible."" Partner proposed Damasak Town and Zanna Umarti as alternative accessible locations - neither is in FHI 360's currently assigned ward list, so this is a request for new supplementary point(s), not an existing point to mark accessible - needs a resampling-mechanism decision (draw-pool/stratum fit), not a template answer.",17/08/2026,2026-08-17,0
Borno,Mobbar,Banowa,Bogum,Yes,Abadam; Guzamala; Kukawa,FHI 360,1,0,6,Inaccessible,confirmed_by_partner_report,FHI 360,Partner,Insecurity / conflict,"Source: FHI 360 point-level review (FHI 360_sampling_points_summary_FHI360.xlsx, Green/Red highlighting), shared by email 2026-08-17. All primary points in this ward marked Red. Partner's email: ""For Mobbar LGA, all currently assigned households are inaccessible."" Partner proposed Damasak Town and Zanna Umarti as alternative accessible locations - neither is in FHI 360's currently assigned ward list, so this is a request for new supplementary point(s), not an existing point to mark accessible - needs a resampling-mechanism decision (draw-pool/stratum fit), not a template answer.",17/08/2026,2026-08-17,0
Borno,Mobbar,Gashigar,Gashigar,No,,FHI 360,1,0,6,Inaccessible,confirmed_by_partner_report,FHI 360,Partner,Insecurity / conflict,"Source: FHI 360 point-level review (FHI 360_sampling_points_summary_FHI360.xlsx, Green/Red highlighting), shared by email 2026-08-17. All primary points in this ward marked Red. Partner's email: ""For Mobbar LGA, all currently assigned households are inaccessible."" Partner proposed Damasak Town and Zanna Umarti as alternative accessible locations - neither is in FHI 360's currently assigned ward list, so this is a request for new supplementary point(s), not an existing point to mark accessible - needs a resampling-mechanism decision (draw-pool/stratum fit), not a template answer.",17/08/2026,2026-08-17,0
Borno,Mobbar,Fukurti,Kareto,No,,FHI 360,2,0,5,Inaccessible,confirmed_by_partner_report,FHI 360,Partner,Insecurity / conflict,"Source: FHI 360 point-level review (FHI 360_sampling_points_summary_FHI360.xlsx, Green/Red highlighting), shared by email 2026-08-17. All primary points in this ward marked Red. Partner's email: ""For Mobbar LGA, all currently assigned households are inaccessible."" Partner proposed Damasak Town and Zanna Umarti as alternative accessible locations - neither is in FHI 360's currently assigned ward list, so this is a request for new supplementary point(s), not an existing point to mark accessible - needs a resampling-mechanism decision (draw-pool/stratum fit), not a template answer.",17/08/2026,2026-08-17,0
Borno,Mobbar,Ngetra,Kareto,Yes,Gubio,FHI 360,2,0,4,Inaccessible,confirmed_by_partner_report,FHI 360,Partner,Insecurity / conflict,"Source: FHI 360 point-level review (FHI 360_sampling_points_summary_FHI360.xlsx, Green/Red highlighting), shared by email 2026-08-17. All primary points in this ward marked Red. Partner's email: ""For Mobbar LGA, all currently assigned households are inaccessible."" Partner proposed Damasak Town and Zanna Umarti as alternative accessible locations - neither is in FHI 360's currently assigned ward list, so this is a request for new supplementary point(s), not an existing point to mark accessible - needs a resampling-mechanism decision (draw-pool/stratum fit), not a template answer.",17/08/2026,2026-08-17,0
Borno,Mobbar,Chamba,Chamba,No,,FHI 360,1,0,1,Inaccessible,confirmed_by_partner_report,FHI 360,Partner,Insecurity / conflict,"Source: FHI 360 point-level review (FHI 360_sampling_points_summary_FHI360.xlsx, Green/Red highlighting), shared by email 2026-08-17. All primary points in this ward marked Red. Partner's email: ""For Mobbar LGA, all currently assigned households are inaccessible."" Partner proposed Damasak Town and Zanna Umarti as alternative accessible locations - neither is in FHI 360's currently assigned ward list, so this is a request for new supplementary point(s), not an existing point to mark accessible - needs a resampling-mechanism decision (draw-pool/stratum fit), not a template answer.",17/08/2026,2026-08-17,0
Borno,Mobbar,Gazabure,Chamba,Yes,Gubio; Guzamala,FHI 360,1,0,0,Inaccessible,confirmed_by_partner_report,FHI 360,Partner,Insecurity / conflict,"Not individually marked in the partner's file (zero primary target HHs here - reserve-only ward), but included for consistency with the rest of Mobbar per the partner's blanket ""all currently assigned households are inaccessible"" statement. No practical effect since there's no primary sample here.",17/08/2026,2026-08-17,0
Borno,Monguno,Monguno,Kumalia,Yes,Guzamala; Kukawa,Street Child of Nigeria,3,3,162,Accessible,default_unreported,,Not yet reported,,,,,
Borno,Monguno,Wulo,Wulo,No,,Street Child of Nigeria,3,0,18,Accessible,default_unreported,,Not yet reported,,,,,
Borno,Monguno,Mintar,Mintar,No,,Street Child of Nigeria,2,0,10,Accessible,default_unreported,,Not yet reported,,,,,
Borno,Monguno,Kekeno,Ngurno,Yes,Kukawa,Street Child of Nigeria,1,0,6,Accessible,default_unreported,,Not yet reported,,,,,
Borno,Monguno,Mofio,Mofio,No,,Street Child of Nigeria,2,0,5,Accessible,default_unreported,,Not yet reported,,,,,
Borno,Monguno,Sure,Sure,No,,Street Child of Nigeria,1,0,3,Accessible,default_unreported,,Not yet reported,,,,,
Borno,Monguno,Kaguram,Mintar,No,,Street Child of Nigeria,1,0,2,Accessible,default_unreported,,Not yet reported,,,,,
Borno,Ngala,Ngala,Ngala,No,,CARE,2,2,142,Accessible,default_unreported,,Not yet reported,,,,,
Borno,Ngala,Logumani,Logumane,No,,CARE,4,0,24,Accessible,default_unreported,,Not yet reported,,,,,
Borno,Ngala,Ndufu,Ndufu,No,,CARE,4,0,14,Accessible,default_unreported,,Not yet reported,,,,,
Borno,Ngala,Warshele,Warshele,No,,CARE,2,0,12,Accessible,default_unreported,,Not yet reported,,,,,
Borno,Ngala,Fuye,Fuye,No,,CARE,3,0,4,Accessible,default_unreported,,Not yet reported,,,,,
Borno,Ngala,Gamboru C,Gamboru C,No,,CARE,3,0,3,Accessible,default_unreported,,Not yet reported,,,,,
Borno,Ngala,Shehuri,Shehuri,Yes,Bama,CARE,1,0,3,Accessible,default_unreported,,Not yet reported,,,,,
Borno,Ngala,Wulgo,Wulgo,No,,CARE,1,0,2,Accessible,default_unreported,,Not yet reported,,,,,
Borno,Nganzai,Kuda,Kuda,No,,FACT,9,0,40,Inaccessible,confirmed_by_partner_report,FACT,Partner,Insecurity / conflict,NA,2026-04-09 00:00:00,2026-04-09,
Borno,Nganzai,Gadai,Gadai,Yes,Gubio,FACT,6,0,23,Inaccessible,confirmed_by_partner_report,FACT,Partner,Insecurity / conflict,NA,2026-04-09 00:00:00,2026-04-09,
Borno,Nganzai,Gajiram,Gajiram,No,,FACT,3,0,18,Accessible,confirmed_by_partner_report,FACT,Partner,N/A - fully accessible,,2026-04-09 00:00:00,2026-04-09,
Borno,Nganzai,Sabsabuwa,Sabsabuwa,No,,FACT,4,0,17,Inaccessible,confirmed_by_partner_report,FACT,Partner,Insecurity / conflict,AOG attacks and no vehicle or access roads,2026-04-09 00:00:00,2026-04-09,
Borno,Nganzai,Moduri,Kurnawa,Yes,Gubio; Guzamala,FACT,3,0,14,Inaccessible,confirmed_by_partner_report,FACT,Partner,Insecurity / conflict,AOG attacks and no vehicle or access roads,2026-04-09 00:00:00,2026-04-09,
Borno,Nganzai,Maiwa,Maiwa,No,,FACT,3,0,12,Inaccessible,confirmed_by_partner_report,FACT,Partner,Insecurity / conflict,AOG attacks and no vehicle or access roads,2026-04-09 00:00:00,2026-04-09,
Borno,Nganzai,Sugundure,Sugundare,No,,FACT,2,0,12,Inaccessible,confirmed_by_partner_report,FACT,Partner,Insecurity / conflict,AOG attacks and no vehicle or access roads,2026-04-09 00:00:00,2026-04-09,
Borno,Nganzai,Damaram,Damaram,No,,FACT,2,0,10,Inaccessible,confirmed_by_partner_report,FACT,Partner,Insecurity / conflict,AOG attacks and no vehicle or access roads,2026-04-09 00:00:00,2026-04-09,
Borno,Nganzai,Gajiganna,Gajiram,Yes,Magumeri,FACT,4,0,10,Inaccessible,confirmed_by_partner_report,FACT,Partner,Insecurity / conflict,AOG attacks and no vehicle or access roads,2026-04-09 00:00:00,2026-04-09,
Borno,Nganzai,Badu,Badu,Yes,Guzamala,FACT,4,0,9,Inaccessible,confirmed_by_partner_report,FACT,Partner,Insecurity / conflict,AOG attacks and no vehicle or access roads,2026-04-09 00:00:00,2026-04-09,
Borno,Nganzai,Miye,Miye,Yes,Mafa; Magumeri,FACT,3,0,8,Inaccessible,confirmed_by_partner_report,FACT,Partner,Insecurity / conflict,AOG attacks and no vehicle or access roads,2026-04-09 00:00:00,2026-04-09,
Borno,Nganzai,Alarge,Alarge,No,,FACT,1,0,6,Inaccessible,confirmed_by_partner_report,FACT,Partner,Insecurity / conflict,AOG attacks and no vehicle or access roads,2026-04-09 00:00:00,2026-04-09,
Borno,Nganzai,Jigalta,Jigalta,Yes,Guzamala,FACT,1,0,6,Inaccessible,confirmed_by_partner_report,FACT,Partner,Insecurity / conflict,AOG attacks and no vehicle or access roads,2026-04-09 00:00:00,2026-04-09,
Borno,Nganzai,Kurnawa,Kurnawa,No,,FACT,2,0,6,Inaccessible,confirmed_by_partner_report,FACT,Partner,Insecurity / conflict,AOG attacks and no vehicle or access roads,2026-04-09 00:00:00,2026-04-09,
Borno,Nganzai,Felo,Kurnawa,Yes,Gubio,FACT,1,0,5,Inaccessible,confirmed_by_partner_report,FACT,Partner,Insecurity / conflict,AOG attacks and no vehicle or access roads,2026-04-09 00:00:00,2026-04-09,
Borno,Nganzai,Kingowa,Gadai,Yes,Gubio,FACT,2,0,3,Inaccessible,confirmed_by_partner_report,FACT,Partner,Insecurity / conflict,AOG attacks and no vehicle or access roads,2026-04-09 00:00:00,2026-04-09,
Borno,Nganzai,Titiwa,Kuda,Yes,Magumeri,FACT,1,0,3,Inaccessible,confirmed_by_partner_report,FACT,Partner,Insecurity / conflict,AOG attacks and no vehicle or access roads,2026-04-09 00:00:00,2026-04-09,
Borno,Nganzai,Aduwa,Kurnawa,Yes,Guzamala,FACT,1,0,1,Inaccessible,confirmed_by_partner_report,FACT,Partner,Insecurity / conflict,AOG attacks and no vehicle or access roads,2026-04-09 00:00:00,2026-04-09,
Borno,Shani,Shani,Shani,No,,FACT,4,1,52,Accessible,confirmed_by_partner_report,FACT,Partner,N/A - fully accessible,,21/08/2236,Unknown (see Date reported by partner column),
Borno,Shani,Gora,Gora,No,,FACT,4,2,33,Accessible,confirmed_by_partner_report,FACT,Partner,N/A - fully accessible,,21/08/2231,Unknown (see Date reported by partner column),
Borno,Shani,Bargu,Bargu,No,,FACT,3,1,25,Accessible,confirmed_by_partner_report,FACT,Partner,N/A - fully accessible,,21/08/2228,Unknown (see Date reported by partner column),
Borno,Shani,Kubo,Kubo,No,,FACT,2,2,23,Accessible,confirmed_by_partner_report,FACT,Partner,N/A - fully accessible,,21/08/2234,Unknown (see Date reported by partner column),
Borno,Shani,Gasi,Gasi,No,,FACT,2,1,18,Accessible,confirmed_by_partner_report,FACT,Partner,N/A - fully accessible,,2026-04-09 00:00:00,2026-04-09,
Borno,Shani,Gwalasho,Gwalasho,No,,FACT,2,1,12,Accessible,confirmed_by_partner_report,FACT,Partner,N/A - fully accessible,,21/08/2232,Unknown (see Date reported by partner column),
Borno,Shani,Lakundum,Lakundum,No,,FACT,1,1,8,Accessible,confirmed_by_partner_report,FACT,Partner,N/A - fully accessible,,21/08/2235,Unknown (see Date reported by partner column),
Borno,Shani,Kombo,Kombo,No,,FACT,1,0,6,Accessible,confirmed_by_partner_report,FACT,Partner,N/A - fully accessible,,2026-04-09 00:00:00,2026-04-09,
Borno,Shani,Walama,Walama,No,,FACT,1,0,6,Accessible,confirmed_by_partner_report,FACT,Partner,N/A - fully accessible,,21/08/2237,Unknown (see Date reported by partner column),
Borno,Shani,Buma,Buma,Yes,Hawul,FACT,1,0,5,Inaccessible,confirmed_by_partner_report,FACT,Partner,Other,This is not in our previous list but Buma belongs to Shani LGA ,2026-04-09 00:00:00,2026-04-09,
Borno,Shani,Gwapopolok,Buma,No,,FACT,3,0,5,Inaccessible,confirmed_by_partner_report,FACT,Partner,Other,This is not in our previous list but Gwalasho belongs to Shani LGA,2026-04-09 00:00:00,2026-04-09,
Borno,Shani,Bodeno,Gora,No,,FACT,1,0,3,Accessible,confirmed_by_partner_report,FACT,Partner,N/A - fully accessible,,21/08/2229,Unknown (see Date reported by partner column),
Borno,Shani,Gwaskara,Gwaskara,No,,FACT,1,0,2,Inaccessible,confirmed_by_partner_report,FACT,Partner,Other,This is not in our previous list but Gwaskara belongs to Shani LGA,2026-04-09 00:00:00,2026-04-09,
Kaduna,Jema'a,Gidan Waya,,No,,COOPI,3,1,50,Accessible,confirmed_by_partner_report (blank row - not flagged),,Partner,,,,,
Kaduna,Jema'a,Kafanchan A,,No,,COOPI,2,1,27,Accessible,confirmed_by_partner_report (blank row - not flagged),,Partner,,,,,
Kaduna,Jema'a,Godogodo,,No,,COOPI,1,1,24,Accessible,confirmed_by_partner_report (blank row - not flagged),,Partner,,,,,
Kaduna,Jema'a,Jagindi,,No,,COOPI,1,1,18,Accessible,confirmed_by_partner_report (blank row - not flagged),,Partner,,,,,
Kaduna,Jema'a,Kagoma,,No,,COOPI,3,0,18,Accessible,confirmed_by_partner_report (blank row - not flagged),,Partner,,,,,
Kaduna,Jema'a,Takau,,No,,COOPI,3,0,14,Accessible,confirmed_by_partner_report (blank row - not flagged),,Partner,,,,,
Kaduna,Jema'a,Barde,,No,,COOPI,2,0,12,Accessible,confirmed_by_partner_report (blank row - not flagged),,Partner,,,,,
Kaduna,Jema'a,Kaninkon,,No,,COOPI,2,0,11,Accessible,confirmed_by_partner_report (blank row - not flagged),,Partner,,,,,
Kaduna,Jema'a,Maigizo,,No,,COOPI,1,0,10,Accessible,confirmed_by_partner_report (blank row - not flagged),,Partner,,,,,
Kaduna,Jema'a,Atuku,,No,,COOPI,2,0,4,Accessible,confirmed_by_partner_report (blank row - not flagged),,Partner,,,,,
Kaduna,Jema'a,Kafanchan B,,No,,COOPI,1,0,3,Accessible,confirmed_by_partner_report (blank row - not flagged),,Partner,,,,,
Kaduna,Jema'a,Unguwan Rimi,,No,,COOPI,1,0,1,Accessible,confirmed_by_partner_report (blank row - not flagged),,Partner,,,,,
Kaduna,Zaria,Dambo,,No,,COOPI,3,1,29,Accessible,confirmed_by_partner_report (blank row - not flagged),,Partner,,,,,
Kaduna,Zaria,Kwarbai A,,No,,COOPI,1,1,28,Accessible,confirmed_by_partner_report (blank row - not flagged),,Partner,,,,,
Kaduna,Zaria,Tudun Wada,,No,,COOPI,3,1,28,Accessible,confirmed_by_partner_report (blank row - not flagged),,Partner,,,,,
Kaduna,Zaria,Kufena,,No,,COOPI,2,1,16,Accessible,confirmed_by_partner_report (blank row - not flagged),,Partner,,,,,
Kaduna,Zaria,Tukur Tukur,,No,,COOPI,1,0,13,Accessible,confirmed_by_partner_report (blank row - not flagged),,Partner,,,,,
Kaduna,Zaria,Kwarbai B,,No,,COOPI,1,0,10,Accessible,confirmed_by_partner_report (blank row - not flagged),,Partner,,,,,
Kaduna,Zaria,Dutsen Abba,,No,,COOPI,3,0,9,Accessible,confirmed_by_partner_report (blank row - not flagged),,Partner,,,,,
Kaduna,Zaria,Gyellesu,,No,,COOPI,5,0,9,Accessible,confirmed_by_partner_report (blank row - not flagged),,Partner,,,,,
Kaduna,Zaria,Kaura,,No,,COOPI,1,0,6,Accessible,confirmed_by_partner_report (blank row - not flagged),,Partner,,,,,
Kaduna,Zaria,Unguwar Fatika,,No,,COOPI,3,0,6,Accessible,confirmed_by_partner_report (blank row - not flagged),,Partner,,,,,
Kaduna,Zaria,Unguwar Juma,,No,,COOPI,2,0,6,Accessible,confirmed_by_partner_report (blank row - not flagged),,Partner,,,,,
Kaduna,Zaria,Limancin Kona,,No,,COOPI,1,0,1,Accessible,confirmed_by_partner_report (blank row - not flagged),,Partner,,,,,
Kaduna,Zaria,Wuciciri,,No,,COOPI,1,0,1,Accessible,confirmed_by_partner_report (blank row - not flagged),,Partner,,,,,
Katsina,Bakori,Kurami Yankwani,,Yes,Funtua,FACT,4,2,72,Inaccessible,confirmed_by_partner_report,FACT,Partner,Insecurity / conflict,Banditry and kidnappings,24/08/2026,2026-08-24,
Katsina,Bakori,Kabomo,,No,,FACT,5,2,59,Accessible,confirmed_by_partner_report,FACT,Partner,N/A - fully accessible,NA,2026-04-09 00:00:00,2026-04-09,
Katsina,Bakori,Bakori A,,No,,FACT,2,1,43,Accessible,confirmed_by_partner_report,FACT,Partner,N/A - fully accessible,NA,2026-04-09 00:00:00,2026-04-09,
Katsina,Bakori,Bakori B,,No,,FACT,6,0,26,Accessible,confirmed_by_partner_report,FACT,Partner,N/A - fully accessible,NA,2026-04-09 00:00:00,2026-04-09,
Katsina,Bakori,Guga,,No,,FACT,5,0,17,Inaccessible,confirmed_by_partner_report,FACT,Partner,Insecurity / conflict,Banditry and kidnappings,21/08/2242,Unknown (see Date reported by partner column),
Katsina,Bakori,Jargaba,,No,,FACT,6,0,17,Inaccessible,confirmed_by_partner_report,FACT,Partner,Insecurity / conflict,NA,2026-04-09 00:00:00,2026-04-09,
Katsina,Bakori,Tsiga,,Yes,Kafur,FACT,7,0,15,Inaccessible,confirmed_by_partner_report,FACT,Partner,Insecurity / conflict,Banditry and kidnappings,24/08/2026,2026-08-24,
Katsina,Bakori,Kandarawa,,No,,FACT,4,0,13,Inaccessible,confirmed_by_partner_report,FACT,Partner,Insecurity / conflict,Banditry and kidnappings,24/08/2026,2026-08-24,
Katsina,Bakori,Barde Kwantakwaran,,No,,FACT,3,0,12,Inaccessible,confirmed_by_partner_report,FACT,Partner,Insecurity / conflict,Banditry and kidnappings,21/08/2240,Unknown (see Date reported by partner column),
Katsina,Bakori,Gozaki,,Yes,Danja; Kafur,FACT,2,0,11,Inaccessible,confirmed_by_partner_report,FACT,Partner,Insecurity / conflict,This is not part of the LGA ,2026-04-09 00:00:00,2026-04-09,
Katsina,Bakori,Dawa Musa,,Yes,Danja,FACT,3,0,9,Inaccessible,confirmed_by_partner_report,FACT,Partner,Insecurity / conflict,Banditry activities,21/08/2241,Unknown (see Date reported by partner column),
Katsina,Bakori,Kakumi,,Yes,Kankara,FACT,2,0,9,Inaccessible,confirmed_by_partner_report,FACT,Partner,Insecurity / conflict,Banditry and kidnappings,24/08/2026,2026-08-24,
Katsina,Bakori,Karfi,,Yes,Kafur; Malumfashi,FACT,1,0,6,Inaccessible,confirmed_by_partner_report,FACT,Partner,Insecurity / conflict,Banditry and kidnappings,24/08/2026,2026-08-24,
Katsina,Bakori,Tandama,,Yes,Danja,FACT,1,0,2,Inaccessible,confirmed_by_partner_report,FACT,Partner,Insecurity / conflict,NA,2026-04-09 00:00:00,2026-04-09,
Katsina,Bakori,Tafoki,,Yes,Faskari; Funtua,FACT,1,0,1,Inaccessible,confirmed_by_partner_report,FACT,Partner,Insecurity / conflict,NA,2026-04-09 00:00:00,2026-04-09,
Katsina,Bakori,Ruwan Godiya,,Yes,Faskari,FACT,1,0,0,Inaccessible,confirmed_by_partner_report,FACT,Partner,Insecurity / conflict,NA,2026-04-09 00:00:00,2026-04-09,
Katsina,Batagarawa,Batagarawa,,No,,IRC,3,2,48,Accessible,confirmed_by_partner_report (blank row - not flagged),,Partner,,,,,
Katsina,Batagarawa,Ajiwa,,No,,IRC,3,3,35,Accessible,confirmed_by_partner_report (blank row - not flagged),,Partner,,,,,
Katsina,Batagarawa,Dandagoro,,No,,IRC,3,0,25,Accessible,confirmed_by_partner_report (blank row - not flagged),,Partner,,,,,
Katsina,Batagarawa,Bakiyawa,,Yes,Jibia,IRC,1,1,23,Accessible,confirmed_by_partner_report (blank row - not flagged),,Partner,,,,,
Katsina,Batagarawa,Shinkafi 2,,Yes,Katsina,IRC,3,1,20,Accessible,confirmed_by_partner_report (blank row - not flagged),,Partner,,,,,
Katsina,Batagarawa,Jino,,Yes,Katsina,IRC,1,1,18,Accessible,confirmed_by_partner_report (blank row - not flagged),,Partner,,,,,
Katsina,Batagarawa,Kayauki,,No,,IRC,2,0,8,Accessible,confirmed_by_partner_report (blank row - not flagged),,Partner,,,,,
Katsina,Batagarawa,Barawa,,Yes,Jibia,IRC,2,0,7,Accessible,confirmed_by_partner_report (blank row - not flagged),,Partner,,,,,
Katsina,Batagarawa,Dabaibayawa,,No,,IRC,3,0,7,Accessible,confirmed_by_partner_report (blank row - not flagged),,Partner,,,,,
Katsina,Batagarawa,Yargamji,,No,,IRC,1,0,6,Accessible,confirmed_by_partner_report (blank row - not flagged),,Partner,,,,,
Katsina,Batagarawa,Kudu 2,,Yes,Katsina,IRC,1,0,1,Accessible,confirmed_by_partner_report (blank row - not flagged),,Partner,,,,,
Katsina,Batagarawa,Magama Masabo Kurabau,,Yes,Mani; Rimi,IRC,1,0,0,Accessible,confirmed_by_partner_report (blank row - not flagged),,Partner,,,,,
Katsina,Batsari,Batsari,,No,,FACT,4,2,92,Accessible,confirmed_by_partner_report,FACT,Partner,N/A - fully accessible,NA,2026-04-09 00:00:00,2026-04-09,
Katsina,Batsari,Wagini,,No,,FACT,4,2,40,Accessible,confirmed_by_partner_report,FACT,Partner,N/A - fully accessible,NA,2026-04-09 00:00:00,2026-04-09,
Katsina,Batsari,Yau-Yau Malamawa,,No,,FACT,6,0,29,Inaccessible,confirmed_by_partner_report,FACT,Partner,Insecurity / conflict,Banditary and Kidnappings ,2026-04-09 00:00:00,2026-04-09,
Katsina,Batsari,Madogara,,Yes,Safana,FACT,4,1,28,Inaccessible,confirmed_by_partner_report,FACT,Partner,Insecurity / conflict,Banditry and kidnappings,24/08/2026,2026-08-24,
Katsina,Batsari,Kandawa,,Yes,Bindawa; Ingawa; Kusada,FACT,5,1,21,Inaccessible,confirmed_by_partner_report,FACT,Partner,Insecurity / conflict,Banditry and kidnappings,24/08/2026,2026-08-24,
Katsina,Batsari,Manawa,,No,,FACT,7,0,21,Inaccessible,confirmed_by_partner_report,FACT,Partner,Insecurity / conflict,this is not part of the LGA ,2026-04-09 00:00:00,2026-04-09,
Katsina,Batsari,Karare,,Yes,Safana,FACT,5,0,18,Inaccessible,confirmed_by_partner_report,FACT,Partner,Insecurity / conflict,Banditry and kidnappings,24/08/2026,2026-08-24,
Katsina,Batsari,Darini Magaji Abu,,No,,FACT,4,0,16,Inaccessible,confirmed_by_partner_report,FACT,Partner,Insecurity / conflict,Banditry and kidnappings,24/08/2026,2026-08-24,
Katsina,Batsari,Abadau Kagara,,No,,FACT,4,0,15,Inaccessible,confirmed_by_partner_report,FACT,Partner,Insecurity / conflict,Banditry and kidnappings,24/08/2026,2026-08-24,
Katsina,Batsari,Rumah,,No,,FACT,4,1,12,Inaccessible,confirmed_by_partner_report,FACT,Partner,Insecurity / conflict,Banditry and kidnappings,24/08/2026,2026-08-24,
Katsina,Batsari,Dan Alhaji Yangayya,,No,,FACT,2,0,8,Inaccessible,confirmed_by_partner_report,FACT,Partner,Insecurity / conflict,Banditry and kidnappings,24/08/2026,2026-08-24,
Katsina,Batsari,Kurfi B,,Yes,Kurfi,FACT,2,0,7,Inaccessible,confirmed_by_partner_report,FACT,Partner,Insecurity / conflict,Banditry and kidnappings,2026-04-09 00:00:00,2026-04-09,
Katsina,Batsari,Rukudawa,,No,,FACT,1,0,6,Inaccessible,confirmed_by_partner_report,FACT,Partner,Insecurity / conflict,this is not part of the LGA ,2026-04-09 00:00:00,2026-04-09,
Katsina,Batsari,Babban Duhu B,,Yes,Safana,FACT,1,0,3,Inaccessible,confirmed_by_partner_report,FACT,Partner,Insecurity / conflict,Banditry and kidnappings,24/08/2026,2026-08-24,
Katsina,Batsari,Faru,,Yes,Jibia,FACT,1,0,2,Inaccessible,confirmed_by_partner_report,FACT,Partner,Insecurity / conflict,Previously not on our list and we cant confirm which LGA it falls under,2026-04-09 00:00:00,2026-04-09,
Katsina,Batsari,Zakka A,,Yes,Safana,FACT,1,0,0,Inaccessible,confirmed_by_partner_report,FACT,Partner,Insecurity / conflict,this is not part of the LGA ,2026-04-09 00:00:00,2026-04-09,
Katsina,Baure,Baure,,Yes,Bindawa,FACT,1,2,36,Accessible,confirmed_by_partner_report,FACT,Partner,N/A - fully accessible,NA,2026-04-09 00:00:00,2026-04-09,
Katsina,Baure,Yanmaulu,,No,,FACT,2,1,35,Accessible,confirmed_by_partner_report,FACT,Partner,N/A - fully accessible,NA,2026-04-09 00:00:00,2026-04-09,
Katsina,Baure,Garki,,No,,FACT,2,2,28,Accessible,confirmed_by_partner_report,FACT,Partner,N/A - fully accessible,NA,2026-04-09 00:00:00,2026-04-09,
Katsina,Baure,Hui,,No,,FACT,5,0,25,Accessible,confirmed_by_partner_report,FACT,Partner,N/A - fully accessible,NA,2026-04-09 00:00:00,2026-04-09,
Katsina,Baure,Yanduna,,No,,FACT,3,0,18,Accessible,confirmed_by_partner_report,FACT,Partner,N/A - fully accessible,NA,2026-04-09 00:00:00,2026-04-09,
Katsina,Baure,Unguwar Rai,,No,,FACT,5,0,15,Accessible,confirmed_by_partner_report,FACT,Partner,N/A - fully accessible,NA,2026-04-09 00:00:00,2026-04-09,
Katsina,Baure,Maibara,,Yes,Zango,FACT,2,1,13,Accessible,confirmed_by_partner_report,FACT,Partner,N/A - fully accessible,NA,2026-04-09 00:00:00,2026-04-09,
Katsina,Baure,Dankum,,No,,FACT,2,0,8,Accessible,confirmed_by_partner_report,FACT,Partner,N/A - fully accessible,NA,2026-04-09 00:00:00,2026-04-09,
Katsina,Baure,Mudiri,,No,,FACT,1,1,8,Accessible,confirmed_by_partner_report,FACT,Partner,N/A - fully accessible,NA,2026-04-09 00:00:00,2026-04-09,
Katsina,Baure,K Malamai,,Yes,Zango,FACT,1,0,0,Inaccessible,confirmed_by_partner_report,FACT,Partner,Insecurity / conflict,Not in our previous list and cant confirm if this is part of this LGA,2026-04-09 00:00:00,2026-04-09,
Katsina,Bindawa,Doro,,No,,FACT,2,2,42,Accessible,confirmed_by_partner_report,FACT,Partner,N/A - fully accessible,NA,2026-04-09 00:00:00,2026-04-09,
Katsina,Bindawa,Bindawa,,Yes,Charanchi,FACT,1,1,27,Accessible,confirmed_by_partner_report,FACT,Partner,N/A - fully accessible,NA,2026-04-09 00:00:00,2026-04-09,
Katsina,Bindawa,Jibawa,,No,,FACT,3,2,20,Accessible,confirmed_by_partner_report,FACT,Partner,N/A - fully accessible,NA,2026-04-09 00:00:00,2026-04-09,
Katsina,Bindawa,Kamri,,No,,FACT,3,1,20,Accessible,confirmed_by_partner_report,FACT,Partner,N/A - fully accessible,NA,2026-04-09 00:00:00,2026-04-09,
Katsina,Bindawa,Dallaje,,No,,FACT,4,0,16,Accessible,confirmed_by_partner_report,FACT,Partner,N/A - fully accessible,NA,2026-04-09 00:00:00,2026-04-09,
Katsina,Bindawa,Shibdawa,,Yes,Rimi,FACT,2,1,15,Accessible,confirmed_by_partner_report,FACT,Partner,N/A - fully accessible,NA,2026-04-09 00:00:00,2026-04-09,
Katsina,Bindawa,Gaiwa,,No,,FACT,3,0,12,Accessible,confirmed_by_partner_report,FACT,Partner,N/A - fully accessible,NA,2026-04-09 00:00:00,2026-04-09,
Katsina,Bindawa,Yangora,,No,,FACT,1,1,11,Accessible,confirmed_by_partner_report,FACT,Partner,N/A - fully accessible,NA,2026-04-09 00:00:00,2026-04-09,
Katsina,Bindawa,Baure,,Yes,Baure,FACT,2,0,9,Accessible,confirmed_by_partner_report,FACT,Partner,N/A - fully accessible,NA,2026-04-09 00:00:00,2026-04-09,
Katsina,Bindawa,Giremawa,,No,,FACT,2,0,7,Accessible,confirmed_by_partner_report,FACT,Partner,N/A - fully accessible,NA,2026-04-09 00:00:00,2026-04-09,
Katsina,Bindawa,Tama,,Yes,Kankia,FACT,2,0,7,Accessible,confirmed_by_partner_report,FACT,Partner,N/A - fully accessible,NA,2026-04-09 00:00:00,2026-04-09,
Katsina,Bindawa,Kandawa,,Yes,Batsari; Ingawa; Kusada,FACT,0,1,6,Accessible,confirmed_by_partner_report,FACT,Partner,N/A - fully accessible,NA,2026-04-09 00:00:00,2026-04-09,
Katsina,Bindawa,Doka,,Yes,Charanchi,FACT,1,0,0,Inaccessible,confirmed_by_partner_report,FACT,Partner,Insecurity / conflict,Not in our previous list and cant confirm if this is part of this LGA,2026-04-09 00:00:00,2026-04-09,
Katsina,Bindawa,Jani,,Yes,Mani,FACT,1,0,0,Inaccessible,confirmed_by_partner_report,FACT,Partner,Insecurity / conflict,this is under Mani LGA and has been accessed,2026-04-09 00:00:00,2026-04-09,
Katsina,Charanchi,Charanchi,,No,,CARE,6,1,69,Accessible,default_unreported,,Not yet reported,,,,,
Katsina,Charanchi,Kuraye,,No,,CARE,3,1,28,Accessible,default_unreported,,Not yet reported,,,,,
Katsina,Charanchi,Radda,,Yes,Dutsin-Ma,CARE,3,1,20,Accessible,default_unreported,,Not yet reported,,,,,
Katsina,Charanchi,Tsakatsa,,Yes,Dutsin-Ma; Kankia,CARE,4,0,17,Accessible,default_unreported,,Not yet reported,,,,,
Katsina,Charanchi,Majen Wayya,,Yes,Kankia,CARE,4,0,13,Accessible,default_unreported,,Not yet reported,,,,,
Katsina,Charanchi,Banye,,Yes,Kurfi,CARE,0,1,12,Accessible,default_unreported,,Not yet reported,,,,,
Katsina,Charanchi,Safana,,Yes,Safana,CARE,2,1,12,Accessible,default_unreported,,Not yet reported,,,,,
Katsina,Charanchi,Koda,,No,,CARE,3,0,8,Accessible,default_unreported,,Not yet reported,,,,,
Katsina,Charanchi,Doka,,Yes,Bindawa,CARE,4,0,6,Accessible,default_unreported,,Not yet reported,,,,,
Katsina,Charanchi,Ganuwa,,No,,CARE,1,0,4,Accessible,default_unreported,,Not yet reported,,,,,
Katsina,Charanchi,Bindawa,,Yes,Bindawa,CARE,1,0,3,Accessible,default_unreported,,Not yet reported,,,,,
Katsina,Dan Musa,Dan Musa A,,No,,FACT,4,3,87,Accessible,confirmed_by_partner_report,FACT,Partner,N/A - fully accessible,NA,2026-04-09 00:00:00,2026-04-09,
Katsina,Dan Musa,Mara A,,No,,FACT,4,4,53,Inaccessible,confirmed_by_partner_report,FACT,Partner,Insecurity / conflict,Banditry and kidnappings,2026-04-09 00:00:00,2026-04-09,
Katsina,Dan Musa,Yantumaki A,,Yes,Matazu,FACT,4,3,35,Inaccessible,confirmed_by_partner_report,FACT,Partner,Insecurity / conflict,Banditry and kidnappings,2026-04-09 00:00:00,2026-04-09,
Katsina,Dan Musa,Yantumaki B,,No,,FACT,12,0,33,Inaccessible,confirmed_by_partner_report,FACT,Partner,Insecurity / conflict,NA,2026-04-09 00:00:00,2026-04-09,
Katsina,Dan Musa,Mara B,,Yes,Dutsin-Ma,FACT,5,1,26,Inaccessible,confirmed_by_partner_report,FACT,Partner,Insecurity / conflict,Banditry and kidnappings,2026-04-09 00:00:00,2026-04-09,
Katsina,Dan Musa,Dandire A,,No,,FACT,2,2,19,Inaccessible,confirmed_by_partner_report,FACT,Partner,Insecurity / conflict,Banditry and kidnappings,2026-04-09 00:00:00,2026-04-09,
Katsina,Dan Musa,Gurbi,,Yes,Jibia; Kankara,FACT,4,0,19,Inaccessible,confirmed_by_partner_report,FACT,Partner,Insecurity / conflict,NA,2026-04-09 00:00:00,2026-04-09,
Katsina,Dan Musa,Dan Musa B,,No,,FACT,3,1,18,Accessible,confirmed_by_partner_report,FACT,Partner,N/A - fully accessible,NA,2026-04-09 00:00:00,2026-04-09,
Katsina,Dan Musa,Dan Ali,,Yes,Matazu,FACT,3,0,14,Inaccessible,confirmed_by_partner_report,FACT,Partner,Insecurity / conflict,Banditry and kidnappings,2026-04-09 00:00:00,2026-04-09,
Katsina,Dan Musa,Maidabino A,,No,,FACT,4,0,12,Inaccessible,confirmed_by_partner_report,FACT,Partner,Insecurity / conflict,Banditry and kidnappings,2026-04-09 00:00:00,2026-04-09,
Katsina,Dan Musa,Makera,,Yes,Dutsin-Ma; Funtua; Matazu,FACT,3,0,9,Inaccessible,confirmed_by_partner_report,FACT,Partner,Insecurity / conflict,NA,2026-04-09 00:00:00,2026-04-09,
Katsina,Dan Musa,Maidabino B,,Yes,Kankara,FACT,2,1,7,Inaccessible,confirmed_by_partner_report,FACT,Partner,Insecurity / conflict,Banditry and kidnappings,2026-04-09 00:00:00,2026-04-09,
Katsina,Dan Musa,Dandire B,,Yes,Safana,FACT,1,0,5,Inaccessible,confirmed_by_partner_report,FACT,Partner,Insecurity / conflict,Banditry and kidnappings,2026-04-09 00:00:00,2026-04-09,
Katsina,Dan Musa,Runka B,,Yes,Safana,FACT,1,0,3,Inaccessible,confirmed_by_partner_report,FACT,Partner,Insecurity / conflict,NA,2026-04-09 00:00:00,2026-04-09,
Katsina,Dandume,Dandume A,,No,,FACT,2,1,98,Inaccessible,confirmed_by_partner_report,FACT,Partner,Insecurity / conflict,Banditry and kidnappings,2026-04-09 00:00:00,2026-04-09,
Katsina,Dandume,Tumburkai A,,No,,FACT,2,1,23,Inaccessible,confirmed_by_partner_report,FACT,Partner,Insecurity / conflict,Banditry and kidnappings,2026-04-09 00:00:00,2026-04-09,
Katsina,Dandume,Magaji Wando,,Yes,Sabuwa,FACT,5,0,17,Inaccessible,confirmed_by_partner_report,FACT,Partner,Insecurity / conflict,Banditry and kidnappings,2026-04-09 00:00:00,2026-04-09,
Katsina,Dandume,Mahuta A,,No,,FACT,2,0,9,Accessible,confirmed_by_partner_report,FACT,Partner,N/A - fully accessible,NA,2026-04-09 00:00:00,2026-04-09,
Katsina,Dandume,Mahuta B,,No,,FACT,2,0,9,Accessible,confirmed_by_partner_report,FACT,Partner,N/A - fully accessible,NA,2026-04-09 00:00:00,2026-04-09,
Katsina,Dandume,Dansoda,,Yes,Sabuwa,FACT,4,0,8,Inaccessible,confirmed_by_partner_report,FACT,Partner,Insecurity / conflict,Banditry and kidnappings,2026-04-09 00:00:00,2026-04-09,
Katsina,Dandume,Dantankari,,No,,FACT,3,0,7,Inaccessible,confirmed_by_partner_report,FACT,Partner,Insecurity / conflict,Banditry and kidnappings,2026-04-09 00:00:00,2026-04-09,
Katsina,Dandume,Maikwama,,No,,FACT,3,0,6,Inaccessible,confirmed_by_partner_report,FACT,Partner,Insecurity / conflict,Banditry and kidnappings,2026-04-09 00:00:00,2026-04-09,
Katsina,Dandume,Tumburkai B,,No,,FACT,1,0,4,Inaccessible,confirmed_by_partner_report,FACT,Partner,Insecurity / conflict,Banditry and kidnappings,2026-04-09 00:00:00,2026-04-09,
Katsina,Dandume,Dandume B,,No,,FACT,1,0,3,Accessible,confirmed_by_partner_report,FACT,Partner,N/A - fully accessible,NA,2026-04-09 00:00:00,2026-04-09,
Katsina,Dandume,Mahuta C,,No,,FACT,1,0,2,Accessible,confirmed_by_partner_report,FACT,Partner,N/A - fully accessible,NA,2026-04-09 00:00:00,2026-04-09,
Katsina,Dandume,Dukke,,Yes,Funtua,FACT,1,0,0,Inaccessible,confirmed_by_partner_report,FACT,Partner,Insecurity / conflict,not in our previous list and cant confirm if this is part of this LGA,2026-04-09 00:00:00,2026-04-09,
Katsina,Danja,Dabai,,No,,FACT,4,2,53,Accessible,confirmed_by_partner_report,FACT,Partner,N/A - fully accessible,NA,2026-04-09 00:00:00,2026-04-09,
Katsina,Danja,Tandama,,Yes,Bakori,FACT,5,1,46,Accessible,confirmed_by_partner_report,FACT,Partner,N/A - fully accessible,NA,2026-04-09 00:00:00,2026-04-09,
Katsina,Danja,Danja B,,No,,FACT,4,2,34,Accessible,confirmed_by_partner_report,FACT,Partner,N/A - fully accessible,NA,2026-04-09 00:00:00,2026-04-09,
Katsina,Danja,Danja A,,No,,FACT,4,0,18,Accessible,confirmed_by_partner_report,FACT,Partner,N/A - fully accessible,NA,2026-04-09 00:00:00,2026-04-09,
Katsina,Danja,Kahuta B,,No,,FACT,4,0,18,Accessible,confirmed_by_partner_report,FACT,Partner,N/A - fully accessible,NA,2026-04-09 00:00:00,2026-04-09,
Katsina,Danja,Yakaji B,,No,,FACT,4,0,15,Inaccessible,confirmed_by_partner_report,FACT,Partner,Insecurity / conflict,Banditry and kidnappings,2026-04-09 00:00:00,2026-04-09,
Katsina,Danja,Tsangamawa,,No,,FACT,6,0,12,Accessible,confirmed_by_partner_report,FACT,Partner,N/A - fully accessible,NA,2026-04-09 00:00:00,2026-04-09,
Katsina,Danja,Yakaji A,,No,,FACT,5,0,9,Inaccessible,confirmed_by_partner_report,FACT,Partner,Insecurity / conflict,Banditry and kidnappings,2026-04-09 00:00:00,2026-04-09,
Katsina,Danja,Kudan,,No,,FACT,3,0,7,Inaccessible,confirmed_by_partner_report,FACT,Partner,Insecurity / conflict,This is under Kaduna state and has not been accessed,2026-04-09 00:00:00,2026-04-09,
Katsina,Danja,Jiba,,Yes,Funtua,FACT,3,0,6,Accessible,confirmed_by_partner_report,FACT,Partner,N/A - fully accessible,NA,2026-04-09 00:00:00,2026-04-09,
Katsina,Danja,Kahuta A,,No,,FACT,1,0,6,Accessible,confirmed_by_partner_report,FACT,Partner,N/A - fully accessible,NA,2026-04-09 00:00:00,2026-04-09,
Katsina,Danja,Dutsen Kura,,Yes,Kafur,FACT,2,0,4,Inaccessible,confirmed_by_partner_report,FACT,Partner,Insecurity / conflict,Banditry and kidnappings,2026-04-09 00:00:00,2026-04-09,
Katsina,Danja,Sabon Garin,,No,,FACT,1,0,3,Inaccessible,confirmed_by_partner_report,FACT,Partner,Insecurity / conflict,This is under Kaduna state and has not been accessed,2026-04-09 00:00:00,2026-04-09,
Katsina,Danja,Dawa Musa,,Yes,Bakori,FACT,1,0,2,Inaccessible,confirmed_by_partner_report,FACT,Partner,Insecurity / conflict,Banditry and kidnappings,2026-04-09 00:00:00,2026-04-09,
Katsina,Danja,Gozaki,,Yes,Bakori; Kafur,FACT,2,0,1,Inaccessible,confirmed_by_partner_report,FACT,Partner,Insecurity / conflict,Banditry and kidnappings,2026-04-09 00:00:00,2026-04-09,
Katsina,Danja,Gangara,,Yes,Jibia,FACT,1,0,0,Inaccessible,confirmed_by_partner_report,FACT,Partner,Insecurity / conflict,Banditry and kidnappings,2026-04-09 00:00:00,2026-04-09,
Katsina,Daura,Ubandawaki B,,Yes,Mai'adua,FACT,2,1,51,Accessible,confirmed_by_partner_report,FACT,Partner,N/A - fully accessible,NA,2026-04-09 00:00:00,2026-04-09,
Katsina,Daura,Sabon Gari,,Yes,Funtua; Mai'adua; Rimi,FACT,2,1,45,Accessible,confirmed_by_partner_report,FACT,Partner,N/A - fully accessible,NA,2026-04-09 00:00:00,2026-04-09,
Katsina,Daura,Mazoji B,,Yes,Matazu,FACT,2,1,26,Accessible,confirmed_by_partner_report,FACT,Partner,N/A - fully accessible,NA,2026-04-09 00:00:00,2026-04-09,
Katsina,Daura,Sarkin Yara A,,No,,FACT,2,0,11,Accessible,confirmed_by_partner_report,FACT,Partner,N/A - fully accessible,NA,2026-04-09 00:00:00,2026-04-09,
Katsina,Daura,Madobi A,,No,,FACT,2,0,9,Accessible,confirmed_by_partner_report,FACT,Partner,N/A - fully accessible,NA,2026-04-09 00:00:00,2026-04-09,
Katsina,Daura,Kusugu,,No,,FACT,1,0,6,Accessible,confirmed_by_partner_report,FACT,Partner,N/A - fully accessible,NA,2026-04-09 00:00:00,2026-04-09,
Katsina,Daura,Tudun Wada,,No,,FACT,2,0,6,Accessible,confirmed_by_partner_report,FACT,Partner,N/A - fully accessible,NA,2026-04-09 00:00:00,2026-04-09,
Katsina,Daura,Kayawa,,Yes,Dutsi,FACT,1,0,4,Inaccessible,confirmed_by_partner_report,FACT,Partner,Insecurity / conflict,Banditry and kidnappings,2026-04-09 00:00:00,2026-04-09,
Katsina,Daura,Ubandawaki A,,Yes,Mai'adua,FACT,1,0,4,Accessible,confirmed_by_partner_report,FACT,Partner,N/A - fully accessible,NA,2026-04-09 00:00:00,2026-04-09,
Katsina,Daura,Madobi B,,Yes,Sandamu,FACT,1,0,3,Accessible,confirmed_by_partner_report,FACT,Partner,N/A - fully accessible,NA,2026-04-09 00:00:00,2026-04-09,
Katsina,Daura,Sarkin Yara B,,No,,FACT,1,0,3,Accessible,confirmed_by_partner_report,FACT,Partner,N/A - fully accessible,NA,2026-04-09 00:00:00,2026-04-09,
Katsina,Daura,Mazoji A,,Yes,Matazu,FACT,1,0,0,Accessible,confirmed_by_partner_report,FACT,Partner,N/A - fully accessible,NA,2026-04-09 00:00:00,2026-04-09,
Katsina,Dutsi,Dutsi A,,No,,FACT,2,1,47,Accessible,confirmed_by_partner_report,FACT,Partner,N/A - fully accessible,NA,2026-04-09 00:00:00,2026-04-09,
Katsina,Dutsi,Yamel A,,No,,FACT,5,1,33,Accessible,confirmed_by_partner_report,FACT,Partner,N/A - fully accessible,NA,2026-04-09 00:00:00,2026-04-09,
Katsina,Dutsi,Dan Aunai,,No,,FACT,3,1,21,Accessible,confirmed_by_partner_report,FACT,Partner,N/A - fully accessible,NA,2026-04-09 00:00:00,2026-04-09,
Katsina,Dutsi,Kayawa,,Yes,Daura,FACT,6,0,20,Accessible,confirmed_by_partner_report,FACT,Partner,N/A - fully accessible,NA,2026-04-09 00:00:00,2026-04-09,
Katsina,Dutsi,Sirika B,,No,,FACT,6,0,20,Accessible,confirmed_by_partner_report,FACT,Partner,N/A - fully accessible,NA,2026-04-09 00:00:00,2026-04-09,
Katsina,Dutsi,Yamel B,,Yes,Mani,FACT,5,0,9,Accessible,confirmed_by_partner_report,FACT,Partner,N/A - fully accessible,NA,2026-04-09 00:00:00,2026-04-09,
Katsina,Dutsi,Ruwan Kaya B,,No,,FACT,3,0,8,Accessible,confirmed_by_partner_report,FACT,Partner,N/A - fully accessible,NA,2026-04-09 00:00:00,2026-04-09,
Katsina,Dutsi,Dutsi B,,No,,FACT,2,0,6,Accessible,confirmed_by_partner_report,FACT,Partner,N/A - fully accessible,NA,2026-04-09 00:00:00,2026-04-09,
Katsina,Dutsi,Ruwan Kaya A,,No,,FACT,1,0,3,Accessible,confirmed_by_partner_report,FACT,Partner,N/A - fully accessible,NA,2026-04-09 00:00:00,2026-04-09,
Katsina,Dutsi,Agayawa,,No,,FACT,1,0,1,Accessible,confirmed_by_partner_report,FACT,Partner,N/A - fully accessible,NA,2026-04-09 00:00:00,2026-04-09,
Katsina,Dutsi,Sirika A,,No,,FACT,2,0,0,Accessible,confirmed_by_partner_report,FACT,Partner,N/A - fully accessible,NA,2026-04-09 00:00:00,2026-04-09,
Katsina,Dutsin-Ma,Dutsin Ma B,,Yes,Safana,FACT,4,1,86,Accessible,confirmed_by_partner_report,FACT,Partner,N/A - fully accessible,NA,2026-04-09 00:00:00,2026-04-09,
Katsina,Dutsin-Ma,Shema,,No,,FACT,4,1,41,Inaccessible,confirmed_by_partner_report,FACT,Partner,Insecurity / conflict,Banditry and kidnappings,2026-04-09 00:00:00,2026-04-09,
Katsina,Dutsin-Ma,Karofi B,,No,,FACT,4,1,29,Accessible,confirmed_by_partner_report,FACT,Partner,N/A - fully accessible,NA,2026-04-09 00:00:00,2026-04-09,
Katsina,Dutsin-Ma,Dutsin Ma A,,No,,FACT,2,1,26,Accessible,confirmed_by_partner_report,FACT,Partner,N/A - fully accessible,NA,2026-04-09 00:00:00,2026-04-09,
Katsina,Dutsin-Ma,Makera,,Yes,Dan Musa; Funtua; Matazu,FACT,3,0,18,Inaccessible,confirmed_by_partner_report,FACT,Partner,Insecurity / conflict,Banditry and kidnappings,2026-04-09 00:00:00,2026-04-09,
Katsina,Dutsin-Ma,Karofi A,,No,,FACT,4,0,12,Accessible,confirmed_by_partner_report,FACT,Partner,N/A - fully accessible,NA,2026-04-09 00:00:00,2026-04-09,
Katsina,Dutsin-Ma,Bugagadi,,No,,FACT,2,0,7,Inaccessible,confirmed_by_partner_report,FACT,Partner,Insecurity / conflict,Banditry and kidnappings,2026-04-09 00:00:00,2026-04-09,
Katsina,Dutsin-Ma,Dabawa,,Yes,Kurfi; Safana,FACT,2,0,6,Inaccessible,confirmed_by_partner_report,FACT,Partner,Insecurity / conflict,Banditry and kidnappings,2026-04-09 00:00:00,2026-04-09,
Katsina,Dutsin-Ma,Kutawa,,Yes,Safana,FACT,4,0,6,Inaccessible,confirmed_by_partner_report,FACT,Partner,Insecurity / conflict,Banditry and kidnappings,2026-04-09 00:00:00,2026-04-09,
Katsina,Dutsin-Ma,Kuki B,,No,,FACT,1,0,1,Inaccessible,confirmed_by_partner_report,FACT,Partner,Insecurity / conflict,Banditry and kidnappings,2026-04-09 00:00:00,2026-04-09,
Katsina,Dutsin-Ma,Rawayau A,,Yes,Kurfi,FACT,1,0,1,Inaccessible,confirmed_by_partner_report,FACT,Partner,Insecurity / conflict,This under kurfi lga,2026-04-09 00:00:00,2026-04-09,
Katsina,Dutsin-Ma,Tsakatsa,,Yes,Charanchi; Kankia,FACT,1,0,1,Inaccessible,confirmed_by_partner_report,FACT,Partner,Insecurity / conflict,Banditry and kidnappings,2026-04-09 00:00:00,2026-04-09,
Katsina,Dutsin-Ma,Mara B,,Yes,Dan Musa,FACT,1,0,0,Inaccessible,confirmed_by_partner_report,FACT,Partner,Insecurity / conflict,Banditry and kidnappings,2026-04-09 00:00:00,2026-04-09,
Katsina,Dutsin-Ma,Radda,,Yes,Charanchi,FACT,1,0,0,Inaccessible,confirmed_by_partner_report,FACT,Partner,Insecurity / conflict,"not in our previous list,  this is part of this charanchi LGA",2026-04-09 00:00:00,2026-04-09,
Katsina,Dutsin-Ma,Rawayau B,,Yes,Kurfi,FACT,1,0,0,Inaccessible,confirmed_by_partner_report,FACT,Partner,Insecurity / conflict,This under kurfi lga,2026-04-09 00:00:00,2026-04-09,
Katsina,Faskari,Faskari,,No,,FACT,3,2,61,Accessible,confirmed_by_partner_report,FACT,Partner,Insecurity / conflict,Banditry and kidnappings,2026-04-09 00:00:00,2026-04-09,
Katsina,Faskari,Sheme,,No,,FACT,2,2,36,Accessible,confirmed_by_partner_report,FACT,Partner,N/A - fully accessible,Banditry and kidnappings,2026-04-09 00:00:00,2026-04-09,
Katsina,Faskari,Daudawa,,No,,FACT,4,1,28,Accessible,confirmed_by_partner_report,FACT,Partner,N/A - fully accessible,Banditry and kidnappings,2026-04-09 00:00:00,2026-04-09,
Katsina,Faskari,Yankara,,No,,FACT,2,1,23,Accessible,confirmed_by_partner_report,FACT,Partner,N/A - fully accessible,Banditry and kidnappings,2026-04-09 00:00:00,2026-04-09,
Katsina,Faskari,Sabon Layi,,No,,FACT,3,0,18,Inaccessible,confirmed_by_partner_report,FACT,Partner,Insecurity / conflict,Banditry and kidnappings,2026-04-09 00:00:00,2026-04-09,
Katsina,Faskari,Ruwan Godiya,,Yes,Bakori,FACT,4,0,13,Inaccessible,confirmed_by_partner_report,FACT,Partner,Insecurity / conflict,Banditry and kidnappings,2026-04-09 00:00:00,2026-04-09,
Katsina,Faskari,Mai Gora,,No,,FACT,2,0,6,Inaccessible,confirmed_by_partner_report,FACT,Partner,Insecurity / conflict,Banditry and kidnappings,2026-04-09 00:00:00,2026-04-09,
Katsina,Faskari,Tafoki,,Yes,Bakori; Funtua,FACT,3,0,6,Inaccessible,confirmed_by_partner_report,FACT,Partner,Insecurity / conflict,Banditry and kidnappings,2026-04-09 00:00:00,2026-04-09,
Katsina,Faskari,Yar Malamai,,Yes,Kankara,FACT,1,0,4,Inaccessible,confirmed_by_partner_report,FACT,Partner,Insecurity / conflict,Banditry and kidnappings,2026-04-09 00:00:00,2026-04-09,
Katsina,Faskari,Mairua,,Yes,Funtua,FACT,2,0,3,Accessible,confirmed_by_partner_report,FACT,Partner,N/A - fully accessible,Banditry and kidnappings,2026-04-09 00:00:00,2026-04-09,
Katsina,Funtua,Maigamji,,No,,FACT,3,4,140,Accessible,confirmed_by_partner_report,FACT,Partner,N/A - fully accessible,NA,2026-04-09 00:00:00,2026-04-09,
Katsina,Funtua,Sabon Gari,,Yes,Daura; Mai'adua; Rimi,FACT,1,3,42,Accessible,confirmed_by_partner_report,FACT,Partner,N/A - fully accessible,NA,2026-04-09 00:00:00,2026-04-09,
Katsina,Funtua,Anguwan Musa,,No,,FACT,1,2,28,Accessible,confirmed_by_partner_report,FACT,Partner,N/A - fully accessible,NA,2026-04-09 00:00:00,2026-04-09,
Katsina,Funtua,Makera,,Yes,Dan Musa; Dutsin-Ma; Matazu,FACT,5,1,27,Accessible,confirmed_by_partner_report,FACT,Partner,N/A - fully accessible,NA,2026-04-09 00:00:00,2026-04-09,
Katsina,Funtua,Nasarawa,,No,,FACT,1,2,25,Accessible,confirmed_by_partner_report,FACT,Partner,N/A - fully accessible,NA,2026-04-09 00:00:00,2026-04-09,
Katsina,Funtua,Tudun Iya,,No,,FACT,3,0,16,Inaccessible,confirmed_by_partner_report,FACT,Partner,Insecurity / conflict,Banditry and kidnappings,2026-04-09 00:00:00,2026-04-09,
Katsina,Funtua,Anguwar Ibrahim,,No,,FACT,1,0,14,Accessible,confirmed_by_partner_report,FACT,Partner,N/A - fully accessible,NA,2026-04-09 00:00:00,2026-04-09,
Katsina,Funtua,Mairua,,Yes,Faskari,FACT,3,0,9,Inaccessible,confirmed_by_partner_report,FACT,Partner,Population absent / relocated,Displaced by bandits,2026-04-09 00:00:00,2026-04-09,
Katsina,Funtua,Goya,,No,,FACT,2,0,6,Accessible,confirmed_by_partner_report,FACT,Partner,N/A - fully accessible,NA,2026-04-09 00:00:00,2026-04-09,
Katsina,Funtua,Maska,,No,,FACT,3,0,6,Inaccessible,confirmed_by_partner_report,FACT,Partner,Insecurity / conflict,Banditry and kidnappings,2026-04-09 00:00:00,2026-04-09,
Katsina,Funtua,Dukke,,Yes,Dandume,FACT,2,0,4,Inaccessible,confirmed_by_partner_report,FACT,Partner,Population absent / relocated,Displaced by bandits,2026-04-09 00:00:00,2026-04-09,
Katsina,Funtua,Kurami Yankwani,,Yes,Bakori,FACT,1,0,4,Inaccessible,confirmed_by_partner_report,FACT,Partner,Insecurity / conflict,Banditry and kidnappings,2026-04-09 00:00:00,2026-04-09,
Katsina,Funtua,Jiba,,Yes,Danja,FACT,1,0,2,Inaccessible,confirmed_by_partner_report,FACT,Partner,Insecurity / conflict,Banditry and kidnappings,2026-04-09 00:00:00,2026-04-09,
Katsina,Funtua,Dandutse,,No,,FACT,1,0,1,Accessible,confirmed_by_partner_report,FACT,Partner,N/A - fully accessible,NA,2026-04-09 00:00:00,2026-04-09,
Katsina,Funtua,Tafoki,,Yes,Bakori; Faskari,FACT,1,0,0,Inaccessible,confirmed_by_partner_report,FACT,Partner,Insecurity / conflict,Banditry and kidnappings,2026-04-09 00:00:00,2026-04-09,
Katsina,Ingawa,Ingawa,,No,,FACT,3,1,54,Accessible,confirmed_by_partner_report,FACT,Partner,N/A - fully accessible,NA,2026-04-09 00:00:00,2026-04-09,
Katsina,Ingawa,Bareruwa,,No,,FACT,3,0,16,Accessible,confirmed_by_partner_report,FACT,Partner,N/A - fully accessible,NA,2026-04-09 00:00:00,2026-04-09,
Katsina,Ingawa,Kurfeji,,No,,FACT,2,0,12,Accessible,confirmed_by_partner_report,FACT,Partner,N/A - fully accessible,NA,2026-04-09 00:00:00,2026-04-09,
Katsina,Ingawa,Dara,,No,,FACT,2,0,11,Accessible,confirmed_by_partner_report,FACT,Partner,N/A - fully accessible,NA,2026-04-09 00:00:00,2026-04-09,
Katsina,Ingawa,Dugul,,No,,FACT,2,0,8,Accessible,confirmed_by_partner_report,FACT,Partner,N/A - fully accessible,NA,2026-04-09 00:00:00,2026-04-09,
Katsina,Ingawa,Daunaka,,No,,FACT,4,0,6,Accessible,confirmed_by_partner_report,FACT,Partner,N/A - fully accessible,NA,2026-04-09 00:00:00,2026-04-09,
Katsina,Ingawa,Rorau,,No,,FACT,1,0,6,Inaccessible,confirmed_by_partner_report,FACT,Partner,Insecurity / conflict,This is under Jigawa State and has not been accessed,2026-04-09 00:00:00,2026-04-09,
Katsina,Ingawa,Fara Barije,,No,,FACT,1,0,5,Accessible,confirmed_by_partner_report,FACT,Partner,N/A - fully accessible,NA,2026-04-09 00:00:00,2026-04-09,
Katsina,Ingawa,Yandoma,,No,,FACT,2,0,5,Accessible,confirmed_by_partner_report,FACT,Partner,N/A - fully accessible,NA,2026-04-09 00:00:00,2026-04-09,
Katsina,Ingawa,Yaya,,Yes,Kusada,FACT,1,0,5,Inaccessible,confirmed_by_partner_report,FACT,Partner,Insecurity / conflict,This is not part of the LGA ,2026-04-09 00:00:00,2026-04-09,
Katsina,Ingawa,Manomawa,,No,,FACT,3,0,4,Accessible,confirmed_by_partner_report,FACT,Partner,N/A - fully accessible,NA,2026-04-09 00:00:00,2026-04-09,
Katsina,Ingawa,Kandawa,,Yes,Batsari; Bindawa; Kusada,FACT,2,0,2,Accessible,confirmed_by_partner_report,FACT,Partner,N/A - fully accessible,NA,2026-04-09 00:00:00,2026-04-09,
Katsina,Ingawa,Matan Fada,,No,,FACT,1,0,2,Inaccessible,confirmed_by_partner_report,FACT,Partner,Insecurity / conflict,This is under kano State and has not been accessed,2026-04-09 00:00:00,2026-04-09,
Katsina,Ingawa,Baragumi,,No,,FACT,1,0,1,Inaccessible,confirmed_by_partner_report,FACT,Partner,Insecurity / conflict,This is not part of the LGA ,2026-04-09 00:00:00,2026-04-09,
Katsina,Ingawa,Mawashi,,Yes,Kusada,FACT,1,0,1,Inaccessible,confirmed_by_partner_report,FACT,Partner,Insecurity / conflict,This is under Jigawa State and has not been accessed,2026-04-09 00:00:00,2026-04-09,
Katsina,Jibia,Kusa,,No,,IRC,4,2,70,Accessible,confirmed_by_partner_report (blank row - not flagged),,Partner,,,,,
Katsina,Jibia,Gangara,,Yes,Danja,IRC,1,1,27,Accessible,confirmed_by_partner_report (blank row - not flagged),,Partner,,,,,
Katsina,Jibia,Bugaje,,No,,IRC,5,0,20,Accessible,confirmed_by_partner_report (blank row - not flagged),,Partner,,,,,
Katsina,Jibia,Riko,,No,,IRC,3,1,19,Accessible,confirmed_by_partner_report (blank row - not flagged),,Partner,,,,,
Katsina,Jibia,Yangayya,,No,,IRC,3,0,14,Accessible,confirmed_by_partner_report (blank row - not flagged),,Partner,,,,,
Katsina,Jibia,Mazanya,,No,,IRC,2,0,9,Accessible,confirmed_by_partner_report (blank row - not flagged),,Partner,,,,,
Katsina,Jibia,Faru,,Yes,Batsari,IRC,1,0,6,Accessible,confirmed_by_partner_report (blank row - not flagged),,Partner,,,,,
Katsina,Jibia,Gurbi,,Yes,Dan Musa; Kankara,IRC,1,0,6,Accessible,confirmed_by_partner_report (blank row - not flagged),,Partner,,,,,
Katsina,Jibia,Barawa,,Yes,Batagarawa,IRC,2,0,5,Accessible,confirmed_by_partner_report (blank row - not flagged),,Partner,,,,,
Katsina,Jibia,Bakiyawa,,Yes,Batagarawa,IRC,2,0,3,Accessible,confirmed_by_partner_report (blank row - not flagged),,Partner,,,,,
Katsina,Jibia,Farfaru,,No,,IRC,1,0,1,Accessible,confirmed_by_partner_report (blank row - not flagged),,Partner,,,,,
Katsina,Kafur,Gamzago,,Yes,Malumfashi,FACT,3,3,62,Inaccessible,confirmed_by_partner_report,FACT,Partner,Insecurity / conflict,Banditry and kidnappings,2026-04-09 00:00:00,2026-04-09,
Katsina,Kafur,Dantutture,,No,,FACT,4,1,50,Inaccessible,confirmed_by_partner_report,FACT,Partner,Insecurity / conflict,Banditry and kidnappings,2026-04-09 00:00:00,2026-04-09,
Katsina,Kafur,Mahuta,,No,,FACT,2,2,49,Accessible,confirmed_by_partner_report,FACT,Partner,N/A - fully accessible,NA,2026-04-09 00:00:00,2026-04-09,
Katsina,Kafur,Kuringafa,,No,,FACT,5,1,47,Inaccessible,confirmed_by_partner_report,FACT,Partner,Insecurity / conflict,Banditry and Kidnappings,2026-04-09 00:00:00,2026-04-09,
Katsina,Kafur,Kafur,,No,,FACT,5,0,19,Accessible,confirmed_by_partner_report,FACT,Partner,N/A - fully accessible,NA,2026-04-09 00:00:00,2026-04-09,
Katsina,Kafur,Gozaki,,Yes,Bakori; Danja,FACT,4,0,18,Accessible,confirmed_by_partner_report,FACT,Partner,N/A - fully accessible,NA,2026-04-09 00:00:00,2026-04-09,
Katsina,Kafur,Dutsen Kura,,Yes,Danja,FACT,3,0,16,Inaccessible,confirmed_by_partner_report,FACT,Partner,Insecurity / conflict,Banditry and kidnappings,2026-04-09 00:00:00,2026-04-09,
Katsina,Kafur,Masari,,No,,FACT,5,0,16,Accessible,confirmed_by_partner_report,FACT,Partner,N/A - fully accessible,NA,2026-04-09 00:00:00,2026-04-09,
Katsina,Kafur,Rugoji,,No,,FACT,4,0,11,Inaccessible,confirmed_by_partner_report,FACT,Partner,Insecurity / conflict,Banditry and kidnappings,2026-04-09 00:00:00,2026-04-09,
Katsina,Kafur,Sabuwar Kasa,,No,,FACT,2,0,2,Accessible,confirmed_by_partner_report,FACT,Partner,N/A - fully accessible,NA,2026-04-09 00:00:00,2026-04-09,
Katsina,Kafur,Tsiga,,Yes,Bakori,FACT,1,0,2,Inaccessible,confirmed_by_partner_report,FACT,Partner,Insecurity / conflict,This is under Bakori LGA,2026-04-09 00:00:00,2026-04-09,
Katsina,Kafur,Gwangwan,,No,,FACT,1,0,1,Inaccessible,confirmed_by_partner_report,FACT,Partner,Insecurity / conflict,This is part of Kano State,2026-04-09 00:00:00,2026-04-09,
Katsina,Kafur,Karfi,,Yes,Bakori; Malumfashi,FACT,1,0,1,Inaccessible,confirmed_by_partner_report,FACT,Partner,Insecurity / conflict,This is under Malumfashi LGA,2026-04-09 00:00:00,2026-04-09,
Katsina,Kafur,Falgore,,No,,FACT,1,0,0,Inaccessible,confirmed_by_partner_report,FACT,Partner,Insecurity / conflict,This is under Kano State,2026-04-09 00:00:00,2026-04-09,
Katsina,Kaita,Matsai,,No,,FACT,2,2,31,Accessible,confirmed_by_partner_report,FACT,Partner,N/A - fully accessible,NA,2026-04-09 00:00:00,2026-04-09,
Katsina,Kaita,Girka,,No,,FACT,4,1,27,Accessible,confirmed_by_partner_report,FACT,Partner,N/A - fully accessible,NA,2026-04-09 00:00:00,2026-04-09,
Katsina,Kaita,Kaita,,No,,FACT,5,1,27,Accessible,confirmed_by_partner_report,FACT,Partner,N/A - fully accessible,NA,2026-04-09 00:00:00,2026-04-09,
Katsina,Kaita,Gafiya,,No,,FACT,5,0,21,Accessible,confirmed_by_partner_report,FACT,Partner,N/A - fully accessible,NA,2026-04-09 00:00:00,2026-04-09,
Katsina,Kaita,Yandaki,,Yes,Katsina,FACT,2,1,20,Accessible,confirmed_by_partner_report,FACT,Partner,N/A - fully accessible,NA,2026-04-09 00:00:00,2026-04-09,
Katsina,Kaita,Abdallawa,,No,,FACT,2,2,19,Accessible,confirmed_by_partner_report,FACT,Partner,N/A - fully accessible,NA,2026-04-09 00:00:00,2026-04-09,
Katsina,Kaita,Ba'awa,,Yes,Mashi,FACT,2,1,17,Accessible,confirmed_by_partner_report,FACT,Partner,N/A - fully accessible,NA,2026-04-09 00:00:00,2026-04-09,
Katsina,Kaita,Dankaba,,No,,FACT,3,1,12,Accessible,confirmed_by_partner_report,FACT,Partner,N/A - fully accessible,NA,2026-04-09 00:00:00,2026-04-09,
Katsina,Kaita,Yanhoho,,Yes,Rimi,FACT,4,0,10,Accessible,confirmed_by_partner_report,FACT,Partner,N/A - fully accessible,NA,2026-04-09 00:00:00,2026-04-09,
Katsina,Kaita,Makurda,,Yes,Rimi,FACT,2,0,2,Accessible,confirmed_by_partner_report,FACT,Partner,N/A - fully accessible,NA,2026-04-09 00:00:00,2026-04-09,
Katsina,Kaita,Shinkafi 1,,Yes,Katsina,FACT,1,0,0,Inaccessible,confirmed_by_partner_report,FACT,Partner,Insecurity / conflict,This is under Katsina LGA,2026-04-09 00:00:00,2026-04-09,
Katsina,Kankara,Kankara,,No,,FACT,2,1,83,Inaccessible,confirmed_by_partner_report,FACT,Partner,Insecurity / conflict,Banditry and kidnappings,2026-04-09 00:00:00,2026-04-09,
Katsina,Kankara,Zango,,No,,FACT,14,0,68,Inaccessible,confirmed_by_partner_report,FACT,Partner,Population absent / relocated,Banditry and kidnappings,2026-04-09 00:00:00,2026-04-09,
Katsina,Kankara,Yargoje,,No,,FACT,3,2,27,Inaccessible,confirmed_by_partner_report,FACT,Partner,Insecurity / conflict,Banditry and kidnappings,2026-04-09 00:00:00,2026-04-09,
Katsina,Kankara,Gurbi,,Yes,Dan Musa; Jibia,FACT,7,0,19,Inaccessible,confirmed_by_partner_report,FACT,Partner,Insecurity / conflict,Banditry and kidnappings,2026-04-09 00:00:00,2026-04-09,
Katsina,Kankara,Dan Murabu,,No,,FACT,3,1,16,Inaccessible,confirmed_by_partner_report,FACT,Partner,Insecurity / conflict,Banditry and kidnappings,2026-04-09 00:00:00,2026-04-09,
Katsina,Kankara,Burdugau,,Yes,Malumfashi,FACT,4,0,15,Inaccessible,confirmed_by_partner_report,FACT,Partner,Insecurity / conflict,Banditry and kidnappings,2026-04-09 00:00:00,2026-04-09,
Katsina,Kankara,Kukasheka,,Yes,Malumfashi,FACT,3,0,12,Inaccessible,confirmed_by_partner_report,FACT,Partner,Insecurity / conflict,Banditry and kidnappings,2026-04-09 00:00:00,2026-04-09,
Katsina,Kankara,Ketare,,Yes,Malumfashi,FACT,2,1,9,Inaccessible,confirmed_by_partner_report,FACT,Partner,Insecurity / conflict,Banditry and kidnappings,2026-04-09 00:00:00,2026-04-09,
Katsina,Kankara,Mabai,,No,,FACT,2,0,7,Inaccessible,confirmed_by_partner_report,FACT,Partner,Insecurity / conflict,Banditry and kidnappings,2026-04-09 00:00:00,2026-04-09,
Katsina,Kankara,Maidabino B,,Yes,Dan Musa,FACT,2,0,7,Inaccessible,confirmed_by_partner_report,FACT,Partner,Insecurity / conflict,Banditry and kidnappings,2026-04-09 00:00:00,2026-04-09,
Katsina,Kankara,Yartsamiya,,No,,FACT,2,0,7,Inaccessible,confirmed_by_partner_report,FACT,Partner,Insecurity / conflict,Banditry and kidnappings,2026-04-09 00:00:00,2026-04-09,
Katsina,Kankara,Kakumi,,Yes,Bakori,FACT,1,0,6,Inaccessible,confirmed_by_partner_report,FACT,Partner,Insecurity / conflict,Banditry and kidnappings,2026-04-09 00:00:00,2026-04-09,
Katsina,Kankara,Yankuzo B,,No,,FACT,1,0,5,Inaccessible,confirmed_by_partner_report,FACT,Partner,Insecurity / conflict,Banditry and kidnappings,2026-04-09 00:00:00,2026-04-09,
Katsina,Kankara,Gundawa,,No,,FACT,2,0,4,Inaccessible,confirmed_by_partner_report,FACT,Partner,Insecurity / conflict,Banditry and kidnappings,2026-04-09 00:00:00,2026-04-09,
Katsina,Kankara,Tuge,,Yes,Musawa,FACT,1,0,4,Inaccessible,confirmed_by_partner_report,FACT,Partner,Insecurity / conflict,Banditry and kidnappings,2026-04-09 00:00:00,2026-04-09,
Katsina,Kankara,Dauki,,No,,FACT,1,0,3,Inaccessible,confirmed_by_partner_report,FACT,Partner,Insecurity / conflict,Banditry and kidnappings,2026-04-09 00:00:00,2026-04-09,
Katsina,Kankara,Yaba,,Yes,Malumfashi,FACT,2,0,1,Inaccessible,confirmed_by_partner_report,FACT,Partner,Insecurity / conflict,Banditry and kidnappings,2026-04-09 00:00:00,2026-04-09,
Katsina,Kankara,Yanware,,No,,FACT,1,0,1,Inaccessible,confirmed_by_partner_report,FACT,Partner,Insecurity / conflict,Banditry and kidnappings,2026-04-09 00:00:00,2026-04-09,
Katsina,Kankara,Yar Malamai,,Yes,Faskari,FACT,1,0,0,Inaccessible,confirmed_by_partner_report,FACT,Partner,Insecurity / conflict,Banditry and kidnappings,2026-04-09 00:00:00,2026-04-09,
Katsina,Kankia,Galadima B,,No,,IMC,4,1,59,Accessible,confirmed_by_partner_report,IMC,Needs review,N/A - fully accessible,Consistent across both IMC documents.,21/08/2026,2026-08-21,
Katsina,Kankia,Rimaye,,No,,IMC,3,1,33,Inaccessible,confirmed_by_partner_report,IMC,Needs review,Insecurity / conflict,"Point-level file (20/08) showed this fully accessible; superseded by IMC's own template (21/08, shared directly), which marks it No/Insecurity at both ward and cluster level. User decision 2026-08-22: follow the template.",21/08/2026,2026-08-21,0
Katsina,Kankia,Galadima A,,No,,IMC,1,1,29,Accessible,confirmed_by_partner_report,IMC,Needs review,N/A - fully accessible,Consistent across both IMC documents.,21/08/2026,2026-08-21,
Katsina,Kankia,Kafin Soli,,No,,IMC,5,1,29,Accessible,confirmed_by_partner_report,IMC,Needs review,Other,"RESOLVED 2026-08-23 - IMC confirmed by email (RE IMC Accessibility Report, 23/08): non_idp_NG021020_2 is Not Accessible (corrects the earlier submitted cluster sheet, which had said Accessible) - so only the IDP cluster is accessible, matching IMC's original ward-level narrative. Confirmed: idp_NG021020_2 (12 HHs) Accessible/completed; non_idp_NG021020_1 (3 of its 6 HHs fall in this ward), non_idp_NG021020_2 (6 HHs), non_idp_NG021020_4 (6 HHs) all Not Accessible. One further gap found independently while reconciling this (not something IMC was asked about): non_idp_NG021020_3 has 2 primary HHs in this ward that never appeared in IMC's pre-fix template at all - still needs separate confirmation. Achieved = 12/29 (41%) confirmed accessible; remainder needs resampling/follow-up on the 2 confirmed-inaccessible clusters, plus a check on the 2-HH gap.",23/08/2026,2026-08-23,41
Katsina,Kankia,Tafashiya Nasarawa,,No,,IMC,4,1,21,Accessible,confirmed_by_partner_report,IMC,Needs review,Other,"Point-level file (20/08) showed this fully Not Accessible; IMC's own template (21/08) reports Yes/partial - ""only 5 HH were accessible due to insecurity."" User decision 2026-08-22: follow the template, flagged for follow-up and partial resample. Recomputed against the CORRECTED target for this ward (9 HH, not the pre-fix 12 IMC's own 42% was computed against): cluster non_idp_NG021020_14 (2 of its primary HHs fall in this ward) = Accessible; non_idp_NG021020_5 (6 HHs) = Not Accessible/insecurity. A third cluster, non_idp_NG021020_7 (1 HH here), didn't exist as part of this ward in IMC's pre-fix template at all and was never reviewed - needs separate confirmation. Achieved = 2/9 (22%) confirmed accessible; remainder (7 HH) needs resampling/follow-up.",21/08/2026,2026-08-21,22
Katsina,Kankia,Fakuwa Kafin Dangi,,No,,IMC,5,0,19,Accessible,confirmed_by_partner_report,IMC,Needs review,N/A - fully accessible,Consistent across both IMC documents (point-level review and template).,21/08/2026,2026-08-21,
Katsina,Kankia,Kunduru Gyaza,,Yes,Matazu,IMC,2,1,16,Inaccessible,confirmed_by_partner_report,IMC,Needs review,Insecurity / conflict,Consistent across both IMC documents.,21/08/2026,2026-08-21,0
Katsina,Kankia,Gachi,,No,,IMC,3,0,5,Accessible,confirmed_by_partner_report,IMC,Needs review,N/A - fully accessible,Consistent across both IMC documents.,21/08/2026,2026-08-21,
Katsina,Kankia,Sukuntuni,,Yes,Matazu,IMC,1,0,4,Inaccessible,confirmed_by_partner_report,IMC,Needs review,Insecurity / conflict,Consistent across both IMC documents.,21/08/2026,2026-08-21,0
Katsina,Kankia,Tsa Magam,,Yes,Matazu,IMC,3,0,4,Inaccessible,confirmed_by_partner_report,IMC,Needs review,Insecurity / conflict,Consistent across both IMC documents.,21/08/2026,2026-08-21,0
Katsina,Kankia,Tama,,Yes,Bindawa,IMC,2,0,3,Inaccessible,confirmed_by_partner_report,IMC,Needs review,Insecurity / conflict,"Point-level file (20/08) had no accessibility signal here (only a wrong-LGA claim vs. Bindawa, independently confirmed - this ward genuinely spans both LGAs, no impact on this determination). IMC's template (21/08) separately reports this ward No/Insecurity. User decision 2026-08-22: follow the template.",21/08/2026,2026-08-21,0
Katsina,Kankia,Yashe B,,Yes,Kusada,IMC,1,0,3,Accessible,default_unreported,,Not yet reported,,,,,
Katsina,Kankia,Majen Wayya,,Yes,Charanchi,IMC,2,0,2,Accessible,confirmed_by_partner_report,IMC,Needs review,N/A - fully accessible,"Newly-added ward following the 2026-08-21 ward-splitting fix - did not exist as its own row when IMC's original files were generated. Confirmed directly accessible with the IMC team, 2026-08-22.",2026-08-22,2026-08-22,
Katsina,Kankia,Tsakatsa,,Yes,Charanchi; Dutsin-Ma,IMC,1,0,1,Accessible,confirmed_by_partner_report,IMC,Needs review,N/A - fully accessible,"Newly-added ward following the 2026-08-21 ward-splitting fix - did not exist as its own row when IMC's original files were generated. Confirmed directly accessible with the IMC team, 2026-08-22.",2026-08-22,2026-08-22,
Katsina,Kankia,Kofa,,Yes,Kusada,IMC,1,0,0,Accessible,confirmed_by_partner_report,IMC,Needs review,N/A - fully accessible,"Newly-added ward following the 2026-08-21 ward-splitting fix - did not exist as its own row when IMC's original files were generated. Confirmed directly accessible with the IMC team, 2026-08-22.",2026-08-22,2026-08-22,
Katsina,Katsina,Kudu 2,,Yes,Batagarawa,COOPI,2,1,40,Accessible,confirmed_by_partner_report (blank row - not flagged),,Partner,,,,,
Katsina,Katsina,Yamma 2,,No,,COOPI,2,1,35,Accessible,confirmed_by_partner_report (blank row - not flagged),,Partner,,,,,
Katsina,Katsina,Yamma 1,,No,,COOPI,1,1,27,Accessible,confirmed_by_partner_report (blank row - not flagged),,Partner,,,,,
Katsina,Katsina,Gabas 3,,No,,COOPI,4,1,20,Accessible,confirmed_by_partner_report (blank row - not flagged),,Partner,,,,,
Katsina,Katsina,Kudu 3,,No,,COOPI,2,0,19,Accessible,confirmed_by_partner_report (blank row - not flagged),,Partner,,,,,
Katsina,Katsina,Gabas 2,,No,,COOPI,3,0,12,Accessible,confirmed_by_partner_report (blank row - not flagged),,Partner,,,,,
Katsina,Katsina,Shinkafi 2,,Yes,Batagarawa,COOPI,2,1,12,Accessible,confirmed_by_partner_report (blank row - not flagged),,Partner,,,,,
Katsina,Katsina,Gabas 1,,No,,COOPI,3,0,9,Accessible,confirmed_by_partner_report (blank row - not flagged),,Partner,,,,,
Katsina,Katsina,Shinkafi 1,,Yes,Kaita,COOPI,2,0,8,Accessible,confirmed_by_partner_report (blank row - not flagged),,Partner,,,,,
Katsina,Katsina,Arewa 2,,No,,COOPI,2,0,7,Accessible,confirmed_by_partner_report (blank row - not flagged),,Partner,,,,,
Katsina,Katsina,Kudu 1,,No,,COOPI,1,0,7,Accessible,confirmed_by_partner_report (blank row - not flagged),,Partner,,,,,
Katsina,Katsina,Yandaki,,Yes,Kaita,COOPI,0,1,6,Accessible,confirmed_by_partner_report (blank row - not flagged),,Partner,,,,,
Katsina,Katsina,Arewa 1,,No,,COOPI,1,0,1,Accessible,confirmed_by_partner_report (blank row - not flagged),,Partner,,,,,
Katsina,Katsina,Jino,,Yes,Batagarawa,COOPI,1,0,1,Accessible,confirmed_by_partner_report (blank row - not flagged),,Partner,,,,,
Katsina,Kurfi,Kurfi A,,No,,Malteser,3,3,59,Accessible,confirmed_by_partner_report,Malteser,Partner,N/A - fully accessible,,2026-09-02 00:00:00,2026-09-02,100
Katsina,Kurfi,Birchi,,No,,Malteser,3,1,43,Accessible,confirmed_by_partner_report,Malteser,Partner,N/A - fully accessible,,2026-09-02 00:00:00,2026-09-02,100
Katsina,Kurfi,Rawayau A,,Yes,Dutsin-Ma,Malteser,2,1,21,Accessible,confirmed_by_partner_report,Malteser,Partner,N/A - fully accessible,,2026-09-02 00:00:00,2026-09-02,100
Katsina,Kurfi,Barkiya,,No,,Malteser,3,1,18,Accessible,confirmed_by_partner_report,Malteser,Partner,N/A - fully accessible,,2026-09-02 00:00:00,2026-09-02,100
Katsina,Kurfi,Tsauri B,,No,,Malteser,3,0,13,Accessible,confirmed_by_partner_report (blank row - not flagged),,Partner,,,,,
Katsina,Kurfi,Wurma A,,No,,Malteser,3,0,13,Inaccessible,confirmed_by_partner_report,Malteser,Partner,Insecurity / conflict,,2026-09-02 00:00:00,2026-09-02,0
Katsina,Kurfi,Tsauri A,,No,,Malteser,4,0,10,Accessible,confirmed_by_partner_report (blank row - not flagged),,Partner,,,,,
Katsina,Kurfi,Wurma B,,Yes,Safana,Malteser,3,0,9,Inaccessible,confirmed_by_partner_report,Malteser,Partner,Insecurity / conflict,,2026-09-02 00:00:00,2026-09-02,0
Katsina,Kurfi,Kurfi B,,Yes,Batsari,Malteser,2,0,7,Accessible,confirmed_by_partner_report,Malteser,Partner,N/A - fully accessible,,2026-09-02 00:00:00,2026-09-02,100
Katsina,Kurfi,Rawayau B,,Yes,Dutsin-Ma,Malteser,1,0,2,Accessible,confirmed_by_partner_report,Malteser,Partner,N/A - fully accessible,,2026-09-02 00:00:00,2026-09-02,100
Katsina,Kurfi,Banye,,Yes,Charanchi,Malteser,1,0,1,Inaccessible,confirmed_by_partner_report,Malteser,Partner,Insecurity / conflict,,2026-09-02 00:00:00,2026-09-02,0
Katsina,Kurfi,Dabawa,,Yes,Dutsin-Ma; Safana,Malteser,1,0,1,Accessible,confirmed_by_partner_report,Malteser,Partner,N/A - fully accessible,,2026-09-02 00:00:00,2026-09-02,100
Katsina,Kurfi,Tsanni,,No,,Malteser,1,0,1,Accessible,confirmed_by_partner_report (blank row - not flagged),,Partner,,,,,
Katsina,Kusada,Kusada,,No,,FACT,2,1,36,Accessible,confirmed_by_partner_report,FACT,Partner,N/A - fully accessible,NA,2026-04-09 00:00:00,2026-04-09,
Katsina,Kusada,Kandawa,,Yes,Batsari; Bindawa; Ingawa,FACT,2,1,28,Inaccessible,confirmed_by_partner_report,FACT,Partner,Insecurity / conflict,This is inder Ingawa LGA,2026-04-09 00:00:00,2026-04-09,
Katsina,Kusada,Boko,,No,,FACT,4,1,21,Accessible,confirmed_by_partner_report,FACT,Partner,N/A - fully accessible,NA,2026-04-09 00:00:00,2026-04-09,
Katsina,Kusada,Kofa,,Yes,Kankia,FACT,4,0,20,Inaccessible,confirmed_by_partner_report,FACT,Partner,Insecurity / conflict,Banditry and kidnappings,2026-04-09 00:00:00,2026-04-09,
Katsina,Kusada,Yashe B,,Yes,Kankia,FACT,0,1,18,Accessible,confirmed_by_partner_report,FACT,Partner,N/A - fully accessible,NA,2026-04-09 00:00:00,2026-04-09,
Katsina,Kusada,Yaya,,Yes,Ingawa,FACT,2,0,12,Inaccessible,confirmed_by_partner_report,FACT,Partner,Insecurity / conflict,This is under Kano State,2026-04-09 00:00:00,2026-04-09,
Katsina,Kusada,Bauranya,,No,,FACT,2,0,11,Accessible,confirmed_by_partner_report,FACT,Partner,N/A - fully accessible,NA,2026-04-09 00:00:00,2026-04-09,
Katsina,Kusada,Kaikai,,No,,FACT,3,1,10,Accessible,confirmed_by_partner_report,FACT,Partner,N/A - fully accessible,NA,2026-04-09 00:00:00,2026-04-09,
Katsina,Kusada,Duddunni,,No,,FACT,4,0,8,Accessible,confirmed_by_partner_report,FACT,Partner,N/A - fully accessible,NA,2026-04-09 00:00:00,2026-04-09,
Katsina,Kusada,Kafarda,,No,,FACT,3,0,7,Accessible,confirmed_by_partner_report,FACT,Partner,N/A - fully accessible,NA,2026-04-09 00:00:00,2026-04-09,
Katsina,Kusada,Yashe A,,No,,FACT,1,0,6,Accessible,confirmed_by_partner_report,FACT,Partner,N/A - fully accessible,NA,2026-04-09 00:00:00,2026-04-09,
Katsina,Kusada,Mawashi,,Yes,Ingawa,FACT,2,0,3,Accessible,confirmed_by_partner_report,FACT,Partner,N/A - fully accessible,NA,2026-04-09 00:00:00,2026-04-09,
Katsina,Kusada,Kabagiwa,,No,,FACT,1,0,0,Inaccessible,confirmed_by_partner_report,FACT,Partner,Insecurity / conflict,This is under Kano State,2026-04-09 00:00:00,2026-04-09,
Katsina,Mai'adua,Mai'adua A,,No,,Save the Children,0,1,54,Accessible,confirmed_by_partner_report (blank row - not flagged),,Partner,,,,,
Katsina,Mai'adua,Danyashe,,No,,Save the Children,5,0,20,Accessible,confirmed_by_partner_report,Save the Children,Needs review,N/A - fully accessible,"Marked accessible by default (not an explicit per-ward partner confirmation): Save the Children provided a comprehensive review of their coverage area (Katsina/Zamfara summary + Kwande report, 2026-08-19), and reported no issue for this ward. Following our ""accessible until reported otherwise"" convention, applied here given the scope of their review - to be confirmed directly with the partner as a standard follow-up, not assumed permanent.",2026-08-21,2026-08-21,
Katsina,Mai'adua,Natsalle,,No,,Save the Children,5,0,20,Accessible,confirmed_by_partner_report,Save the Children,Needs review,N/A - fully accessible,"Marked accessible by default (not an explicit per-ward partner confirmation): Save the Children provided a comprehensive review of their coverage area (Katsina/Zamfara summary + Kwande report, 2026-08-19), and reported no issue for this ward. Following our ""accessible until reported otherwise"" convention, applied here given the scope of their review - to be confirmed directly with the partner as a standard follow-up, not assumed permanent.",2026-08-21,2026-08-21,
Katsina,Mai'adua,Ubandawaki A,,Yes,Daura,Save the Children,2,1,18,Accessible,confirmed_by_partner_report,Save the Children,Partner,N/A - fully accessible,"This ward's GRID3 polygon disagrees with the official OCHA/COD LGA boundary at this point - GRID3 places it in Daura, but OCHA/COD (the officially endorsed boundary source) places it in Mai'adua. Save the Children flagged this on the ground (email 2026-08-08/19); Jack re-verified all 54 similarly-flagged points directly against OCHA/COD on 2026-08-11 and retained the original LGA assignment for all of them - a genuine boundary-dataset disagreement at a contested edge, not a data-entry error - see the full reasoning in the raw email (resampling/input/partner_raw_comms/Save the Children/). No change to the sampling frame; ward remains accessible.",2026-08-28,2026-08-28,
Katsina,Mai'adua,Maikoni A,,No,,Save the Children,4,0,16,Accessible,confirmed_by_partner_report,Save the Children,Needs review,N/A - fully accessible,"Marked accessible by default (not an explicit per-ward partner confirmation): Save the Children provided a comprehensive review of their coverage area (Katsina/Zamfara summary + Kwande report, 2026-08-19), and reported no issue for this ward. Following our ""accessible until reported otherwise"" convention, applied here given the scope of their review - to be confirmed directly with the partner as a standard follow-up, not assumed permanent.",2026-08-21,2026-08-21,
Katsina,Mai'adua,Bumbum B,,No,,Save the Children,2,0,8,Accessible,confirmed_by_partner_report,Save the Children,Needs review,N/A - fully accessible,"Marked accessible by default (not an explicit per-ward partner confirmation): Save the Children provided a comprehensive review of their coverage area (Katsina/Zamfara summary + Kwande report, 2026-08-19), and reported no issue for this ward. Following our ""accessible until reported otherwise"" convention, applied here given the scope of their review - to be confirmed directly with the partner as a standard follow-up, not assumed permanent.",2026-08-21,2026-08-21,
Katsina,Mai'adua,Maikoni B,,No,,Save the Children,4,0,7,Accessible,confirmed_by_partner_report,Save the Children,Needs review,N/A - fully accessible,"Marked accessible by default (not an explicit per-ward partner confirmation): Save the Children provided a comprehensive review of their coverage area (Katsina/Zamfara summary + Kwande report, 2026-08-19), and reported no issue for this ward. Following our ""accessible until reported otherwise"" convention, applied here given the scope of their review - to be confirmed directly with the partner as a standard follow-up, not assumed permanent.",2026-08-21,2026-08-21,
Katsina,Mai'adua,Gallu,,Yes,Mashi,Save the Children,2,0,6,Accessible,confirmed_by_partner_report,Save the Children,Partner,N/A - fully accessible,"This ward's GRID3 polygon disagrees with the official OCHA/COD LGA boundary at this point - GRID3 places it in Mashi, but OCHA/COD (the officially endorsed boundary source) places it in Mai'adua. Save the Children flagged this on the ground (email 2026-08-08/19); Jack re-verified all 54 similarly-flagged points directly against OCHA/COD on 2026-08-11 and retained the original LGA assignment for all of them - a genuine boundary-dataset disagreement at a contested edge, not a data-entry error - see the full reasoning in the raw email (resampling/input/partner_raw_comms/Save the Children/). No change to the sampling frame; ward remains accessible.",2026-08-28 00:00:00,2026-08-28,
Katsina,Mai'adua,Koza,,No,,Save the Children,2,0,6,Accessible,confirmed_by_partner_report,Save the Children,Needs review,N/A - fully accessible,"Marked accessible by default (not an explicit per-ward partner confirmation): Save the Children provided a comprehensive review of their coverage area (Katsina/Zamfara summary + Kwande report, 2026-08-19), and reported no issue for this ward. Following our ""accessible until reported otherwise"" convention, applied here given the scope of their review - to be confirmed directly with the partner as a standard follow-up, not assumed permanent.",2026-08-21,2026-08-21,
Katsina,Mai'adua,Mai'adua C,,No,,Save the Children,1,0,2,Accessible,confirmed_by_partner_report,Save the Children,Needs review,N/A - fully accessible,"Marked accessible by default (not an explicit per-ward partner confirmation): Save the Children provided a comprehensive review of their coverage area (Katsina/Zamfara summary + Kwande report, 2026-08-19), and reported no issue for this ward. Following our ""accessible until reported otherwise"" convention, applied here given the scope of their review - to be confirmed directly with the partner as a standard follow-up, not assumed permanent.",2026-08-21,2026-08-21,
Katsina,Mai'adua,Sabon Gari,,Yes,Daura; Funtua; Rimi,Save the Children,1,0,2,Accessible,confirmed_by_partner_report,Save the Children,Partner,N/A - fully accessible,"This ward's GRID3 polygon disagrees with the official OCHA/COD LGA boundary at this point - GRID3 places it in Daura, but OCHA/COD (the officially endorsed boundary source) places it in Mai'adua. Save the Children flagged this on the ground (email 2026-08-08/19); Jack re-verified all 54 similarly-flagged points directly against OCHA/COD on 2026-08-11 and retained the original LGA assignment for all of them - a genuine boundary-dataset disagreement at a contested edge, not a data-entry error - see the full reasoning in the raw email (resampling/input/partner_raw_comms/Save the Children/). No change to the sampling frame; ward remains accessible.",2026-08-28 00:00:00,2026-08-28,
Katsina,Mai'adua,Bamle,,Yes,Mashi,Save the Children,1,0,1,Accessible,confirmed_by_partner_report,Save the Children,Partner,N/A - fully accessible,"This ward's GRID3 polygon disagrees with the official OCHA/COD LGA boundary at this point - GRID3 places it in Mashi, but OCHA/COD (the officially endorsed boundary source) places it in Mai'adua. Save the Children flagged this on the ground (email 2026-08-08/19); Jack re-verified all 54 similarly-flagged points directly against OCHA/COD on 2026-08-11 and retained the original LGA assignment for all of them - a genuine boundary-dataset disagreement at a contested edge, not a data-entry error - see the full reasoning in the raw email (resampling/input/partner_raw_comms/Save the Children/). No change to the sampling frame; ward remains accessible.",2026-08-28 00:00:00,2026-08-28,
Katsina,Mai'adua,Bumbum A,,No,,Save the Children,1,0,1,Accessible,confirmed_by_partner_report,Save the Children,Needs review,N/A - fully accessible,"Marked accessible by default (not an explicit per-ward partner confirmation): Save the Children provided a comprehensive review of their coverage area (Katsina/Zamfara summary + Kwande report, 2026-08-19), and reported no issue for this ward. Following our ""accessible until reported otherwise"" convention, applied here given the scope of their review - to be confirmed directly with the partner as a standard follow-up, not assumed permanent.",2026-08-21,2026-08-21,
Katsina,Mai'adua,Ubandawaki B,,Yes,Daura,Save the Children,1,0,1,Accessible,confirmed_by_partner_report,Save the Children,Partner,N/A - fully accessible,"This ward's GRID3 polygon disagrees with the official OCHA/COD LGA boundary at this point - GRID3 places it in Daura, but OCHA/COD (the officially endorsed boundary source) places it in Mai'adua. Save the Children flagged this on the ground (email 2026-08-08/19); Jack re-verified all 54 similarly-flagged points directly against OCHA/COD on 2026-08-11 and retained the original LGA assignment for all of them - a genuine boundary-dataset disagreement at a contested edge, not a data-entry error - see the full reasoning in the raw email (resampling/input/partner_raw_comms/Save the Children/). No change to the sampling frame; ward remains accessible.",2026-08-28 00:00:00,2026-08-28,
Katsina,Malumfashi,Yaba,,Yes,Kankara,FACT,2,5,90,Inaccessible,confirmed_by_partner_report,FACT,Partner,Insecurity / conflict,Banditry and kidnappings,2026-04-09 00:00:00,2026-04-09,
Katsina,Malumfashi,Malumfashi A,,No,,FACT,3,2,54,Accessible,confirmed_by_partner_report,FACT,Partner,N/A - fully accessible,NA,2026-04-09 00:00:00,2026-04-09,
Katsina,Malumfashi,Malumfashi B,,No,,FACT,3,1,43,Accessible,confirmed_by_partner_report,FACT,Partner,N/A - fully accessible,NA,2026-04-09 00:00:00,2026-04-09,
Katsina,Malumfashi,Borindawa,,No,,FACT,3,1,19,Inaccessible,confirmed_by_partner_report,FACT,Partner,Insecurity / conflict,Banditry and kidnappings,2026-04-09 00:00:00,2026-04-09,
Katsina,Malumfashi,Karfi,,Yes,Bakori; Kafur,FACT,1,1,18,Inaccessible,confirmed_by_partner_report,FACT,Partner,Insecurity / conflict,Banditry and kidnappings,2026-04-09 00:00:00,2026-04-09,
Katsina,Malumfashi,Dayi,,Yes,Musawa,FACT,5,0,15,Inaccessible,confirmed_by_partner_report,FACT,Partner,Insecurity / conflict,Banditry and kidnappings,2026-04-09 00:00:00,2026-04-09,
Katsina,Malumfashi,Gora Dan Saka,,No,,FACT,3,0,13,Inaccessible,confirmed_by_partner_report,FACT,Partner,Insecurity / conflict,Banditry and kidnappings,2026-04-09 00:00:00,2026-04-09,
Katsina,Malumfashi,Na'alma,,Yes,Musawa,FACT,2,0,10,Inaccessible,confirmed_by_partner_report,FACT,Partner,Insecurity / conflict,Banditry and kidnappings,2026-04-09 00:00:00,2026-04-09,
Katsina,Malumfashi,Yarmama,,No,,FACT,3,0,10,Inaccessible,confirmed_by_partner_report,FACT,Partner,Insecurity / conflict,Banditry and kidnappings,2026-04-09 00:00:00,2026-04-09,
Katsina,Malumfashi,Kukasheka,,Yes,Kankara,FACT,2,0,7,Inaccessible,confirmed_by_partner_report,FACT,Partner,Insecurity / conflict,Banditry and kidnappings,2026-04-09 00:00:00,2026-04-09,
Katsina,Malumfashi,Ruwan Sanyi,,No,,FACT,1,1,7,Inaccessible,confirmed_by_partner_report,FACT,Partner,Insecurity / conflict,Banditry and kidnappings,2026-04-09 00:00:00,2026-04-09,
Katsina,Malumfashi,Dansarai,,Yes,Musawa,FACT,1,0,6,Inaccessible,confirmed_by_partner_report,FACT,Partner,Insecurity / conflict,Banditry and kidnappings,2026-04-09 00:00:00,2026-04-09,
Katsina,Malumfashi,Gamzago,,Yes,Kafur,FACT,1,0,6,Inaccessible,confirmed_by_partner_report,FACT,Partner,Insecurity / conflict,Banditry and kidnappings,2026-04-09 00:00:00,2026-04-09,
Katsina,Malumfashi,Ketare,,Yes,Kankara,FACT,1,0,6,Inaccessible,confirmed_by_partner_report,FACT,Partner,Insecurity / conflict,Banditry and kidnappings,2026-04-09 00:00:00,2026-04-09,
Katsina,Malumfashi,Makaurachi,,No,,FACT,2,0,6,Inaccessible,confirmed_by_partner_report,FACT,Partner,Insecurity / conflict,Banditry and kidnappings,2026-04-09 00:00:00,2026-04-09,
Katsina,Malumfashi,Burdugau,,Yes,Kankara,FACT,1,0,1,Inaccessible,confirmed_by_partner_report,FACT,Partner,Insecurity / conflict,Banditry and kidnappings,2026-04-09 00:00:00,2026-04-09,
Katsina,Malumfashi,Mainika,,No,,FACT,1,0,1,Inaccessible,confirmed_by_partner_report,FACT,Partner,Insecurity / conflict,Banditry and kidnappings,2026-04-09 00:00:00,2026-04-09,
Katsina,Mani,Mani,,No,,FACT,2,2,56,Accessible,confirmed_by_partner_report,FACT,Partner,N/A - fully accessible,NA,2026-04-09 00:00:00,2026-04-09,
Katsina,Mani,Bujawa,,No,,FACT,4,1,30,Accessible,confirmed_by_partner_report,FACT,Partner,N/A - fully accessible,NA,2026-04-09 00:00:00,2026-04-09,
Katsina,Mani,Magami,,No,,FACT,0,2,24,Accessible,confirmed_by_partner_report,FACT,Partner,N/A - fully accessible,NA,2026-04-09 00:00:00,2026-04-09,
Katsina,Mani,Jani,,Yes,Bindawa,FACT,2,1,16,Accessible,confirmed_by_partner_report,FACT,Partner,N/A - fully accessible,NA,2026-04-09 00:00:00,2026-04-09,
Katsina,Mani,Tsagem Takusheyi,,No,,FACT,3,0,13,Accessible,confirmed_by_partner_report,FACT,Partner,N/A - fully accessible,NA,2026-04-09 00:00:00,2026-04-09,
Katsina,Mani,Kwatta,,No,,FACT,3,0,11,Accessible,confirmed_by_partner_report,FACT,Partner,N/A - fully accessible,NA,2026-04-09 00:00:00,2026-04-09,
Katsina,Mani,Muduru,,Yes,Rimi,FACT,3,0,11,Accessible,confirmed_by_partner_report,FACT,Partner,N/A - fully accessible,NA,2026-04-09 00:00:00,2026-04-09,
Katsina,Mani,Hamcheta,,No,,FACT,1,0,6,Accessible,confirmed_by_partner_report,FACT,Partner,N/A - fully accessible,NA,2026-04-09 00:00:00,2026-04-09,
Katsina,Mani,Machika,,Yes,Sabuwa,FACT,3,0,6,Accessible,confirmed_by_partner_report,FACT,Partner,N/A - fully accessible,NA,2026-04-09 00:00:00,2026-04-09,
Katsina,Mani,Magama Masabo Kurabau,,Yes,Batagarawa; Rimi,FACT,1,0,6,Accessible,confirmed_by_partner_report,FACT,Partner,N/A - fully accessible,NA,2026-04-09 00:00:00,2026-04-09,
Katsina,Mani,Mashi,,Yes,Mashi,FACT,1,0,4,Accessible,confirmed_by_partner_report,FACT,Partner,N/A - fully accessible,NA,2026-04-09 00:00:00,2026-04-09,
Katsina,Mani,Yamel B,,Yes,Dutsi,FACT,1,0,2,Inaccessible,confirmed_by_partner_report,FACT,Partner,Insecurity / conflict,This is under Dutsi LGA,2026-04-09 00:00:00,2026-04-09,
Katsina,Mani,Bagiwa,,No,,FACT,2,0,1,Accessible,confirmed_by_partner_report,FACT,Partner,N/A - fully accessible,NA,2026-04-09 00:00:00,2026-04-09,
Katsina,Mashi,Mashi,,Yes,Mani,Malteser,2,2,41,Accessible,confirmed_by_partner_report,Malteser,Partner,N/A - fully accessible,,2026-09-02 00:00:00,2026-09-02,100
Katsina,Mashi,Gallu,,Yes,Mai'adua,Malteser,3,1,24,Accessible,confirmed_by_partner_report,Malteser,Partner,Building-footprint issue (no eligible structures),,2026-09-02 00:00:00,2026-09-02,90
Katsina,Mashi,Majigiri,,No,,Malteser,1,1,23,Accessible,confirmed_by_partner_report,Malteser,Partner,N/A - fully accessible,,2026-09-02 00:00:00,2026-09-02,100
Katsina,Mashi,Karau,,No,,Malteser,7,0,16,Accessible,confirmed_by_partner_report,Malteser,Partner,Building-footprint issue (no eligible structures),,2026-09-02 00:00:00,2026-09-02,80
Katsina,Mashi,Doguru A,,No,,Malteser,2,0,11,Accessible,confirmed_by_partner_report,Malteser,Partner,Physical access (terrain,,2026-09-02 00:00:00,2026-09-02,90
Katsina,Mashi,Gana Jigawa,,No,,Malteser,3,0,11,Accessible,confirmed_by_partner_report,Malteser,Partner,N/A - fully accessible,,2026-09-02 00:00:00,2026-09-02,100
Katsina,Mashi,Tamilo B,,No,,Malteser,4,0,11,Accessible,confirmed_by_partner_report,Malteser,Partner,N/A - fully accessible,,2026-09-02 00:00:00,2026-09-02,100
Katsina,Mashi,Sonkaya,,No,,Malteser,3,0,9,Accessible,confirmed_by_partner_report,Malteser,Partner,N/A - fully accessible,,2026-09-02 00:00:00,2026-09-02,100
Katsina,Mashi,Tamilo A,,No,,Malteser,3,0,8,Accessible,confirmed_by_partner_report,Malteser,Partner,N/A - fully accessible,,2026-09-02 00:00:00,2026-09-02,100
Katsina,Mashi,Bamle,,Yes,Mai'adua,Malteser,1,0,5,Accessible,confirmed_by_partner_report,Malteser,Partner,N/A - fully accessible,,2026-09-02 00:00:00,2026-09-02,100
Katsina,Mashi,Ba'awa,,Yes,Kaita,Malteser,2,0,2,Accessible,confirmed_by_partner_report (blank row - not flagged),,Partner,,,,,
Katsina,Mashi,Doguru B,,No,,Malteser,1,0,1,Accessible,confirmed_by_partner_report,Malteser,Partner,N/A - fully accessible,,2026-09-02 00:00:00,2026-09-02,100
Katsina,Matazu,Matazu B,,No,,FACT,2,1,46,Accessible,confirmed_by_partner_report,FACT,Partner,N/A - fully accessible,Reported 2026-09-03: to be covered by a FACT subcontracted partner.,2026-04-09 00:00:00,2026-04-09,
Katsina,Matazu,Sayaya,,No,,FACT,10,1,35,Inaccessible,confirmed_by_partner_report,FACT,Partner,Insecurity / conflict,Reported 2026-09-03: to be covered by a FACT subcontracted partner (status not updated in your file).,2026-04-09 00:00:00,2026-04-09,
Katsina,Matazu,Karaduwa,,No,,FACT,6,0,34,Inaccessible,confirmed_by_partner_report,FACT,Partner,Insecurity / conflict,NA,2026-04-09 00:00:00,2026-04-09,
Katsina,Matazu,Dissi,,Yes,Musawa,FACT,3,1,28,Accessible,confirmed_by_partner_report,FACT,Partner,N/A - fully accessible,Reported 2026-09-03: to be covered by a FACT subcontracted partner (status not updated in your file).,2026-04-09 00:00:00,2026-04-09,
Katsina,Matazu,Gwarjo,,Yes,Musawa,FACT,3,1,25,Inaccessible,confirmed_by_partner_report,FACT,Partner,Insecurity / conflict,Reported 2026-09-03: to be covered by a FACT subcontracted partner (status not updated in your file).,2026-04-09 00:00:00,2026-04-09,
Katsina,Matazu,Mazoji A,,Yes,Daura,FACT,6,0,23,Inaccessible,confirmed_by_partner_report,FACT,Partner,Insecurity / conflict,Reported 2026-09-03: to be covered by a FACT subcontracted partner (status not updated in your file).,2026-04-09 00:00:00,2026-04-09,
Katsina,Matazu,Rinjin Idi,,No,,FACT,3,1,19,Inaccessible,confirmed_by_partner_report,FACT,Partner,Insecurity / conflict,Reported 2026-09-03: to be covered by a FACT subcontracted partner (status not updated in your file).,2026-04-09 00:00:00,2026-04-09,
Katsina,Matazu,Kogari,,Yes,Musawa,FACT,5,0,18,Inaccessible,confirmed_by_partner_report,FACT,Partner,Insecurity / conflict,Reported 2026-09-03: to be covered by a FACT subcontracted partner (status not updated in your file).,2026-04-09 00:00:00,2026-04-09,
Katsina,Matazu,Mazoji B,,Yes,Daura,FACT,4,0,15,Inaccessible,confirmed_by_partner_report,FACT,Partner,Insecurity / conflict,NA,2026-04-09 00:00:00,2026-04-09,
Katsina,Matazu,Makera,,Yes,Dan Musa; Dutsin-Ma; Funtua,FACT,2,0,12,Inaccessible,confirmed_by_partner_report,FACT,Partner,Insecurity / conflict,NA,2026-04-09 00:00:00,2026-04-09,
Katsina,Matazu,Matazu A,,No,,FACT,4,0,12,Accessible,confirmed_by_partner_report,FACT,Partner,N/A - fully accessible,Reported 2026-09-03: to be covered by a FACT subcontracted partner.,2026-04-09 00:00:00,2026-04-09,
Katsina,Matazu,Tsa Magam,,Yes,Kankia,FACT,2,0,9,Inaccessible,confirmed_by_partner_report,FACT,Partner,Insecurity / conflict,NA,2026-04-09 00:00:00,2026-04-09,
Katsina,Matazu,Sukuntuni,,Yes,Kankia,FACT,1,0,6,Inaccessible,confirmed_by_partner_report,FACT,Partner,Insecurity / conflict,NA,2026-04-09 00:00:00,2026-04-09,
Katsina,Matazu,Yantumaki A,,Yes,Dan Musa,FACT,1,0,6,Inaccessible,confirmed_by_partner_report,FACT,Partner,Insecurity / conflict,NA,2026-04-09 00:00:00,2026-04-09,
Katsina,Matazu,Kunduru Gyaza,,Yes,Kankia,FACT,1,0,5,Inaccessible,confirmed_by_partner_report,FACT,Partner,Insecurity / conflict,NA,2026-04-09 00:00:00,2026-04-09,
Katsina,Matazu,Dan Ali,,Yes,Dan Musa,FACT,1,0,1,Inaccessible,confirmed_by_partner_report,FACT,Partner,Insecurity / conflict,Banditry and kidnappings,2026-04-09 00:00:00,2026-04-09,
Katsina,Musawa,Musawa,,No,,FACT,4,2,76,Accessible,confirmed_by_partner_report,FACT,Partner,N/A - fully accessible,NA,2026-04-09 00:00:00,2026-04-09,
Katsina,Musawa,Kurkujan A,,No,,FACT,2,1,16,Inaccessible,confirmed_by_partner_report,FACT,Partner,Insecurity / conflict,Banditry and kidnappings,2026-04-09 00:00:00,2026-04-09,
Katsina,Musawa,Jikamshi,,No,,FACT,2,1,15,Inaccessible,confirmed_by_partner_report,FACT,Partner,Insecurity / conflict,Banditry and kidnappings,2026-04-09 00:00:00,2026-04-09,
Katsina,Musawa,Dangani,,No,,FACT,3,0,13,Inaccessible,confirmed_by_partner_report,FACT,Partner,Insecurity / conflict,Banditry and kidnappings,2026-04-09 00:00:00,2026-04-09,
Katsina,Musawa,Tabanni-Yarraddau,,No,,FACT,1,1,12,Inaccessible,confirmed_by_partner_report,FACT,Partner,Insecurity / conflict,Banditry and kidnappings,2026-04-09 00:00:00,2026-04-09,
Katsina,Musawa,Kira,,No,,FACT,2,1,11,Inaccessible,confirmed_by_partner_report,FACT,Partner,Insecurity / conflict,Banditry and kidnappings,2026-04-09 00:00:00,2026-04-09,
Katsina,Musawa,Kurkujan B,,No,,FACT,3,1,11,Inaccessible,confirmed_by_partner_report,FACT,Partner,Insecurity / conflict,Banditry and kidnappings,2026-04-09 00:00:00,2026-04-09,
Katsina,Musawa,Gingin,,No,,FACT,4,0,8,Inaccessible,confirmed_by_partner_report,FACT,Partner,Insecurity / conflict,Banditry and kidnappings,2026-04-09 00:00:00,2026-04-09,
Katsina,Musawa,Garu,,No,,FACT,2,0,7,Inaccessible,confirmed_by_partner_report,FACT,Partner,Insecurity / conflict,Banditry and kidnappings,2026-04-09 00:00:00,2026-04-09,
Katsina,Musawa,Tuge,,Yes,Kankara,FACT,0,1,6,Inaccessible,confirmed_by_partner_report,FACT,Partner,Insecurity / conflict,Banditry and kidnappings,2026-04-09 00:00:00,2026-04-09,
Katsina,Musawa,Dansarai,,Yes,Malumfashi,FACT,1,0,5,Inaccessible,confirmed_by_partner_report,FACT,Partner,Insecurity / conflict,Banditry and kidnappings,2026-04-09 00:00:00,2026-04-09,
Katsina,Musawa,Dayi,,Yes,Malumfashi,FACT,2,0,5,Inaccessible,confirmed_by_partner_report,FACT,Partner,Insecurity / conflict,Banditry and kidnappings,2026-04-09 00:00:00,2026-04-09,
Katsina,Musawa,Danjanku-Karachi,,No,,FACT,3,0,4,Inaccessible,confirmed_by_partner_report,FACT,Partner,Insecurity / conflict,Banditry and kidnappings,2026-04-09 00:00:00,2026-04-09,
Katsina,Musawa,Kogari,,Yes,Matazu,FACT,1,0,3,Inaccessible,confirmed_by_partner_report,FACT,Partner,Insecurity / conflict,Banditry and kidnappings,2026-04-09 00:00:00,2026-04-09,
Katsina,Musawa,Na'alma,,Yes,Malumfashi,FACT,2,0,3,Inaccessible,confirmed_by_partner_report,FACT,Partner,Insecurity / conflict,Banditry and kidnappings,2026-04-09 00:00:00,2026-04-09,
Katsina,Musawa,Gwarjo,,Yes,Matazu,FACT,2,0,2,Inaccessible,confirmed_by_partner_report,FACT,Partner,Insecurity / conflict,Banditry and kidnappings,2026-04-09 00:00:00,2026-04-09,
Katsina,Musawa,Dissi,,Yes,Matazu,FACT,1,0,1,Inaccessible,confirmed_by_partner_report,FACT,Partner,Insecurity / conflict,Banditry and kidnappings,2026-04-09 00:00:00,2026-04-09,
Katsina,Rimi,Abukur,,No,,FACT,2,1,39,Accessible,confirmed_by_partner_report,FACT,Partner,N/A - fully accessible,NA,2026-04-09 00:00:00,2026-04-09,
Katsina,Rimi,Rimi,,No,,FACT,2,3,38,Accessible,confirmed_by_partner_report,FACT,Partner,N/A - fully accessible,NA,2026-04-09 00:00:00,2026-04-09,
Katsina,Rimi,Sabon Gari,,Yes,Daura; Funtua; Mai'adua,FACT,3,1,27,Accessible,confirmed_by_partner_report,FACT,Partner,N/A - fully accessible,NA,2026-04-09 00:00:00,2026-04-09,
Katsina,Rimi,Tsagero,,No,,FACT,1,1,17,Accessible,confirmed_by_partner_report,FACT,Partner,N/A - fully accessible,NA,2026-04-09 00:00:00,2026-04-09,
Katsina,Rimi,Iyatawa,,No,,FACT,4,0,12,Accessible,confirmed_by_partner_report,FACT,Partner,N/A - fully accessible,NA,2026-04-09 00:00:00,2026-04-09,
Katsina,Rimi,Kadandani,,No,,FACT,4,0,12,Accessible,confirmed_by_partner_report,FACT,Partner,N/A - fully accessible,NA,2026-04-09 00:00:00,2026-04-09,
Katsina,Rimi,Makurda,,Yes,Kaita,FACT,3,0,12,Accessible,confirmed_by_partner_report,FACT,Partner,N/A - fully accessible,NA,2026-04-09 00:00:00,2026-04-09,
Katsina,Rimi,Magama Masabo Kurabau,,Yes,Batagarawa; Mani,FACT,3,0,10,Accessible,confirmed_by_partner_report,FACT,Partner,N/A - fully accessible,NA,2026-04-09 00:00:00,2026-04-09,
Katsina,Rimi,Fardami,,No,,FACT,2,0,8,Accessible,confirmed_by_partner_report,FACT,Partner,N/A - fully accessible,NA,2026-04-09 00:00:00,2026-04-09,
Katsina,Rimi,Maje Karare,,No,,FACT,2,0,7,Accessible,confirmed_by_partner_report,FACT,Partner,N/A - fully accessible,NA,2026-04-09 00:00:00,2026-04-09,
Katsina,Rimi,Muduru,,Yes,Mani,FACT,1,0,2,Accessible,confirmed_by_partner_report,FACT,Partner,N/A - fully accessible,NA,2026-04-09 00:00:00,2026-04-09,
Katsina,Rimi,Shibdawa,,Yes,Bindawa,FACT,1,0,1,Accessible,confirmed_by_partner_report,FACT,Partner,N/A - fully accessible,NA,2026-04-09 00:00:00,2026-04-09,
Katsina,Rimi,Yanhoho,,Yes,Kaita,FACT,1,0,1,Inaccessible,confirmed_by_partner_report,FACT,Partner,Insecurity / conflict,This is under Kaita LGA,2026-04-09 00:00:00,2026-04-09,
Katsina,Sabuwa,Gamji,,No,,FACT,2,2,70,Inaccessible,confirmed_by_partner_report,FACT,Partner,Insecurity / conflict,Banditry and kidnappings,2026-04-09 00:00:00,2026-04-09,
Katsina,Sabuwa,Machika,,Yes,Mani,FACT,2,1,36,Inaccessible,confirmed_by_partner_report,FACT,Partner,Insecurity / conflict,Banditry and kidnappings,2026-04-09 00:00:00,2026-04-09,
Katsina,Sabuwa,Gazari,,No,,FACT,4,0,15,Inaccessible,confirmed_by_partner_report,FACT,Partner,Insecurity / conflict,Banditry and kidnappings,2026-04-09 00:00:00,2026-04-09,
Katsina,Sabuwa,Sabuwa A,,No,,FACT,1,0,15,Accessible,confirmed_by_partner_report,FACT,Partner,N/A - fully accessible,NA,2026-04-09 00:00:00,2026-04-09,
Katsina,Sabuwa,Maibakko,,No,,FACT,2,0,9,Inaccessible,confirmed_by_partner_report,FACT,Partner,Insecurity / conflict,Banditry and kidnappings,2026-04-09 00:00:00,2026-04-09,
Katsina,Sabuwa,Magaji Wando,,Yes,Dandume,FACT,2,0,8,Inaccessible,confirmed_by_partner_report,FACT,Partner,Insecurity / conflict,Banditry and kidnappings,2026-04-09 00:00:00,2026-04-09,
Katsina,Sabuwa,Sayau,,No,,FACT,2,0,7,Inaccessible,confirmed_by_partner_report,FACT,Partner,Insecurity / conflict,Banditry and kidnappings,2026-04-09 00:00:00,2026-04-09,
Katsina,Sabuwa,Damari,,No,,FACT,1,0,6,Inaccessible,confirmed_by_partner_report,FACT,Partner,Insecurity / conflict,Banditry and kidnappings,2026-04-09 00:00:00,2026-04-09,
Katsina,Sabuwa,Dugu Muazu,,No,,FACT,1,0,6,Inaccessible,confirmed_by_partner_report,FACT,Partner,Insecurity / conflict,Banditry and kidnappings,2026-04-09 00:00:00,2026-04-09,
Katsina,Sabuwa,Idasu,,No,,FACT,2,0,6,Inaccessible,confirmed_by_partner_report,FACT,Partner,Insecurity / conflict,Banditry and kidnappings,2026-04-09 00:00:00,2026-04-09,
Katsina,Sabuwa,Rafin Iwa,,No,,FACT,1,0,5,Inaccessible,confirmed_by_partner_report,FACT,Partner,Insecurity / conflict,Banditry and kidnappings,2026-04-09 00:00:00,2026-04-09,
Katsina,Sabuwa,Sabuwa B,,No,,FACT,1,0,3,Accessible,confirmed_by_partner_report,FACT,Partner,N/A - fully accessible,NA,2026-04-09 00:00:00,2026-04-09,
Katsina,Sabuwa,Dansoda,,Yes,Dandume,FACT,1,0,0,Inaccessible,confirmed_by_partner_report,FACT,Partner,Insecurity / conflict,Banditry and kidnappings,2026-04-09 00:00:00,2026-04-09,
Katsina,Safana,Safana,,Yes,Charanchi,FACT,7,4,113,Accessible,confirmed_by_partner_report,FACT,Partner,N/A - fully accessible,NA,2026-04-09 00:00:00,2026-04-09,
Katsina,Safana,Tsaskiya,,No,,FACT,6,3,43,Inaccessible,confirmed_by_partner_report,FACT,Partner,Insecurity / conflict,Banditry and kidnappings,2026-04-09 00:00:00,2026-04-09,
Katsina,Safana,Runka A,,No,,FACT,6,3,39,Inaccessible,confirmed_by_partner_report,FACT,Partner,Population absent / relocated,Displaced by bandits,2026-04-09 00:00:00,2026-04-09,
Katsina,Safana,Wurma B,,Yes,Kurfi,FACT,1,1,26,Inaccessible,confirmed_by_partner_report,FACT,Partner,Insecurity / conflict,Banditry and kidnappings,2026-04-09 00:00:00,2026-04-09,
Katsina,Safana,Zakka A,,Yes,Batsari,FACT,5,2,25,Inaccessible,confirmed_by_partner_report,FACT,Partner,Population absent / relocated,Displaced by bandits,2026-04-09 00:00:00,2026-04-09,
Katsina,Safana,Babban Duhu A,,No,,FACT,5,0,20,Inaccessible,confirmed_by_partner_report,FACT,Partner,Insecurity / conflict,Banditry and Kidnappings,2026-04-09 00:00:00,2026-04-09,
Katsina,Safana,Madogara,,Yes,Batsari,FACT,1,1,19,Inaccessible,confirmed_by_partner_report,FACT,Partner,Insecurity / conflict,Banditry and kidnappings,2026-04-09 00:00:00,2026-04-09,
Katsina,Safana,Runka B,,Yes,Dan Musa,FACT,4,0,19,Inaccessible,confirmed_by_partner_report,FACT,Partner,Insecurity / conflict,Banditry and kidnappings,2026-04-09 00:00:00,2026-04-09,
Katsina,Safana,Babban Duhu B,,Yes,Batsari,FACT,4,0,18,Inaccessible,confirmed_by_partner_report,FACT,Partner,Insecurity / conflict,Banditry and kidnappings,2026-04-09 00:00:00,2026-04-09,
Katsina,Safana,Zakka B,,No,,FACT,3,1,15,Inaccessible,confirmed_by_partner_report,FACT,Partner,Population absent / relocated,Displaced by Bandits,2026-04-09 00:00:00,2026-04-09,
Katsina,Safana,Dandire B,,Yes,Dan Musa,FACT,4,0,11,Inaccessible,confirmed_by_partner_report,FACT,Partner,Insecurity / conflict,Banditry and kidnappings,2026-04-09 00:00:00,2026-04-09,
Katsina,Safana,Baure B,,No,,FACT,2,0,9,Inaccessible,confirmed_by_partner_report,FACT,Partner,Insecurity / conflict,Banditry and kidnappings,2026-04-09 00:00:00,2026-04-09,
Katsina,Safana,Kutawa,,Yes,Dutsin-Ma,FACT,1,0,6,Inaccessible,confirmed_by_partner_report,FACT,Partner,Insecurity / conflict,Banditry and kidnappings,2026-04-09 00:00:00,2026-04-09,
Katsina,Safana,Dabawa,,Yes,Dutsin-Ma; Kurfi,FACT,1,0,5,Inaccessible,confirmed_by_partner_report,FACT,Partner,Insecurity / conflict,Banditry and kidnappings ,2026-04-09 00:00:00,2026-04-09,
Katsina,Safana,Baure A,,No,,FACT,2,0,4,Inaccessible,confirmed_by_partner_report,FACT,Partner,Insecurity / conflict,Banditry and kidnappings,2026-04-09 00:00:00,2026-04-09,
Katsina,Safana,Karare,,Yes,Batsari,FACT,2,0,2,Inaccessible,confirmed_by_partner_report,FACT,Partner,Insecurity / conflict,Banditry and kinappings,2026-04-09 00:00:00,2026-04-09,
Katsina,Safana,Dutsin Ma B,,Yes,Dutsin-Ma,FACT,1,0,1,Inaccessible,confirmed_by_partner_report,FACT,Partner,Insecurity / conflict,Banditry and Kidnappings,2026-04-09 00:00:00,2026-04-09,
Katsina,Sandamu,Sandamu,,No,,MDM,4,1,87,Accessible,default_unreported,,Not yet reported,,,,,
Katsina,Sandamu,Fago B,,Yes,Zango,MDM,3,0,16,Accessible,default_unreported,,Not yet reported,,,,,
Katsina,Sandamu,Rade A,,No,,MDM,5,0,16,Accessible,default_unreported,,Not yet reported,,,,,
Katsina,Sandamu,Rade B,,No,,MDM,4,0,13,Accessible,default_unreported,,Not yet reported,,,,,
Katsina,Sandamu,Fago A,,No,,MDM,2,0,12,Accessible,default_unreported,,Not yet reported,,,,,
Katsina,Sandamu,Karkarku,,No,,MDM,0,1,12,Accessible,default_unreported,,Not yet reported,,,,,
Katsina,Sandamu,Katsayal,,No,,MDM,2,0,12,Accessible,default_unreported,,Not yet reported,,,,,
Katsina,Sandamu,Daneji B,,No,,MDM,3,0,7,Accessible,default_unreported,,Not yet reported,,,,,
Katsina,Sandamu,Daneji A,,No,,MDM,2,0,5,Accessible,default_unreported,,Not yet reported,,,,,
Katsina,Sandamu,Kagare,,No,,MDM,2,0,4,Accessible,default_unreported,,Not yet reported,,,,,
Katsina,Sandamu,Kwasarawa,,No,,MDM,1,0,2,Accessible,default_unreported,,Not yet reported,,,,,
Katsina,Sandamu,Madobi B,,Yes,Daura,MDM,1,0,0,Accessible,default_unreported,,Not yet reported,,,,,
Katsina,Zango,Garni,,No,,Save the Children,6,0,28,Accessible,confirmed_by_partner_report,Save the Children,Needs review,N/A - fully accessible,"Marked accessible by default (not an explicit per-ward partner confirmation): Save the Children provided a comprehensive review of their coverage area (Katsina/Zamfara summary + Kwande report, 2026-08-19), and reported no issue for this ward. Following our ""accessible until reported otherwise"" convention, applied here given the scope of their review - to be confirmed directly with the partner as a standard follow-up, not assumed permanent.",2026-08-21,2026-08-21,
Katsina,Zango,Rogogo,,No,,Save the Children,4,0,22,Accessible,confirmed_by_partner_report,Save the Children,Needs review,N/A - fully accessible,"Marked accessible by default (not an explicit per-ward partner confirmation): Save the Children provided a comprehensive review of their coverage area (Katsina/Zamfara summary + Kwande report, 2026-08-19), and reported no issue for this ward. Following our ""accessible until reported otherwise"" convention, applied here given the scope of their review - to be confirmed directly with the partner as a standard follow-up, not assumed permanent.",2026-08-21,2026-08-21,
Katsina,Zango,Kanda,,No,,Save the Children,2,0,13,Accessible,confirmed_by_partner_report,Save the Children,Needs review,N/A - fully accessible,"Marked accessible by default (not an explicit per-ward partner confirmation): Save the Children provided a comprehensive review of their coverage area (Katsina/Zamfara summary + Kwande report, 2026-08-19), and reported no issue for this ward. Following our ""accessible until reported otherwise"" convention, applied here given the scope of their review - to be confirmed directly with the partner as a standard follow-up, not assumed permanent.",2026-08-21,2026-08-21,
Katsina,Zango,Sara,,No,,Save the Children,2,0,11,Accessible,confirmed_by_partner_report,Save the Children,Needs review,N/A - fully accessible,"Marked accessible by default (not an explicit per-ward partner confirmation): Save the Children provided a comprehensive review of their coverage area (Katsina/Zamfara summary + Kwande report, 2026-08-19), and reported no issue for this ward. Following our ""accessible until reported otherwise"" convention, applied here given the scope of their review - to be confirmed directly with the partner as a standard follow-up, not assumed permanent.",2026-08-21,2026-08-21,
Katsina,Zango,K Malamai,,Yes,Baure,Save the Children,2,0,9,Accessible,confirmed_by_partner_report,Save the Children,Needs review,N/A - fully accessible,"Marked accessible by default (not an explicit per-ward partner confirmation): Save the Children provided a comprehensive review of their coverage area (Katsina/Zamfara summary + Kwande report, 2026-08-19), and reported no issue for this ward. Following our ""accessible until reported otherwise"" convention, applied here given the scope of their review - to be confirmed directly with the partner as a standard follow-up, not assumed permanent.",2026-08-21,2026-08-21,
Katsina,Zango,Dargage,,No,,Save the Children,2,0,7,Accessible,confirmed_by_partner_report (blank row - not flagged),,Partner,,,,,
Katsina,Zango,Kawarin Kudi,,No,,Save the Children,1,0,6,Accessible,confirmed_by_partner_report (blank row - not flagged),,Partner,,,,,
Katsina,Zango,Fago B,,Yes,Sandamu,Save the Children,1,0,3,Accessible,confirmed_by_partner_report,Save the Children,Partner,N/A - fully accessible,"This ward's GRID3 polygon disagrees with the official OCHA/COD LGA boundary at this point - GRID3 places it in Sandamu, but OCHA/COD (the officially endorsed boundary source) places it in Zango. Save the Children flagged this on the ground (email 2026-08-08/19); Jack re-verified all 54 similarly-flagged points directly against OCHA/COD on 2026-08-11 and retained the original LGA assignment for all of them - a genuine boundary-dataset disagreement at a contested edge, not a data-entry error - see the full reasoning in the raw email (resampling/input/partner_raw_comms/Save the Children/). No change to the sampling frame; ward remains accessible.",2026-08-28 00:00:00,2026-08-28,
Katsina,Zango,Gwamba,,No,,Save the Children,1,0,3,Accessible,confirmed_by_partner_report (blank row - not flagged),,Partner,,,,,
Katsina,Zango,Maibara,,Yes,Baure,Save the Children,1,0,0,Accessible,confirmed_by_partner_report,Save the Children,Partner,N/A - fully accessible,"This ward's GRID3 polygon disagrees with the official OCHA/COD LGA boundary at this point - GRID3 places it in Baure, but OCHA/COD (the officially endorsed boundary source) places it in Zango. Save the Children flagged this on the ground (email 2026-08-08/19); Jack re-verified all 54 similarly-flagged points directly against OCHA/COD on 2026-08-11 and retained the original LGA assignment for all of them - a genuine boundary-dataset disagreement at a contested edge, not a data-entry error - see the full reasoning in the raw email (resampling/input/partner_raw_comms/Save the Children/). No change to the sampling frame; ward remains accessible.",2026-08-28 00:00:00,2026-08-28,
Kebbi,Aleiro,Aliero Dangaladima 1,,No,,FACT,2,0,19,Accessible,confirmed_by_partner_report,FACT,Partner,N/A - fully accessible,To be collected,2026-04-09 00:00:00,2026-04-09,
Kebbi,Aleiro,Aliero S Fada 1,,No,,FACT,1,0,18,Accessible,confirmed_by_partner_report,FACT,Partner,N/A - fully accessible,Completed,24/08/2026,2026-08-24,
Kebbi,Aleiro,Aliero S Fada 2,,No,,FACT,2,0,12,Accessible,confirmed_by_partner_report,FACT,Partner,N/A - fully accessible,Completed,2026-04-09 00:00:00,2026-04-09,
Kebbi,Aleiro,Sabiyal,,No,,FACT,2,0,10,Accessible,confirmed_by_partner_report,FACT,Partner,N/A - fully accessible,In progress,24/08/2026,2026-08-24,
Kebbi,Aleiro,Danwarai,,No,,FACT,1,0,9,Accessible,confirmed_by_partner_report,FACT,Partner,N/A - fully accessible,NA,2026-04-09 00:00:00,2026-04-09,
Kebbi,Aleiro,Rafin Bauna,,No,,FACT,2,0,8,Accessible,confirmed_by_partner_report,FACT,Partner,N/A - fully accessible,In progress,24/08/2026,2026-08-24,
Kebbi,Aleiro,Aliero Dangaladima 2,,No,,FACT,1,0,6,Accessible,confirmed_by_partner_report,FACT,Partner,N/A - fully accessible,Completed,24/08/2026,2026-08-24,
Kebbi,Aleiro,Jiga Birni,,No,,FACT,1,0,6,Accessible,confirmed_by_partner_report,FACT,Partner,N/A - fully accessible,Completed,24/08/2026,2026-08-24,
Kebbi,Aleiro,Kashin Zama,,No,,FACT,1,0,6,Accessible,confirmed_by_partner_report,FACT,Partner,N/A - fully accessible,Completed,24/08/2026,2026-08-24,
Kebbi,Aleiro,Jiga Makera,,No,,FACT,2,0,5,Inaccessible,confirmed_by_partner_report,FACT,Partner,Access denied by authorities / community,Completed,2026-04-09 00:00:00,2026-04-09,
Kebbi,Aleiro,Gulumbe,,No,,FACT,1,0,2,Accessible,confirmed_by_partner_report,FACT,Partner,N/A - fully accessible,NA,2026-04-09 00:00:00,2026-04-09,
Kebbi,Aleiro,Jega Magaji B,,Yes,Jega,FACT,1,0,1,Accessible,confirmed_by_partner_report,FACT,Partner,N/A - fully accessible,NA,2026-04-09 00:00:00,2026-04-09,
Kebbi,Arewa-Dandi,Bachaka,,No,,FACT,9,0,53,Accessible,confirmed_by_partner_report,FACT,Partner,Insecurity / conflict,Previously deployed and started data collection however the team had to be evacuated this morning as gun men opened fire in several locations in the LGA. ,2026-05-09 00:00:00,2026-05-09,
Kebbi,Arewa-Dandi,Kangiwa,,No,,FACT,5,0,32,Accessible,confirmed_by_partner_report,FACT,Partner,Insecurity / conflict,Previously deployed and started data collection however the team had to be evacuated this morning as gun men opened fire in several locations in the LGA. ,2026-05-09 00:00:00,2026-05-09,
Kebbi,Arewa-Dandi,Yeldu,,No,,FACT,4,0,22,Inaccessible,confirmed_by_partner_report,FACT,Partner,Insecurity / conflict,Previously deployed and started data collection however the team had to be evacuated this morning as gun men opened fire in several locations in the LGA. ,2026-05-09 00:00:00,2026-05-09,
Kebbi,Arewa-Dandi,Sarka,,Yes,Augie,FACT,4,0,14,Inaccessible,confirmed_by_partner_report,FACT,Partner,Insecurity / conflict,Previously deployed and started data collection however the team had to be evacuated this morning as gun men opened fire in several locations in the LGA. ,2026-05-09 00:00:00,2026-05-09,
Kebbi,Arewa-Dandi,Feske-Jaffeji,,No,,FACT,3,0,12,Inaccessible,confirmed_by_partner_report,FACT,Partner,Insecurity / conflict,Previously deployed and started data collection however the team had to be evacuated this morning as gun men opened fire in several locations in the LGA. ,2026-05-09 00:00:00,2026-05-09,
Kebbi,Arewa-Dandi,Gorun Dikko,,No,,FACT,2,0,12,Inaccessible,confirmed_by_partner_report,FACT,Partner,Insecurity / conflict,Previously deployed and started data collection however the team had to be evacuated this morning as gun men opened fire in several locations in the LGA. ,2026-05-09 00:00:00,2026-05-09,
Kebbi,Arewa-Dandi,Bui,,No,,FACT,1,0,6,Inaccessible,confirmed_by_partner_report,FACT,Partner,Insecurity / conflict,Previously deployed and started data collection however the team had to be evacuated this morning as gun men opened fire in several locations in the LGA. ,2026-05-09 00:00:00,2026-05-09,
Kebbi,Arewa-Dandi,Chibike,,No,,FACT,1,0,6,Accessible,confirmed_by_partner_report,FACT,Partner,Insecurity / conflict,Previously deployed and started data collection however the team had to be evacuated this morning as gun men opened fire in several locations in the LGA. ,2026-05-09 00:00:00,2026-05-09,
Kebbi,Arewa-Dandi,Gumumunde-Rafin Tsaka,,Yes,Bunza,FACT,1,0,6,Inaccessible,confirmed_by_partner_report,FACT,Partner,Insecurity / conflict,Previously deployed and started data collection however the team had to be evacuated this morning as gun men opened fire in several locations in the LGA. ,2026-05-09 00:00:00,2026-05-09,
Kebbi,Arewa-Dandi,Kuka,,Yes,Kalgo,FACT,1,0,6,Accessible,confirmed_by_partner_report,FACT,Partner,Insecurity / conflict,Previously deployed and started data collection however the team had to be evacuated this morning as gun men opened fire in several locations in the LGA. ,2026-05-09 00:00:00,2026-05-09,
Kebbi,Arewa-Dandi,Falde,,No,,FACT,1,0,4,Inaccessible,confirmed_by_partner_report,FACT,Partner,Insecurity / conflict,Previously deployed and started data collection however the team had to be evacuated this morning as gun men opened fire in several locations in the LGA. ,2026-05-09 00:00:00,2026-05-09,
Kebbi,Arewa-Dandi,Lema-Jantullu,,No,,FACT,2,0,4,Inaccessible,confirmed_by_partner_report,FACT,Partner,Insecurity / conflict,Previously deployed and started data collection however the team had to be evacuated this morning as gun men opened fire in several locations in the LGA. ,2026-05-09 00:00:00,2026-05-09,
Kebbi,Argungu,Kokani South,,No,,CARE,3,0,21,Accessible,default_unreported,,Not yet reported,,,,,
Kebbi,Argungu,Zazzagawa,,No,,CARE,3,0,18,Accessible,default_unreported,,Not yet reported,,,,,
Kebbi,Argungu,Gwazange,,No,,CARE,4,0,17,Accessible,default_unreported,,Not yet reported,,,,,
Kebbi,Argungu,Alwasa,,No,,CARE,2,0,12,Accessible,default_unreported,,Not yet reported,,,,,
Kebbi,Argungu,Dikko,,No,,CARE,1,0,8,Accessible,default_unreported,,Not yet reported,,,,,
Kebbi,Argungu,Sauwa,,No,,CARE,2,0,7,Accessible,default_unreported,,Not yet reported,,,,,
Kebbi,Argungu,Felande,,No,,CARE,1,0,6,Accessible,default_unreported,,Not yet reported,,,,,
Kebbi,Argungu,Kokani North,,No,,CARE,2,0,6,Accessible,default_unreported,,Not yet reported,,,,,
Kebbi,Argungu,Gulma,,No,,CARE,1,0,5,Accessible,default_unreported,,Not yet reported,,,,,
Kebbi,Argungu,Galadima,,No,,CARE,2,0,2,Accessible,default_unreported,,Not yet reported,,,,,
Kebbi,Augie,Birnin Tudu Gudale,,No,,FACT,3,0,18,Inaccessible,confirmed_by_partner_report,FACT,Partner,Insecurity / conflict,Banditry activities,24/08/2026,2026-08-24,
Kebbi,Augie,Augie South,,No,,FACT,3,0,17,Accessible,confirmed_by_partner_report,FACT,Partner,N/A - fully accessible,To be collected,24/08/2026,2026-08-24,
Kebbi,Augie,Bayawa South,,No,,FACT,3,0,16,Accessible,confirmed_by_partner_report,FACT,Partner,N/A - fully accessible,To be collected,24/08/2026,2026-08-24,
Kebbi,Augie,Yola,,No,,FACT,4,0,15,Inaccessible,confirmed_by_partner_report,FACT,Partner,Insecurity / conflict,Banditry activities,24/08/2026,2026-08-24,
Kebbi,Augie,Augie North,,No,,FACT,4,0,13,Accessible,confirmed_by_partner_report,FACT,Partner,N/A - fully accessible,To be collected,24/08/2026,2026-08-24,
Kebbi,Augie,Bayawa North,,No,,FACT,4,0,13,Inaccessible,confirmed_by_partner_report,FACT,Partner,Insecurity / conflict,To be collected,2026-04-09 00:00:00,2026-04-09,
Kebbi,Augie,Bagaye Mera,,No,,FACT,4,0,11,Inaccessible,confirmed_by_partner_report,FACT,Partner,Insecurity / conflict,To be collected,2026-04-09 00:00:00,2026-04-09,
Kebbi,Augie,Kwaido,,No,,FACT,2,0,8,Inaccessible,confirmed_by_partner_report,FACT,Partner,Insecurity / conflict,Banditry activities,24/08/2026,2026-08-24,
Kebbi,Augie,Lailaba,,No,,FACT,2,0,8,Inaccessible,confirmed_by_partner_report,FACT,Partner,Insecurity / conflict,NA,2026-04-09 00:00:00,2026-04-09,
Kebbi,Augie,Tiggi,,No,,FACT,2,0,8,Inaccessible,confirmed_by_partner_report,FACT,Needs review,Insecurity / conflict,"CORRECTED 2026-08-26: originally marked Accessible=Yes but notes described insecurity (""Banditry activities"") - contradiction, flipped to No per established project precedent (treat Yes+insecurity-notes as No). Original notes preserved above.",24/08/2026,2026-08-24,
Kebbi,Augie,Sarka,,Yes,Arewa-Dandi,FACT,1,0,6,Inaccessible,confirmed_by_partner_report,FACT,Partner,Insecurity / conflict,NA,2026-04-09 00:00:00,2026-04-09,
Kebbi,Augie,Bubuche,,No,,FACT,2,0,5,Accessible,confirmed_by_partner_report,FACT,Partner,N/A - fully accessible,To be collected,24/08/2026,2026-08-24,
Kebbi,Augie,Torankawa,,No,,FACT,1,0,5,Inaccessible,confirmed_by_partner_report,FACT,Partner,Insecurity / conflict,Banditry activities,24/08/2026,2026-08-24,
Kebbi,Augie,Saida Goshe,,No,,FACT,2,0,1,Inaccessible,confirmed_by_partner_report,FACT,Partner,Insecurity / conflict,NA,2026-04-09 00:00:00,2026-04-09,
Kebbi,Bagudo,Kaoje Gwamba,,No,,FACT,7,0,42,Accessible,confirmed_by_partner_report,FACT,Partner,N/A - fully accessible,completed,2026-04-09 00:00:00,2026-04-09,
Kebbi,Bagudo,Kende Kurgu,,No,,FACT,4,0,16,Accessible,confirmed_by_partner_report,FACT,Partner,N/A - fully accessible,To be collected,24/08/2026,2026-08-24,
Kebbi,Bagudo,Lafagu Gante,,Yes,Shanga,FACT,3,0,12,Inaccessible,confirmed_by_partner_report,FACT,Partner,Insecurity / conflict,Banditry activities,24/08/2026,2026-08-24,
Kebbi,Bagudo,Lolo Giris,,Yes,Dandi,FACT,2,0,12,Inaccessible,confirmed_by_partner_report,FACT,Partner,Insecurity / conflict,Banditry activities,24/08/2026,2026-08-24,
Kebbi,Bagudo,Matsinkai Geza,,No,,FACT,2,0,8,Inaccessible,confirmed_by_partner_report,FACT,Partner,Insecurity / conflict,To be collected,2026-04-09 00:00:00,2026-04-09,
Kebbi,Bagudo,Bahindi Khaliel,,No,,FACT,2,0,7,Inaccessible,confirmed_by_partner_report,FACT,Partner,Insecurity / conflict,NA,2026-04-09 00:00:00,2026-04-09,
Kebbi,Bagudo,Bani Tsamiya,,No,,FACT,2,0,7,Inaccessible,confirmed_by_partner_report,FACT,Partner,Insecurity / conflict,Banditry activities,24/08/2026,2026-08-24,
Kebbi,Bagudo,Bagudo Tuga,,No,,FACT,1,0,6,Inaccessible,confirmed_by_partner_report,FACT,Partner,Insecurity / conflict,To be collected,2026-04-09 00:00:00,2026-04-09,
Kebbi,Bagudo,Illo Sabon Gari,,Yes,Suru,FACT,1,0,5,Inaccessible,confirmed_by_partner_report,FACT,Partner,Insecurity / conflict,To be collected,2026-04-09 00:00:00,2026-04-09,
Kebbi,Bagudo,Zagga Kwasara,,No,,FACT,2,0,5,Inaccessible,confirmed_by_partner_report,FACT,Partner,Insecurity / conflict,To be collected,2026-04-09 00:00:00,2026-04-09,
Kebbi,Birnin Kebbi,Nassarawa 1,,No,,CARE,4,0,27,Accessible,default_unreported,,Not yet reported,,,,,
Kebbi,Birnin Kebbi,Nassarawa 2,,No,,CARE,2,0,17,Accessible,default_unreported,,Not yet reported,,,,,
Kebbi,Birnin Kebbi,Ambursa,,No,,CARE,2,0,11,Accessible,default_unreported,,Not yet reported,,,,,
Kebbi,Birnin Kebbi,Gwadangwaji,,No,,CARE,1,0,11,Accessible,default_unreported,,Not yet reported,,,,,
Kebbi,Birnin Kebbi,Dangaladima,,No,,CARE,2,0,9,Accessible,default_unreported,,Not yet reported,,,,,
Kebbi,Birnin Kebbi,Kardi,,No,,CARE,2,0,8,Accessible,default_unreported,,Not yet reported,,,,,
Kebbi,Birnin Kebbi,Kola Tarasa,,No,,CARE,1,0,6,Accessible,default_unreported,,Not yet reported,,,,,
Kebbi,Birnin Kebbi,Marafa,,Yes,Fakai,CARE,1,0,6,Accessible,default_unreported,,Not yet reported,,,,,
Kebbi,Birnin Kebbi,Maurida,,No,,CARE,1,0,6,Accessible,default_unreported,,Not yet reported,,,,,
Kebbi,Birnin Kebbi,Zauro,,No,,CARE,1,0,1,Accessible,default_unreported,,Not yet reported,,,,,
Kebbi,Bunza,Bunza Marafa,,No,,FACT,3,0,29,Accessible,confirmed_by_partner_report,FACT,Partner,N/A - fully accessible,To be collected,24/08/2026,2026-08-24,
Kebbi,Bunza,Bunza Dangaladima,,Yes,Suru,FACT,2,0,19,Accessible,confirmed_by_partner_report,FACT,Partner,N/A - fully accessible,To be collected,24/08/2026,2026-08-24,
Kebbi,Bunza,Tilli Hilema,,No,,FACT,2,0,11,Inaccessible,confirmed_by_partner_report,FACT,Partner,Insecurity / conflict,To be collected,2026-04-09 00:00:00,2026-04-09,
Kebbi,Bunza,Salwai,,No,,FACT,2,0,10,Inaccessible,confirmed_by_partner_report,FACT,Partner,Insecurity / conflict,To be collected,2026-04-09 00:00:00,2026-04-09,
Kebbi,Bunza,Gwade,,No,,FACT,3,0,9,Inaccessible,confirmed_by_partner_report,FACT,Partner,Insecurity / conflict,To be collected,2026-04-09 00:00:00,2026-04-09,
Kebbi,Bunza,Maidahini,,No,,FACT,3,0,8,Accessible,confirmed_by_partner_report,FACT,Partner,N/A - fully accessible,To be collected,24/08/2026,2026-08-24,
Kebbi,Bunza,Sabon Birni,,Yes,Jega,FACT,1,0,6,Accessible,confirmed_by_partner_report,FACT,Partner,N/A - fully accessible,completed,2026-04-09 00:00:00,2026-04-09,
Kebbi,Bunza,Raha-Makeri,,Yes,Maiyama,FACT,1,0,4,Accessible,confirmed_by_partner_report,FACT,Partner,N/A - fully accessible,To be collected,24/08/2026,2026-08-24,
Kebbi,Bunza,Gumumunde-Rafin Tsaka,,Yes,Arewa-Dandi,FACT,1,0,3,Inaccessible,confirmed_by_partner_report,FACT,Partner,Insecurity / conflict,To be collected,2026-04-09 00:00:00,2026-04-09,
Kebbi,Bunza,Geza,,Yes,Dandi,FACT,1,0,2,Inaccessible,confirmed_by_partner_report,FACT,Partner,Insecurity / conflict,To be collected,2026-04-09 00:00:00,2026-04-09,
Kebbi,Bunza,Zogirma,,No,,FACT,1,0,1,Accessible,confirmed_by_partner_report,FACT,Partner,N/A - fully accessible,To be collected,2026-04-09 00:00:00,2026-04-09,
Kebbi,Dandi,Buma,,No,,FACT,4,0,19,Inaccessible,confirmed_by_partner_report,FACT,Partner,Insecurity / conflict,To be collected,2026-04-09 00:00:00,2026-04-09,
Kebbi,Dandi,Geza,,Yes,Bunza,FACT,3,0,18,Inaccessible,confirmed_by_partner_report,FACT,Partner,Insecurity / conflict,To be collected,2026-04-09 00:00:00,2026-04-09,
Kebbi,Dandi,Kyangakwai,,No,,FACT,5,0,17,Accessible,confirmed_by_partner_report,FACT,Partner,N/A - fully accessible,completed,2026-04-09 00:00:00,2026-04-09,
Kebbi,Dandi,Fana,,No,,FACT,3,0,14,Inaccessible,confirmed_by_partner_report,FACT,Partner,Insecurity / conflict,To be collected,2026-04-09 00:00:00,2026-04-09,
Kebbi,Dandi,Shiko,,No,,FACT,3,0,13,Inaccessible,confirmed_by_partner_report,FACT,Partner,Insecurity / conflict,To be collected,2026-04-09 00:00:00,2026-04-09,
Kebbi,Dandi,Kwakkwaba,,No,,FACT,3,0,10,Inaccessible,confirmed_by_partner_report,FACT,Partner,Insecurity / conflict,To be collected,2026-04-09 00:00:00,2026-04-09,
Kebbi,Dandi,Banizumbu,,No,,FACT,1,0,6,Accessible,confirmed_by_partner_report,FACT,Partner,N/A - fully accessible,completed,2026-04-09 00:00:00,2026-04-09,
Kebbi,Dandi,Aljannare,,Yes,Suru,FACT,2,0,3,Inaccessible,confirmed_by_partner_report,FACT,Partner,Insecurity / conflict,NA,2026-04-09 00:00:00,2026-04-09,
Kebbi,Dandi,Maigwaza,,No,,FACT,1,0,2,Inaccessible,confirmed_by_partner_report,FACT,Partner,Insecurity / conflict,To be collected,2026-04-09 00:00:00,2026-04-09,
Kebbi,Dandi,Lolo Giris,,Yes,Bagudo,FACT,1,0,0,Inaccessible,confirmed_by_partner_report,FACT,Partner,Insecurity / conflict,To be collected,2026-04-09 00:00:00,2026-04-09,
Kebbi,Fakai,Bangu,,No,,FACT,4,0,21,Inaccessible,confirmed_by_partner_report,FACT,Partner,Insecurity / conflict,"Reported 2026-09-03: persistent banditry and Lakurawa activity (FACT subcontracted partner report, Kebbi).",2026-04-09 00:00:00,2026-04-09,
Kebbi,Fakai,Fakai Kuka,,No,,FACT,5,0,19,Inaccessible,confirmed_by_partner_report,FACT,Partner,Insecurity / conflict,NA,2026-04-09 00:00:00,2026-04-09,
Kebbi,Fakai,Mahuta,,No,,FACT,1,0,12,Accessible,confirmed_by_partner_report,FACT,Partner,N/A - fully accessible,NA,2026-04-09 00:00:00,2026-04-09,
Kebbi,Fakai,Kangi,,No,,FACT,2,0,7,Inaccessible,confirmed_by_partner_report,FACT,Partner,Insecurity / conflict,"Reported 2026-09-03: persistent banditry and Lakurawa activity (FACT subcontracted partner report, Kebbi).",2026-04-09 00:00:00,2026-04-09,
Kebbi,Fakai,Danko Maga,,Yes,Wasagu/Danko,FACT,1,0,6,Accessible,confirmed_by_partner_report,FACT,Partner,Insecurity / conflict,"Reported 2026-09-03: persistent banditry and Lakurawa activity (FACT subcontracted partner report, Kebbi).",2026-04-09 00:00:00,2026-04-09,
Kebbi,Fakai,Marafa,,Yes,Birnin Kebbi,FACT,1,0,6,Inaccessible,confirmed_by_partner_report,FACT,Partner,Insecurity / conflict,"Reported 2026-09-03: persistent banditry and Lakurawa activity (FACT subcontracted partner report, Kebbi).",2026-04-09 00:00:00,2026-04-09,
Kebbi,Fakai,Peni Peni,,No,,FACT,1,0,6,Inaccessible,confirmed_by_partner_report,FACT,Partner,Insecurity / conflict,"Reported 2026-09-03: persistent banditry and Lakurawa activity (FACT subcontracted partner report, Kebbi).",2026-04-09 00:00:00,2026-04-09,
Kebbi,Fakai,Senchi,,Yes,Zuru,FACT,1,0,6,Accessible,confirmed_by_partner_report,FACT,Partner,N/A - fully accessible,NA,2026-04-09 00:00:00,2026-04-09,
Kebbi,Fakai,Gulbin Kuka,,No,,FACT,1,0,5,Inaccessible,confirmed_by_partner_report,FACT,Partner,Insecurity / conflict,"Reported 2026-09-03: persistent banditry and Lakurawa activity (FACT subcontracted partner report, Kebbi).",2026-04-09 00:00:00,2026-04-09,
Kebbi,Fakai,Isgogo Dago,,Yes,Zuru,FACT,1,0,5,Inaccessible,confirmed_by_partner_report,FACT,Partner,Insecurity / conflict,"Reported 2026-09-03: persistent banditry and Lakurawa activity (FACT subcontracted partner report, Kebbi).",2026-04-09 00:00:00,2026-04-09,
Kebbi,Fakai,Birnin Tudu,,No,,FACT,1,0,4,Accessible,confirmed_by_partner_report,FACT,Partner,N/A - fully accessible,NA,2026-04-09 00:00:00,2026-04-09,
Kebbi,Fakai,Fakku,,No,,FACT,2,0,2,Inaccessible,confirmed_by_partner_report,FACT,Partner,Insecurity / conflict,"Reported 2026-09-03: persistent banditry and Lakurawa activity (FACT subcontracted partner report, Kebbi).",2026-04-09 00:00:00,2026-04-09,
Kebbi,Fakai,Gwanfi Kele,,Yes,Wasagu/Danko,FACT,1,0,2,Inaccessible,confirmed_by_partner_report,FACT,Partner,Insecurity / conflict,NA,2026-04-09 00:00:00,2026-04-09,
Kebbi,Fakai,Atuwo,,Yes,Shanga,FACT,1,0,1,Inaccessible,confirmed_by_partner_report,FACT,Partner,Insecurity / conflict,"Reported 2026-09-03: persistent banditry and Lakurawa activity (FACT subcontracted partner report, Kebbi).",2026-04-09 00:00:00,2026-04-09,
Kebbi,Fakai,Bajida,,No,,FACT,1,0,0,Accessible,confirmed_by_partner_report,FACT,Partner,N/A - fully accessible,NA,2026-04-09 00:00:00,2026-04-09,
Kebbi,Fakai,Dabai Seme,,Yes,Zuru,FACT,1,0,0,Accessible,confirmed_by_partner_report,FACT,Partner,N/A - fully accessible,NA,2026-04-09 00:00:00,2026-04-09,
Kebbi,Gwandu,Dodoru,,No,,Solidarités,4,0,13,Accessible,confirmed_by_partner_report (blank row - not flagged),,Partner,,,,,
Kebbi,Gwandu,Gulmare,,No,,Solidarités,4,0,12,Accessible,confirmed_by_partner_report (blank row - not flagged),,Partner,,,,,
Kebbi,Gwandu,Malisa,,No,,Solidarités,3,0,12,Accessible,confirmed_by_partner_report (blank row - not flagged),,Partner,,,,,
Kebbi,Gwandu,Masama,,No,,Solidarités,2,0,12,Accessible,confirmed_by_partner_report (blank row - not flagged),,Partner,,,,,
Kebbi,Gwandu,Kambaza,,No,,Solidarités,2,0,10,Accessible,confirmed_by_partner_report (blank row - not flagged),,Partner,,,,,
Kebbi,Gwandu,Cheberu,,No,,Solidarités,2,0,8,Accessible,confirmed_by_partner_report (blank row - not flagged),,Partner,,,,,
Kebbi,Gwandu,Maruda,,No,,Solidarités,2,0,8,Accessible,confirmed_by_partner_report (blank row - not flagged),,Partner,,,,,
Kebbi,Gwandu,Dalijan,,No,,Solidarités,1,0,6,Accessible,confirmed_by_partner_report (blank row - not flagged),,Partner,,,,,
Kebbi,Gwandu,Faga Alasan,,No,,Solidarités,1,0,6,Accessible,confirmed_by_partner_report (blank row - not flagged),,Partner,,,,,
Kebbi,Gwandu,Gwandu D Galadima,,No,,Solidarités,2,0,6,Accessible,confirmed_by_partner_report (blank row - not flagged),,Partner,,,,,
Kebbi,Gwandu,Gwandu Marafa,,No,,Solidarités,1,0,6,Accessible,confirmed_by_partner_report (blank row - not flagged),,Partner,,,,,
Kebbi,Gwandu,Barkeji-Nabaguda,,No,,Solidarités,1,0,3,Accessible,confirmed_by_partner_report (blank row - not flagged),,Partner,,,,,
Kebbi,Jega,Jega Magaji B,,Yes,Aleiro,FACT,3,0,24,Accessible,confirmed_by_partner_report,FACT,Partner,N/A - fully accessible,Completed,24/08/2026,2026-08-24,
Kebbi,Jega,Magaji A,,No,,FACT,2,0,18,Accessible,confirmed_by_partner_report,FACT,Partner,N/A - fully accessible,Completed,24/08/2026,2026-08-24,
Kebbi,Jega,Jandutsi Birnin Malam,,No,,FACT,2,0,12,Inaccessible,confirmed_by_partner_report,FACT,Partner,Insecurity / conflict,Banditry activities,24/08/2026,2026-08-24,
Kebbi,Jega,Gindi Nassarawa Kyarmi Galbi,,No,,FACT,3,0,11,Inaccessible,confirmed_by_partner_report,FACT,Partner,Insecurity / conflict,To be collected,2026-04-09 00:00:00,2026-04-09,
Kebbi,Jega,Dangamaji,,No,,FACT,2,0,7,Accessible,confirmed_by_partner_report,FACT,Partner,N/A - fully accessible,Completed,24/08/2026,2026-08-24,
Kebbi,Jega,Firchin,,No,,FACT,3,0,7,Accessible,confirmed_by_partner_report,FACT,Partner,N/A - fully accessible,To be collected,2026-04-09 00:00:00,2026-04-09,
Kebbi,Jega,Alelu,,No,,FACT,1,0,6,Accessible,confirmed_by_partner_report,FACT,Partner,N/A - fully accessible,Completed,24/08/2024,2024-08-24,
Kebbi,Jega,Jega Kokani,,No,,FACT,3,0,6,Accessible,confirmed_by_partner_report,FACT,Partner,N/A - fully accessible,Completed,24/08/2026,2026-08-24,
Kebbi,Jega,Katanga Fagada,,No,,FACT,1,0,5,Inaccessible,confirmed_by_partner_report,FACT,Partner,Other,Can not confirm where this fall under ,2026-04-09 00:00:00,2026-04-09,
Kebbi,Jega,Kimba,,No,,FACT,1,0,5,Inaccessible,confirmed_by_partner_report,FACT,Partner,Insecurity / conflict,Completed,2026-04-09 00:00:00,2026-04-09,
Kebbi,Jega,Maiyama,,Yes,Maiyama,FACT,1,0,1,Inaccessible,confirmed_by_partner_report,FACT,Partner,Other,this is a ward under Maiyama LGA,2026-04-09 00:00:00,2026-04-09,
Kebbi,Jega,Sabon Birni,,Yes,Bunza,FACT,1,0,0,Inaccessible,confirmed_by_partner_report,FACT,Partner,Other,This is a ward under Bunza LGA,2026-04-09 00:00:00,2026-04-09,
Kebbi,Kalgo,Kalgo,,No,,FACT,2,0,30,Accessible,confirmed_by_partner_report,FACT,Partner,N/A - fully accessible,Completed,2026-04-09 00:00:00,2026-04-09,
Kebbi,Kalgo,Diggi,,No,,FACT,3,0,19,Accessible,confirmed_by_partner_report,FACT,Partner,N/A - fully accessible,Completed,2026-04-09 00:00:00,2026-04-09,
Kebbi,Kalgo,Etene,,No,,FACT,2,0,12,Accessible,confirmed_by_partner_report,FACT,Partner,N/A - fully accessible,Completed,24/08/2026,2026-08-24,
Kebbi,Kalgo,Dangoma Gayi,,No,,FACT,3,0,10,Accessible,confirmed_by_partner_report,FACT,Partner,N/A - fully accessible,Completed,24/08/2026,2026-08-24,
Kebbi,Kalgo,Hirishi-Magarza,,No,,FACT,2,0,10,Accessible,confirmed_by_partner_report,FACT,Partner,N/A - fully accessible,In progress,24/08/2026,2026-08-24,
Kebbi,Kalgo,Kuka,,Yes,Arewa-Dandi,FACT,1,0,6,Inaccessible,confirmed_by_partner_report,FACT,Partner,Insecurity / conflict,To be collected,2026-04-09 00:00:00,2026-04-09,
Kebbi,Kalgo,Mutubari,,No,,FACT,2,0,6,Accessible,confirmed_by_partner_report,FACT,Partner,N/A - fully accessible,Completed,24/08/2026,2026-08-24,
Kebbi,Kalgo,Nayelwa,,No,,FACT,1,0,6,Inaccessible,confirmed_by_partner_report,FACT,Partner,Insecurity / conflict,To be collected,2026-04-09 00:00:00,2026-04-09,
Kebbi,Kalgo,Wurogauri,,No,,FACT,2,0,2,Accessible,confirmed_by_partner_report,FACT,Partner,N/A - fully accessible,Completed,2026-04-09 00:00:00,2026-04-09,
Kebbi,Kalgo,Zuguru,,No,,FACT,1,0,1,Inaccessible,confirmed_by_partner_report,FACT,Partner,Insecurity / conflict,To be collected,2026-04-09 00:00:00,2026-04-09,
Kebbi,Koko/Besse,Ilela Sabon Gari,,Yes,Shanga,CRS,4,0,23,Accessible,default_unreported,,Not yet reported,,,,,
Kebbi,Koko/Besse,Koko Firchin,,No,,CRS,4,0,21,Accessible,default_unreported,,Not yet reported,,,,,
Kebbi,Koko/Besse,Lani Shiba,,No,,CRS,2,0,12,Accessible,default_unreported,,Not yet reported,,,,,
Kebbi,Koko/Besse,Besse,,No,,CRS,2,0,11,Accessible,default_unreported,,Not yet reported,,,,,
Kebbi,Koko/Besse,Koko Magaji,,No,,CRS,1,0,10,Accessible,default_unreported,,Not yet reported,,,,,
Kebbi,Koko/Besse,Dutsin Mari Dul Meru,,Yes,Shanga,CRS,2,0,8,Accessible,default_unreported,,Not yet reported,,,,,
Kebbi,Koko/Besse,Damba Bakoshi,,No,,CRS,1,0,6,Accessible,default_unreported,,Not yet reported,,,,,
Kebbi,Koko/Besse,Takware,,Yes,Shanga,CRS,1,0,6,Accessible,default_unreported,,Not yet reported,,,,,
Kebbi,Koko/Besse,Zaria Amiru,,No,,CRS,2,0,5,Accessible,default_unreported,,Not yet reported,,,,,
Kebbi,Maiyama,Mungadi,,No,,FACT,3,0,15,Accessible,confirmed_by_partner_report,FACT,Partner,N/A - fully accessible,Completed,2026-04-09 00:00:00,2026-04-09,
Kebbi,Maiyama,Karaye,,No,,FACT,2,0,12,Accessible,confirmed_by_partner_report,FACT,Partner,N/A - fully accessible,Completed,24/08/2026,2026-08-24,
Kebbi,Maiyama,Kawara,,Yes,Shanga,FACT,3,0,12,Accessible,confirmed_by_partner_report,FACT,Partner,N/A - fully accessible,Completed,24/08/2026,2026-08-24,
Kebbi,Maiyama,Liba,,No,,FACT,2,0,12,Inaccessible,confirmed_by_partner_report,FACT,Partner,Insecurity / conflict,Bandit incursion,24/08/2026,2026-08-24,
Kebbi,Maiyama,Sambawa Mayalo,,No,,FACT,2,0,12,Accessible,confirmed_by_partner_report,FACT,Partner,N/A - fully accessible,Completed,24/08/2026,2026-08-24,
Kebbi,Maiyama,Gidiga,,No,,FACT,2,0,11,Accessible,confirmed_by_partner_report,FACT,Partner,N/A - fully accessible,Completed,2026-04-09 00:00:00,2026-04-09,
Kebbi,Maiyama,Sarandosa,,No,,FACT,2,0,11,Accessible,confirmed_by_partner_report,FACT,Partner,N/A - fully accessible,Completed,2026-04-09 00:00:00,2026-04-09,
Kebbi,Maiyama,Andarai,,No,,FACT,2,0,7,Inaccessible,confirmed_by_partner_report,FACT,Partner,N/A - fully accessible,Completed,2026-04-09 00:00:00,2026-04-09,
Kebbi,Maiyama,Gubunkure,,No,,FACT,1,0,6,Accessible,confirmed_by_partner_report,FACT,Partner,N/A - fully accessible,Completed,2026-04-09 00:00:00,2026-04-09,
Kebbi,Maiyama,Maiyama,,Yes,Jega,FACT,1,0,6,Accessible,confirmed_by_partner_report,FACT,Partner,N/A - fully accessible,Completed,24/08/2026,2026-08-24,
Kebbi,Maiyama,Raha-Makeri,,Yes,Bunza,FACT,1,0,3,Inaccessible,confirmed_by_partner_report,FACT,Partner,Insecurity / conflict,Banditry activities,24/08/2026,2026-08-24,
Kebbi,Maiyama,Giwatazo,,No,,FACT,1,0,1,Inaccessible,confirmed_by_partner_report,FACT,Partner,Insecurity / conflict,To be collected,2026-04-09 00:00:00,2026-04-09,
Kebbi,Ngaski,Kambuwa,,No,,FACT,7,0,41,Inaccessible,confirmed_by_partner_report,FACT,Partner,Insecurity / conflict,"Reported 2026-09-03: persistent banditry and Lakurawa activity (FACT subcontracted partner report, Kebbi).",2026-04-09 00:00:00,2026-04-09,
Kebbi,Ngaski,Garin Baka,,No,,FACT,4,0,19,Inaccessible,confirmed_by_partner_report,FACT,Partner,Insecurity / conflict,"Reported 2026-09-03: persistent banditry and Lakurawa activity (FACT subcontracted partner report, Kebbi).",2026-04-09 00:00:00,2026-04-09,
Kebbi,Ngaski,Makawa,,No,,FACT,4,0,13,Accessible,confirmed_by_partner_report,FACT,Partner,Insecurity / conflict,NA,2026-04-09 00:00:00,2026-04-09,
Kebbi,Ngaski,Gafara,,No,,FACT,3,0,11,Accessible,confirmed_by_partner_report,FACT,Partner,N/A - fully accessible,NA,2026-04-09 00:00:00,2026-04-09,
Kebbi,Ngaski,Ngaski,,No,,FACT,3,0,10,Accessible,confirmed_by_partner_report,FACT,Partner,N/A - fully accessible,NA,2026-04-09 00:00:00,2026-04-09,
Kebbi,Ngaski,Birnin Yauri,,No,,FACT,3,0,8,Accessible,confirmed_by_partner_report,FACT,Partner,N/A - fully accessible,NA,2026-04-09 00:00:00,2026-04-09,
Kebbi,Ngaski,Wara,,No,,FACT,1,0,8,Accessible,confirmed_by_partner_report,FACT,Partner,N/A - fully accessible,NA,2026-04-09 00:00:00,2026-04-09,
Kebbi,Ngaski,Kwakwaran,,No,,FACT,1,0,6,Accessible,confirmed_by_partner_report,FACT,Partner,N/A - fully accessible,NA,2026-04-09 00:00:00,2026-04-09,
Kebbi,Ngaski,Sakace,,Yes,Shanga,FACT,1,0,6,Accessible,confirmed_by_partner_report,FACT,Partner,Insecurity / conflict,NA,2026-04-09 00:00:00,2026-04-09,
Kebbi,Ngaski,Utono,,No,,FACT,1,0,5,Accessible,confirmed_by_partner_report,FACT,Partner,N/A - fully accessible,NA,2026-04-09 00:00:00,2026-04-09,
Kebbi,Ngaski,Libata,,No,,FACT,1,0,4,Accessible,confirmed_by_partner_report,FACT,Partner,N/A - fully accessible,NA,2026-04-09 00:00:00,2026-04-09,
Kebbi,Ngaski,Chulu Gumbi,,Yes,Yauri,FACT,1,0,1,Accessible,confirmed_by_partner_report,FACT,Partner,N/A - fully accessible,NA,2026-04-09 00:00:00,2026-04-09,
Kebbi,Sakaba,Janbirni,,No,,FACT,4,0,22,Inaccessible,confirmed_by_partner_report,FACT,Partner,Insecurity / conflict,Banditry activities,24/08/2026,2026-08-24,
Kebbi,Sakaba,Doka Bere,,No,,FACT,4,0,15,Inaccessible,confirmed_by_partner_report,FACT,Partner,Insecurity / conflict,Banditry activities,24/08/2026,2026-08-24,
Kebbi,Sakaba,Sakaba,,No,,FACT,2,0,12,Inaccessible,confirmed_by_partner_report,FACT,Partner,Insecurity / conflict,Banditry activities,24/08/2026,2026-08-24,
Kebbi,Sakaba,Makuku,,No,,FACT,4,0,11,Inaccessible,confirmed_by_partner_report,FACT,Partner,Insecurity / conflict,Banditry activities,24/08/2026,2026-08-24,
Kebbi,Sakaba,Fada,,No,,FACT,3,0,10,Inaccessible,confirmed_by_partner_report,FACT,Partner,Insecurity / conflict,Banditry activities,24/08/2026,2026-08-24,
Kebbi,Sakaba,Maburya,,No,,FACT,2,0,7,Inaccessible,confirmed_by_partner_report,FACT,Partner,Insecurity / conflict,Banditry activities,24/08/2026,2026-08-24,
Kebbi,Sakaba,Dankolo,,Yes,Wasagu/Danko,FACT,1,0,6,Inaccessible,confirmed_by_partner_report,FACT,Partner,Insecurity / conflict,Banditry activities,24/08/2026,2026-08-24,
Kebbi,Sakaba,Gelwasa,,No,,FACT,2,0,6,Inaccessible,confirmed_by_partner_report,FACT,Partner,Insecurity / conflict,Banditry activities,24/08/2026,2026-08-24,
Kebbi,Sakaba,Adai,,No,,FACT,2,0,4,Inaccessible,confirmed_by_partner_report,FACT,Partner,Insecurity / conflict,Banditry activities,24/08/2026,2026-08-24,
Kebbi,Sakaba,Maza Maza,,Yes,Wasagu/Danko,FACT,2,0,4,Inaccessible,confirmed_by_partner_report,FACT,Partner,Insecurity / conflict,Banditary activities ,2026-04-09 00:00:00,2026-04-09,
Kebbi,Sakaba,Tudun Kuka,,No,,FACT,1,0,3,Inaccessible,confirmed_by_partner_report,FACT,Partner,Insecurity / conflict,Banditary activities ,2026-04-09 00:00:00,2026-04-09,
Kebbi,Sakaba,Kanya,,Yes,Wasagu/Danko,FACT,1,0,1,Inaccessible,confirmed_by_partner_report,FACT,Partner,Insecurity / conflict,Banditry activities,24/08/2026,2026-08-24,
Kebbi,Sakaba,Ribah Machika,,Yes,Wasagu/Danko,FACT,1,0,1,Inaccessible,confirmed_by_partner_report,FACT,Partner,Insecurity / conflict,Banditary activities ,2026-04-09 00:00:00,2026-04-09,
Kebbi,Shanga,Shanga,,No,,FACT,10,0,50,Inaccessible,confirmed_by_partner_report,FACT,Partner,flooding,Flooding has disrupted access to the community,2026-04-09 00:00:00,2026-04-09,
Kebbi,Shanga,Atuwo,,Yes,Fakai,FACT,3,0,18,Inaccessible,confirmed_by_partner_report,FACT,Partner,Insecurity / conflict,Banditary activities ,2026-04-09 00:00:00,2026-04-09,
Kebbi,Shanga,Kawara,,Yes,Maiyama,FACT,3,0,17,Inaccessible,confirmed_by_partner_report,FACT,Partner,flooding,Flooding has disrupted access to the community,2026-04-09 00:00:00,2026-04-09,
Kebbi,Shanga,Dugu Tsoho,,No,,FACT,2,0,12,Inaccessible,confirmed_by_partner_report,FACT,Partner,flooding,Flooding has disrupted access to the community,2026-04-09 00:00:00,2026-04-09,
Kebbi,Shanga,Gebbe,,No,,FACT,2,0,12,Inaccessible,confirmed_by_partner_report,FACT,Partner,flooding,Flooding has disrupted access to the community,2026-04-09 00:00:00,2026-04-09,
Kebbi,Shanga,Sakace,,Yes,Ngaski,FACT,2,0,12,Inaccessible,confirmed_by_partner_report,FACT,Partner,flooding,Flooding has disrupted access to the community,2026-04-09 00:00:00,2026-04-09,
Kebbi,Shanga,Takware,,Yes,Koko/Besse,FACT,3,0,12,Inaccessible,confirmed_by_partner_report,FACT,Partner,flooding,Flooding has disrupted access to the community,2026-04-09 00:00:00,2026-04-09,
Kebbi,Shanga,Rafin Kirya,,No,,FACT,2,0,11,Inaccessible,confirmed_by_partner_report,FACT,Partner,flooding,Flooding has disrupted access to the community,2026-04-09 00:00:00,2026-04-09,
Kebbi,Shanga,Sawashi,,No,,FACT,3,0,10,Inaccessible,confirmed_by_partner_report,FACT,Partner,flooding,Flooding has disrupted access to the community,2026-04-09 00:00:00,2026-04-09,
Kebbi,Shanga,Yar Besse,,No,,FACT,3,0,9,Inaccessible,confirmed_by_partner_report,FACT,Partner,flooding,Flooding has disrupted access to the community,2026-04-09 00:00:00,2026-04-09,
Kebbi,Shanga,Dukku,,No,,FACT,1,0,3,Inaccessible,confirmed_by_partner_report,FACT,Partner,flooding,Flooding has disrupted access to the community,2026-04-09 00:00:00,2026-04-09,
Kebbi,Shanga,Dutsin Mari Dul Meru,,Yes,Koko/Besse,FACT,1,0,1,Inaccessible,confirmed_by_partner_report,FACT,Partner,flooding,Flooding has disrupted access to the community,2026-04-09 00:00:00,2026-04-09,
Kebbi,Shanga,Ilela Sabon Gari,,Yes,Koko/Besse,FACT,1,0,1,Inaccessible,confirmed_by_partner_report,FACT,Partner,flooding,Flooding has disrupted access to the community,2026-04-09 00:00:00,2026-04-09,
Kebbi,Shanga,Lafagu Gante,,Yes,Bagudo,FACT,1,0,0,Inaccessible,confirmed_by_partner_report,FACT,Partner,flooding,Flooding has disrupted access to the community,2026-04-09 00:00:00,2026-04-09,
Kebbi,Suru,Suru,,No,,CARE,4,0,24,Accessible,default_unreported,,Not yet reported,,,,,
Kebbi,Suru,Dakin Gari,,No,,CARE,2,0,21,Accessible,default_unreported,,Not yet reported,,,,,
Kebbi,Suru,Kwaifa,,No,,CARE,2,0,12,Accessible,default_unreported,,Not yet reported,,,,,
Kebbi,Suru,Bakuwai,,No,,CARE,2,0,9,Accessible,default_unreported,,Not yet reported,,,,,
Kebbi,Suru,Bandan,,No,,CARE,2,0,9,Accessible,default_unreported,,Not yet reported,,,,,
Kebbi,Suru,Aljannare,,Yes,Dandi,CARE,2,0,8,Accessible,default_unreported,,Not yet reported,,,,,
Kebbi,Suru,Barbarejo,,No,,CARE,1,0,6,Accessible,default_unreported,,Not yet reported,,,,,
Kebbi,Suru,Ginga,,No,,CARE,1,0,6,Accessible,default_unreported,,Not yet reported,,,,,
Kebbi,Suru,Illo Sabon Gari,,Yes,Bagudo,CARE,1,0,4,Accessible,default_unreported,,Not yet reported,,,,,
Kebbi,Suru,Dandiya Shema,,No,,CARE,1,0,2,Accessible,default_unreported,,Not yet reported,,,,,
Kebbi,Suru,Bunza Dangaladima,,Yes,Bunza,CARE,1,0,1,Accessible,default_unreported,,Not yet reported,,,,,
Kebbi,Suru,Giro,,No,,CARE,1,0,0,Accessible,default_unreported,,Not yet reported,,,,,
Kebbi,Wasagu/Danko,Wasagu,,No,,FACT,3,0,18,Inaccessible,confirmed_by_partner_report,FACT,Partner,Insecurity / conflict,"Reported 2026-09-03: persistent banditry and Lakurawa activity (FACT subcontracted partner report, Kebbi).",2026-04-09 00:00:00,2026-04-09,
Kebbi,Wasagu/Danko,Gwanfi Kele,,Yes,Fakai,FACT,3,0,17,Accessible,confirmed_by_partner_report,FACT,Partner,N/A - fully accessible,NA,2026-04-09 00:00:00,2026-04-09,
Kebbi,Wasagu/Danko,Waje,,No,,FACT,2,0,12,Accessible,confirmed_by_partner_report,FACT,Partner,N/A - fully accessible,NA,2026-04-09 00:00:00,2026-04-09,
Kebbi,Wasagu/Danko,Ribah Machika,,Yes,Sakaba,FACT,2,0,7,Accessible,confirmed_by_partner_report,FACT,Partner,N/A - fully accessible,NA,2026-04-09 00:00:00,2026-04-09,
Kebbi,Wasagu/Danko,Bena,,No,,FACT,2,0,6,Inaccessible,confirmed_by_partner_report,FACT,Partner,Insecurity / conflict,"Reported 2026-09-03: persistent banditry and Lakurawa activity (FACT subcontracted partner report, Kebbi).",2026-04-09 00:00:00,2026-04-09,
Kebbi,Wasagu/Danko,Dan Umaru Mairairai,,No,,FACT,1,0,6,Inaccessible,confirmed_by_partner_report,FACT,Partner,Insecurity / conflict,"Reported 2026-09-03: persistent banditry and Lakurawa activity (FACT subcontracted partner report, Kebbi).",2026-04-09 00:00:00,2026-04-09,
Kebbi,Wasagu/Danko,Kanya,,Yes,Sakaba,FACT,1,0,6,Inaccessible,confirmed_by_partner_report,FACT,Partner,Insecurity / conflict,"Reported 2026-09-03: persistent banditry and Lakurawa activity (FACT subcontracted partner report, Kebbi).",2026-04-09 00:00:00,2026-04-09,
Kebbi,Wasagu/Danko,Kyabu Kandu,,No,,FACT,1,0,6,Accessible,confirmed_by_partner_report,FACT,Partner,N/A - fully accessible,NA,2026-04-09 00:00:00,2026-04-09,
Kebbi,Wasagu/Danko,Maza Maza,,Yes,Sakaba,FACT,1,0,5,Inaccessible,confirmed_by_partner_report,FACT,Partner,Insecurity / conflict,"Reported 2026-09-03: persistent banditry and Lakurawa activity (FACT subcontracted partner report, Kebbi).",2026-04-09 00:00:00,2026-04-09,
Kebbi,Wasagu/Danko,Tadurga,,Yes,Zuru,FACT,1,0,5,Accessible,confirmed_by_partner_report,FACT,Partner,N/A - fully accessible,NA,2026-04-09 00:00:00,2026-04-09,
Kebbi,Wasagu/Danko,Ayu,,No,,FACT,1,0,4,Inaccessible,confirmed_by_partner_report,FACT,Partner,Insecurity / conflict,"Reported 2026-09-03: persistent banditry and Lakurawa activity (FACT subcontracted partner report, Kebbi).",2026-04-09 00:00:00,2026-04-09,
Kebbi,Wasagu/Danko,Yalmo Shindi Wari,,No,,FACT,2,0,4,Accessible,confirmed_by_partner_report,FACT,Partner,N/A - fully accessible,NA,2026-04-09 00:00:00,2026-04-09,
Kebbi,Wasagu/Danko,Danko Maga,,Yes,Fakai,FACT,2,0,3,Accessible,confirmed_by_partner_report,FACT,Partner,N/A - fully accessible,NA,2026-04-09 00:00:00,2026-04-09,
Kebbi,Wasagu/Danko,Dankolo,,Yes,Sakaba,FACT,1,0,2,Inaccessible,confirmed_by_partner_report,FACT,Partner,Insecurity / conflict,"Reported 2026-09-03: persistent banditry and Lakurawa activity (FACT subcontracted partner report, Kebbi).",2026-04-09 00:00:00,2026-04-09,
Kebbi,Wasagu/Danko,Kyaram,,No,,FACT,1,0,1,Inaccessible,confirmed_by_partner_report,FACT,Partner,Insecurity / conflict,"Reported 2026-09-03: persistent banditry and Lakurawa activity (FACT subcontracted partner report, Kebbi).",2026-04-09 00:00:00,2026-04-09,
Kebbi,Yauri,Yelwa North,,No,,FACT,1,0,23,Accessible,confirmed_by_partner_report,FACT,Partner,N/A - fully accessible,Completed,2026-04-09 00:00:00,2026-04-09,
Kebbi,Yauri,Tondi,,No,,FACT,3,0,17,Inaccessible,confirmed_by_partner_report,FACT,Partner,Insecurity / conflict,To be collected,2026-04-09 00:00:00,2026-04-09,
Kebbi,Yauri,Yelwa Central,,No,,FACT,1,0,12,Accessible,confirmed_by_partner_report,FACT,Partner,N/A - fully accessible,Completed,2026-04-09 00:00:00,2026-04-09,
Kebbi,Yauri,Yelwa South,,No,,FACT,1,0,11,Accessible,confirmed_by_partner_report,FACT,Partner,N/A - fully accessible,To be collected,24/08/2026,2026-08-24,
Kebbi,Yauri,Yelwa West,,No,,FACT,1,0,10,Accessible,confirmed_by_partner_report,FACT,Partner,N/A - fully accessible,Completed,2026-04-09 00:00:00,2026-04-09,
Kebbi,Yauri,Gungun Sarki,,No,,FACT,2,0,9,Accessible,confirmed_by_partner_report,FACT,Partner,N/A - fully accessible,Completed,2026-04-09 00:00:00,2026-04-09,
Kebbi,Yauri,Yelwa East,,No,,FACT,1,0,8,Accessible,confirmed_by_partner_report,FACT,Partner,N/A - fully accessible,Completed,2026-04-09 00:00:00,2026-04-09,
Kebbi,Yauri,Zamare,,No,,FACT,1,0,6,Inaccessible,confirmed_by_partner_report,FACT,Partner,Insecurity / conflict,Banditry activities,24/08/2026,2026-08-24,
Kebbi,Yauri,Chulu Gumbi,,Yes,Ngaski,FACT,1,0,3,Inaccessible,confirmed_by_partner_report,FACT,Partner,Insecurity / conflict,To be collected,2026-04-09 00:00:00,2026-04-09,
Kebbi,Yauri,Jijima,,No,,FACT,1,0,3,Inaccessible,confirmed_by_partner_report,FACT,Partner,Insecurity / conflict,Banditry activities,24/08/2026,2026-08-24,
Kebbi,Zuru,Bedi,,No,,IRC; LHI,4,0,23,Accessible,confirmed_by_partner_report (blank row - not flagged),,Partner,,,,,
Kebbi,Zuru,Dabai,,No,,IRC; LHI,5,0,19,Accessible,confirmed_by_partner_report (blank row - not flagged),,Partner,,,,,
Kebbi,Zuru,Rikoto,,No,,IRC; LHI,3,0,15,Accessible,confirmed_by_partner_report (blank row - not flagged),,Partner,,,,,
Kebbi,Zuru,Rafin Zuru,,No,,IRC; LHI,4,0,9,Accessible,confirmed_by_partner_report (blank row - not flagged),,Partner,,,,,
Kebbi,Zuru,Tadurga,,Yes,Wasagu/Danko,IRC; LHI,2,0,8,Accessible,confirmed_by_partner_report (blank row - not flagged),,Partner,,,,,
Kebbi,Zuru,Zodi,,No,,IRC; LHI,3,0,7,Accessible,confirmed_by_partner_report (blank row - not flagged),,Partner,,,,,
Kebbi,Zuru,Sabon Gari Wuse,,No,,IRC; LHI,1,0,6,Accessible,confirmed_by_partner_report (blank row - not flagged),,Partner,,,,,
Kebbi,Zuru,Senchi,,Yes,Fakai,IRC; LHI,1,0,6,Accessible,confirmed_by_partner_report (blank row - not flagged),,Partner,,,,,
Kebbi,Zuru,Manga Ushe,,No,,IRC; LHI,1,0,5,Accessible,confirmed_by_partner_report (blank row - not flagged),,Partner,,,,,
Kebbi,Zuru,Dabai Seme,,Yes,Fakai,IRC; LHI,2,0,4,Accessible,confirmed_by_partner_report (blank row - not flagged),,Partner,,,,,
Kebbi,Zuru,Isgogo Dago,,Yes,Fakai,IRC; LHI,2,0,0,Accessible,confirmed_by_partner_report (blank row - not flagged),,Partner,,,,,
Nasarawa,Akwanga,Akwanga East,,Yes,Nasarawa-Eggon,CARE,2,1,29,Accessible,default_unreported,,Not yet reported,,,,,
Nasarawa,Akwanga,Moroa,,No,,CARE,3,1,29,Accessible,default_unreported,,Not yet reported,,,,,
Nasarawa,Akwanga,Ningha An,,No,,CARE,3,2,28,Accessible,default_unreported,,Not yet reported,,,,,
Nasarawa,Akwanga,Akwanga West,,Yes,Nasarawa-Eggon,CARE,1,0,19,Accessible,default_unreported,,Not yet reported,,,,,
Nasarawa,Akwanga,Ningo / Boher,,No,,CARE,4,1,19,Accessible,default_unreported,,Not yet reported,,,,,
Nasarawa,Akwanga,Gudi,,Yes,Kokona,CARE,0,2,18,Accessible,default_unreported,,Not yet reported,,,,,
Nasarawa,Akwanga,Agyaga,,No,,CARE,2,0,12,Accessible,default_unreported,,Not yet reported,,,,,
Nasarawa,Akwanga,Andaha,,No,,CARE,1,0,6,Accessible,default_unreported,,Not yet reported,,,,,
Nasarawa,Akwanga,Gwanje,,Yes,Nasarawa-Eggon,CARE,1,0,2,Accessible,default_unreported,,Not yet reported,,,,,
Nasarawa,Akwanga,Ninzo West,,No,,CARE,1,0,0,Accessible,default_unreported,,Not yet reported,,,,,
Nasarawa,Awe,Tunga,,No,,CARE,3,2,38,Accessible,default_unreported,,Not yet reported,,,,,
Nasarawa,Awe,Jangaru,,Yes,Lafia,CARE,1,2,36,Accessible,default_unreported,,Not yet reported,,,,,
Nasarawa,Awe,Makwangiji,,No,,CARE,4,1,32,Accessible,default_unreported,,Not yet reported,,,,,
Nasarawa,Awe,Kanje-Abuni,,Yes,Obi,CARE,2,1,22,Accessible,default_unreported,,Not yet reported,,,,,
Nasarawa,Awe,Wuse,,No,,CARE,3,1,20,Accessible,default_unreported,,Not yet reported,,,,,
Nasarawa,Awe,Madaki,,Yes,Keana; Obi,CARE,4,0,17,Accessible,default_unreported,,Not yet reported,,,,,
Nasarawa,Awe,Azara,,No,,CARE,2,0,11,Accessible,default_unreported,,Not yet reported,,,,,
Nasarawa,Awe,Ribi,,No,,CARE,4,0,11,Accessible,default_unreported,,Not yet reported,,,,,
Nasarawa,Awe,Akiri,,No,,CARE,1,0,5,Accessible,default_unreported,,Not yet reported,,,,,
Nasarawa,Keana,Madaki,,Yes,Awe; Obi,CARE,5,2,102,Accessible,default_unreported,,Not yet reported,,,,,
Nasarawa,Keana,Kadarko,,No,,CARE,4,1,22,Accessible,default_unreported,,Not yet reported,,,,,
Nasarawa,Keana,Galadima,,No,,CARE,5,0,17,Accessible,default_unreported,,Not yet reported,,,,,
Nasarawa,Keana,Iwagu,,No,,CARE,3,0,16,Accessible,default_unreported,,Not yet reported,,,,,
Nasarawa,Keana,Aloshi,,No,,CARE,3,0,13,Accessible,default_unreported,,Not yet reported,,,,,
Nasarawa,Keana,Agaza,,No,,CARE,2,0,6,Accessible,default_unreported,,Not yet reported,,,,,
Nasarawa,Keana,Amiri,,No,,CARE,2,0,6,Accessible,default_unreported,,Not yet reported,,,,,
Nasarawa,Keana,Oki,,No,,CARE,3,0,6,Accessible,default_unreported,,Not yet reported,,,,,
Nasarawa,Keana,Agwatashi,,Yes,Obi,CARE,1,0,2,Accessible,default_unreported,,Not yet reported,,,,,
Nasarawa,Keana,Gidan-Ausa 2,,Yes,Obi,CARE,1,0,1,Accessible,default_unreported,,Not yet reported,,,,,
Nasarawa,Keana,Obene,,No,,CARE,1,0,1,Accessible,default_unreported,,Not yet reported,,,,,
Nasarawa,Keana,Kyakale,,Yes,Obi,CARE,1,0,0,Accessible,default_unreported,,Not yet reported,,,,,
Nasarawa,Kokona,Garaku,,No,,CARE,2,1,44,Accessible,default_unreported,,Not yet reported,,,,,
Nasarawa,Kokona,Hadari,,No,,CARE,4,2,33,Accessible,default_unreported,,Not yet reported,,,,,
Nasarawa,Kokona,Nasarawa North,,No,,CARE,3,0,18,Accessible,default_unreported,,Not yet reported,,,,,
Nasarawa,Kokona,Ninkoro,,No,,CARE,3,0,18,Accessible,default_unreported,,Not yet reported,,,,,
Nasarawa,Kokona,Dari,,No,,CARE,3,0,13,Accessible,default_unreported,,Not yet reported,,,,,
Nasarawa,Kokona,Kofar Gwari,,No,,CARE,1,1,12,Accessible,default_unreported,,Not yet reported,,,,,
Nasarawa,Kokona,Uke,,No,,CARE,2,0,8,Accessible,default_unreported,,Not yet reported,,,,,
Nasarawa,Kokona,Koya,,No,,CARE,1,0,6,Accessible,default_unreported,,Not yet reported,,,,,
Nasarawa,Kokona,Iya 1,,No,,CARE,2,0,4,Accessible,default_unreported,,Not yet reported,,,,,
Nasarawa,Kokona,Jigwada,,No,,CARE,1,0,3,Accessible,default_unreported,,Not yet reported,,,,,
Nasarawa,Kokona,Gudi,,Yes,Akwanga,CARE,1,0,2,Accessible,default_unreported,,Not yet reported,,,,,
Nasarawa,Kokona,Alushi-Ginda / Aloce,,Yes,Nasarawa-Eggon,CARE,1,0,1,Accessible,default_unreported,,Not yet reported,,,,,
Nasarawa,Lafia,Akurba,,No,,CARE,6,5,47,Accessible,default_unreported,,Not yet reported,,,,,
Nasarawa,Lafia,Ciroma,,No,,CARE,3,1,29,Accessible,default_unreported,,Not yet reported,,,,,
Nasarawa,Lafia,Wakwa,,No,,CARE,4,2,27,Accessible,default_unreported,,Not yet reported,,,,,
Nasarawa,Lafia,Ashige / Ogah,,No,,CARE,1,1,24,Accessible,default_unreported,,Not yet reported,,,,,
Nasarawa,Lafia,Shabu Kwandare,,No,,CARE,3,2,24,Accessible,default_unreported,,Not yet reported,,,,,
Nasarawa,Lafia,Assakio,,No,,CARE,1,1,12,Accessible,default_unreported,,Not yet reported,,,,,
Nasarawa,Lafia,Gayam,,No,,CARE,3,0,7,Accessible,default_unreported,,Not yet reported,,,,,
Nasarawa,Lafia,Keffin Wambai,,No,,CARE,1,1,7,Accessible,default_unreported,,Not yet reported,,,,,
Nasarawa,Lafia,Jangaru,,Yes,Awe,CARE,1,0,6,Accessible,default_unreported,,Not yet reported,,,,,
Nasarawa,Lafia,Zanwa,,No,,CARE,4,0,6,Accessible,default_unreported,,Not yet reported,,,,,
Nasarawa,Lafia,Adogi,,No,,CARE,1,0,5,Accessible,default_unreported,,Not yet reported,,,,,
Nasarawa,Lafia,Makama,,No,,CARE,2,0,4,Accessible,default_unreported,,Not yet reported,,,,,
Nasarawa,Lafia,Agyaragu Tofa,,Yes,Obi,CARE,1,0,0,Accessible,default_unreported,,Not yet reported,,,,,
Nasarawa,Nasarawa-Eggon,Kagbu,,No,,CARE,1,1,52,Accessible,default_unreported,,Not yet reported,,,,,
Nasarawa,Nasarawa-Eggon,Nassarawa-Eggon,,No,,CARE,2,1,33,Accessible,default_unreported,,Not yet reported,,,,,
Nasarawa,Nasarawa-Eggon,Ikka-Wangibi,,No,,CARE,1,1,21,Accessible,default_unreported,,Not yet reported,,,,,
Nasarawa,Nasarawa-Eggon,Akwanga West,,Yes,Akwanga,CARE,4,0,11,Accessible,default_unreported,,Not yet reported,,,,,
Nasarawa,Nasarawa-Eggon,Igga-Burum Burum,,No,,CARE,1,1,11,Accessible,default_unreported,,Not yet reported,,,,,
Nasarawa,Nasarawa-Eggon,Ende,,No,,CARE,3,0,10,Accessible,default_unreported,,Not yet reported,,,,,
Nasarawa,Nasarawa-Eggon,Alogani,,No,,CARE,2,0,6,Accessible,default_unreported,,Not yet reported,,,,,
Nasarawa,Nasarawa-Eggon,Arikya,,No,,CARE,1,0,6,Accessible,default_unreported,,Not yet reported,,,,,
Nasarawa,Nasarawa-Eggon,Umme,,No,,CARE,1,0,6,Accessible,default_unreported,,Not yet reported,,,,,
Nasarawa,Nasarawa-Eggon,Wakama,,No,,CARE,2,0,6,Accessible,default_unreported,,Not yet reported,,,,,
Nasarawa,Nasarawa-Eggon,Alushi-Ginda / Aloce,,Yes,Kokona,CARE,1,0,5,Accessible,default_unreported,,Not yet reported,,,,,
Nasarawa,Nasarawa-Eggon,Gwanje,,Yes,Akwanga,CARE,2,0,3,Accessible,default_unreported,,Not yet reported,,,,,
Nasarawa,Nasarawa-Eggon,Lizzin Keffi-Ezzein,,No,,CARE,1,0,3,Accessible,default_unreported,,Not yet reported,,,,,
Nasarawa,Nasarawa-Eggon,Akwanga East,,Yes,Akwanga,CARE,2,0,2,Accessible,default_unreported,,Not yet reported,,,,,
Nasarawa,Nasarawa-Eggon,Lambaga-Arikpa,,No,,CARE,1,0,2,Accessible,default_unreported,,Not yet reported,,,,,
Nasarawa,Nasarawa-Eggon,Ubbe-Ogba,,No,,CARE,2,0,2,Accessible,default_unreported,,Not yet reported,,,,,
Nasarawa,Nasarawa-Eggon,Mada-Station,,No,,CARE,1,0,1,Accessible,default_unreported,,Not yet reported,,,,,
Nasarawa,Obi,Daddare,,No,,CARE,1,1,36,Accessible,default_unreported,,Not yet reported,,,,,
Nasarawa,Obi,Obi,,No,,CARE,1,2,34,Accessible,default_unreported,,Not yet reported,,,,,
Nasarawa,Obi,Gwadenye,,No,,CARE,1,1,22,Accessible,default_unreported,,Not yet reported,,,,,
Nasarawa,Obi,Agwatashi,,Yes,Keana,CARE,3,0,20,Accessible,default_unreported,,Not yet reported,,,,,
Nasarawa,Obi,Gidan-Ausa 2,,Yes,Keana,CARE,4,0,20,Accessible,default_unreported,,Not yet reported,,,,,
Nasarawa,Obi,Agyaragu Tofa,,Yes,Lafia,CARE,2,0,16,Accessible,default_unreported,,Not yet reported,,,,,
Nasarawa,Obi,Adudu,,No,,CARE,2,0,10,Accessible,default_unreported,,Not yet reported,,,,,
Nasarawa,Obi,Duduguru,,No,,CARE,2,0,8,Accessible,default_unreported,,Not yet reported,,,,,
Nasarawa,Obi,Kanje-Abuni,,Yes,Awe,CARE,1,0,6,Accessible,default_unreported,,Not yet reported,,,,,
Nasarawa,Obi,Gidan-Ausa 1,,No,,CARE,2,0,5,Accessible,default_unreported,,Not yet reported,,,,,
Nasarawa,Obi,Madaki,,Yes,Awe; Keana,CARE,2,0,2,Accessible,default_unreported,,Not yet reported,,,,,
Nasarawa,Obi,Tudun-Adabu,,No,,CARE,1,0,2,Accessible,default_unreported,,Not yet reported,,,,,
Nasarawa,Obi,Kyakale,,Yes,Keana,CARE,1,0,1,Accessible,default_unreported,,Not yet reported,,,,,
Plateau,Barikin Ladi,Heipang,,No,,CRS,2,1,33,Accessible,default_unreported,,Not yet reported,,,,,
Plateau,Barikin Ladi,Zabot,,No,,CRS,3,1,29,Accessible,default_unreported,,Not yet reported,,,,,
Plateau,Barikin Ladi,Gassa,,No,,CRS,2,1,24,Accessible,default_unreported,,Not yet reported,,,,,
Plateau,Barikin Ladi,Gindin Akwati,,Yes,Bokkos,CRS,2,0,11,Accessible,default_unreported,,Not yet reported,,,,,
Plateau,Barikin Ladi,Tafan A,,No,,CRS,3,0,10,Accessible,default_unreported,,Not yet reported,,,,,
Plateau,Barikin Ladi,Kapwis,,No,,CRS,3,0,9,Accessible,default_unreported,,Not yet reported,,,,,
Plateau,Barikin Ladi,Takwok,,No,,CRS,3,0,8,Accessible,default_unreported,,Not yet reported,,,,,
Plateau,Barikin Ladi,Kakuruk,,Yes,Riyom,CRS,2,0,7,Accessible,default_unreported,,Not yet reported,,,,,
Plateau,Barikin Ladi,Kamang / Nafok,,No,,CRS,2,0,7,Accessible,default_unreported,,Not yet reported,,,,,
Plateau,Barikin Ladi,Kapwen,,No,,CRS,2,0,6,Accessible,default_unreported,,Not yet reported,,,,,
Plateau,Barikin Ladi,Lobring,,No,,CRS,0,1,6,Accessible,default_unreported,,Not yet reported,,,,,
Plateau,Barikin Ladi,Mazat,,No,,CRS,1,0,6,Accessible,default_unreported,,Not yet reported,,,,,
Plateau,Barikin Ladi,Rakwok,,No,,CRS,2,0,6,Accessible,default_unreported,,Not yet reported,,,,,
Plateau,Barikin Ladi,Gafat,,No,,CRS,1,0,4,Accessible,default_unreported,,Not yet reported,,,,,
Plateau,Barikin Ladi,Tafan B,,No,,CRS,1,0,2,Accessible,default_unreported,,Not yet reported,,,,,
Plateau,Barikin Ladi,Sho,,No,,CRS,1,0,0,Accessible,default_unreported,,Not yet reported,,,,,
Plateau,Bassa,Tahu,,No,,CRS,2,1,65,Accessible,default_unreported,,Not yet reported,,,,,
Plateau,Bassa,Buhit,,No,,CRS,2,1,23,Accessible,default_unreported,,Not yet reported,,,,,
Plateau,Bassa,Gurum B,,No,,CRS,4,0,19,Accessible,default_unreported,,Not yet reported,,,,,
Plateau,Bassa,Assak,,No,,CRS,3,1,18,Accessible,default_unreported,,Not yet reported,,,,,
Plateau,Bassa,Jengere,,No,,CRS,3,0,16,Accessible,default_unreported,,Not yet reported,,,,,
Plateau,Bassa,Kasuru,,No,,CRS,2,0,7,Accessible,default_unreported,,Not yet reported,,,,,
Plateau,Bassa,Gurum A,,No,,CRS,1,0,6,Accessible,default_unreported,,Not yet reported,,,,,
Plateau,Bassa,Kishika,,No,,CRS,1,0,6,Accessible,default_unreported,,Not yet reported,,,,,
Plateau,Bassa,Zabolo,,No,,CRS,0,1,6,Accessible,default_unreported,,Not yet reported,,,,,
Plateau,Bassa,Buji,,No,,CRS,1,0,5,Accessible,default_unreported,,Not yet reported,,,,,
Plateau,Bassa,Garu Mariri,,No,,CRS,2,0,5,Accessible,default_unreported,,Not yet reported,,,,,
Plateau,Bassa,Mafara,,No,,CRS,3,0,4,Accessible,default_unreported,,Not yet reported,,,,,
Plateau,Bassa,Ahwol,,No,,CRS,1,0,1,Accessible,default_unreported,,Not yet reported,,,,,
Plateau,Bassa,Kadamo,,No,,CRS,1,0,1,Accessible,default_unreported,,Not yet reported,,,,,
Plateau,Bassa,Kakkek,,No,,CRS,1,0,1,Accessible,default_unreported,,Not yet reported,,,,,
Plateau,Bassa,Lazuru Tuddai,,No,,CRS,1,0,1,Accessible,default_unreported,,Not yet reported,,,,,
Plateau,Bassa,Tilde,,No,,CRS,1,0,1,Accessible,default_unreported,,Not yet reported,,,,,
Plateau,Bassa,Zobwo,,No,,CRS,1,0,1,Accessible,default_unreported,,Not yet reported,,,,,
Plateau,Bokkos,Bokkos West,,No,,CRS,3,1,80,Accessible,default_unreported,,Not yet reported,,,,,
Plateau,Bokkos,Daffo,,No,,CRS,1,1,18,Accessible,default_unreported,,Not yet reported,,,,,
Plateau,Bokkos,Tangur,,No,,CRS,2,0,11,Accessible,default_unreported,,Not yet reported,,,,,
Plateau,Bokkos,Mbar / Margar,,No,,CRS,2,0,10,Accessible,default_unreported,,Not yet reported,,,,,
Plateau,Bokkos,Butura,,No,,CRS,4,0,9,Accessible,default_unreported,,Not yet reported,,,,,
Plateau,Bokkos,Mushere North,,No,,CRS,2,0,9,Accessible,default_unreported,,Not yet reported,,,,,
Plateau,Bokkos,Mushere West,,No,,CRS,1,1,9,Accessible,default_unreported,,Not yet reported,,,,,
Plateau,Bokkos,Kurra Falls,,Yes,Riyom,CRS,3,0,7,Accessible,default_unreported,,Not yet reported,,,,,
Plateau,Bokkos,Manguna,,No,,CRS,2,0,7,Accessible,default_unreported,,Not yet reported,,,,,
Plateau,Bokkos,Mangor,,No,,CRS,2,0,6,Accessible,default_unreported,,Not yet reported,,,,,
Plateau,Bokkos,Margif / Kopmur,,No,,CRS,2,0,6,Accessible,default_unreported,,Not yet reported,,,,,
Plateau,Bokkos,Richa,,No,,CRS,1,0,6,Accessible,default_unreported,,Not yet reported,,,,,
Plateau,Bokkos,Bokkos Central,,No,,CRS,2,0,5,Accessible,default_unreported,,Not yet reported,,,,,
Plateau,Bokkos,Sha,,No,,CRS,2,0,4,Accessible,default_unreported,,Not yet reported,,,,,
Plateau,Bokkos,Kwatas,,No,,CRS,2,0,3,Accessible,default_unreported,,Not yet reported,,,,,
Plateau,Bokkos,Mandar,,No,,CRS,2,0,2,Accessible,default_unreported,,Not yet reported,,,,,
Plateau,Bokkos,Gindin Akwati,,Yes,Barikin Ladi,CRS,1,0,0,Accessible,default_unreported,,Not yet reported,,,,,
Plateau,Bokkos,Mushere Central,,No,,CRS,1,0,0,Accessible,default_unreported,,Not yet reported,,,,,
Plateau,Mangu,Mangu 1,,No,,COOPI,3,1,55,Accessible,confirmed_by_partner_report (blank row - not flagged),,Partner,,,,,
Plateau,Mangu,Panyam North,,No,,COOPI,4,1,33,Accessible,confirmed_by_partner_report (blank row - not flagged),,Partner,,,,,
Plateau,Mangu,Pushit,,No,,COOPI,3,1,29,Accessible,confirmed_by_partner_report (blank row - not flagged),,Partner,,,,,
Plateau,Mangu,Mangu 11,,No,,COOPI,4,2,22,Accessible,confirmed_by_partner_report (blank row - not flagged),,Partner,,,,,
Plateau,Mangu,Mangun,,No,,COOPI,1,1,18,Accessible,confirmed_by_partner_report (blank row - not flagged),,Partner,,,,,
Plateau,Mangu,Kerang,,No,,COOPI,2,0,12,Accessible,confirmed_by_partner_report (blank row - not flagged),,Partner,,,,,
Plateau,Mangu,Halle,,No,,COOPI,2,0,11,Accessible,confirmed_by_partner_report (blank row - not flagged),,Partner,,,,,
Plateau,Mangu,Ampang,,No,,COOPI,2,0,6,Accessible,confirmed_by_partner_report (blank row - not flagged),,Partner,,,,,
Plateau,Mangu,Bwonpe,,No,,COOPI,1,0,6,Accessible,confirmed_by_partner_report (blank row - not flagged),,Partner,,,,,
Plateau,Mangu,Jannaret,,No,,COOPI,1,0,6,Accessible,confirmed_by_partner_report (blank row - not flagged),,Partner,,,,,
Plateau,Mangu,Langai,,No,,COOPI,1,0,6,Accessible,confirmed_by_partner_report (blank row - not flagged),,Partner,,,,,
Plateau,Mangu,Gindiri 2,,No,,COOPI,1,0,0,Accessible,confirmed_by_partner_report (blank row - not flagged),,Partner,,,,,
Plateau,Riyom,Sopp,,No,,COOPI,1,1,59,Accessible,confirmed_by_partner_report (blank row - not flagged),,Partner,,,,,
Plateau,Riyom,Kwi,,No,,COOPI,1,1,13,Accessible,confirmed_by_partner_report (blank row - not flagged),,Partner,,,,,
Plateau,Riyom,Jol,,No,,COOPI,0,1,12,Accessible,confirmed_by_partner_report (blank row - not flagged),,Partner,,,,,
Plateau,Riyom,Ta Hoss,,No,,COOPI,3,0,12,Accessible,confirmed_by_partner_report (blank row - not flagged),,Partner,,,,,
Plateau,Riyom,Gura,,No,,COOPI,5,0,10,Accessible,confirmed_by_partner_report (blank row - not flagged),,Partner,,,,,
Plateau,Riyom,Sharubutu,,No,,COOPI,2,1,10,Accessible,confirmed_by_partner_report (blank row - not flagged),,Partner,,,,,
Plateau,Riyom,Wereng,,No,,COOPI,2,0,10,Accessible,confirmed_by_partner_report (blank row - not flagged),,Partner,,,,,
Plateau,Riyom,Danto,,No,,COOPI,3,0,9,Accessible,confirmed_by_partner_report (blank row - not flagged),,Partner,,,,,
Plateau,Riyom,Attakar,,No,,COOPI,3,0,7,Accessible,confirmed_by_partner_report (blank row - not flagged),,Partner,,,,,
Plateau,Riyom,Shonong,,No,,COOPI,2,0,7,Accessible,confirmed_by_partner_report (blank row - not flagged),,Partner,,,,,
Plateau,Riyom,Turu B,,No,,COOPI,1,1,7,Accessible,confirmed_by_partner_report (blank row - not flagged),,Partner,,,,,
Plateau,Riyom,Kakuruk,,Yes,Barikin Ladi,COOPI,2,0,6,Accessible,confirmed_by_partner_report (blank row - not flagged),,Partner,,,,,
Plateau,Riyom,Kwogo,,No,,COOPI,1,0,6,Accessible,confirmed_by_partner_report (blank row - not flagged),,Partner,,,,,
Plateau,Riyom,Rim,,No,,COOPI,0,1,6,Accessible,confirmed_by_partner_report (blank row - not flagged),,Partner,,,,,
Plateau,Riyom,Tse,,No,,COOPI,2,0,6,Accessible,confirmed_by_partner_report (blank row - not flagged),,Partner,,,,,
Plateau,Riyom,Bum,,No,,COOPI,1,0,5,Accessible,confirmed_by_partner_report (blank row - not flagged),,Partner,,,,,
Plateau,Riyom,Fangroi,,No,,COOPI,3,0,5,Accessible,confirmed_by_partner_report (blank row - not flagged),,Partner,,,,,
Plateau,Riyom,Bondong,,No,,COOPI,1,0,4,Accessible,confirmed_by_partner_report (blank row - not flagged),,Partner,,,,,
Plateau,Riyom,Ra Hoss,,No,,COOPI,2,0,3,Accessible,confirmed_by_partner_report (blank row - not flagged),,Partner,,,,,
Plateau,Riyom,Kurra Falls,,Yes,Bokkos,COOPI,1,0,1,Accessible,confirmed_by_partner_report (blank row - not flagged),,Partner,,,,,
Sokoto,Binji,Maikulki,,No,,FACT,4,1,74,Accessible,confirmed_by_partner_report,FACT,Partner,N/A - fully accessible,NA,2026-05-09 00:00:00,2026-05-09,
Sokoto,Binji,Binji,,No,,FACT,2,0,18,Inaccessible,confirmed_by_partner_report,FACT,Partner,N/A - fully accessible,NA,2026-05-09 00:00:00,2026-05-09,
Sokoto,Binji,Jamali,,No,,FACT,4,1,17,Inaccessible,confirmed_by_partner_report,FACT,Partner,Insecurity / conflict,Banditry and kidnapping,2026-05-09 00:00:00,2026-05-09,
Sokoto,Binji,Tudun Kose,,No,,FACT,3,0,15,Inaccessible,confirmed_by_partner_report,FACT,Partner,Insecurity / conflict,Previously accessed but currently inaccessible due to active presence of AOGs,2026-05-09 00:00:00,2026-05-09,
Sokoto,Binji,Bunkari,,Yes,Silame,FACT,4,0,13,Inaccessible,confirmed_by_partner_report,FACT,Partner,N/A - fully accessible,NA,2026-05-09 00:00:00,2026-05-09,
Sokoto,Binji,Gawazai,,No,,FACT,3,0,9,Inaccessible,confirmed_by_partner_report,FACT,Partner,Insecurity / conflict,Bandit activities ,2026-05-09 00:00:00,2026-05-09,
Sokoto,Binji,Soron Gabas,,No,,FACT,2,0,9,Inaccessible,confirmed_by_partner_report,FACT,Partner,Insecurity / conflict,Previously accessed but currently inaccessible due to active presence of AOGs,2026-05-09 00:00:00,2026-05-09,
Sokoto,Binji,Inname,,No,,FACT,1,0,6,Inaccessible,confirmed_by_partner_report,FACT,Partner,Insecurity / conflict,Banditry and kidnapping,2026-05-09 00:00:00,2026-05-09,
Sokoto,Binji,Samama,,Yes,Wamako,FACT,1,0,6,Inaccessible,confirmed_by_partner_report,FACT,Partner,Insecurity / conflict,Previously accessed but currently inaccessible due to active presence of AOGs,2026-05-09 00:00:00,2026-05-09,
Sokoto,Binji,Soron Yamma,,No,,FACT,1,0,6,Inaccessible,confirmed_by_partner_report,FACT,Partner,Insecurity / conflict,Previously accessed but currently inaccessible due to active presence of AOGs,2026-05-09 00:00:00,2026-05-09,
Sokoto,Binji,Gande,,Yes,Silame,FACT,1,0,1,Inaccessible,confirmed_by_partner_report,FACT,Partner,N/A - fully accessible,NA,2026-05-09 00:00:00,2026-05-09,
Sokoto,Bodinga,Bodinga Tauma,,No,,ACF,2,2,67,Accessible,default_unreported,,Not yet reported,,,,,
Sokoto,Bodinga,Sifawa Lukuyawa,,No,,ACF,3,1,26,Accessible,default_unreported,,Not yet reported,,,,,
Sokoto,Bodinga,Kaura Miyo,,No,,ACF,6,0,23,Accessible,default_unreported,,Not yet reported,,,,,
Sokoto,Bodinga,Dingyadi,,Yes,Wamako,ACF,4,0,18,Accessible,default_unreported,,Not yet reported,,,,,
Sokoto,Bodinga,Danchadi,,No,,ACF,1,1,11,Accessible,default_unreported,,Not yet reported,,,,,
Sokoto,Bodinga,Bagarawa,,No,,ACF,4,0,9,Accessible,default_unreported,,Not yet reported,,,,,
Sokoto,Bodinga,Kwacciyar Lalle,,No,,ACF,2,0,8,Accessible,default_unreported,,Not yet reported,,,,,
Sokoto,Bodinga,Takatuku Madorawa,,No,,ACF,4,0,8,Accessible,default_unreported,,Not yet reported,,,,,
Sokoto,Bodinga,Bangi Dabaga,,Yes,Tureta,ACF,2,0,7,Accessible,default_unreported,,Not yet reported,,,,,
Sokoto,Bodinga,Tulluwa,,No,,ACF,5,0,7,Accessible,default_unreported,,Not yet reported,,,,,
Sokoto,Bodinga,Darhela Badau,,No,,ACF,1,0,1,Accessible,default_unreported,,Not yet reported,,,,,
Sokoto,Bodinga,Kammata,,No,,ACF,1,0,1,Accessible,default_unreported,,Not yet reported,,,,,
Sokoto,Dange-Shuni,Dange,,No,,FACT,2,2,104,Accessible,confirmed_by_partner_report,FACT,Partner,N/A - fully accessible,NA,2026-05-09 00:00:00,2026-05-09,
Sokoto,Dange-Shuni,Tuntube-Tsefe,,No,,FACT,3,0,25,Accessible,confirmed_by_partner_report,FACT,Partner,N/A - fully accessible,NA,2026-05-09 00:00:00,2026-05-09,
Sokoto,Dange-Shuni,Ge Ere Gajara,,Yes,Kware,FACT,3,0,11,Inaccessible,confirmed_by_partner_report,FACT,Partner,Insecurity / conflict,Previously accessed but currently inaccessible due to active presence of AOGs,2026-05-09 00:00:00,2026-05-09,
Sokoto,Dange-Shuni,Wababe-Salau,,No,,FACT,2,0,10,Inaccessible,confirmed_by_partner_report,FACT,Partner,Insecurity / conflict,Previously accessed but currently inaccessible due to active presence of AOGs,2026-05-09 00:00:00,2026-05-09,
Sokoto,Dange-Shuni,Rikina,,Yes,Kware,FACT,2,0,9,Accessible,confirmed_by_partner_report,FACT,Partner,N/A - fully accessible,NA,2026-05-09 00:00:00,2026-05-09,
Sokoto,Dange-Shuni,Shuni,,No,,FACT,3,0,9,Accessible,confirmed_by_partner_report,FACT,Partner,N/A - fully accessible,NA,2026-05-09 00:00:00,2026-05-09,
Sokoto,Dange-Shuni,Rugar Gidado,,No,,FACT,3,0,8,Accessible,confirmed_by_partner_report,FACT,Partner,N/A - fully accessible,NA,2026-05-09 00:00:00,2026-05-09,
Sokoto,Dange-Shuni,Tsafanade,,No,,FACT,2,0,7,Inaccessible,confirmed_by_partner_report,FACT,Partner,Insecurity / conflict,Banditry and kidnapping,2026-05-09 00:00:00,2026-05-09,
Sokoto,Dange-Shuni,Bodai,,No,,FACT,1,0,6,Inaccessible,confirmed_by_partner_report,FACT,Partner,Insecurity / conflict,Banditry and kidnapping,2026-05-09 00:00:00,2026-05-09,
Sokoto,Dange-Shuni,Rudu Amanawa,,No,,FACT,2,0,6,Inaccessible,confirmed_by_partner_report,FACT,Partner,Insecurity / conflict,Banditry and kidnapping,2026-05-09 00:00:00,2026-05-09,
Sokoto,Dange-Shuni,Gagi A,,Yes,Kware; Sokoto South,FACT,1,0,2,Inaccessible,confirmed_by_partner_report,FACT,Partner,Other,this ward fall under Sokoto south,2026-05-09 00:00:00,2026-05-09,
Sokoto,Dange-Shuni,Fajaldu,,Yes,Tureta,FACT,1,0,1,Inaccessible,confirmed_by_partner_report,FACT,Partner,Insecurity / conflict,Banditry and kidnapping,2026-05-09 00:00:00,2026-05-09,
Sokoto,Gada,Tsitse,,No,,FACT,2,2,66,Accessible,confirmed_by_partner_report,FACT,Partner,N/A - fully accessible,NA,2026-05-09 00:00:00,2026-05-09,
Sokoto,Gada,Gada,,No,,FACT,4,0,19,Accessible,confirmed_by_partner_report,FACT,Partner,N/A - fully accessible,NA,2026-05-09 00:00:00,2026-05-09,
Sokoto,Gada,Kiri,,No,,FACT,3,0,18,Inaccessible,confirmed_by_partner_report,FACT,Partner,Insecurity / conflict,Banditry and kidnapping,2026-05-09 00:00:00,2026-05-09,
Sokoto,Gada,Kaffe,,No,,FACT,3,0,13,Accessible,confirmed_by_partner_report,FACT,Partner,N/A - fully accessible,NA,2026-05-09 00:00:00,2026-05-09,
Sokoto,Gada,Gilbadi,,No,,FACT,2,0,12,Inaccessible,confirmed_by_partner_report,FACT,Partner,Insecurity / conflict,Banditry and kidnapping,2026-05-09 00:00:00,2026-05-09,
Sokoto,Gada,Kaddi,,No,,FACT,2,1,12,Accessible,confirmed_by_partner_report,FACT,Partner,N/A - fully accessible,NA,2026-05-09 00:00:00,2026-05-09,
Sokoto,Gada,Kyadawa Holai,,No,,FACT,2,0,11,Inaccessible,confirmed_by_partner_report,FACT,Partner,Insecurity / conflict,Previously accessed but currently inaccessible due to active presence of AOGs,2026-05-09 00:00:00,2026-05-09,
Sokoto,Gada,Kadassaka,,No,,FACT,1,0,6,Inaccessible,confirmed_by_partner_report,FACT,Partner,Insecurity / conflict,Previously accessed but currently inaccessible due to active presence of AOGs,2026-05-09 00:00:00,2026-05-09,
Sokoto,Gada,Tsamaye,,Yes,Sabon Birni,FACT,1,0,6,Inaccessible,confirmed_by_partner_report,FACT,Partner,Insecurity / conflict,Banditry and kidnapping,2026-05-09 00:00:00,2026-05-09,
Sokoto,Gada,Kwarma,,No,,FACT,2,0,3,Inaccessible,confirmed_by_partner_report,FACT,Partner,Insecurity / conflict,Banditry and kidnapping,2026-05-09 00:00:00,2026-05-09,
Sokoto,Gada,Dukamaje,,No,,FACT,1,0,2,Inaccessible,confirmed_by_partner_report,FACT,Partner,Insecurity / conflict,Banditry and kidnapping,2026-05-09 00:00:00,2026-05-09,
Sokoto,Goronyo,Kagara,,No,,ACF,1,1,62,Accessible,default_unreported,,Not yet reported,,,,,
Sokoto,Goronyo,Goronyo,,No,,ACF,3,1,36,Accessible,default_unreported,,Not yet reported,,,,,
Sokoto,Goronyo,Rimawa,,No,,ACF,4,1,30,Accessible,default_unreported,,Not yet reported,,,,,
Sokoto,Goronyo,Shinaka,,No,,ACF,0,1,18,Accessible,default_unreported,,Not yet reported,,,,,
Sokoto,Goronyo,Takakume,,No,,ACF,2,0,11,Accessible,default_unreported,,Not yet reported,,,,,
Sokoto,Goronyo,Sabon Gari Dole,,No,,ACF,3,0,9,Accessible,default_unreported,,Not yet reported,,,,,
Sokoto,Goronyo,Giyawa,,No,,ACF,2,0,8,Accessible,default_unreported,,Not yet reported,,,,,
Sokoto,Goronyo,Birjingo,,No,,ACF,2,0,7,Accessible,default_unreported,,Not yet reported,,,,,
Sokoto,Goronyo,Kojiyo,,No,,ACF,1,0,6,Accessible,default_unreported,,Not yet reported,,,,,
Sokoto,Goronyo,Kwakwazo,,No,,ACF,1,0,6,Accessible,default_unreported,,Not yet reported,,,,,
Sokoto,Goronyo,Tidibale,,Yes,Isa,ACF,1,0,4,Accessible,default_unreported,,Not yet reported,,,,,
Sokoto,Goronyo,Boyekai,,No,,ACF,1,0,1,Accessible,default_unreported,,Not yet reported,,,,,
Sokoto,Gudu,Balle,,No,,FACT,7,1,129,Accessible,confirmed_by_partner_report,FACT,Partner,N/A - fully accessible,NA,2026-05-09 00:00:00,2026-05-09,
Sokoto,Gudu,Karfe Sarki,,No,,FACT,4,0,20,Inaccessible,confirmed_by_partner_report,FACT,Partner,Insecurity / conflict,Banditry and kidnapping,2026-05-09 00:00:00,2026-05-09,
Sokoto,Gudu,Chilas,,No,,FACT,2,0,12,Inaccessible,confirmed_by_partner_report,FACT,Partner,Insecurity / conflict,Banditry and kidnapping,2026-05-09 00:00:00,2026-05-09,
Sokoto,Gudu,Gwazange,,No,,FACT,2,0,12,Inaccessible,confirmed_by_partner_report,FACT,Partner,Insecurity / conflict,Banditry and kidnapping,2026-05-09 00:00:00,2026-05-09,
Sokoto,Gudu,Karfe Chana,,No,,FACT,3,0,11,Inaccessible,confirmed_by_partner_report,FACT,Partner,Insecurity / conflict,Banditry and kidnapping,2026-05-09 00:00:00,2026-05-09,
Sokoto,Gudu,Bachaka,,No,,FACT,2,0,8,Inaccessible,confirmed_by_partner_report,FACT,Partner,Insecurity / conflict,Banditry and kidnapping,2026-05-09 00:00:00,2026-05-09,
Sokoto,Gudu,Awilkiti,,No,,FACT,1,0,6,Inaccessible,confirmed_by_partner_report,FACT,Partner,Insecurity / conflict,Banditry and kidnapping,2026-05-09 00:00:00,2026-05-09,
Sokoto,Gudu,Marake,,No,,FACT,1,0,6,Inaccessible,confirmed_by_partner_report,FACT,Partner,Insecurity / conflict,Banditry and kidnapping,2026-05-09 00:00:00,2026-05-09,
Sokoto,Gudu,Tullun Doya,,No,,FACT,1,0,6,Inaccessible,confirmed_by_partner_report,FACT,Partner,Insecurity / conflict,Banditry and kidnapping,2026-05-09 00:00:00,2026-05-09,
Sokoto,Gwadabawa,Gwadabawa,,No,,ACF,3,1,43,Accessible,default_unreported,,Not yet reported,,,,,
Sokoto,Gwadabawa,Salame,,Yes,Illela,ACF,3,1,39,Accessible,default_unreported,,Not yet reported,,,,,
Sokoto,Gwadabawa,Darna Sabon Gari,,Yes,Illela,ACF,0,1,18,Accessible,default_unreported,,Not yet reported,,,,,
Sokoto,Gwadabawa,Asara,,Yes,Illela,ACF,1,1,17,Accessible,default_unreported,,Not yet reported,,,,,
Sokoto,Gwadabawa,Tambagarka,,No,,ACF,3,0,16,Accessible,default_unreported,,Not yet reported,,,,,
Sokoto,Gwadabawa,Atakwanyo,,Yes,Tangaza,ACF,3,0,14,Accessible,default_unreported,,Not yet reported,,,,,
Sokoto,Gwadabawa,Gigane,,No,,ACF,2,0,12,Accessible,default_unreported,,Not yet reported,,,,,
Sokoto,Gwadabawa,Chimola,,No,,ACF,3,0,11,Accessible,default_unreported,,Not yet reported,,,,,
Sokoto,Gwadabawa,Huchi,,No,,ACF,2,0,11,Accessible,default_unreported,,Not yet reported,,,,,
Sokoto,Gwadabawa,Mammande,,No,,ACF,1,0,6,Accessible,default_unreported,,Not yet reported,,,,,
Sokoto,Gwadabawa,Sabon Birni,,Yes,Kware; Sabon Birni; Tambuwal,ACF,1,0,4,Accessible,default_unreported,,Not yet reported,,,,,
Sokoto,Gwadabawa,Mamman Suka,,Yes,Illela,ACF,1,0,1,Accessible,default_unreported,,Not yet reported,,,,,
Sokoto,Illela,Illela,,No,,DRC,2,1,96,Accessible,default_unreported,,Not yet reported,,,,,
Sokoto,Illela,Rungumawa Gatti,,No,,DRC,3,0,16,Accessible,default_unreported,,Not yet reported,,,,,
Sokoto,Illela,Darna Sabon Gari,,Yes,Gwadabawa,DRC,3,0,14,Accessible,default_unreported,,Not yet reported,,,,,
Sokoto,Illela,Tozai,,No,,DRC,3,0,13,Accessible,default_unreported,,Not yet reported,,,,,
Sokoto,Illela,Gidan Hamma,,No,,DRC,4,0,12,Accessible,default_unreported,,Not yet reported,,,,,
Sokoto,Illela,Kalmalo,,No,,DRC,2,0,11,Accessible,default_unreported,,Not yet reported,,,,,
Sokoto,Illela,Gidan Katta,,No,,DRC,2,0,7,Accessible,default_unreported,,Not yet reported,,,,,
Sokoto,Illela,Kadadi,,No,,DRC,1,0,5,Accessible,default_unreported,,Not yet reported,,,,,
Sokoto,Illela,Garu,,No,,DRC,1,0,4,Accessible,default_unreported,,Not yet reported,,,,,
Sokoto,Illela,Asara,,Yes,Gwadabawa,DRC,1,0,3,Accessible,default_unreported,,Not yet reported,,,,,
Sokoto,Illela,Araba,,No,,DRC,2,0,2,Accessible,default_unreported,,Not yet reported,,,,,
Sokoto,Illela,Mamman Suka,,Yes,Gwadabawa,DRC,1,0,2,Accessible,default_unreported,,Not yet reported,,,,,
Sokoto,Illela,Salame,,Yes,Gwadabawa,DRC,1,0,1,Accessible,default_unreported,,Not yet reported,,,,,
Sokoto,Illela,Darna Tsolawo,,No,,DRC,1,0,0,Accessible,default_unreported,,Not yet reported,,,,,
Sokoto,Isa,Isa North,,No,,DRC; IRC; LHI,1,1,110,Accessible,confirmed_by_partner_report (blank row - not flagged),,Partner,,,,,
Sokoto,Isa,Isa South,,No,,DRC; IRC; LHI,2,0,24,Accessible,confirmed_by_partner_report (blank row - not flagged),,Partner,,,,,
Sokoto,Isa,Bargaja,,No,,DRC; IRC; LHI,4,0,19,Accessible,confirmed_by_partner_report (blank row - not flagged),,Partner,,,,,
Sokoto,Isa,Gebe A,,No,,DRC; IRC; LHI,2,0,12,Accessible,confirmed_by_partner_report (blank row - not flagged),,Partner,,,,,
Sokoto,Isa,Tidibale,,Yes,Goronyo,DRC; IRC; LHI,2,0,12,Accessible,confirmed_by_partner_report (blank row - not flagged),,Partner,,,,,
Sokoto,Isa,Gebe B,,No,,DRC; IRC; LHI,2,0,7,Accessible,confirmed_by_partner_report (blank row - not flagged),,Partner,,,,,
Sokoto,Isa,Turba,,No,,DRC; IRC; LHI,2,0,7,Accessible,confirmed_by_partner_report (blank row - not flagged),,Partner,,,,,
Sokoto,Isa,Tsabre,,No,,DRC; IRC; LHI,1,0,5,Accessible,confirmed_by_partner_report (blank row - not flagged),,Partner,,,,,
Sokoto,Isa,Yanfako,,No,,DRC; IRC; LHI,1,0,5,Accessible,confirmed_by_partner_report (blank row - not flagged),,Partner,,,,,
Sokoto,Isa,Katuru,,No,,DRC; IRC; LHI,1,0,3,Accessible,confirmed_by_partner_report (blank row - not flagged),,Partner,,,,,
Sokoto,Kebbe,Margai West,,No,,FACT,2,1,46,Inaccessible,confirmed_by_partner_report,FACT,Partner,Insecurity / conflict,The complete LGA is currently inaccessible due to active presence of AOGs,2026-05-09 00:00:00,2026-05-09,
Sokoto,Kebbe,Kebbe East,,No,,FACT,2,1,36,Inaccessible,confirmed_by_partner_report,FACT,Partner,Insecurity / conflict,The complete LGA is currently inaccessible due to active presence of AOGs,2026-05-09 00:00:00,2026-05-09,
Sokoto,Kebbe,Fakku,,No,,FACT,4,0,22,Inaccessible,confirmed_by_partner_report,FACT,Partner,Insecurity / conflict,The complete LGA is currently inaccessible due to active presence of AOGs,2026-05-09 00:00:00,2026-05-09,
Sokoto,Kebbe,Girkau,,No,,FACT,3,0,15,Inaccessible,confirmed_by_partner_report,FACT,Partner,Insecurity / conflict,The complete LGA is currently inaccessible due to active presence of AOGs,2026-05-09 00:00:00,2026-05-09,
Sokoto,Kebbe,Gayari,,No,,FACT,4,0,14,Inaccessible,confirmed_by_partner_report,FACT,Partner,Insecurity / conflict,The complete LGA is currently inaccessible due to active presence of AOGs,2026-05-09 00:00:00,2026-05-09,
Sokoto,Kebbe,Margai East,,No,,FACT,4,0,12,Inaccessible,confirmed_by_partner_report,FACT,Partner,Insecurity / conflict,The complete LGA is currently inaccessible due to active presence of AOGs,2026-05-09 00:00:00,2026-05-09,
Sokoto,Kebbe,Ungushi,,No,,FACT,2,0,12,Inaccessible,confirmed_by_partner_report,FACT,Partner,Insecurity / conflict,Banditry and kidnapping,2026-05-09 00:00:00,2026-05-09,
Sokoto,Kebbe,Bardoki,,No,,FACT,2,0,6,Inaccessible,confirmed_by_partner_report,FACT,Partner,Insecurity / conflict,The complete LGA is currently inaccessible due to active presence of AOGs,2026-05-09 00:00:00,2026-05-09,
Sokoto,Kebbe,Kuchi,,No,,FACT,1,0,6,Inaccessible,confirmed_by_partner_report,FACT,Partner,Insecurity / conflict,The complete LGA is currently inaccessible due to active presence of AOGs,2026-05-09 00:00:00,2026-05-09,
Sokoto,Kebbe,Kurfa,,No,,FACT,1,0,6,Inaccessible,confirmed_by_partner_report,FACT,Partner,Insecurity / conflict,The complete LGA is currently inaccessible due to active presence of AOGs,2026-05-09 00:00:00,2026-05-09,
Sokoto,Kebbe,Sangi,,No,,FACT,4,0,6,Inaccessible,confirmed_by_partner_report,FACT,Partner,Insecurity / conflict,The complete LGA is currently inaccessible due to active presence of AOGs,2026-05-09 00:00:00,2026-05-09,
Sokoto,Kebbe,Maikende,,No,,FACT,1,0,5,Inaccessible,confirmed_by_partner_report,FACT,Partner,Insecurity / conflict,The complete LGA is currently inaccessible due to active presence of AOGs,2026-05-09 00:00:00,2026-05-09,
Sokoto,Kebbe,Bangu,,No,,FACT,1,0,4,Inaccessible,confirmed_by_partner_report,FACT,Partner,Insecurity / conflict,The complete LGA is currently inaccessible due to active presence of AOGs,2026-05-09 00:00:00,2026-05-09,
Sokoto,Kebbe,Kebbe West,,No,,FACT,1,0,2,Inaccessible,confirmed_by_partner_report,FACT,Partner,Insecurity / conflict,The complete LGA is currently inaccessible due to active presence of AOGs,2026-05-09 00:00:00,2026-05-09,
Sokoto,Kware,Gidan Rugga More,,No,,FACT,2,2,48,Accessible,confirmed_by_partner_report,FACT,Partner,N/A - fully accessible,NA,2026-05-09 00:00:00,2026-05-09,
Sokoto,Kware,Tsaki Walakae,,No,,FACT,5,1,46,Accessible,confirmed_by_partner_report,FACT,Partner,N/A - fully accessible,NA,2026-05-09 00:00:00,2026-05-09,
Sokoto,Kware,Kware,,No,,FACT,1,1,24,Accessible,confirmed_by_partner_report,FACT,Partner,N/A - fully accessible,NA,2026-05-09 00:00:00,2026-05-09,
Sokoto,Kware,Sabon Birni,,Yes,Gwadabawa; Sabon Birni; Tambuwal,FACT,5,1,22,Accessible,confirmed_by_partner_report,FACT,Partner,N/A - fully accessible,NA,2026-05-09 00:00:00,2026-05-09,
Sokoto,Kware,Bankanu,,No,,FACT,4,0,20,Accessible,confirmed_by_partner_report,FACT,Partner,N/A - fully accessible,NA,2026-05-09 00:00:00,2026-05-09,
Sokoto,Kware,Gandu,,Yes,Wurno,FACT,3,0,12,Inaccessible,confirmed_by_partner_report,FACT,Partner,Other,this ward fall under wurno LGA,2026-05-09 00:00:00,2026-05-09,
Sokoto,Kware,Tunga Mallamawa,,No,,FACT,1,0,6,Inaccessible,confirmed_by_partner_report,FACT,Partner,Insecurity / conflict,"Banditry, kidnapping and cattle rustling",2026-05-09 00:00:00,2026-05-09,
Sokoto,Kware,Hamma Ali Marabawa,,Yes,Wurno,FACT,1,0,5,Accessible,confirmed_by_partner_report,FACT,Partner,N/A - fully accessible,NA,2026-05-09 00:00:00,2026-05-09,
Sokoto,Kware,Kabanga,,No,,FACT,1,0,5,Inaccessible,confirmed_by_partner_report,FACT,Partner,Insecurity / conflict,Banditry and kidnapping,2026-05-09 00:00:00,2026-05-09,
Sokoto,Kware,Durbawa,,No,,FACT,2,0,4,Accessible,confirmed_by_partner_report,FACT,Partner,N/A - fully accessible,NA,2026-05-09 00:00:00,2026-05-09,
Sokoto,Kware,Gagi A,,Yes,Dange-Shuni; Sokoto South,FACT,1,0,4,Inaccessible,confirmed_by_partner_report,FACT,Partner,Other,this ward fall under Sokoto south,2026-05-09 00:00:00,2026-05-09,
Sokoto,Kware,Basansan,,No,,FACT,1,0,1,Accessible,confirmed_by_partner_report,FACT,Partner,N/A - fully accessible,NA,2026-05-09 00:00:00,2026-05-09,
Sokoto,Kware,Ge Ere Gajara,,Yes,Dange-Shuni,FACT,1,0,1,Inaccessible,confirmed_by_partner_report,FACT,Partner,Other,Ward is located in Dange shuni LGA,2026-05-09 00:00:00,2026-05-09,
Sokoto,Kware,Alkanmu,,Yes,Wurno,FACT,1,0,0,Inaccessible,confirmed_by_partner_report,FACT,Partner,Insecurity / conflict,Banditry and kidnapping,2026-05-09 00:00:00,2026-05-09,
Sokoto,Kware,Rikina,,Yes,Dange-Shuni,FACT,1,0,0,Inaccessible,confirmed_by_partner_report,FACT,Partner,Other,This ward fall under Dange Shuni LGA,2026-05-09 00:00:00,2026-05-09,
Sokoto,Rabah,Gandi 1,,No,,ACF,4,1,42,Accessible,default_unreported,,Not yet reported,,,,,
Sokoto,Rabah,Kurya,,No,,ACF,1,1,42,Accessible,default_unreported,,Not yet reported,,,,,
Sokoto,Rabah,Goddodi,,No,,ACF,3,1,30,Accessible,default_unreported,,Not yet reported,,,,,
Sokoto,Rabah,Rabah,,Yes,Wurno,ACF,2,1,30,Accessible,default_unreported,,Not yet reported,,,,,
Sokoto,Rabah,Maikujera,,No,,ACF,2,0,12,Accessible,default_unreported,,Not yet reported,,,,,
Sokoto,Rabah,Yarstakuwa,,No,,ACF,2,0,12,Accessible,default_unreported,,Not yet reported,,,,,
Sokoto,Rabah,Rarah,,No,,ACF,2,0,10,Accessible,default_unreported,,Not yet reported,,,,,
Sokoto,Rabah,Tsamiya,,Yes,Tureta,ACF,2,0,8,Accessible,default_unreported,,Not yet reported,,,,,
Sokoto,Rabah,Nasarawa,,No,,ACF,1,0,6,Accessible,default_unreported,,Not yet reported,,,,,
Sokoto,Rabah,Tofa,,No,,ACF,1,0,6,Accessible,default_unreported,,Not yet reported,,,,,
Sokoto,Rabah,Gandi 2,,No,,ACF,1,0,0,Accessible,default_unreported,,Not yet reported,,,,,
Sokoto,Sabon Birni,Sabon Birni,,Yes,Gwadabawa; Kware; Tambuwal,IRC; LHI,1,1,72,Accessible,confirmed_by_partner_report (blank row - not flagged),,Partner,,,,,
Sokoto,Sabon Birni,Lajinge,,No,,IRC; LHI,1,1,32,Accessible,confirmed_by_partner_report (blank row - not flagged),,Partner,,,,,
Sokoto,Sabon Birni,Unguwar Lalle,,No,,IRC; LHI,3,1,24,Accessible,confirmed_by_partner_report (blank row - not flagged),,Partner,,,,,
Sokoto,Sabon Birni,Tsamaye,,Yes,Gada,IRC; LHI,2,1,18,Accessible,confirmed_by_partner_report (blank row - not flagged),,Partner,,,,,
Sokoto,Sabon Birni,Tarah,,No,,IRC; LHI,3,0,14,Accessible,confirmed_by_partner_report (blank row - not flagged),,Partner,,,,,
Sokoto,Sabon Birni,Kurawa,,No,,IRC; LHI,3,0,13,Accessible,confirmed_by_partner_report (blank row - not flagged),,Partner,,,,,
Sokoto,Sabon Birni,Kalgo,,No,,IRC; LHI,2,0,12,Accessible,confirmed_by_partner_report (blank row - not flagged),,Partner,,,,,
Sokoto,Sabon Birni,Makuwana,,No,,IRC; LHI,3,0,11,Accessible,confirmed_by_partner_report (blank row - not flagged),,Partner,,,,,
Sokoto,Sabon Birni,Gatawa,,No,,IRC; LHI,1,0,6,Accessible,confirmed_by_partner_report (blank row - not flagged),,Partner,,,,,
Sokoto,Sabon Birni,Takatsaba,,No,,IRC; LHI,1,0,2,Accessible,confirmed_by_partner_report (blank row - not flagged),,Partner,,,,,
Sokoto,Shagari,Shagari,,No,,CRS,2,1,92,Accessible,default_unreported,,Not yet reported,,,,,
Sokoto,Shagari,Dandin Mahe,,Yes,Yabo,CRS,5,1,30,Accessible,default_unreported,,Not yet reported,,,,,
Sokoto,Shagari,Kajiji,,No,,CRS,3,1,18,Accessible,default_unreported,,Not yet reported,,,,,
Sokoto,Shagari,Lambara,,No,,CRS,3,0,12,Accessible,default_unreported,,Not yet reported,,,,,
Sokoto,Shagari,Gangan,,Yes,Yabo,CRS,2,0,10,Accessible,default_unreported,,Not yet reported,,,,,
Sokoto,Shagari,Horo,,No,,CRS,2,0,8,Accessible,default_unreported,,Not yet reported,,,,,
Sokoto,Shagari,Gamo,,No,,CRS,1,0,6,Accessible,default_unreported,,Not yet reported,,,,,
Sokoto,Shagari,Kambama,,No,,CRS,1,0,6,Accessible,default_unreported,,Not yet reported,,,,,
Sokoto,Shagari,Sanyinnawal,,No,,CRS,1,0,6,Accessible,default_unreported,,Not yet reported,,,,,
Sokoto,Shagari,Dangulbi,,Yes,Tureta,CRS,1,0,5,Accessible,default_unreported,,Not yet reported,,,,,
Sokoto,Shagari,Mandera,,No,,CRS,2,0,5,Accessible,default_unreported,,Not yet reported,,,,,
Sokoto,Shagari,Jaredi,,No,,CRS,1,0,4,Accessible,default_unreported,,Not yet reported,,,,,
Sokoto,Shagari,Dagawa,,Yes,Yabo,CRS,1,0,1,Accessible,default_unreported,,Not yet reported,,,,,
Sokoto,Shagari,Jabo-Kagara,,Yes,Tambuwal,CRS,1,0,1,Accessible,default_unreported,,Not yet reported,,,,,
Sokoto,Silame,Maje,,No,,FACT,3,1,63,Inaccessible,confirmed_by_partner_report,FACT,Partner,Insecurity / conflict,Previously accessed but currently inaccessible due to active presence of AOGs,2026-05-09 00:00:00,2026-05-09,
Sokoto,Silame,Gande,,Yes,Binji,FACT,5,1,36,Accessible,confirmed_by_partner_report,FACT,Partner,N/A - fully accessible,NA,2026-05-09 00:00:00,2026-05-09,
Sokoto,Silame,Katami North,,No,,FACT,3,1,29,Inaccessible,confirmed_by_partner_report,FACT,Partner,Insecurity / conflict,Previously accessed but currently inaccessible due to active presence of AOGs,2026-05-09 00:00:00,2026-05-09,
Sokoto,Silame,Labani,,No,,FACT,3,0,24,Accessible,confirmed_by_partner_report,FACT,Partner,N/A - fully accessible,NA,2026-05-09 00:00:00,2026-05-09,
Sokoto,Silame,Marafa,,Yes,Wurno,FACT,3,1,17,Inaccessible,confirmed_by_partner_report,FACT,Partner,Insecurity / conflict,Banditry and kidnapping,2026-05-09 00:00:00,2026-05-09,
Sokoto,Silame,Bakale,,Yes,Yabo,FACT,1,0,6,Inaccessible,confirmed_by_partner_report,FACT,Partner,Population absent / relocated,Bakale is located in Yabo LGA,2026-05-09 00:00:00,2026-05-09,
Sokoto,Silame,Kwaido,,No,,FACT,1,0,6,Inaccessible,confirmed_by_partner_report,FACT,Partner,Insecurity / conflict,Banditry and kidnapping,2026-05-09 00:00:00,2026-05-09,
Sokoto,Silame,Silame,,No,,FACT,1,0,6,Accessible,confirmed_by_partner_report,FACT,Partner,N/A - fully accessible,NA,2026-05-09 00:00:00,2026-05-09,
Sokoto,Silame,Katami South,,No,,FACT,1,0,3,Inaccessible,confirmed_by_partner_report,FACT,Partner,Insecurity / conflict,Previously accessed but currently inaccessible due to active presence of AOGs,2026-05-09 00:00:00,2026-05-09,
Sokoto,Silame,Kubodu,,No,,FACT,1,0,3,Inaccessible,confirmed_by_partner_report,FACT,Partner,Insecurity / conflict,Banditry and kidnapping,2026-05-09 00:00:00,2026-05-09,
Sokoto,Silame,Gaukai,,No,,FACT,1,0,2,Inaccessible,confirmed_by_partner_report,FACT,Partner,Insecurity / conflict,Banditry and kidnapping,2026-05-09 00:00:00,2026-05-09,
Sokoto,Silame,Jekanadu,,No,,FACT,1,0,2,Inaccessible,confirmed_by_partner_report,FACT,Partner,Insecurity / conflict,Banditry and kidnapping,2026-05-09 00:00:00,2026-05-09,
Sokoto,Silame,Bunkari,,Yes,Binji,FACT,1,0,1,Accessible,confirmed_by_partner_report,FACT,Partner,N/A - fully accessible,NA,2026-05-09 00:00:00,2026-05-09,
Sokoto,Sokoto North,Magajin Gari B,,No,,DRC,3,1,61,Accessible,default_unreported,,Not yet reported,,,,,
Sokoto,Sokoto North,Sarkin Adar Gandu,,No,,DRC,2,1,46,Accessible,default_unreported,,Not yet reported,,,,,
Sokoto,Sokoto North,Waziri A,,No,,DRC,1,1,30,Accessible,default_unreported,,Not yet reported,,,,,
Sokoto,Sokoto North,Sarkin Adar Gidan Igwai,,No,,DRC,1,0,20,Accessible,default_unreported,,Not yet reported,,,,,
Sokoto,Sokoto North,Kalambaina,,Yes,Wamako,DRC,3,0,10,Accessible,default_unreported,,Not yet reported,,,,,
Sokoto,Sokoto North,Magajin Rafi A,,No,,DRC,1,0,8,Accessible,default_unreported,,Not yet reported,,,,,
Sokoto,Sokoto North,Magajin Gari A,,No,,DRC,1,0,7,Accessible,default_unreported,,Not yet reported,,,,,
Sokoto,Sokoto North,Magajin Rafi B,,Yes,Sokoto South,DRC,2,0,6,Accessible,default_unreported,,Not yet reported,,,,,
Sokoto,Sokoto North,Waziri B,,No,,DRC,1,0,4,Accessible,default_unreported,,Not yet reported,,,,,
Sokoto,Sokoto North,Waziri C,,No,,DRC,1,0,4,Accessible,default_unreported,,Not yet reported,,,,,
Sokoto,Sokoto North,Sarkin Musulmi B,,No,,DRC,1,0,2,Accessible,default_unreported,,Not yet reported,,,,,
Sokoto,Sokoto North,Sarkin Addar A,,Yes,Sokoto South,DRC,2,0,0,Accessible,default_unreported,,Not yet reported,,,,,
Sokoto,Sokoto North,Sarkin Addar B,,Yes,Sokoto South,DRC,1,0,0,Accessible,default_unreported,,Not yet reported,,,,,
Sokoto,Sokoto North,Sarkin Musulmi A,,No,,DRC,1,0,0,Accessible,default_unreported,,Not yet reported,,,,,
Sokoto,Sokoto South,Gagi A,,Yes,Dange-Shuni; Kware,DRC,3,1,68,Accessible,default_unreported,,Not yet reported,,,,,
Sokoto,Sokoto South,Tudun Wada A,,No,,DRC,1,1,55,Accessible,default_unreported,,Not yet reported,,,,,
Sokoto,Sokoto South,Gagi C,,No,,DRC,2,1,28,Accessible,default_unreported,,Not yet reported,,,,,
Sokoto,Sokoto South,Gagi B,,No,,DRC,1,0,8,Accessible,default_unreported,,Not yet reported,,,,,
Sokoto,Sokoto South,Sarkin Addar A,,Yes,Sokoto North,DRC,2,0,8,Accessible,default_unreported,,Not yet reported,,,,,
Sokoto,Sokoto South,Rijia B,,No,,DRC,1,0,5,Accessible,default_unreported,,Not yet reported,,,,,
Sokoto,Sokoto South,Tudun Wada B,,Yes,Wamako,DRC,1,0,5,Accessible,default_unreported,,Not yet reported,,,,,
Sokoto,Sokoto South,Sarkin Zamfara B,,No,,DRC,1,0,4,Accessible,default_unreported,,Not yet reported,,,,,
Sokoto,Sokoto South,Arkilla,,Yes,Wamako,DRC,1,0,3,Accessible,default_unreported,,Not yet reported,,,,,
Sokoto,Sokoto South,Rijia A,,No,,DRC,1,0,3,Accessible,default_unreported,,Not yet reported,,,,,
Sokoto,Sokoto South,Sarkin Addar B,,Yes,Sokoto North,DRC,1,0,3,Accessible,default_unreported,,Not yet reported,,,,,
Sokoto,Sokoto South,Magajin Rafi B,,Yes,Sokoto North,DRC,1,0,1,Accessible,default_unreported,,Not yet reported,,,,,
Sokoto,Sokoto South,Sarkin Zamfara A,,No,,DRC,1,0,1,Accessible,default_unreported,,Not yet reported,,,,,
Sokoto,Tambuwal,Romo Sarki,,No,,ACF,2,1,42,Accessible,default_unreported,,Not yet reported,,,,,
Sokoto,Tambuwal,Tambuwal,,No,,ACF,2,1,36,Accessible,default_unreported,,Not yet reported,,,,,
Sokoto,Tambuwal,Jabo-Kagara,,Yes,Shagari,ACF,3,1,30,Accessible,default_unreported,,Not yet reported,,,,,
Sokoto,Tambuwal,Bagida,,No,,ACF,4,1,21,Accessible,default_unreported,,Not yet reported,,,,,
Sokoto,Tambuwal,Barkeji-Nabaguda,,No,,ACF,2,1,18,Accessible,default_unreported,,Not yet reported,,,,,
Sokoto,Tambuwal,Sanyinna,,No,,ACF,1,1,18,Accessible,default_unreported,,Not yet reported,,,,,
Sokoto,Tambuwal,Saida Goshe,,No,,ACF,1,1,12,Accessible,default_unreported,,Not yet reported,,,,,
Sokoto,Tambuwal,Faga Alasan,,No,,ACF,1,1,10,Accessible,default_unreported,,Not yet reported,,,,,
Sokoto,Tambuwal,Bashire-Maikada,,No,,ACF,2,0,8,Accessible,default_unreported,,Not yet reported,,,,,
Sokoto,Tambuwal,Dogon Daji,,No,,ACF,1,0,6,Accessible,default_unreported,,Not yet reported,,,,,
Sokoto,Tambuwal,Sabon Birni,,Yes,Gwadabawa; Kware; Sabon Birni,ACF,1,0,3,Accessible,default_unreported,,Not yet reported,,,,,
Sokoto,Tangaza,Tangaza,,No,,IRC; LHI,3,2,102,Accessible,confirmed_by_partner_report (blank row - not flagged),,Partner,,,,,
Sokoto,Tangaza,Gidan Madi,,No,,IRC; LHI,3,2,30,Accessible,confirmed_by_partner_report (blank row - not flagged),,Partner,,,,,
Sokoto,Tangaza,Sakkwai,,No,,IRC; LHI,3,0,18,Accessible,confirmed_by_partner_report (blank row - not flagged),,Partner,,,,,
Sokoto,Tangaza,Raka,,No,,IRC; LHI,3,0,15,Accessible,confirmed_by_partner_report (blank row - not flagged),,Partner,,,,,
Sokoto,Tangaza,Kwacce Huru,,No,,IRC; LHI,3,0,13,Accessible,confirmed_by_partner_report (blank row - not flagged),,Partner,,,,,
Sokoto,Tangaza,Kalanjeni,,No,,IRC; LHI,3,0,10,Accessible,confirmed_by_partner_report (blank row - not flagged),,Partner,,,,,
Sokoto,Tangaza,Sutti,,No,,IRC; LHI,3,0,7,Accessible,confirmed_by_partner_report (blank row - not flagged),,Partner,,,,,
Sokoto,Tangaza,Magonho,,No,,IRC; LHI,1,0,6,Accessible,confirmed_by_partner_report (blank row - not flagged),,Partner,,,,,
Sokoto,Tangaza,Atakwanyo,,Yes,Gwadabawa,IRC; LHI,1,0,3,Accessible,confirmed_by_partner_report (blank row - not flagged),,Partner,,,,,
Sokoto,Tangaza,Ruwa Wuri,,No,,IRC; LHI,1,0,0,Accessible,confirmed_by_partner_report (blank row - not flagged),,Partner,,,,,
Sokoto,Tureta,Tureta,,No,,FACT,4,2,77,Accessible,confirmed_by_partner_report,FACT,Partner,N/A - fully accessible,NA,2026-05-09 00:00:00,2026-05-09,
Sokoto,Tureta,Lamba Tureta,,No,,FACT,6,2,61,Accessible,confirmed_by_partner_report,FACT,Partner,N/A - fully accessible,NA,2026-05-09 00:00:00,2026-05-09,
Sokoto,Tureta,Dangulbi,,Yes,Shagari,FACT,4,0,17,Inaccessible,confirmed_by_partner_report,FACT,Partner,Insecurity / conflict,Banditry and kidnapping,2026-05-09 00:00:00,2026-05-09,
Sokoto,Tureta,Kuruwa,,No,,FACT,3,0,17,Inaccessible,confirmed_by_partner_report,FACT,Partner,Insecurity / conflict,Banditry and kidnapping,2026-05-09 00:00:00,2026-05-09,
Sokoto,Tureta,Gidan Kare,,No,,FACT,3,0,13,Inaccessible,confirmed_by_partner_report,FACT,Partner,Insecurity / conflict,Banditry and kidnapping,2026-05-09 00:00:00,2026-05-09,
Sokoto,Tureta,Ruwan Jema,,No,,FACT,2,0,12,Inaccessible,confirmed_by_partner_report,FACT,Partner,Insecurity / conflict,Banditry and kidnapping,2026-05-09 00:00:00,2026-05-09,
Sokoto,Tureta,Lofa,,No,,FACT,3,0,11,Inaccessible,confirmed_by_partner_report,FACT,Partner,Insecurity / conflict,Banditry and kidnapping,2026-05-09 00:00:00,2026-05-09,
Sokoto,Tureta,Tsamiya,,Yes,Rabah,FACT,4,0,11,Inaccessible,confirmed_by_partner_report,FACT,Partner,Insecurity / conflict,Banditry and kidnapping,2026-05-09 00:00:00,2026-05-09,
Sokoto,Tureta,Zauma,,No,,FACT,3,0,9,Inaccessible,confirmed_by_partner_report,FACT,Partner,Insecurity / conflict,Banditry and kidnapping,2026-05-09 00:00:00,2026-05-09,
Sokoto,Tureta,Duma,,No,,FACT,2,0,7,Inaccessible,confirmed_by_partner_report,FACT,Partner,Insecurity / conflict,Banditry and kidnapping,2026-05-09 00:00:00,2026-05-09,
Sokoto,Tureta,Furagirke,,No,,FACT,3,0,7,Inaccessible,confirmed_by_partner_report,FACT,Partner,Insecurity / conflict,Banditry and kidnapping,2026-05-09 00:00:00,2026-05-09,
Sokoto,Tureta,Bangi Dabaga,,Yes,Bodinga,FACT,1,0,6,Inaccessible,confirmed_by_partner_report,FACT,Partner,Insecurity / conflict,Banditry and kidnapping,2026-05-09 00:00:00,2026-05-09,
Sokoto,Tureta,Fajaldu,,Yes,Dange-Shuni,FACT,1,0,6,Inaccessible,confirmed_by_partner_report,FACT,Partner,Insecurity / conflict,Banditry and kidnapping,2026-05-09 00:00:00,2026-05-09,
Sokoto,Tureta,Kwarare,,No,,FACT,1,0,6,Inaccessible,confirmed_by_partner_report,FACT,Partner,Insecurity / conflict,Banditry and kidnapping,2026-05-09 00:00:00,2026-05-09,
Sokoto,Tureta,Danmanau,,No,,FACT,1,0,2,Inaccessible,confirmed_by_partner_report,FACT,Partner,Insecurity / conflict,Banditry and kidnapping,2026-05-09 00:00:00,2026-05-09,
Sokoto,Wamako,Arkilla,,Yes,Sokoto South,CRS,4,1,75,Accessible,default_unreported,,Not yet reported,,,,,
Sokoto,Wamako,Gidan Bubu,,No,,CRS,2,1,22,Accessible,default_unreported,,Not yet reported,,,,,
Sokoto,Wamako,Bado,,No,,CRS,3,1,18,Accessible,default_unreported,,Not yet reported,,,,,
Sokoto,Wamako,Kalambaina,,Yes,Sokoto North,CRS,3,1,18,Accessible,default_unreported,,Not yet reported,,,,,
Sokoto,Wamako,Wamakko,,No,,CRS,0,1,18,Accessible,default_unreported,,Not yet reported,,,,,
Sokoto,Wamako,Dundaye,,No,,CRS,3,0,13,Accessible,default_unreported,,Not yet reported,,,,,
Sokoto,Wamako,Kaura,,No,,CRS,2,0,10,Accessible,default_unreported,,Not yet reported,,,,,
Sokoto,Wamako,Gumbi,,No,,CRS,3,0,8,Accessible,default_unreported,,Not yet reported,,,,,
Sokoto,Wamako,Gwamatse,,No,,CRS,1,0,6,Accessible,default_unreported,,Not yet reported,,,,,
Sokoto,Wamako,Gidan Hamidu,,No,,CRS,1,0,3,Accessible,default_unreported,,Not yet reported,,,,,
Sokoto,Wamako,Dingyadi,,Yes,Bodinga,CRS,1,0,1,Accessible,default_unreported,,Not yet reported,,,,,
Sokoto,Wamako,Samama,,Yes,Binji,CRS,1,0,0,Accessible,default_unreported,,Not yet reported,,,,,
Sokoto,Wamako,Tudun Wada B,,Yes,Sokoto South,CRS,1,0,0,Accessible,default_unreported,,Not yet reported,,,,,
Sokoto,Wurno,Achida,,No,,ZOA,1,1,57,Accessible,confirmed_by_partner_report,ZOA,Partner,N/A - fully accessible,,2026-08-25 00:00:00,2026-08-25,1
Sokoto,Wurno,Chacho-Marnona,,No,,ZOA,8,0,35,Accessible,confirmed_by_partner_report,ZOA,Partner,,,2026-08-25 00:00:00,2026-08-25,1
Sokoto,Wurno,Tunga,,No,,ZOA,2,1,33,Accessible,confirmed_by_partner_report,ZOA,Partner,N/A - fully accessible,,2026-08-25 00:00:00,2026-08-25,0.97
Sokoto,Wurno,Dinawa,,No,,ZOA,2,1,19,Accessible,confirmed_by_partner_report,ZOA,Partner,,,2026-08-25 00:00:00,2026-08-25,1
Sokoto,Wurno,Kwargaba,,No,,ZOA,4,0,18,Inaccessible,confirmed_by_partner_report,ZOA,Partner,Insecurity / conflict,,2026-08-25 00:00:00,2026-08-25,0
Sokoto,Wurno,Lahodu,,No,,ZOA,3,0,14,Inaccessible,confirmed_by_partner_report,ZOA,Partner,Insecurity / conflict,,2026-08-25 00:00:00,2026-08-25,0.36
Sokoto,Wurno,Kwasare,,No,,ZOA,5,0,11,Accessible,confirmed_by_partner_report,ZOA,Partner,,,2026-08-25 00:00:00,2026-08-25,0.91
Sokoto,Wurno,Dimbiso,,No,,ZOA,2,0,10,Inaccessible,confirmed_by_partner_report,ZOA,Partner,Insecurity / conflict,,2026-08-25 00:00:00,2026-08-25,0
Sokoto,Wurno,Marafa,,Yes,Silame,ZOA,1,0,6,Accessible,confirmed_by_partner_report,ZOA,Partner,,,2026-08-25 00:00:00,2026-08-25,1
Sokoto,Wurno,Alkanmu,,Yes,Kware,ZOA,2,0,5,Accessible,confirmed_by_partner_report,ZOA,Partner,,,2026-08-25 00:00:00,2026-08-25,1
Sokoto,Wurno,Magarya,,No,,ZOA,1,0,4,Accessible,confirmed_by_partner_report,ZOA,Partner,,,2026-08-25 00:00:00,2026-08-25,1
Sokoto,Wurno,Rabah,,Yes,Rabah,ZOA,1,0,2,Inaccessible,confirmed_by_partner_report,ZOA,Partner,Insecurity / conflict,,2026-08-25 00:00:00,2026-08-25,0
Sokoto,Wurno,Gandu,,Yes,Kware,ZOA,1,0,1,Accessible,confirmed_by_partner_report,ZOA,Partner,,,2026-08-25 00:00:00,2026-08-25,1
Sokoto,Wurno,Hamma Ali Marabawa,,Yes,Kware,ZOA,1,0,1,Accessible,confirmed_by_partner_report,ZOA,Partner,,,2026-08-25 00:00:00,2026-08-25,1
Sokoto,Yabo,Dagawa,,Yes,Shagari,FACT,4,0,20,Accessible,confirmed_by_partner_report,FACT,Partner,N/A - fully accessible,NA,2026-05-09 00:00:00,2026-05-09,
Sokoto,Yabo,Binjin Muza,,No,,FACT,5,0,17,Inaccessible,confirmed_by_partner_report,FACT,Partner,Insecurity / conflict,Previously accessed but currently inaccessible due to active presence of AOGs,2026-05-09 00:00:00,2026-05-09,
Sokoto,Yabo,Yabo A,,No,,FACT,3,0,17,Accessible,confirmed_by_partner_report,FACT,Partner,N/A - fully accessible,NA,2026-05-09 00:00:00,2026-05-09,
Sokoto,Yabo,Bakale,,Yes,Silame,FACT,3,0,15,Inaccessible,confirmed_by_partner_report,FACT,Partner,Insecurity / conflict,Previously accessed but currently inaccessible due to active presence of AOGs,2026-05-09 00:00:00,2026-05-09,
Sokoto,Yabo,Yabo B,,No,,FACT,3,0,13,Accessible,confirmed_by_partner_report,FACT,Partner,N/A - fully accessible,NA,2026-05-09 00:00:00,2026-05-09,
Sokoto,Yabo,Bengaje,,No,,FACT,2,0,10,Inaccessible,confirmed_by_partner_report,FACT,Partner,Insecurity / conflict,Previously accessed but currently inaccessible due to active presence of AOGs,2026-05-09 00:00:00,2026-05-09,
Sokoto,Yabo,Fakka,,No,,FACT,2,0,7,Inaccessible,confirmed_by_partner_report,FACT,Partner,Insecurity / conflict,Previously accessed but currently inaccessible due to active presence of AOGs,2026-05-09 00:00:00,2026-05-09,
Sokoto,Yabo,Birniruwa,,No,,FACT,1,0,6,Inaccessible,confirmed_by_partner_report,FACT,Partner,Insecurity / conflict,Banditry and kidnapping,2026-05-09 00:00:00,2026-05-09,
Sokoto,Yabo,Kilgori,,No,,FACT,2,0,3,Inaccessible,confirmed_by_partner_report,FACT,Partner,Insecurity / conflict,Previously accessed but currently inaccessible due to active presence of AOGs,2026-05-09 00:00:00,2026-05-09,
Sokoto,Yabo,Dandin Mahe,,Yes,Shagari,FACT,1,0,0,Inaccessible,confirmed_by_partner_report,FACT,Partner,Insecurity / conflict,Banditry and kidnapping,2026-05-09 00:00:00,2026-05-09,
Sokoto,Yabo,Gangan,,Yes,Shagari,FACT,1,0,0,Inaccessible,confirmed_by_partner_report,FACT,Partner,Insecurity / conflict,Banditry and kidnapping,2026-05-09 00:00:00,2026-05-09,
Yobe,Bade,Sabon Gari,Sabon Gari,Yes,Karasuwa,NRC,3,1,70,Accessible,confirmed_by_partner_report,NRC,Partner,N/A - fully accessible,,2026-08-25,2026-08-25,
Yobe,Bade,Lawan Musa,Lawan Musa,Yes,Karasuwa,NRC,2,1,37,Accessible,confirmed_by_partner_report,NRC,Partner,N/A - fully accessible,,2026-08-25,2026-08-25,
Yobe,Bade,Lawan Fannami,Lawan Fannami,Yes,Karasuwa,NRC,3,1,35,Accessible,confirmed_by_partner_report,NRC,Partner,N/A - fully accessible,,2026-08-25,2026-08-25,
Yobe,Bade,Dawayo,Dawayo,Yes,Karasuwa,NRC,3,1,21,Accessible,confirmed_by_partner_report,NRC,Partner,N/A - fully accessible,,2026-08-25,2026-08-25,
Yobe,Bade,Dagona,Dagona,No,,NRC,1,1,12,Accessible,confirmed_by_partner_report,NRC,Partner,N/A - fully accessible,,2026-08-25,2026-08-25,
Yobe,Bade,Katuzu,Katuzu,No,,NRC,3,0,9,Accessible,confirmed_by_partner_report,NRC,Partner,N/A - fully accessible,,2026-08-25,2026-08-25,
Yobe,Bade,Zango,Zango,Yes,Karasuwa,NRC,2,0,7,Accessible,confirmed_by_partner_report,NRC,Partner,N/A - fully accessible,,2026-08-25,2026-08-25,
Yobe,Bade,Gwio-Kura,Gwio-Kura,Yes,Bursari,NRC,1,0,6,Accessible,confirmed_by_partner_report,NRC,Partner,N/A - fully accessible,,2026-08-25,2026-08-25,
Yobe,Bade,Sarkin Hausawa,Sarkin Hausawa,Yes,Bursari,NRC,1,0,6,Accessible,confirmed_by_partner_report,NRC,Partner,N/A - fully accessible,,2026-08-25,2026-08-25,
Yobe,Bade,Gasma,Dawayo,Yes,Karasuwa,NRC,1,0,1,Accessible,confirmed_by_partner_report,NRC,Partner,N/A - fully accessible,,2026-08-25,2026-08-25,
Yobe,Bursari,Dapchi,Dapchi,No,,FACT,4,1,49,Accessible,confirmed_by_partner_report,FACT,Partner,N/A - fully accessible,NA,2026-04-09 00:00:00,2026-04-09,
Yobe,Bursari,Jawa Garun Dole,Jawa G Dole,No,,FACT,3,1,35,Accessible,confirmed_by_partner_report,FACT,Partner,N/A - fully accessible,NA,2026-04-09 00:00:00,2026-04-09,
Yobe,Bursari,Guba Dapso,Guba Dapso,No,,FACT,2,2,24,Accessible,confirmed_by_partner_report,FACT,Partner,N/A - fully accessible,NA,2026-04-09 00:00:00,2026-04-09,
Yobe,Bursari,Kaliyari,Kaliyari,Yes,Yunusari,FACT,2,1,24,Accessible,confirmed_by_partner_report,FACT,Partner,N/A - fully accessible,NA,2026-04-09 00:00:00,2026-04-09,
Yobe,Bursari,Bayamari,Bayamari,No,,FACT,1,1,18,Accessible,confirmed_by_partner_report,FACT,Partner,N/A - fully accessible,Some part of the settlement is accessible and some parts are inacceesible due to high level of insecurity,2026-04-09 00:00:00,2026-04-09,
Yobe,Bursari,Danani Lawanti,Danani,No,,FACT,3,0,18,Inaccessible,confirmed_by_partner_report,FACT,Partner,Physical access (terrain,"Due to the rainy season, the terrain is inaccessible",2026-04-09 00:00:00,2026-04-09,
Yobe,Bursari,Guji Metalari,Guji Metalari,No,,FACT,0,1,12,Accessible,confirmed_by_partner_report,FACT,Partner,N/A - fully accessible,NA,2026-04-09 00:00:00,2026-04-09,
Yobe,Bursari,Masaba,Masaba,No,,FACT,2,0,12,Accessible,confirmed_by_partner_report,FACT,Partner,N/A - fully accessible,NA,2026-04-09 00:00:00,2026-04-09,
Yobe,Bursari,Kurnawa,Kurnawa,No,,FACT,2,0,8,Accessible,confirmed_by_partner_report,FACT,Partner,N/A - fully accessible,NA,2026-04-09 00:00:00,2026-04-09,
Yobe,Bursari,Gwio-Kura,Kurnawa,Yes,Bade,FACT,1,0,6,Accessible,confirmed_by_partner_report,FACT,Partner,N/A - fully accessible,NA,2026-04-09 00:00:00,2026-04-09,
Yobe,Bursari,Sarkin Hausawa,Masaba,Yes,Bade,FACT,1,0,1,Inaccessible,confirmed_by_partner_report,FACT,Partner,Other,This is not part of our previous list and cant confirm which LGA it falls under,2026-04-09 00:00:00,2026-04-09,
Yobe,Damaturu,Kukareta Warsala,Gambir Moduri,No,,NRC,1,1,42,Accessible,confirmed_by_partner_report,NRC,Partner,N/A - fully accessible,,2026-08-25,2026-08-25,
Yobe,Damaturu,Nayinawa,Nayinawa,No,,NRC,4,2,39,Accessible,confirmed_by_partner_report,NRC,Partner,N/A - fully accessible,,2026-08-25,2026-08-25,
Yobe,Damaturu,Maisandari / Waziri Ibrahim,Gambir Moduri,No,,NRC,3,3,31,Accessible,confirmed_by_partner_report,NRC,Partner,N/A - fully accessible,,2026-08-25,2026-08-25,
Yobe,Damaturu,Njiwaji / Gwange,Njiwaji Gwange,No,,NRC,3,2,31,Accessible,confirmed_by_partner_report,NRC,Partner,N/A - fully accessible,,2026-08-25,2026-08-25,
Yobe,Damaturu,Kalallawa Gabai,Kalallawa Gabai,Yes,Tarmua,NRC,2,1,15,Accessible,confirmed_by_partner_report,NRC,Partner,N/A - fully accessible,,2026-08-25,2026-08-25,
Yobe,Damaturu,Damaturu Central,Maisandari Wi,No,,NRC,3,0,13,Accessible,confirmed_by_partner_report,NRC,Partner,N/A - fully accessible,,2026-08-25,2026-08-25,
Yobe,Damaturu,Gambir Moduri,Maisandari Wi,No,,NRC,1,1,12,Accessible,confirmed_by_partner_report,NRC,Partner,N/A - fully accessible,,2026-08-25,2026-08-25,
Yobe,Damaturu,Bindigari Pawari,Bindigari Pawari,No,,NRC,3,0,11,Accessible,confirmed_by_partner_report,NRC,Partner,N/A - fully accessible,,2026-08-25,2026-08-25,
Yobe,Damaturu,Damakasu,Damakasu,No,,NRC,1,0,6,Accessible,confirmed_by_partner_report,NRC,Partner,N/A - fully accessible,,2026-08-25,2026-08-25,
Yobe,Damaturu,Sasawa / Kabaru,Kalallawa Gabai,No,,NRC,1,0,3,Accessible,confirmed_by_partner_report,NRC,Partner,N/A - fully accessible,,2026-08-25,2026-08-25,
Yobe,Damaturu,Murfakalam,Nayinawa,No,,NRC,1,0,1,Accessible,confirmed_by_partner_report,NRC,Partner,N/A - fully accessible,,2026-08-25,2026-08-25,
Yobe,Fika,Gadaka / She,Gadaka,Yes,Fune,FACT,5,2,71,Accessible,confirmed_by_partner_report,FACT,Partner,N/A - fully accessible,NA,2026-04-09 00:00:00,2026-04-09,
Yobe,Fika,Fika Anze,Fika Anze,No,,FACT,3,2,60,Accessible,confirmed_by_partner_report,FACT,Partner,N/A - fully accessible,NA,2026-04-09 00:00:00,2026-04-09,
Yobe,Fika,Garu,Garu,No,,FACT,4,0,23,Accessible,confirmed_by_partner_report,FACT,Partner,N/A - fully accessible,NA,2026-04-09 00:00:00,2026-04-09,
Yobe,Fika,Gudi / Dozi,Gudi Dozi,No,,FACT,2,1,18,Accessible,confirmed_by_partner_report,FACT,Partner,N/A - fully accessible,NA,2026-04-09 00:00:00,2026-04-09,
Yobe,Fika,Ngalda / Dumb,Ngalda,No,,FACT,1,0,6,Accessible,confirmed_by_partner_report,FACT,Partner,N/A - fully accessible,NA,2026-04-09 00:00:00,2026-04-09,
Yobe,Fika,Shoye,Shoye,No,,FACT,0,1,6,Accessible,confirmed_by_partner_report,FACT,Partner,N/A - fully accessible,NA,2026-04-09 00:00:00,2026-04-09,
Yobe,Fika,Turmi Malori,Turmi Malori,Yes,Fune,FACT,1,0,6,Inaccessible,confirmed_by_partner_report,FACT,Partner,Other,This is not part of our previous list and cant confirm which LGA it falls under,2026-04-09 00:00:00,2026-04-09,
Yobe,Fika,Janga,Janga,No,,FACT,1,0,1,Inaccessible,confirmed_by_partner_report,FACT,Partner,Other,This falls under Postiskum LGA,2026-04-09 00:00:00,2026-04-09,
Yobe,Fika,Mubi / Fusami,Mubi Fussami,No,,FACT,1,0,1,Inaccessible,confirmed_by_partner_report,FACT,Partner,Other,This is not part of our previous list and cant confirm which LGA it falls under,2026-04-09 00:00:00,2026-04-09,
Yobe,Fika,Zangaya Mazawaun,Zangaya Mazawaun,No,,FACT,2,0,0,Inaccessible,confirmed_by_partner_report,FACT,Partner,Other,This is not part of our previous list and cant confirm which LGA it falls under,2026-04-09 00:00:00,2026-04-09,
Yobe,Fune,Damagum A,Damagum A,No,,FACT,1,1,60,Accessible,confirmed_by_partner_report,FACT,Partner,N/A - fully accessible,NA,2026-04-09 00:00:00,2026-04-09,
Yobe,Fune,Daura B,Daura B,No,,FACT,0,1,24,Accessible,confirmed_by_partner_report,FACT,Partner,N/A - fully accessible,NA,2026-04-09 00:00:00,2026-04-09,
Yobe,Fune,Ngelzarma A,Ngelzarma A,No,,FACT,2,1,24,Accessible,confirmed_by_partner_report,FACT,Partner,N/A - fully accessible,NA,2026-04-09 00:00:00,2026-04-09,
Yobe,Fune,Jajere,Jajere,Yes,Tarmua,FACT,3,0,18,Accessible,confirmed_by_partner_report,FACT,Partner,N/A - fully accessible,NA,2026-04-09 00:00:00,2026-04-09,
Yobe,Fune,Mashio,Alagarno,No,,FACT,3,0,18,Accessible,confirmed_by_partner_report,FACT,Partner,N/A - fully accessible,NA,2026-04-09 00:00:00,2026-04-09,
Yobe,Fune,Damagum B,Damagum B,No,,FACT,2,1,12,Accessible,confirmed_by_partner_report,FACT,Partner,N/A - fully accessible,NA,2026-04-09 00:00:00,2026-04-09,
Yobe,Fune,Kollere Kafaje,Kollere Kafaje,Yes,Nangere,FACT,2,0,12,Accessible,confirmed_by_partner_report,FACT,Partner,N/A - fully accessible,NA,2026-04-09 00:00:00,2026-04-09,
Yobe,Fune,Daura A,Daura A,No,,FACT,2,0,7,Accessible,confirmed_by_partner_report,FACT,Partner,N/A - fully accessible,NA,2026-04-09 00:00:00,2026-04-09,
Yobe,Fune,Marmari Gudugurka,Marmari Gudugurka,No,,FACT,1,0,6,Inaccessible,confirmed_by_partner_report,FACT,Partner,Other,This ward does not exist in the fune LGA,2026-04-09 00:00:00,2026-04-09,
Yobe,Fune,Ngelzarma B,Daura A,No,,FACT,0,1,6,Accessible,confirmed_by_partner_report,FACT,Partner,N/A - fully accessible,NA,2026-04-09 00:00:00,2026-04-09,
Yobe,Fune,Turmi Malori,Ngelzarma B,Yes,Fika,FACT,1,0,6,Accessible,confirmed_by_partner_report,FACT,Partner,N/A - fully accessible,This ward exist in Fika LGA not Fune LGA,2026-04-09 00:00:00,2026-04-09,
Yobe,Fune,Gadaka / She,Daura A,Yes,Fika,FACT,1,0,5,Accessible,confirmed_by_partner_report,FACT,Partner,N/A - fully accessible,NA,2026-04-09 00:00:00,2026-04-09,
Yobe,Fune,Borno Kiji,Borno Kiji,No,,FACT,1,0,0,Inaccessible,confirmed_by_partner_report,FACT,Partner,Other,This is not part of our previous list and cant confirm which LGA it falls under,2026-04-09 00:00:00,2026-04-09,
Yobe,Geidam,Asheikri,Asheikri 1,No,,FACT,1,1,58,Accessible,confirmed_by_partner_report,FACT,Partner,N/A - fully accessible,Previously accessed and completed but currently inaccessible due to active presence of AOGs,2026-04-09 00:00:00,2026-04-09,
Yobe,Geidam,Hausari,Hausari,Yes,Nguru,FACT,2,1,51,Accessible,confirmed_by_partner_report,FACT,Partner,N/A - fully accessible,Previously accessed and completed but currently inaccessible due to active presence of AOGs,2026-04-09 00:00:00,2026-04-09,
Yobe,Geidam,Fukurti,Fukurti,No,,FACT,5,0,28,Accessible,confirmed_by_partner_report,FACT,Partner,N/A - fully accessible,Previously accessed and completed but currently inaccessible due to active presence of AOGs,2026-04-09 00:00:00,2026-04-09,
Yobe,Geidam,Ma'anna,Ma'Anna,No,,FACT,2,1,18,Inaccessible,confirmed_by_partner_report,FACT,Partner,Insecurity / conflict,Due to insecurity reason and security advisory,2026-04-09 00:00:00,2026-04-09,
Yobe,Geidam,Borko,Borko,No,,FACT,2,0,12,Inaccessible,confirmed_by_partner_report,FACT,Partner,Insecurity / conflict,Due to insecurity reason and security advisory,2026-04-09 00:00:00,2026-04-09,
Yobe,Geidam,Gumsa,Gumsa,No,,FACT,2,0,12,Accessible,confirmed_by_partner_report,FACT,Partner,N/A - fully accessible,Previously accessed and completed but currently inaccessible due to active presence of AOGs,2026-04-09 00:00:00,2026-04-09,
Yobe,Geidam,Jororo,Jororo,No,,FACT,2,0,12,Accessible,confirmed_by_partner_report,FACT,Partner,N/A - fully accessible,Previously accessed and completed but currently inaccessible due to active presence of AOGs,2026-04-09 00:00:00,2026-04-09,
Yobe,Geidam,Futchimiram,Futchimiram,No,,FACT,2,0,8,Inaccessible,confirmed_by_partner_report,FACT,Partner,Insecurity / conflict,Due to insecurity reason and security advisory,2026-04-09 00:00:00,2026-04-09,
Yobe,Geidam,Balle,Balle,No,,FACT,0,1,6,Accessible,confirmed_by_partner_report,FACT,Partner,N/A - fully accessible,Previously accessed and completed but currently inaccessible due to active presence of AOGs,2026-04-09 00:00:00,2026-04-09,
Yobe,Geidam,Kusur,Kusur,No,,FACT,2,0,6,Inaccessible,confirmed_by_partner_report,FACT,Partner,Insecurity / conflict,This is not part of our previous list and is inaccessible due to current active presence of AOGs,2026-04-09 00:00:00,2026-04-09,
Yobe,Geidam,Ngulabamma,Borko,No,,FACT,1,0,6,Accessible,confirmed_by_partner_report,FACT,Partner,N/A - fully accessible,Previously accessed and completed but currently inaccessible due to active presence of AOGs,2026-04-09 00:00:00,2026-04-09,
Yobe,Geidam,Kolori,Asheikri 2,No,,FACT,2,0,5,Inaccessible,confirmed_by_partner_report,FACT,Partner,Insecurity / conflict,This is not part of our previous list and currently is inaccessible due to active presence of AOGs,2026-04-09 00:00:00,2026-04-09,
Yobe,Gujba,Buni Yadi,Buni Yadi,No,,NRC,1,1,66,Accessible,confirmed_by_partner_report,NRC,Partner,N/A - fully accessible,,2026-08-25,2026-08-25,
Yobe,Gujba,Gujba,Gujba,No,,NRC,5,4,60,Accessible,confirmed_by_partner_report,NRC,Partner,N/A - fully accessible,,2026-08-25,2026-08-25,
Yobe,Gujba,Mutai,Mutai,No,,NRC,2,1,18,Accessible,confirmed_by_partner_report,NRC,Partner,N/A - fully accessible,,2026-08-25,2026-08-25,
Yobe,Gujba,Wagir,Wagir,No,,NRC,1,2,18,Accessible,confirmed_by_partner_report,NRC,Partner,N/A - fully accessible,,2026-08-25,2026-08-25,
Yobe,Gujba,Buni Gari,Buni Gari,No,,NRC,1,1,12,Accessible,confirmed_by_partner_report,NRC,Partner,N/A - fully accessible,,2026-08-25,2026-08-25,
Yobe,Gujba,Goneri,Goniri,No,,NRC,2,0,8,Accessible,confirmed_by_partner_report,NRC,Partner,N/A - fully accessible,,2026-08-25,2026-08-25,
Yobe,Gujba,Bularafa,Wagir,Yes,Gulani,NRC,1,0,6,Accessible,confirmed_by_partner_report,NRC,Partner,N/A - fully accessible,,2026-08-25,2026-08-25,
Yobe,Gujba,Ngurbuwa,Ngurbuwa,No,,NRC,1,0,6,Accessible,confirmed_by_partner_report,NRC,Partner,N/A - fully accessible,,2026-08-25,2026-08-25,
Yobe,Gujba,Gotala Gotumba,Gotala,No,,NRC,1,0,5,Accessible,confirmed_by_partner_report,NRC,Partner,N/A - fully accessible,,2026-08-25,2026-08-25,
Yobe,Gujba,Mallumdunari,Mandunari,No,,NRC,1,0,4,Accessible,confirmed_by_partner_report,NRC,Partner,N/A - fully accessible,,2026-08-25,2026-08-25,
Yobe,Gujba,Dadingel,Gotala,No,,NRC,1,0,1,Accessible,confirmed_by_partner_report,NRC,Partner,N/A - fully accessible,,2026-08-25,2026-08-25,
Yobe,Gulani,Bumsa,Bumsa,No,,FACT,2,2,36,Accessible,confirmed_by_partner_report,FACT,Partner,N/A - fully accessible,NA,2026-04-09 00:00:00,2026-04-09,
Yobe,Gulani,Tetteba,Teteba,No,,FACT,2,3,29,Accessible,confirmed_by_partner_report,FACT,Partner,N/A - fully accessible,NA,2026-04-09 00:00:00,2026-04-09,
Yobe,Gulani,Gabai,Gabai,No,,FACT,5,0,28,Accessible,confirmed_by_partner_report,FACT,Partner,N/A - fully accessible,NA,2026-04-09 00:00:00,2026-04-09,
Yobe,Gulani,Bularafa,Bularafa,Yes,Gujba,FACT,1,1,24,Accessible,confirmed_by_partner_report,FACT,Partner,N/A - fully accessible,NA,2026-04-09 00:00:00,2026-04-09,
Yobe,Gulani,Gagure,Gagure,No,,FACT,4,0,20,Accessible,confirmed_by_partner_report,FACT,Partner,N/A - fully accessible,NA,2026-04-09 00:00:00,2026-04-09,
Yobe,Gulani,Kushimaga,Kushimaga,No,,FACT,3,0,14,Accessible,confirmed_by_partner_report,FACT,Partner,N/A - fully accessible,NA,2026-04-09 00:00:00,2026-04-09,
Yobe,Gulani,Bara,Bara,No,,FACT,3,0,12,Accessible,confirmed_by_partner_report,FACT,Partner,N/A - fully accessible,NA,2026-04-09 00:00:00,2026-04-09,
Yobe,Gulani,Njibulwa,Njibulwa,No,,FACT,1,1,12,Inaccessible,confirmed_by_partner_report,FACT,Partner,Physical access (terrain,"Due to the rainy season, the terrain is inaccessible",2026-04-09 00:00:00,2026-04-09,
Yobe,Gulani,Dokshi,Dokshi,No,,FACT,0,1,6,Accessible,confirmed_by_partner_report,FACT,Partner,N/A - fully accessible,NA,2026-04-09 00:00:00,2026-04-09,
Yobe,Gulani,Gulani,Gulani,No,,FACT,1,0,5,Accessible,confirmed_by_partner_report,FACT,Partner,N/A - fully accessible,NA,2026-04-09 00:00:00,2026-04-09,
Yobe,Jakusko,Buduwa,Buduwa,No,,FACT,4,2,30,Accessible,confirmed_by_partner_report,FACT,Partner,N/A - fully accessible,NA,2026-04-09 00:00:00,2026-04-09,
Yobe,Jakusko,Dumbari,Dumbari,No,,FACT,2,3,29,Accessible,confirmed_by_partner_report,FACT,Partner,N/A - fully accessible,NA,2026-04-09 00:00:00,2026-04-09,
Yobe,Jakusko,Girgir / Bayam,Gidgid Bayam,No,,FACT,3,1,24,Accessible,confirmed_by_partner_report,FACT,Partner,N/A - fully accessible,NA,2026-04-09 00:00:00,2026-04-09,
Yobe,Jakusko,Jakusko,Jakusko,No,,FACT,0,2,24,Accessible,confirmed_by_partner_report,FACT,Partner,N/A - fully accessible,NA,2026-04-09 00:00:00,2026-04-09,
Yobe,Jakusko,Lafiya Loiloi,Lafiya Loi Loi,No,,FACT,5,0,24,Accessible,confirmed_by_partner_report,FACT,Partner,N/A - fully accessible,NA,2026-04-09 00:00:00,2026-04-09,
Yobe,Jakusko,Zabudum / Dachia,Zabudum Dachia,No,,FACT,0,3,24,Accessible,confirmed_by_partner_report,FACT,Partner,N/A - fully accessible,NA,2026-04-09 00:00:00,2026-04-09,
Yobe,Jakusko,Jawur / Katamma,Jawur Katamma,No,,FACT,2,1,16,Accessible,confirmed_by_partner_report,FACT,Partner,N/A - fully accessible,NA,2026-04-09 00:00:00,2026-04-09,
Yobe,Jakusko,Muguram,Muguram,No,,FACT,2,0,11,Accessible,confirmed_by_partner_report,FACT,Partner,N/A - fully accessible,NA,2026-04-09 00:00:00,2026-04-09,
Yobe,Jakusko,Jaba,Jaba,No,,FACT,2,0,7,Accessible,confirmed_by_partner_report,FACT,Partner,N/A - fully accessible,NA,2026-04-09 00:00:00,2026-04-09,
Yobe,Jakusko,Gogaram,Gorgoram,No,,FACT,1,0,2,Inaccessible,confirmed_by_partner_report,FACT,Partner,Other,This is not part of our previous list,2026-04-09 00:00:00,2026-04-09,
Yobe,Jakusko,Bursali,Dumbari,No,,FACT,1,0,1,Accessible,confirmed_by_partner_report,FACT,Partner,N/A - fully accessible,NA,2026-04-09 00:00:00,2026-04-09,
Yobe,Karasuwa,Lawan Musa,Waro,Yes,Bade,FACT,2,1,62,Accessible,confirmed_by_partner_report,FACT,Partner,N/A - fully accessible,NA,2026-04-09 00:00:00,2026-04-09,
Yobe,Karasuwa,Jaji Maji,Jaji Maji,No,,FACT,2,1,25,Accessible,confirmed_by_partner_report,FACT,Partner,N/A - fully accessible,NA,2026-04-09 00:00:00,2026-04-09,
Yobe,Karasuwa,Karasuwa Galu,Karasuwa Galu,No,,FACT,4,1,22,Accessible,confirmed_by_partner_report,FACT,Partner,N/A - fully accessible,NA,2026-04-09 00:00:00,2026-04-09,
Yobe,Karasuwa,Gasma,Gasma,Yes,Bade,FACT,2,1,18,Accessible,confirmed_by_partner_report,FACT,Partner,N/A - fully accessible,NA,2026-04-09 00:00:00,2026-04-09,
Yobe,Karasuwa,Dawayo,Bukarti,Yes,Bade,FACT,2,1,16,Accessible,confirmed_by_partner_report,FACT,Partner,N/A - fully accessible,NA,2026-04-09 00:00:00,2026-04-09,
Yobe,Karasuwa,Karausuwa Garin Guna,Karauswa Garu Guna,Yes,Yusufari,FACT,3,0,15,Accessible,confirmed_by_partner_report,FACT,Partner,N/A - fully accessible,NA,2026-04-09 00:00:00,2026-04-09,
Yobe,Karasuwa,Fajiganari,Fajiganari,No,,FACT,4,0,8,Accessible,confirmed_by_partner_report,FACT,Partner,N/A - fully accessible,NA,2026-04-09 00:00:00,2026-04-09,
Yobe,Karasuwa,Jajeri,Jajeri,Yes,Nguru,FACT,2,0,8,Accessible,confirmed_by_partner_report,FACT,Partner,N/A - fully accessible,NA,2026-04-09 00:00:00,2026-04-09,
Yobe,Karasuwa,Bilal Jawa,Bukarti,No,,FACT,2,0,7,Accessible,confirmed_by_partner_report,FACT,Partner,N/A - fully accessible,NA,2026-04-09 00:00:00,2026-04-09,
Yobe,Karasuwa,Garin Gawo,Garin Gawo,No,,FACT,3,0,7,Inaccessible,confirmed_by_partner_report,FACT,Partner,Other,This ward does not exist in the Karasuwa LGA,2026-04-09 00:00:00,2026-04-09,
Yobe,Karasuwa,Wachakal,Wachakal,No,,FACT,0,1,6,Accessible,confirmed_by_partner_report,FACT,Partner,N/A - fully accessible,NA,2026-04-09 00:00:00,2026-04-09,
Yobe,Karasuwa,Sabon Gari,Waro,Yes,Bade,FACT,1,0,2,Accessible,confirmed_by_partner_report,FACT,Partner,N/A - fully accessible,This is not part of our previous list,2026-04-09 00:00:00,2026-04-09,
Yobe,Karasuwa,Lawan Fannami,Waro,Yes,Bade,FACT,1,0,1,Inaccessible,confirmed_by_partner_report,FACT,Partner,Other,This ward does not exist in Karasuwa but exist in Bade LGA,2026-04-09 00:00:00,2026-04-09,
Yobe,Karasuwa,Zango,Waro,Yes,Bade,FACT,1,0,1,Inaccessible,confirmed_by_partner_report,FACT,Partner,Other,This is not part of our previous list,2026-04-09 00:00:00,2026-04-09,
Yobe,Machina,Lamisu,Lamisu,No,,FACT,9,1,130,Accessible,confirmed_by_partner_report,FACT,Partner,N/A - fully accessible,NA,2026-04-09 00:00:00,2026-04-09,
Yobe,Machina,Maskandare,Maskandare,No,,FACT,2,0,12,Accessible,confirmed_by_partner_report,FACT,Partner,N/A - fully accessible,NA,2026-04-09 00:00:00,2026-04-09,
Yobe,Machina,Kukayasku,Kukayasku,No,,FACT,2,0,8,Accessible,confirmed_by_partner_report,FACT,Partner,N/A - fully accessible,NA,2026-04-09 00:00:00,2026-04-09,
Yobe,Machina,Afunori,Lamisu,Yes,Nguru,FACT,2,0,6,Inaccessible,confirmed_by_partner_report,FACT,Partner,Other,This is not part of our previous list,2026-04-09 00:00:00,2026-04-09,
Yobe,Nangere,Dawasa,Dawasa,No,,FACT,3,2,71,Accessible,confirmed_by_partner_report,FACT,Partner,N/A - fully accessible,NA,2026-04-09 00:00:00,2026-04-09,
Yobe,Nangere,Duddaye,Dudduye,No,,FACT,4,1,25,Accessible,confirmed_by_partner_report,FACT,Partner,N/A - fully accessible,NA,2026-04-09 00:00:00,2026-04-09,
Yobe,Nangere,Chukuriwa,Chukuriya,No,,FACT,4,0,20,Accessible,confirmed_by_partner_report,FACT,Partner,N/A - fully accessible,NA,2026-04-09 00:00:00,2026-04-09,
Yobe,Nangere,Nangere,Nangere,No,,FACT,2,1,18,Accessible,confirmed_by_partner_report,FACT,Partner,N/A - fully accessible,NA,2026-04-09 00:00:00,2026-04-09,
Yobe,Nangere,Degubi,Degubi,No,,FACT,1,1,11,Accessible,confirmed_by_partner_report,FACT,Partner,N/A - fully accessible,NA,2026-04-09 00:00:00,2026-04-09,
Yobe,Nangere,Dazigau,Dazigau,No,,FACT,2,0,10,Accessible,confirmed_by_partner_report,FACT,Partner,N/A - fully accessible,NA,2026-04-09 00:00:00,2026-04-09,
Yobe,Nangere,Tikau,Tikau,Yes,Potiskum,FACT,2,0,10,Accessible,confirmed_by_partner_report,FACT,Partner,N/A - fully accessible,NA,2026-04-09 00:00:00,2026-04-09,
Yobe,Nangere,Darin Langawa,Langawa Darin,Yes,Potiskum,FACT,1,1,7,Accessible,confirmed_by_partner_report,FACT,Partner,N/A - fully accessible,NA,2026-04-09 00:00:00,2026-04-09,
Yobe,Nangere,Watinani,Watinani,No,,FACT,3,0,7,Accessible,confirmed_by_partner_report,FACT,Partner,N/A - fully accessible,NA,2026-04-09 00:00:00,2026-04-09,
Yobe,Nangere,Kukuri,Kukuri,No,,FACT,1,0,6,Inaccessible,confirmed_by_partner_report,FACT,Partner,Other,This is not on our previous list,2026-04-09 00:00:00,2026-04-09,
Yobe,Nangere,Bare Bari,Dudduye,Yes,Potiskum,FACT,1,0,3,Inaccessible,confirmed_by_partner_report,FACT,Partner,Other,This ward exist in Potiskum but not Nangere,2026-04-09 00:00:00,2026-04-09,
Yobe,Nangere,Kollere Kafaje,Tikau,Yes,Fune,FACT,1,0,2,Inaccessible,confirmed_by_partner_report,FACT,Partner,Other,This ward does not exist in Nangere LGA but it exist Fune LGA,2026-04-09 00:00:00,2026-04-09,
Yobe,Nangere,Yayari,Dazigau,No,,FACT,1,0,2,Inaccessible,confirmed_by_partner_report,FACT,Partner,Other,This ward does not exist in the LGA,2026-04-09 00:00:00,2026-04-09,
Yobe,Nguru,Ngarbi,Ngarbi,No,,FACT,3,2,76,Accessible,confirmed_by_partner_report,FACT,Partner,N/A - fully accessible,NA,2026-04-09 00:00:00,2026-04-09,
Yobe,Nguru,Bulabulin,Bulabulin,No,,FACT,1,1,35,Accessible,confirmed_by_partner_report,FACT,Partner,N/A - fully accessible,NA,2026-04-09 00:00:00,2026-04-09,
Yobe,Nguru,Hausari,Hausari,Yes,Geidam,FACT,2,0,20,Accessible,confirmed_by_partner_report,FACT,Partner,N/A - fully accessible,NA,2026-04-09 00:00:00,2026-04-09,
Yobe,Nguru,Ngilewa,Nglaiwa,No,,FACT,2,1,14,Accessible,confirmed_by_partner_report,FACT,Partner,N/A - fully accessible,NA,2026-04-09 00:00:00,2026-04-09,
Yobe,Nguru,S G Kanuri,Kanuri,No,,FACT,3,0,14,Accessible,confirmed_by_partner_report,FACT,Partner,N/A - fully accessible,NA,2026-04-09 00:00:00,2026-04-09,
Yobe,Nguru,Bulanguwa,Bulanguwa,No,,FACT,2,0,12,Accessible,confirmed_by_partner_report,FACT,Partner,N/A - fully accessible,NA,2026-04-09 00:00:00,2026-04-09,
Yobe,Nguru,Afunori,Afunori,Yes,Machina,FACT,2,0,6,Accessible,confirmed_by_partner_report,FACT,Partner,N/A - fully accessible,NA,2026-04-09 00:00:00,2026-04-09,
Yobe,Nguru,Gumshi,Bulanguwa,No,,FACT,1,0,6,Accessible,confirmed_by_partner_report,FACT,Partner,N/A - fully accessible,NA,2026-04-09 00:00:00,2026-04-09,
Yobe,Nguru,Jajeri,Bulanguwa,Yes,Karasuwa,FACT,1,0,6,Accessible,confirmed_by_partner_report,FACT,Partner,N/A - fully accessible,NA,2026-04-09 00:00:00,2026-04-09,
Yobe,Nguru,Birniwa,Maja Kura,No,,FACT,1,0,3,Accessible,confirmed_by_partner_report,FACT,Partner,N/A - fully accessible,NA,2026-04-09 00:00:00,2026-04-09,
Yobe,Nguru,Maja Kura,Maja Kura,No,,FACT,1,0,3,Inaccessible,confirmed_by_partner_report,FACT,Partner,Other,This is not on our previous list,2026-04-09 00:00:00,2026-04-09,
Yobe,Nguru,Matamu,Maja Kura,No,,FACT,1,0,3,Inaccessible,confirmed_by_partner_report,FACT,Partner,Other,This ward does not exist in the LGA,2026-04-09 00:00:00,2026-04-09,
Yobe,Potiskum,Dogon Nini,Dogon Nini,No,,FACT,3,2,66,Accessible,confirmed_by_partner_report,FACT,Partner,N/A - fully accessible,NA,2026-04-09 00:00:00,2026-04-09,
Yobe,Potiskum,Yerimaram,Yerimaram,No,,FACT,4,1,54,Accessible,confirmed_by_partner_report,FACT,Partner,N/A - fully accessible,NA,2026-04-09 00:00:00,2026-04-09,
Yobe,Potiskum,Bare Bari,Bare Bari,Yes,Nangere,FACT,3,1,22,Accessible,confirmed_by_partner_report,FACT,Partner,N/A - fully accessible,NA,2026-04-09 00:00:00,2026-04-09,
Yobe,Potiskum,Bolewa B,Yerimaram,No,,FACT,2,0,16,Accessible,confirmed_by_partner_report,FACT,Partner,N/A - fully accessible,NA,2026-04-09 00:00:00,2026-04-09,
Yobe,Potiskum,Danchuwa,Danchuwa,No,,FACT,2,0,11,Accessible,confirmed_by_partner_report,FACT,Partner,N/A - fully accessible,NA,2026-04-09 00:00:00,2026-04-09,
Yobe,Potiskum,Ngojin Alaraba,Ngojin,No,,FACT,2,0,10,Inaccessible,confirmed_by_partner_report,FACT,Partner,Other,This is not on our previous list,2026-04-09 00:00:00,2026-04-09,
Yobe,Potiskum,Mamudo,Mamudo,No,,FACT,0,1,6,Accessible,confirmed_by_partner_report,FACT,Partner,N/A - fully accessible,NA,2026-04-09 00:00:00,2026-04-09,
Yobe,Potiskum,Bolewa A,Bolewa A,No,,FACT,3,0,4,Inaccessible,confirmed_by_partner_report,FACT,Partner,Other,This is not part of our previous list,2026-04-09 00:00:00,2026-04-09,
Yobe,Potiskum,Hausawa Asibiti,Hausawa Asibiti,No,,FACT,1,0,4,Inaccessible,confirmed_by_partner_report,FACT,Partner,Other,This is not on our previous list,2026-04-09 00:00:00,2026-04-09,
Yobe,Potiskum,Dogo Tebo,Hausawa Asibiti,No,,FACT,2,0,2,Inaccessible,confirmed_by_partner_report,FACT,Partner,Other,This is not on our previous list,2026-04-09 00:00:00,2026-04-09,
Yobe,Potiskum,Tikau,Mamudo,Yes,Nangere,FACT,2,0,2,Inaccessible,confirmed_by_partner_report,FACT,Partner,Other,This ward does not exist in Potiskum but exist in Nangere LGA,2026-04-09 00:00:00,2026-04-09,
Yobe,Potiskum,Darin Langawa,Bare Bari,Yes,Nangere,FACT,1,0,1,Inaccessible,confirmed_by_partner_report,FACT,Partner,Other,This ward does not exist in Potiskum but exist in Nangere LGA,2026-04-09 00:00:00,2026-04-09,
Yobe,Tarmua,Babbangida,Babangida,No,,FACT,4,1,89,Accessible,confirmed_by_partner_report,FACT,Partner,N/A - fully accessible,NA,2026-04-09 00:00:00,2026-04-09,
Yobe,Tarmua,Biriri,Babangida,No,,FACT,4,1,25,Accessible,confirmed_by_partner_report,FACT,Partner,N/A - fully accessible,NA,2026-04-09 00:00:00,2026-04-09,
Yobe,Tarmua,Koriyel,Koriyel,No,,FACT,3,0,16,Inaccessible,confirmed_by_partner_report,FACT,Partner,Insecurity / conflict,Due to presence of AOGs,2026-04-09 00:00:00,2026-04-09,
Yobe,Tarmua,Mafa,Mafa,No,,FACT,3,0,16,Inaccessible,confirmed_by_partner_report,FACT,Partner,Other,Due to presence of AOGs,2026-04-09 00:00:00,2026-04-09,
Yobe,Tarmua,Shekau,Shekau,No,,FACT,1,1,14,Accessible,confirmed_by_partner_report,FACT,Partner,N/A - fully accessible,NA,2026-04-09 00:00:00,2026-04-09,
Yobe,Tarmua,Kalallawa Gabai,Biriri,Yes,Damaturu,FACT,2,0,9,Inaccessible,confirmed_by_partner_report,FACT,Partner,Other,This is not on our previous list,2026-04-09 00:00:00,2026-04-09,
Yobe,Tarmua,Lantewa,Babangida,No,,FACT,4,0,9,Inaccessible,confirmed_by_partner_report,FACT,Partner,Other,Due to presence of AOGs,2026-04-09 00:00:00,2026-04-09,
Yobe,Tarmua,Jajere,Biriri,Yes,Fune,FACT,0,1,6,Inaccessible,confirmed_by_partner_report,FACT,Partner,Insecurity / conflict,Due to presence of AOGs,2026-04-09 00:00:00,2026-04-09,
Yobe,Tarmua,Jumbam,Jumbam,No,,FACT,0,1,6,Accessible,confirmed_by_partner_report,FACT,Partner,N/A - fully accessible,NA,2026-04-09 00:00:00,2026-04-09,
Yobe,Tarmua,Sungul Koka,Sungul Koka,No,,FACT,1,0,6,Inaccessible,confirmed_by_partner_report,FACT,Partner,Insecurity / conflict,Due to presence of AOGs,2026-04-09 00:00:00,2026-04-09,
Yobe,Tarmua,Kalizoram,Mafa,No,,FACT,1,0,2,Inaccessible,confirmed_by_partner_report,FACT,Partner,Insecurity / conflict,Due to presence of AOGs,2026-04-09 00:00:00,2026-04-09,
Yobe,Tarmua,Manda-Dawa,Koriyel,No,,FACT,1,0,0,Inaccessible,confirmed_by_partner_report,FACT,Partner,Other,This is not in our previous list,2026-04-09 00:00:00,2026-04-09,
Yobe,Yunusari,Mozogun,Mozogun,No,,FACT,3,2,42,Accessible,confirmed_by_partner_report,FACT,Partner,N/A - fully accessible,NA,2026-04-09 00:00:00,2026-04-09,
Yobe,Yunusari,Dilala / Kalgi,Dilala,No,,FACT,5,2,41,Accessible,confirmed_by_partner_report,FACT,Partner,N/A - fully accessible,NA,2026-04-09 00:00:00,2026-04-09,
Yobe,Yunusari,Yunusari,Yunusari,No,,FACT,2,1,36,Accessible,confirmed_by_partner_report,FACT,Partner,N/A - fully accessible,NA,2026-04-09 00:00:00,2026-04-09,
Yobe,Yunusari,Kafiya,Kafiya,No,,FACT,3,2,24,Accessible,confirmed_by_partner_report,FACT,Partner,N/A - fully accessible,NA,2026-04-09 00:00:00,2026-04-09,
Yobe,Yunusari,Zajibiriri / Dumbol,Zabudum Dachia,No,,FACT,4,0,16,Accessible,confirmed_by_partner_report,FACT,Partner,N/A - fully accessible,NA,2026-04-09 00:00:00,2026-04-09,
Yobe,Yunusari,Bultuwa,Bultuwa,No,,FACT,2,0,12,Inaccessible,confirmed_by_partner_report,FACT,Partner,Insecurity / conflict,Due to presence of AOGs,2026-04-09 00:00:00,2026-04-09,
Yobe,Yunusari,Kaliyari,Dilala,Yes,Bursari,FACT,1,0,6,Accessible,confirmed_by_partner_report,FACT,Partner,N/A - fully accessible,NA,2026-04-09 00:00:00,2026-04-09,
Yobe,Yunusari,Mairari,Mairari,No,,FACT,1,0,2,Inaccessible,confirmed_by_partner_report,FACT,Partner,Other,This is not on our previous list,2026-04-09 00:00:00,2026-04-09,
Yobe,Yunusari,Guya,Dilala,Yes,Yusufari,FACT,1,0,1,Inaccessible,confirmed_by_partner_report,FACT,Partner,Other,This is not on our previous list,2026-04-09 00:00:00,2026-04-09,
Yobe,Yusufari,Yusufari,Yusufari,No,,FACT,1,1,52,Accessible,confirmed_by_partner_report,FACT,Partner,N/A - fully accessible,NA,2026-04-09 00:00:00,2026-04-09,
Yobe,Yusufari,Guya,Guya,Yes,Yunusari,FACT,4,2,32,Accessible,confirmed_by_partner_report,FACT,Partner,N/A - fully accessible,NA,2026-04-09 00:00:00,2026-04-09,
Yobe,Yusufari,Bulatura,Bulatura,No,,FACT,4,1,27,Accessible,confirmed_by_partner_report,FACT,Partner,N/A - fully accessible,NA,2026-04-09 00:00:00,2026-04-09,
Yobe,Yusufari,Maimalari,Maimalari,No,,FACT,3,1,25,Accessible,confirmed_by_partner_report,FACT,Partner,N/A - fully accessible,NA,2026-04-09 00:00:00,2026-04-09,
Yobe,Yusufari,Kumaganam,Kumagannam,No,,FACT,3,1,24,Accessible,confirmed_by_partner_report,FACT,Partner,N/A - fully accessible,NA,2026-04-09 00:00:00,2026-04-09,
Yobe,Yusufari,Jebuwa,Jebuwa,No,,FACT,2,1,18,Accessible,confirmed_by_partner_report,FACT,Partner,N/A - fully accessible,NA,2026-04-09 00:00:00,2026-04-09,
Yobe,Yusufari,Sumbar,Sumbar,No,,FACT,1,0,6,Accessible,confirmed_by_partner_report,FACT,Partner,N/A - fully accessible,NA,2026-04-09 00:00:00,2026-04-09,
Yobe,Yusufari,Karausuwa Garin Guna,Tulotulo,Yes,Karasuwa,FACT,1,0,3,Inaccessible,confirmed_by_partner_report,FACT,Partner,Other,This ward does not exist in Karasuwa LGA but exist in Karasuwa LGA,2026-04-09 00:00:00,2026-04-09,
Yobe,Yusufari,Tulotulo,Tulotulo,No,,FACT,1,0,3,Accessible,confirmed_by_partner_report,FACT,Partner,N/A - fully accessible,NA,2026-04-09 00:00:00,2026-04-09,
Yobe,Yusufari,Waro,Bulatura,No,,FACT,1,0,2,Accessible,confirmed_by_partner_report,FACT,Partner,N/A - fully accessible,NA,2026-04-09 00:00:00,2026-04-09,
Zamfara,Anka,Magaji,,Yes,Gummi,Solidarités,3,1,82,Accessible,confirmed_by_partner_report (blank row - not flagged),,Partner,,,,,
Zamfara,Anka,Dangaladima,,No,,Solidarités,2,1,33,Accessible,confirmed_by_partner_report (blank row - not flagged),,Partner,,,,,
Zamfara,Anka,Matseri,,No,,Solidarités,1,1,18,Accessible,confirmed_by_partner_report (blank row - not flagged),,Partner,,,,,
Zamfara,Anka,Sabon Birni,,No,,Solidarités,2,1,18,Accessible,confirmed_by_partner_report (blank row - not flagged),,Partner,,,,,
Zamfara,Anka,Yarsabaya,,Yes,Maru,Solidarités,2,0,11,Accessible,confirmed_by_partner_report (blank row - not flagged),,Partner,,,,,
Zamfara,Anka,Wuya,,Yes,Maru,Solidarités,3,0,10,Accessible,confirmed_by_partner_report (blank row - not flagged),,Partner,,,,,
Zamfara,Anka,Bagega,,No,,Solidarités,2,0,9,Inaccessible,confirmed_by_partner_report,Solidarités,Partner,,,,Unknown (see Date reported by partner column),
Zamfara,Anka,Galadima,,Yes,Bakura; Gusau; Talata Mafara,Solidarités,2,0,9,Accessible,confirmed_by_partner_report (blank row - not flagged),,Partner,,,,,
Zamfara,Anka,Gwashi,,Yes,Bukkuyum,Solidarités,1,0,6,Accessible,confirmed_by_partner_report (blank row - not flagged),,Partner,,,,,
Zamfara,Anka,Barayar Zaki,,No,,Solidarités,1,0,4,Accessible,confirmed_by_partner_report (blank row - not flagged),,Partner,,,,,
Zamfara,Anka,Waramu,,No,,Solidarités,2,0,4,Accessible,confirmed_by_partner_report (blank row - not flagged),,Partner,,,,,
Zamfara,Bakura,Birnin Tudu,,Yes,Gummi,FACT,4,2,55,Accessible,confirmed_by_partner_report,FACT,Partner,N/A - fully accessible,NA,2026-04-09 00:00:00,2026-04-09,
Zamfara,Bakura,Danmanau,,No,,FACT,4,2,54,Accessible,confirmed_by_partner_report,FACT,Partner,N/A - fully accessible,NA,2026-04-09 00:00:00,2026-04-09,
Zamfara,Bakura,Bakura,,No,,FACT,3,1,39,Accessible,confirmed_by_partner_report,FACT,Partner,N/A - fully accessible,NA,2026-04-09 00:00:00,2026-04-09,
Zamfara,Bakura,Yargeda,,No,,FACT,2,1,34,Accessible,confirmed_by_partner_report,FACT,Partner,N/A - fully accessible,NA,2026-04-09 00:00:00,2026-04-09,
Zamfara,Bakura,Damri,,No,,FACT,2,1,30,Inaccessible,confirmed_by_partner_report,FACT,Partner,Insecurity / conflict,NA,2026-04-09 00:00:00,2026-04-09,
Zamfara,Bakura,Dankadu,,No,,FACT,8,0,25,Accessible,confirmed_by_partner_report,FACT,Partner,N/A - fully accessible,NA,2026-04-09 00:00:00,2026-04-09,
Zamfara,Bakura,Yarkofoji,,No,,FACT,2,0,14,Accessible,confirmed_by_partner_report,FACT,Partner,N/A - fully accessible,NA,2026-04-09 00:00:00,2026-04-09,
Zamfara,Bakura,Nasarawa,,Yes,Bukkuyum,FACT,0,1,12,Accessible,confirmed_by_partner_report,FACT,Partner,N/A - fully accessible,NA,2026-04-09 00:00:00,2026-04-09,
Zamfara,Bakura,Dakko,,No,,FACT,2,0,11,Inaccessible,confirmed_by_partner_report,FACT,Partner,Insecurity / conflict,NA,2026-04-09 00:00:00,2026-04-09,
Zamfara,Bakura,Rini,,No,,FACT,2,0,8,Accessible,confirmed_by_partner_report,FACT,Partner,N/A - fully accessible,NA,2026-04-09 00:00:00,2026-04-09,
Zamfara,Bakura,Galadima,,Yes,Anka; Gusau; Talata Mafara,FACT,2,0,5,Accessible,confirmed_by_partner_report,FACT,Partner,N/A - fully accessible,NA,2026-04-09 00:00:00,2026-04-09,
Zamfara,Bakura,Ruwan Jema,,Yes,Bukkuyum,FACT,1,0,1,Inaccessible,confirmed_by_partner_report,FACT,Partner,Other,Fall under Bukkuyum LGA,2026-04-09 00:00:00,2026-04-09,
Zamfara,Birnin Magaji,Madomawa East,,No,,FACT,2,2,73,Accessible,confirmed_by_partner_report,FACT,Partner,N/A - fully accessible,NA,2026-04-09 00:00:00,2026-04-09,
Zamfara,Birnin Magaji,Birnin Magaji,,Yes,Gummi,FACT,4,2,46,Accessible,confirmed_by_partner_report,FACT,Partner,N/A - fully accessible,NA,2026-04-09 00:00:00,2026-04-09,
Zamfara,Birnin Magaji,Madomawa West,,No,,FACT,7,0,32,Accessible,confirmed_by_partner_report,FACT,Partner,N/A - fully accessible,NA,2026-04-09 00:00:00,2026-04-09,
Zamfara,Birnin Magaji,Nassarawa Godel West,,No,,FACT,6,0,25,Accessible,confirmed_by_partner_report,FACT,Partner,N/A - fully accessible,NA,2026-04-09 00:00:00,2026-04-09,
Zamfara,Birnin Magaji,Nasarawa Mailayi,,No,,FACT,3,0,16,Inaccessible,confirmed_by_partner_report,FACT,Partner,Insecurity / conflict,NA,2026-04-09 00:00:00,2026-04-09,
Zamfara,Birnin Magaji,Nassarawa Godel East,,No,,FACT,3,0,14,Inaccessible,confirmed_by_partner_report,FACT,Partner,Insecurity / conflict,NA,2026-04-09 00:00:00,2026-04-09,
Zamfara,Birnin Magaji,Danfani Sabon Birni,,No,,FACT,3,0,13,Inaccessible,confirmed_by_partner_report,FACT,Partner,Insecurity / conflict,NA,2026-04-09 00:00:00,2026-04-09,
Zamfara,Birnin Magaji,Gusami Gari,,No,,FACT,2,0,9,Inaccessible,confirmed_by_partner_report,FACT,Partner,Insecurity / conflict,NA,2026-04-09 00:00:00,2026-04-09,
Zamfara,Birnin Magaji,Gusami Hayi,,No,,FACT,1,1,7,Inaccessible,confirmed_by_partner_report,FACT,Partner,Insecurity / conflict,NA,2026-04-09 00:00:00,2026-04-09,
Zamfara,Birnin Magaji,Gora,,No,,FACT,3,0,6,Inaccessible,confirmed_by_partner_report,FACT,Partner,Insecurity / conflict,NA,2026-04-09 00:00:00,2026-04-09,
Zamfara,Birnin Magaji,Wonaka,,Yes,Gusau,FACT,1,0,6,Inaccessible,confirmed_by_partner_report,FACT,Partner,Insecurity / conflict,NA,2026-04-09 00:00:00,2026-04-09,
Zamfara,Birnin Magaji,Banga,,No,,FACT,1,0,2,Inaccessible,confirmed_by_partner_report,FACT,Partner,Other,Falls under Kaura Namoda,2026-04-09 00:00:00,2026-04-09,
Zamfara,Birnin Magaji,Dan' Isa,,Yes,Kaura Namoda,FACT,1,0,1,Inaccessible,confirmed_by_partner_report,FACT,Partner,Other,Falls under Kaura Namoda,2026-04-09 00:00:00,2026-04-09,
Zamfara,Bukkuyum,Masama,,No,,FACT,1,2,47,Inaccessible,confirmed_by_partner_report,FACT,Partner,Insecurity / conflict,NA,2026-04-09 00:00:00,2026-04-09,
Zamfara,Bukkuyum,Gwashi,,Yes,Anka,FACT,4,2,36,Inaccessible,confirmed_by_partner_report,FACT,Partner,Insecurity / conflict,NA,2026-04-09 00:00:00,2026-04-09,
Zamfara,Bukkuyum,Kyaram,,Yes,Gummi,FACT,4,1,36,Accessible,confirmed_by_partner_report,FACT,Partner,N/A - fully accessible,NA,2026-04-09 00:00:00,2026-04-09,
Zamfara,Bukkuyum,Bukkuyum,,No,,FACT,2,1,30,Accessible,confirmed_by_partner_report,FACT,Partner,N/A - fully accessible,NA,2026-04-09 00:00:00,2026-04-09,
Zamfara,Bukkuyum,Nasarawa,,Yes,Bakura,FACT,1,2,24,Accessible,confirmed_by_partner_report,FACT,Partner,N/A - fully accessible,NA,2026-04-09 00:00:00,2026-04-09,
Zamfara,Bukkuyum,Zarummai,,No,,FACT,2,0,10,Accessible,confirmed_by_partner_report,FACT,Partner,N/A - fully accessible,NA,2026-04-09 00:00:00,2026-04-09,
Zamfara,Bukkuyum,Adabka,,No,,FACT,2,0,8,Accessible,confirmed_by_partner_report,FACT,Partner,N/A - fully accessible,NA,2026-04-09 00:00:00,2026-04-09,
Zamfara,Bukkuyum,Yashi,,No,,FACT,2,0,7,Accessible,confirmed_by_partner_report,FACT,Partner,N/A - fully accessible,NA,2026-04-09 00:00:00,2026-04-09,
Zamfara,Bukkuyum,Ruwan Jema,,Yes,Bakura,FACT,1,0,6,Accessible,confirmed_by_partner_report,FACT,Partner,N/A - fully accessible,NA,2026-04-09 00:00:00,2026-04-09,
Zamfara,Bukkuyum,Kyabu Kandu,,No,,FACT,1,0,0,Accessible,confirmed_by_partner_report,FACT,Partner,N/A - fully accessible,NA,2026-04-09 00:00:00,2026-04-09,
Zamfara,Bungudu,Kotorkoshi,,Yes,Tsafe,Save the Children,4,1,79,Accessible,confirmed_by_partner_report,Save the Children,Needs review,N/A - fully accessible,"Marked accessible by default (not an explicit per-ward partner confirmation): Save the Children provided a comprehensive review of their coverage area (Katsina/Zamfara summary + Kwande report, 2026-08-19), and reported no issue for this ward. Following our ""accessible until reported otherwise"" convention, applied here given the scope of their review - to be confirmed directly with the partner as a standard follow-up, not assumed permanent.",2026-08-21,2026-08-21,
Zamfara,Bungudu,Bela Rawaiya,,Yes,Gusau; Kaura Namoda,Save the Children,3,2,35,Accessible,confirmed_by_partner_report,Save the Children,Needs review,N/A - fully accessible,"Marked accessible by default (not an explicit per-ward partner confirmation): Save the Children provided a comprehensive review of their coverage area (Katsina/Zamfara summary + Kwande report, 2026-08-19), and reported no issue for this ward. Following our ""accessible until reported otherwise"" convention, applied here given the scope of their review - to be confirmed directly with the partner as a standard follow-up, not assumed permanent.",2026-08-21,2026-08-21,
Zamfara,Bungudu,Gada Karakai,,Yes,Maradun,Save the Children,6,0,24,Inaccessible,confirmed_by_partner_report,Save the Children,Partner,Insecurity / conflict,"Partner-reported (Save the Children, email/sheet 2026-08-19): ""Insecurity Ward and should be removed from the list"". 0 of 22 primary achieved.",2026-08-19,2026-08-19,0
Zamfara,Bungudu,Furfuri Kwaikwai,,Yes,Gusau,Save the Children,5,0,20,Accessible,confirmed_by_partner_report,Save the Children,Needs review,N/A - fully accessible,"Marked accessible by default (not an explicit per-ward partner confirmation): Save the Children provided a comprehensive review of their coverage area (Katsina/Zamfara summary + Kwande report, 2026-08-19), and reported no issue for this ward. Following our ""accessible until reported otherwise"" convention, applied here given the scope of their review - to be confirmed directly with the partner as a standard follow-up, not assumed permanent.",2026-08-21,2026-08-21,
Zamfara,Bungudu,Samawa,,No,,Save the Children,1,1,17,Inaccessible,confirmed_by_partner_report,Save the Children,Partner,Insecurity / conflict,"Partner-reported (Save the Children, email/sheet 2026-08-19): ""Insecurity Ward and should be removed from the list"". 0 of 6 primary achieved (this cluster, non_idp_NG037005_4, also has 1 household correctly split out to its own Tofa row - resolved 2026-08-21).",2026-08-19,2026-08-19,0
Zamfara,Bungudu,Bingi South,,Yes,Maru,Save the Children,2,0,12,Inaccessible,confirmed_by_partner_report,Save the Children,Partner,Insecurity / conflict,"Partner-reported (Save the Children, email/sheet 2026-08-19): ""Insecurity Ward and should be removed from the list"". 0 of 12 primary achieved.",2026-08-19,2026-08-19,0
Zamfara,Bungudu,Bungudu,,No,,Save the Children,2,1,12,Accessible,confirmed_by_partner_report,Save the Children,Needs review,N/A - fully accessible,"Marked accessible by default (not an explicit per-ward partner confirmation): Save the Children provided a comprehensive review of their coverage area (Katsina/Zamfara summary + Kwande report, 2026-08-19), and reported no issue for this ward. Following our ""accessible until reported otherwise"" convention, applied here given the scope of their review - to be confirmed directly with the partner as a standard follow-up, not assumed permanent.",2026-08-21,2026-08-21,
Zamfara,Bungudu,Nahuche,,No,,Save the Children,3,0,12,Accessible,confirmed_by_partner_report,Save the Children,Needs review,N/A - fully accessible,"Marked accessible by default (not an explicit per-ward partner confirmation): Save the Children provided a comprehensive review of their coverage area (Katsina/Zamfara summary + Kwande report, 2026-08-19), and reported no issue for this ward. Following our ""accessible until reported otherwise"" convention, applied here given the scope of their review - to be confirmed directly with the partner as a standard follow-up, not assumed permanent.",2026-08-21,2026-08-21,
Zamfara,Bungudu,Bingi North,,No,,Save the Children,1,0,6,Accessible,default_unreported,,Not yet reported,,,,,
Zamfara,Bungudu,Sankalawa,,No,,Save the Children,2,0,5,Accessible,confirmed_by_partner_report,Save the Children,Needs review,N/A - fully accessible,"Marked accessible by default (not an explicit per-ward partner confirmation): Save the Children provided a comprehensive review of their coverage area (Katsina/Zamfara summary + Kwande report, 2026-08-19), and reported no issue for this ward. Following our ""accessible until reported otherwise"" convention, applied here given the scope of their review - to be confirmed directly with the partner as a standard follow-up, not assumed permanent.",2026-08-21,2026-08-21,
Zamfara,Bungudu,Maru,,Yes,Maru,Save the Children,2,0,4,Accessible,confirmed_by_partner_report,Save the Children,Needs review,N/A - fully accessible,"Marked accessible by default (not an explicit per-ward partner confirmation): Save the Children provided a comprehensive review of their coverage area (Katsina/Zamfara summary + Kwande report, 2026-08-19), and reported no issue for this ward. Following our ""accessible until reported otherwise"" convention, applied here given the scope of their review - to be confirmed directly with the partner as a standard follow-up, not assumed permanent.",2026-08-21,2026-08-21,
Zamfara,Bungudu,Ruwan Doruma,,Yes,Maru,Save the Children,1,0,1,Accessible,confirmed_by_partner_report,Save the Children,Needs review,N/A - fully accessible,"Marked accessible by default (not an explicit per-ward partner confirmation): Save the Children provided a comprehensive review of their coverage area (Katsina/Zamfara summary + Kwande report, 2026-08-19), and reported no issue for this ward. Following our ""accessible until reported otherwise"" convention, applied here given the scope of their review - to be confirmed directly with the partner as a standard follow-up, not assumed permanent.",2026-08-21,2026-08-21,
Zamfara,Bungudu,Tofa,,No,,Save the Children,1,0,1,Inaccessible,confirmed_by_partner_report,Save the Children,Partner,Insecurity / conflict,"Partner-reported (Save the Children, email/sheet 2026-08-19): ""Insecurity Ward and should be removed from the list"" (originally reported as part of the shared Samawa cluster, non_idp_NG037005_4, before the ward-split fix separated it out 2026-08-21). 0 real Kobo submissions recorded for this ward as of 2026-08-21, consistent with the other 3 Bungudu insecurity wards.",2026-08-19,2026-08-19,0
Zamfara,Bungudu,Mayana,,Yes,Gusau,Save the Children,1,0,0,Accessible,confirmed_by_partner_report,Save the Children,Needs review,N/A - fully accessible,"Marked accessible by default (not an explicit per-ward partner confirmation): Save the Children provided a comprehensive review of their coverage area (Katsina/Zamfara summary + Kwande report, 2026-08-19), and reported no issue for this ward. Following our ""accessible until reported otherwise"" convention, applied here given the scope of their review - to be confirmed directly with the partner as a standard follow-up, not assumed permanent.",2026-08-21,2026-08-21,
Zamfara,Bungudu,Tudun Wada,,Yes,Gusau,Save the Children,1,0,0,Accessible,confirmed_by_partner_report,Save the Children,Needs review,N/A - fully accessible,"Marked accessible by default (not an explicit per-ward partner confirmation): Save the Children provided a comprehensive review of their coverage area (Katsina/Zamfara summary + Kwande report, 2026-08-19), and reported no issue for this ward. Following our ""accessible until reported otherwise"" convention, applied here given the scope of their review - to be confirmed directly with the partner as a standard follow-up, not assumed permanent.",2026-08-21,2026-08-21,
Zamfara,Gummi,Birnin Tudu,,Yes,Bakura,FACT,4,1,109,Accessible,confirmed_by_partner_report,FACT,Partner,N/A - fully accessible,NA,2026-04-09 00:00:00,2026-04-09,
Zamfara,Gummi,Bardoki,,No,,FACT,6,1,41,Inaccessible,confirmed_by_partner_report,FACT,Partner,Insecurity / conflict,NA,2026-04-09 00:00:00,2026-04-09,
Zamfara,Gummi,Magaji,,Yes,Anka,FACT,4,0,24,Accessible,confirmed_by_partner_report,FACT,Partner,N/A - fully accessible,NA,2026-04-09 00:00:00,2026-04-09,
Zamfara,Gummi,Falale,,No,,FACT,2,0,8,Accessible,confirmed_by_partner_report,FACT,Partner,N/A - fully accessible,NA,2026-04-09 00:00:00,2026-04-09,
Zamfara,Gummi,Gamo,,No,,FACT,1,1,7,Inaccessible,confirmed_by_partner_report,FACT,Partner,Insecurity / conflict,NA,2026-04-09 00:00:00,2026-04-09,
Zamfara,Gummi,Birnin Magaji,,Yes,Birnin Magaji,FACT,1,0,6,Accessible,confirmed_by_partner_report,FACT,Partner,N/A - fully accessible,NA,2026-04-09 00:00:00,2026-04-09,
Zamfara,Gummi,Gyalganye,,No,,FACT,1,0,6,Accessible,confirmed_by_partner_report,FACT,Partner,N/A - fully accessible,NA,2026-04-09 00:00:00,2026-04-09,
Zamfara,Gummi,Kyaram,,Yes,Bukkuyum,FACT,1,0,2,Accessible,confirmed_by_partner_report,FACT,Partner,N/A - fully accessible,NA,2026-04-09 00:00:00,2026-04-09,
Zamfara,Gummi,Rafi,,No,,FACT,1,0,1,Accessible,confirmed_by_partner_report,FACT,Partner,N/A - fully accessible,NA,2026-04-09 00:00:00,2026-04-09,
Zamfara,Gummi,Uban Dawaki,,No,,FACT,1,0,0,Accessible,confirmed_by_partner_report,FACT,Partner,N/A - fully accessible,NA,2026-04-09 00:00:00,2026-04-09,
Zamfara,Gusau,Galadima,,Yes,Anka; Bakura; Talata Mafara,INTERSOS,4,4,80,Accessible,confirmed_by_partner_report,INTERSOS,Partner,,,,Unknown (see Date reported by partner column),
Zamfara,Gusau,Tudun Wada,,Yes,Bungudu,INTERSOS,4,3,54,Accessible,confirmed_by_partner_report,INTERSOS,Partner,,,,Unknown (see Date reported by partner column),
Zamfara,Gusau,Wanke,,No,,INTERSOS,2,3,26,Inaccessible,confirmed_by_partner_report,INTERSOS,Partner,,,,Unknown (see Date reported by partner column),
Zamfara,Gusau,Rijiya,,No,,INTERSOS,4,0,17,Accessible,confirmed_by_partner_report,INTERSOS,Partner,,,,Unknown (see Date reported by partner column),
Zamfara,Gusau,Mada,,No,,INTERSOS,0,1,12,Inaccessible,confirmed_by_partner_report,INTERSOS,Partner,,,,Unknown (see Date reported by partner column),
Zamfara,Gusau,Magami,,No,,INTERSOS,1,1,12,Inaccessible,confirmed_by_partner_report,INTERSOS,Partner,,,,Unknown (see Date reported by partner column),
Zamfara,Gusau,Mayana,,Yes,Bungudu,INTERSOS,1,1,12,Accessible,confirmed_by_partner_report,INTERSOS,Partner,,,,Unknown (see Date reported by partner column),
Zamfara,Gusau,Madawaki,,No,,INTERSOS,2,0,7,Accessible,confirmed_by_partner_report (blank row - not flagged),,Partner,,,,,
Zamfara,Gusau,Ruwan Bore,,No,,INTERSOS,1,0,6,Inaccessible,confirmed_by_partner_report,INTERSOS,Partner,,,,Unknown (see Date reported by partner column),
Zamfara,Gusau,Wonaka,,Yes,Birnin Magaji,INTERSOS,1,0,6,Inaccessible,confirmed_by_partner_report,INTERSOS,Partner,,,,Unknown (see Date reported by partner column),
Zamfara,Gusau,Furfuri Kwaikwai,,Yes,Bungudu,INTERSOS,1,0,4,Accessible,confirmed_by_partner_report,INTERSOS,Partner,,,,Unknown (see Date reported by partner column),
Zamfara,Gusau,Sabon Gari,,No,,INTERSOS,1,0,4,Accessible,confirmed_by_partner_report (blank row - not flagged),,Partner,,,,,
Zamfara,Gusau,Bela Rawaiya,,Yes,Bungudu; Kaura Namoda,INTERSOS,1,0,0,Accessible,confirmed_by_partner_report,INTERSOS,Partner,,,,Unknown (see Date reported by partner column),
Zamfara,Kaura Namoda,Sarkin Mafara-Sarkin Baura,,No,,DRC,5,1,51,Accessible,default_unreported,,Not yet reported,,,,,
Zamfara,Kaura Namoda,Kyambarawa,,No,,DRC,2,2,31,Accessible,default_unreported,,Not yet reported,,,,,
Zamfara,Kaura Namoda,Kagara,,Yes,Talata Mafara,DRC,0,1,24,Accessible,default_unreported,,Not yet reported,,,,,
Zamfara,Kaura Namoda,Galadima Dan Galadima,,No,,DRC,4,1,21,Accessible,default_unreported,,Not yet reported,,,,,
Zamfara,Kaura Namoda,Kungurki,,No,,DRC,4,1,20,Accessible,default_unreported,,Not yet reported,,,,,
Zamfara,Kaura Namoda,Gabake,,No,,DRC,4,0,19,Accessible,default_unreported,,Not yet reported,,,,,
Zamfara,Kaura Namoda,Yankaba,,No,,DRC,2,1,15,Accessible,default_unreported,,Not yet reported,,,,,
Zamfara,Kaura Namoda,Dan' Isa,,Yes,Birnin Magaji,DRC,1,0,6,Accessible,default_unreported,,Not yet reported,,,,,
Zamfara,Kaura Namoda,Kurya,,Yes,Shinkafi; Zurmi,DRC,1,0,6,Accessible,default_unreported,,Not yet reported,,,,,
Zamfara,Kaura Namoda,Sakajiki,,No,,DRC,1,1,6,Accessible,default_unreported,,Not yet reported,,,,,
Zamfara,Kaura Namoda,Bela Rawaiya,,Yes,Bungudu; Gusau,DRC,2,0,5,Accessible,default_unreported,,Not yet reported,,,,,
Zamfara,Kaura Namoda,Kanwa,,Yes,Zurmi,DRC,1,0,0,Accessible,default_unreported,,Not yet reported,,,,,
Zamfara,Maradun,Dosara Birnin Kaya,,No,,FACT,7,2,109,Accessible,confirmed_by_partner_report,FACT,Partner,N/A - fully accessible,NA,2026-04-09 00:00:00,2026-04-09,
Zamfara,Maradun,Janbako,,No,,FACT,1,3,49,Inaccessible,confirmed_by_partner_report,FACT,Partner,Insecurity / conflict,NA,2026-04-09 00:00:00,2026-04-09,
Zamfara,Maradun,Faru Magami,,No,,FACT,5,0,23,Inaccessible,confirmed_by_partner_report,FACT,Partner,Insecurity / conflict,NA,2026-04-09 00:00:00,2026-04-09,
Zamfara,Maradun,Maradun South,,No,,FACT,6,0,22,Accessible,confirmed_by_partner_report,FACT,Partner,N/A - fully accessible,NA,2026-04-09 00:00:00,2026-04-09,
Zamfara,Maradun,Maradun North,,No,,FACT,5,0,19,Accessible,confirmed_by_partner_report,FACT,Partner,N/A - fully accessible,NA,2026-04-09 00:00:00,2026-04-09,
Zamfara,Maradun,Damaga Gamagiwa,,No,,FACT,2,0,11,Inaccessible,confirmed_by_partner_report,FACT,Partner,Insecurity / conflict,NA,2026-04-09 00:00:00,2026-04-09,
Zamfara,Maradun,Gorar Namaye,,No,,FACT,2,0,11,Inaccessible,confirmed_by_partner_report,FACT,Partner,Insecurity / conflict,NA,2026-04-09 00:00:00,2026-04-09,
Zamfara,Maradun,Gidan Goga,,No,,FACT,2,0,10,Inaccessible,confirmed_by_partner_report,FACT,Partner,Insecurity / conflict,NA,2026-04-09 00:00:00,2026-04-09,
Zamfara,Maradun,Kaya,,Yes,Shinkafi; Zurmi,FACT,2,0,9,Inaccessible,confirmed_by_partner_report,FACT,Partner,Insecurity / conflict,NA,2026-04-09 00:00:00,2026-04-09,
Zamfara,Maradun,Tsibiri,,Yes,Zurmi,FACT,1,0,6,Inaccessible,confirmed_by_partner_report,FACT,Partner,Insecurity / conflict,NA,2026-04-09 00:00:00,2026-04-09,
Zamfara,Maradun,Morai,,Yes,Maru; Talata Mafara,FACT,1,0,4,Inaccessible,confirmed_by_partner_report,FACT,Partner,Insecurity / conflict,NA,2026-04-09 00:00:00,2026-04-09,
Zamfara,Maradun,Boko,,Yes,Zurmi,FACT,1,0,2,Inaccessible,confirmed_by_partner_report,FACT,Partner,Other,Falls under Zurmi LGA,2026-04-09 00:00:00,2026-04-09,
Zamfara,Maradun,Gada Karakai,,Yes,Bungudu,FACT,1,0,1,Inaccessible,confirmed_by_partner_report,FACT,Partner,Insecurity / conflict,NA,2026-04-09 00:00:00,2026-04-09,
Zamfara,Maru,Maru,,Yes,Bungudu,INTERSOS,7,1,65,Accessible,confirmed_by_partner_report,INTERSOS,Partner,,,,Unknown (see Date reported by partner column),
Zamfara,Maru,Ruwan Doruma,,Yes,Bungudu,INTERSOS,4,1,45,Accessible,confirmed_by_partner_report,INTERSOS,Partner,,,,Unknown (see Date reported by partner column),
Zamfara,Maru,Kanoma,,No,,INTERSOS,1,2,36,Inaccessible,confirmed_by_partner_report,INTERSOS,Partner,,,,Unknown (see Date reported by partner column),
Zamfara,Maru,Kuyanbana,,No,,INTERSOS,6,0,26,Inaccessible,confirmed_by_partner_report,INTERSOS,Partner,,,,Unknown (see Date reported by partner column),
Zamfara,Maru,Dansadau,,No,,INTERSOS,5,0,25,Inaccessible,confirmed_by_partner_report,INTERSOS,Partner,,,,Unknown (see Date reported by partner column),
Zamfara,Maru,Bingi,,No,,INTERSOS,4,0,23,Inaccessible,confirmed_by_partner_report,INTERSOS,Partner,,,,Unknown (see Date reported by partner column),
Zamfara,Maru,Mayanchi,,No,,INTERSOS,3,1,23,Inaccessible,confirmed_by_partner_report,INTERSOS,Partner,,,,Unknown (see Date reported by partner column),
Zamfara,Maru,Bindin,,No,,INTERSOS,2,1,18,Inaccessible,confirmed_by_partner_report,INTERSOS,Partner,,,,Unknown (see Date reported by partner column),
Zamfara,Maru,Dangulbi,,No,,INTERSOS,2,1,18,Inaccessible,confirmed_by_partner_report,INTERSOS,Partner,,,,Unknown (see Date reported by partner column),
Zamfara,Maru,Kotonkoro,,No,,INTERSOS,3,0,13,Accessible,default_unreported,,Not yet reported,,,,,
Zamfara,Maru,Dankurmi,,No,,INTERSOS,2,0,12,Inaccessible,confirmed_by_partner_report,INTERSOS,Partner,,,,Unknown (see Date reported by partner column),
Zamfara,Maru,Dan Umaru Mairairai,,No,,INTERSOS,2,0,11,Accessible,default_unreported,,Not yet reported,,,,,
Zamfara,Maru,Bingi South,,Yes,Bungudu,INTERSOS,1,0,6,Accessible,default_unreported,,Not yet reported,,,,,
Zamfara,Maru,Morai,,Yes,Maradun; Talata Mafara,INTERSOS,2,0,5,Accessible,default_unreported,,Not yet reported,,,,,
Zamfara,Maru,Gwaram,,Yes,Talata Mafara,INTERSOS,1,0,1,Accessible,default_unreported,,Not yet reported,,,,,
Zamfara,Maru,Wuya,,Yes,Anka,INTERSOS,1,0,1,Accessible,default_unreported,,Not yet reported,,,,,
Zamfara,Maru,Yarsabaya,,Yes,Anka,INTERSOS,1,0,1,Accessible,default_unreported,,Not yet reported,,,,,
Zamfara,Shinkafi,Shinkafi South,,No,,FACT,1,1,51,Accessible,confirmed_by_partner_report,FACT,Partner,N/A - fully accessible,NA,2026-04-09 00:00:00,2026-04-09,
Zamfara,Shinkafi,Shinkafi North,,No,,FACT,2,1,33,Accessible,confirmed_by_partner_report,FACT,Partner,N/A - fully accessible,NA,2026-04-09 00:00:00,2026-04-09,
Zamfara,Shinkafi,Galadi,,No,,FACT,2,1,29,Accessible,confirmed_by_partner_report,FACT,Partner,N/A - fully accessible,NA,2026-04-09 00:00:00,2026-04-09,
Zamfara,Shinkafi,Jangeru,,No,,FACT,4,1,28,Accessible,confirmed_by_partner_report,FACT,Partner,N/A - fully accessible,NA,2026-04-09 00:00:00,2026-04-09,
Zamfara,Shinkafi,Badarawa,,No,,FACT,2,1,27,Accessible,confirmed_by_partner_report,FACT,Partner,N/A - fully accessible,NA,2026-04-09 00:00:00,2026-04-09,
Zamfara,Shinkafi,Kware,,No,,FACT,3,1,27,Inaccessible,confirmed_by_partner_report,FACT,Partner,Insecurity / conflict,NA,2026-04-09 00:00:00,2026-04-09,
Zamfara,Shinkafi,Kurya,,Yes,Kaura Namoda; Zurmi,FACT,2,0,12,Inaccessible,confirmed_by_partner_report,FACT,Partner,Insecurity / conflict,NA,2026-04-09 00:00:00,2026-04-09,
Zamfara,Shinkafi,Katuru,,No,,FACT,2,0,8,Accessible,confirmed_by_partner_report,FACT,Partner,N/A - fully accessible,NA,2026-04-09 00:00:00,2026-04-09,
Zamfara,Shinkafi,Shanawa,,No,,FACT,1,0,6,Accessible,confirmed_by_partner_report,FACT,Partner,N/A - fully accessible,NA,2026-04-09 00:00:00,2026-04-09,
Zamfara,Shinkafi,Isa South,,No,,FACT,1,0,4,Inaccessible,confirmed_by_partner_report,FACT,Partner,Other,Falls under Sokoto State,3036-04-09 00:00:00,Unknown (see Date reported by partner column),
Zamfara,Shinkafi,Gebe A,,No,,FACT,1,0,3,Inaccessible,confirmed_by_partner_report,FACT,Partner,Other,Falls under Sokoto State,3036-04-09 00:00:00,Unknown (see Date reported by partner column),
Zamfara,Shinkafi,Kaya,,Yes,Maradun; Zurmi,FACT,1,0,1,Inaccessible,confirmed_by_partner_report,FACT,Partner,Insecurity / conflict,NA,2026-04-09 00:00:00,2026-04-09,
Zamfara,Talata Mafara,Jangebe,,No,,FACT,3,2,43,Inaccessible,confirmed_by_partner_report,FACT,Partner,Insecurity / conflict,NA,2026-04-09 00:00:00,2026-04-09,
Zamfara,Talata Mafara,Kayaye,,No,,FACT,2,1,34,Accessible,confirmed_by_partner_report,FACT,Partner,N/A - fully accessible,NA,2026-04-09 00:00:00,2026-04-09,
Zamfara,Talata Mafara,Morai,,Yes,Maradun; Maru,FACT,3,2,30,Inaccessible,confirmed_by_partner_report,FACT,Partner,Insecurity / conflict,NA,2026-04-09 00:00:00,2026-04-09,
Zamfara,Talata Mafara,Galadima,,Yes,Anka; Bakura; Gusau,FACT,2,0,27,Accessible,confirmed_by_partner_report,FACT,Partner,N/A - fully accessible,NA,2026-04-09 00:00:00,2026-04-09,
Zamfara,Talata Mafara,Gusari-Garbadu,,No,,FACT,3,1,26,Inaccessible,confirmed_by_partner_report,FACT,Partner,Insecurity / conflict,NA,2026-04-09 00:00:00,2026-04-09,
Zamfara,Talata Mafara,Sauna Ruwan Gora,,No,,FACT,5,0,21,Inaccessible,confirmed_by_partner_report,FACT,Partner,Insecurity / conflict,NA,2026-04-09 00:00:00,2026-04-09,
Zamfara,Talata Mafara,Gwaram,,Yes,Maru,FACT,2,0,8,Inaccessible,confirmed_by_partner_report,FACT,Partner,Insecurity / conflict,NA,2026-04-09 00:00:00,2026-04-09,
Zamfara,Talata Mafara,Kagara,,Yes,Kaura Namoda,FACT,3,0,8,Inaccessible,confirmed_by_partner_report,FACT,Partner,Insecurity / conflict,NA,2026-04-09 00:00:00,2026-04-09,
Zamfara,Talata Mafara,Ruwan Gizo,,No,,FACT,1,0,4,Inaccessible,confirmed_by_partner_report,FACT,Partner,Insecurity / conflict,NA,2026-04-09 00:00:00,2026-04-09,
Zamfara,Talata Mafara,Makera-Take Tsaba,,No,,FACT,1,0,3,Inaccessible,confirmed_by_partner_report,FACT,Partner,Insecurity / conflict,NA,2026-04-09 00:00:00,2026-04-09,
Zamfara,Tsafe,Yandoton Daji,,No,,IRC,2,2,62,Accessible,confirmed_by_partner_report (blank row - not flagged),,Partner,,,,,
Zamfara,Tsafe,Bilbis,,No,,IRC,4,1,58,Accessible,confirmed_by_partner_report (blank row - not flagged),,Partner,,,,,
Zamfara,Tsafe,Tsafe Central,,No,,IRC,4,0,27,Accessible,confirmed_by_partner_report (blank row - not flagged),,Partner,,,,,
Zamfara,Tsafe,Kwaren Ganuwa,,No,,IRC,3,1,15,Accessible,confirmed_by_partner_report (blank row - not flagged),,Partner,,,,,
Zamfara,Tsafe,Chediya,,No,,IRC,3,0,12,Accessible,confirmed_by_partner_report (blank row - not flagged),,Partner,,,,,
Zamfara,Tsafe,Danjibga,,No,,IRC,1,0,6,Accessible,confirmed_by_partner_report (blank row - not flagged),,Partner,,,,,
Zamfara,Tsafe,Dauki,,No,,IRC,1,0,6,Accessible,confirmed_by_partner_report (blank row - not flagged),,Partner,,,,,
Zamfara,Tsafe,Yankuzo A,,No,,IRC,1,0,6,Accessible,confirmed_by_partner_report (blank row - not flagged),,Partner,,,,,
Zamfara,Tsafe,Yanware,,No,,IRC,1,0,6,Accessible,confirmed_by_partner_report (blank row - not flagged),,Partner,,,,,
Zamfara,Tsafe,Kotorkoshi,,Yes,Bungudu,IRC,1,0,0,Accessible,confirmed_by_partner_report (blank row - not flagged),,Partner,,,,,
Zamfara,Zurmi,Zurmi,,No,,FACT,3,1,78,Accessible,confirmed_by_partner_report,FACT,Partner,N/A - fully accessible,NA,2026-04-09 00:00:00,2026-04-09,
Zamfara,Zurmi,Dauran Birnin Tsaba,,No,,FACT,2,1,31,Inaccessible,confirmed_by_partner_report,FACT,Partner,Insecurity / conflict,NA,2026-04-09 00:00:00,2026-04-09,
Zamfara,Zurmi,Kanwa,,Yes,Kaura Namoda,FACT,6,0,24,Accessible,confirmed_by_partner_report,FACT,Partner,N/A - fully accessible,NA,2026-04-09 00:00:00,2026-04-09,
Zamfara,Zurmi,Moriki,,No,,FACT,2,1,24,Accessible,confirmed_by_partner_report,FACT,Partner,N/A - fully accessible,NA,2026-04-09 00:00:00,2026-04-09,
Zamfara,Zurmi,Boko,,Yes,Maradun,FACT,5,0,20,Accessible,confirmed_by_partner_report,FACT,Partner,N/A - fully accessible,NA,2026-04-09 00:00:00,2026-04-09,
Zamfara,Zurmi,Rukudawa,,No,,FACT,3,0,14,Inaccessible,confirmed_by_partner_report,FACT,Partner,Insecurity / conflict,NA,2026-04-09 00:00:00,2026-04-09,
Zamfara,Zurmi,Yanbuki-Dutsi,,No,,FACT,2,0,9,Inaccessible,confirmed_by_partner_report,FACT,Partner,Insecurity / conflict,NA,2026-04-09 00:00:00,2026-04-09,
Zamfara,Zurmi,Dole,,No,,FACT,2,0,8,Inaccessible,confirmed_by_partner_report,FACT,Partner,Insecurity / conflict,NA,2026-04-09 00:00:00,2026-04-09,
Zamfara,Zurmi,Kurya,,Yes,Kaura Namoda; Shinkafi,FACT,0,1,6,Inaccessible,confirmed_by_partner_report,FACT,Partner,Insecurity / conflict,NA,2026-04-09 00:00:00,2026-04-09,
Zamfara,Zurmi,Mayasa Kuturu,,No,,FACT,1,0,6,Inaccessible,confirmed_by_partner_report,FACT,Partner,Insecurity / conflict,NA,2026-04-09 00:00:00,2026-04-09,
Zamfara,Zurmi,Kaya,,Yes,Maradun; Shinkafi,FACT,2,0,4,Inaccessible,confirmed_by_partner_report,FACT,Partner,Insecurity / conflict,NA,2026-04-09 00:00:00,2026-04-09,
Zamfara,Zurmi,Tsibiri,,Yes,Maradun,FACT,1,0,4,Inaccessible,confirmed_by_partner_report,FACT,Partner,Insecurity / conflict,NA,2026-04-09 00:00:00,2026-04-09,
