cluster_id,pop_type,target_households,n_achieved,currently_accessible,n_accessible_primary_post_threshold,status
idp_NG002001_1,idp,6,10,TRUE,6,completed
idp_NG002001_11,idp,6,20,TRUE,6,completed
idp_NG002001_12,idp,12,0,TRUE,0,not_started_other
idp_NG002001_13,idp,24,0,FALSE,0,not_started_access_lost
idp_NG002001_17,idp,6,0,TRUE,0,not_started_other
idp_NG002001_2,idp,18,0,FALSE,0,not_started_access_lost
idp_NG002001_5,idp,12,15,TRUE,12,completed
idp_NG002001_7,idp,6,7,FALSE,0,completed
idp_NG002001_8,idp,18,39,TRUE,18,completed
idp_NG002001_supp1,idp,6,0,FALSE,0,not_started_access_lost
idp_NG002001_supp2,idp,6,10,FALSE,0,completed
idp_NG002001_supp3,idp,6,0,FALSE,0,not_started_access_lost
idp_NG002001_supp5,idp,6,10,FALSE,0,completed
idp_NG002001_supp6,idp,6,4,TRUE,0,not_started_other
idp_NG002001_supp7,idp,6,4,TRUE,0,not_started_other
idp_NG002001_supp8,idp,6,0,TRUE,0,not_started_other
idp_NG002002_1,idp,30,29,TRUE,30,not_started_other
idp_NG002002_10,idp,6,8,TRUE,6,completed
idp_NG002002_11,idp,6,6,TRUE,6,completed
idp_NG002002_12,idp,6,0,TRUE,6,not_started_other
idp_NG002002_13,idp,6,5,TRUE,6,not_started_other
idp_NG002002_14,idp,18,16,TRUE,18,not_started_other
idp_NG002002_6,idp,6,5,TRUE,6,not_started_other
idp_NG002002_7,idp,18,17,TRUE,18,not_started_other
idp_NG002003_1,idp,6,0,TRUE,6,not_started_other
idp_NG002003_13,idp,6,5,TRUE,6,not_started_other
idp_NG002003_2,idp,36,31,TRUE,36,not_started_other
idp_NG002003_8,idp,30,31,TRUE,30,completed
idp_NG002004_1,idp,6,0,FALSE,0,not_started_access_lost
idp_NG002004_10,idp,6,0,TRUE,6,not_started_other
idp_NG002004_11,idp,6,0,FALSE,0,not_started_access_lost
idp_NG002004_12,idp,6,0,FALSE,0,not_started_access_lost
idp_NG002004_13,idp,6,0,FALSE,0,not_started_access_lost
idp_NG002004_14,idp,18,0,FALSE,0,not_started_access_lost
idp_NG002004_2,idp,12,18,FALSE,0,completed
idp_NG002004_4,idp,6,0,FALSE,0,not_started_access_lost
idp_NG002004_5,idp,24,22,TRUE,24,not_started_other
idp_NG002004_9,idp,6,0,TRUE,6,not_started_other
idp_NG002004_supp1,idp,6,0,TRUE,6,not_started_other
idp_NG002004_supp2,idp,6,0,TRUE,6,not_started_other
idp_NG002004_supp3,idp,6,0,FALSE,0,not_started_access_lost
idp_NG002004_supp4,idp,6,0,TRUE,6,not_started_other
idp_NG002004_supp5,idp,6,0,TRUE,6,not_started_other
idp_NG002005_1,idp,6,6,TRUE,6,completed
idp_NG002005_11,idp,12,11,TRUE,0,not_started_other
idp_NG002005_13,idp,6,6,TRUE,6,completed
idp_NG002005_14,idp,6,8,TRUE,6,completed
idp_NG002005_15,idp,6,6,TRUE,6,completed
idp_NG002005_16,idp,6,12,TRUE,6,completed
idp_NG002005_17,idp,6,10,TRUE,6,completed
idp_NG002005_2,idp,6,6,TRUE,6,completed
idp_NG002005_3,idp,6,7,TRUE,6,completed
idp_NG002005_4,idp,6,7,TRUE,6,completed
idp_NG002005_5,idp,36,36,TRUE,36,completed
idp_NG002006_1,idp,24,0,FALSE,0,not_started_access_lost
idp_NG002006_12,idp,6,0,FALSE,0,not_started_access_lost
idp_NG002006_13,idp,6,0,TRUE,6,not_started_other
idp_NG002006_14,idp,6,0,FALSE,0,not_started_access_lost
idp_NG002006_15,idp,6,11,TRUE,6,completed
idp_NG002006_16,idp,6,0,TRUE,6,not_started_other
idp_NG002006_5,idp,24,0,FALSE,0,not_started_access_lost
idp_NG002006_9,idp,18,0,TRUE,18,not_started_other
idp_NG002007_1,idp,6,0,TRUE,6,not_started_other
idp_NG002007_10,idp,6,0,FALSE,0,not_started_access_lost
idp_NG002007_11,idp,6,0,FALSE,0,not_started_access_lost
idp_NG002007_12,idp,30,26,TRUE,30,not_started_other
idp_NG002007_2,idp,6,0,TRUE,6,not_started_other
idp_NG002007_3,idp,6,0,TRUE,6,not_started_other
idp_NG002007_4,idp,6,0,FALSE,0,not_started_access_lost
idp_NG002007_5,idp,6,0,FALSE,0,not_started_access_lost
idp_NG002007_6,idp,6,0,FALSE,0,not_started_access_lost
idp_NG002007_7,idp,6,0,TRUE,6,not_started_other
idp_NG002007_8,idp,6,5,TRUE,6,not_started_other
idp_NG002007_9,idp,6,6,TRUE,6,completed
idp_NG002007_supp1,idp,6,0,TRUE,6,not_started_other
idp_NG002007_supp2,idp,6,0,TRUE,6,not_started_other
idp_NG002007_supp3,idp,6,0,TRUE,6,not_started_other
idp_NG002008_1,idp,6,5,TRUE,6,not_started_other
idp_NG002008_2,idp,36,33,TRUE,36,not_started_other
idp_NG002008_8,idp,24,24,TRUE,24,completed
idp_NG002009_1,idp,6,0,FALSE,0,not_started_access_lost
idp_NG002009_10,idp,18,0,TRUE,18,not_started_other
idp_NG002009_13,idp,6,0,TRUE,6,not_started_other
idp_NG002009_14,idp,12,0,TRUE,12,not_started_other
idp_NG002009_16,idp,6,6,TRUE,6,completed
idp_NG002009_2,idp,12,0,TRUE,12,not_started_other
idp_NG002009_4,idp,6,0,FALSE,0,not_started_access_lost
idp_NG002009_5,idp,12,10,TRUE,12,not_started_other
idp_NG002009_7,idp,18,17,TRUE,18,not_started_other
idp_NG002010_1,idp,30,26,TRUE,30,not_started_other
idp_NG002010_10,idp,6,0,TRUE,6,not_started_other
idp_NG002010_11,idp,6,0,TRUE,6,not_started_other
idp_NG002010_12,idp,6,0,TRUE,6,not_started_other
idp_NG002010_13,idp,12,0,TRUE,12,not_started_other
idp_NG002010_15,idp,6,6,TRUE,6,completed
idp_NG002010_16,idp,6,5,TRUE,6,not_started_other
idp_NG002010_17,idp,6,2,TRUE,6,not_started_other
idp_NG002010_6,idp,6,6,TRUE,6,completed
idp_NG002010_7,idp,12,0,TRUE,12,not_started_other
idp_NG002010_9,idp,6,0,TRUE,6,not_started_other
idp_NG002011_1,idp,12,0,TRUE,12,not_started_other
idp_NG002011_10,idp,6,0,TRUE,6,not_started_other
idp_NG002011_11,idp,6,0,TRUE,6,not_started_other
idp_NG002011_12,idp,12,10,TRUE,12,not_started_other
idp_NG002011_14,idp,6,6,TRUE,6,completed
idp_NG002011_15,idp,6,6,TRUE,6,completed
idp_NG002011_16,idp,6,0,TRUE,6,not_started_other
idp_NG002011_3,idp,12,0,TRUE,12,not_started_other
idp_NG002011_5,idp,24,16,TRUE,24,not_started_other
idp_NG002011_9,idp,6,6,TRUE,6,completed
idp_NG002012_1,idp,18,17,TRUE,18,not_started_other
idp_NG002012_13,idp,12,12,TRUE,12,completed
idp_NG002012_4,idp,18,28,TRUE,18,completed
idp_NG002012_7,idp,12,12,TRUE,12,completed
idp_NG002012_9,idp,24,22,TRUE,24,not_started_other
idp_NG002013_1,idp,6,6,TRUE,6,completed
idp_NG002013_10,idp,36,34,TRUE,36,not_started_other
idp_NG002013_16,idp,6,6,TRUE,6,completed
idp_NG002013_2,idp,12,0,TRUE,12,not_started_other
idp_NG002013_4,idp,12,12,TRUE,12,completed
idp_NG002013_6,idp,6,6,TRUE,6,completed
idp_NG002013_7,idp,12,12,TRUE,12,completed
idp_NG002013_9,idp,6,6,TRUE,6,completed
idp_NG002014_1,idp,66,43,TRUE,66,not_started_other
idp_NG002014_12,idp,6,0,TRUE,6,not_started_other
idp_NG002014_13,idp,6,0,TRUE,6,not_started_other
idp_NG002014_14,idp,12,5,TRUE,12,not_started_other
idp_NG002014_16,idp,6,5,TRUE,6,not_started_other
idp_NG002014_17,idp,6,0,TRUE,6,not_started_other
idp_NG002015_1,idp,12,9,TRUE,12,not_started_other
idp_NG002015_10,idp,36,34,TRUE,36,not_started_other
idp_NG002015_16,idp,6,6,TRUE,6,completed
idp_NG002015_17,idp,6,0,TRUE,6,not_started_other
idp_NG002015_3,idp,42,37,TRUE,42,not_started_other
idp_NG002016_1,idp,6,0,FALSE,0,not_started_access_lost
idp_NG002016_10,idp,12,11,TRUE,12,not_started_other
idp_NG002016_12,idp,12,11,TRUE,12,not_started_other
idp_NG002016_14,idp,24,22,TRUE,24,not_started_other
idp_NG002016_2,idp,18,13,TRUE,18,not_started_other
idp_NG002016_5,idp,6,12,TRUE,6,completed
idp_NG002016_6,idp,6,0,TRUE,6,not_started_other
idp_NG002016_7,idp,18,18,TRUE,18,completed
idp_NG002017_1,idp,30,5,TRUE,30,not_started_other
idp_NG002017_10,idp,24,2,TRUE,24,not_started_other
idp_NG002017_14,idp,18,2,TRUE,18,not_started_other
idp_NG002017_6,idp,6,3,TRUE,6,not_started_other
idp_NG002017_7,idp,6,3,TRUE,6,not_started_other
idp_NG002017_8,idp,6,4,TRUE,6,not_started_other
idp_NG002017_9,idp,6,0,TRUE,6,not_started_other
idp_NG002018_1,idp,6,8,TRUE,6,completed
idp_NG002018_10,idp,6,0,TRUE,0,not_started_other
idp_NG002018_11,idp,6,0,TRUE,0,not_started_other
idp_NG002018_12,idp,6,6,TRUE,6,completed
idp_NG002018_13,idp,12,0,TRUE,0,not_started_other
idp_NG002018_15,idp,12,13,TRUE,12,completed
idp_NG002018_2,idp,6,10,TRUE,6,completed
idp_NG002018_3,idp,6,11,TRUE,6,completed
idp_NG002018_4,idp,12,0,TRUE,12,not_started_other
idp_NG002018_6,idp,18,25,TRUE,18,completed
idp_NG002018_9,idp,6,12,TRUE,6,completed
idp_NG002019_1,idp,42,39,TRUE,42,not_started_other
idp_NG002019_8,idp,6,6,TRUE,6,completed
idp_NG002020_1,idp,6,5,TRUE,6,not_started_other
idp_NG002020_16,idp,6,0,TRUE,6,not_started_other
idp_NG002020_17,idp,6,0,TRUE,6,not_started_other
idp_NG002020_2,idp,24,0,TRUE,24,not_started_other
idp_NG002020_6,idp,18,18,TRUE,18,completed
idp_NG002020_9,idp,42,0,TRUE,42,not_started_other
idp_NG002021_1,idp,6,5,TRUE,6,not_started_other
idp_NG002021_10,idp,6,6,TRUE,6,completed
idp_NG002021_11,idp,6,0,TRUE,6,not_started_other
idp_NG002021_12,idp,12,0,TRUE,12,not_started_other
idp_NG002021_14,idp,18,0,TRUE,18,not_started_other
idp_NG002021_17,idp,6,6,TRUE,6,completed
idp_NG002021_2,idp,6,0,TRUE,6,not_started_other
idp_NG002021_3,idp,6,6,TRUE,6,completed
idp_NG002021_4,idp,12,12,TRUE,12,completed
idp_NG002021_6,idp,18,17,TRUE,18,not_started_other
idp_NG002021_9,idp,6,6,TRUE,6,completed
idp_NG007002_1,idp,18,15,TRUE,18,not_started_other
idp_NG007002_16,idp,6,6,TRUE,6,completed
idp_NG007002_17,idp,6,0,TRUE,6,not_started_other
idp_NG007002_4,idp,12,11,TRUE,12,not_started_other
idp_NG007002_6,idp,12,10,TRUE,12,not_started_other
idp_NG007002_8,idp,6,6,TRUE,6,completed
idp_NG007002_9,idp,42,40,TRUE,42,not_started_other
idp_NG007006_1,idp,24,24,TRUE,24,completed
idp_NG007006_10,idp,12,12,TRUE,12,completed
idp_NG007006_12,idp,12,12,TRUE,12,completed
idp_NG007006_14,idp,6,6,TRUE,6,completed
idp_NG007006_15,idp,12,11,TRUE,12,not_started_other
idp_NG007006_17,idp,6,4,TRUE,6,not_started_other
idp_NG007006_5,idp,6,6,TRUE,6,completed
idp_NG007006_6,idp,6,1,TRUE,6,not_started_other
idp_NG007006_7,idp,18,18,TRUE,18,completed
idp_NG007008_1,idp,6,1,TRUE,6,not_started_other
idp_NG007008_11,idp,6,0,TRUE,6,not_started_other
idp_NG007008_12,idp,36,1,TRUE,36,not_started_other
idp_NG007008_2,idp,6,0,TRUE,6,not_started_other
idp_NG007008_3,idp,6,6,TRUE,6,completed
idp_NG007008_4,idp,42,9,TRUE,42,not_started_other
idp_NG007011_1,idp,12,6,TRUE,12,not_started_other
idp_NG007011_14,idp,18,18,TRUE,18,completed
idp_NG007011_17,idp,6,0,FALSE,0,not_started_access_lost
idp_NG007011_3,idp,6,1,TRUE,6,not_started_other
idp_NG007011_4,idp,6,0,FALSE,0,not_started_access_lost
idp_NG007011_5,idp,18,18,TRUE,18,completed
idp_NG007011_8,idp,36,36,TRUE,36,completed
idp_NG007011_supp1,idp,6,0,TRUE,6,not_started_other
idp_NG007011_supp2,idp,6,0,TRUE,0,not_started_other
idp_NG007012_1,idp,6,4,TRUE,6,not_started_other
idp_NG007012_10,idp,6,4,TRUE,6,not_started_other
idp_NG007012_11,idp,6,6,TRUE,6,completed
idp_NG007012_12,idp,6,6,TRUE,6,completed
idp_NG007012_13,idp,30,29,TRUE,30,not_started_other
idp_NG007012_2,idp,18,10,TRUE,18,not_started_other
idp_NG007012_5,idp,6,0,TRUE,6,not_started_other
idp_NG007012_6,idp,24,23,TRUE,24,not_started_other
idp_NG007013_1,idp,6,7,TRUE,6,completed
idp_NG007013_12,idp,12,12,FALSE,0,completed
idp_NG007013_14,idp,6,6,TRUE,6,completed
idp_NG007013_15,idp,6,6,FALSE,0,completed
idp_NG007013_16,idp,6,6,TRUE,6,completed
idp_NG007013_17,idp,6,6,TRUE,6,completed
idp_NG007013_2,idp,6,6,TRUE,6,completed
idp_NG007013_3,idp,6,6,TRUE,6,completed
idp_NG007013_4,idp,6,5,FALSE,0,partially_completed_access_lost
idp_NG007013_5,idp,18,18,TRUE,18,completed
idp_NG007013_8,idp,24,24,FALSE,0,completed
idp_NG007013_supp1,idp,6,6,TRUE,6,completed
idp_NG008002_1,idp,6,5,TRUE,6,not_started_other
idp_NG008002_12,idp,18,18,TRUE,18,completed
idp_NG008002_15,idp,18,17,TRUE,18,not_started_other
idp_NG008002_2,idp,6,6,TRUE,6,completed
idp_NG008002_3,idp,6,0,TRUE,6,not_started_other
idp_NG008002_4,idp,6,0,TRUE,6,not_started_other
idp_NG008002_5,idp,6,6,TRUE,6,completed
idp_NG008002_6,idp,18,0,TRUE,18,not_started_other
idp_NG008002_9,idp,18,18,TRUE,18,completed
idp_NG008003_1,idp,102,68,TRUE,102,not_started_other
idp_NG008004_1,idp,6,5,TRUE,0,not_started_other
idp_NG008004_2,idp,6,6,TRUE,6,completed
idp_NG008004_3,idp,12,12,TRUE,12,completed
idp_NG008004_5,idp,6,6,TRUE,6,completed
idp_NG008004_6,idp,6,6,TRUE,6,completed
idp_NG008004_7,idp,6,6,TRUE,6,completed
idp_NG008004_8,idp,6,6,TRUE,6,completed
idp_NG008004_9,idp,6,6,TRUE,6,completed
idp_NG008005_1,idp,6,0,TRUE,6,not_started_other
idp_NG008005_15,idp,6,6,TRUE,6,completed
idp_NG008005_16,idp,6,0,TRUE,6,not_started_other
idp_NG008005_17,idp,6,0,TRUE,6,not_started_other
idp_NG008005_2,idp,12,12,TRUE,12,completed
idp_NG008005_4,idp,6,6,TRUE,6,completed
idp_NG008005_5,idp,18,5,TRUE,18,not_started_other
idp_NG008005_8,idp,42,38,TRUE,42,not_started_other
idp_NG008006_1,idp,6,0,FALSE,0,not_started_access_lost
idp_NG008006_10,idp,6,6,TRUE,6,completed
idp_NG008006_11,idp,12,11,TRUE,12,not_started_other
idp_NG008006_13,idp,6,6,TRUE,6,completed
idp_NG008006_14,idp,6,2,TRUE,6,not_started_other
idp_NG008006_15,idp,6,0,FALSE,0,not_started_access_lost
idp_NG008006_16,idp,6,0,FALSE,0,not_started_access_lost
idp_NG008006_17,idp,6,0,FALSE,0,not_started_access_lost
idp_NG008006_2,idp,6,0,FALSE,0,not_started_access_lost
idp_NG008006_3,idp,6,6,TRUE,6,completed
idp_NG008006_4,idp,36,35,TRUE,36,not_started_other
idp_NG008006_supp1,idp,6,0,TRUE,6,not_started_other
idp_NG008006_supp2,idp,6,0,TRUE,6,not_started_other
idp_NG008006_supp3,idp,6,0,TRUE,6,not_started_other
idp_NG008006_supp4,idp,6,0,TRUE,6,not_started_other
idp_NG008007_1,idp,6,0,FALSE,0,not_started_access_lost
idp_NG008007_12,idp,6,0,FALSE,0,not_started_access_lost
idp_NG008007_13,idp,12,12,TRUE,12,completed
idp_NG008007_15,idp,6,0,TRUE,6,not_started_other
idp_NG008007_16,idp,6,0,TRUE,6,not_started_other
idp_NG008007_17,idp,6,0,TRUE,6,not_started_other
idp_NG008007_2,idp,6,0,FALSE,0,not_started_access_lost
idp_NG008007_3,idp,6,0,FALSE,0,not_started_access_lost
idp_NG008007_4,idp,54,53,TRUE,54,not_started_other
idp_NG008007_supp2,idp,6,0,TRUE,6,not_started_other
idp_NG008007_supp3,idp,6,0,TRUE,6,not_started_other
idp_NG008007_supp4,idp,6,0,TRUE,6,not_started_other
idp_NG008008_1,idp,30,0,TRUE,30,not_started_other
idp_NG008008_13,idp,30,0,TRUE,30,not_started_other
idp_NG008008_6,idp,42,0,TRUE,42,not_started_other
idp_NG008011_1,idp,42,36,TRUE,42,not_started_other
idp_NG008011_8,idp,60,60,TRUE,60,completed
idp_NG008012_1,idp,6,0,FALSE,0,not_started_access_lost
idp_NG008012_11,idp,42,0,FALSE,0,not_started_access_lost
idp_NG008012_2,idp,6,6,TRUE,6,completed
idp_NG008012_3,idp,12,12,TRUE,12,completed
idp_NG008012_5,idp,6,6,TRUE,6,completed
idp_NG008012_6,idp,6,6,TRUE,6,completed
idp_NG008012_7,idp,6,6,TRUE,6,completed
idp_NG008012_8,idp,6,0,TRUE,6,not_started_other
idp_NG008012_9,idp,12,0,FALSE,0,not_started_access_lost
idp_NG008012_supp1,idp,12,0,TRUE,12,not_started_other
idp_NG008012_supp2,idp,6,0,TRUE,6,not_started_other
idp_NG008012_supp3,idp,6,4,TRUE,6,not_started_other
idp_NG008012_supp4,idp,12,12,TRUE,12,completed
idp_NG008012_supp5,idp,6,0,TRUE,6,not_started_other
idp_NG008012_supp6,idp,12,0,TRUE,12,not_started_other
idp_NG008012_supp7,idp,6,0,TRUE,6,not_started_other
idp_NG008013_1,idp,6,6,TRUE,6,completed
idp_NG008013_12,idp,6,6,TRUE,6,completed
idp_NG008013_13,idp,12,12,TRUE,12,completed
idp_NG008013_15,idp,6,7,TRUE,6,completed
idp_NG008013_16,idp,6,6,TRUE,6,completed
idp_NG008013_17,idp,6,6,TRUE,6,completed
idp_NG008013_2,idp,6,6,TRUE,6,completed
idp_NG008013_3,idp,12,12,TRUE,12,completed
idp_NG008013_5,idp,6,6,TRUE,6,completed
idp_NG008013_6,idp,6,6,TRUE,6,completed
idp_NG008013_7,idp,30,30,TRUE,30,completed
idp_NG008014_1,idp,6,6,TRUE,6,completed
idp_NG008014_2,idp,24,29,TRUE,24,completed
idp_NG008014_6,idp,72,66,TRUE,72,not_started_other
idp_NG008015_1,idp,12,28,TRUE,12,completed
idp_NG008015_3,idp,90,32,TRUE,90,not_started_other
idp_NG008016_1,idp,12,11,TRUE,12,not_started_other
idp_NG008016_3,idp,6,4,TRUE,6,not_started_other
idp_NG008016_4,idp,12,12,TRUE,12,completed
idp_NG008016_6,idp,6,6,TRUE,6,completed
idp_NG008016_7,idp,6,4,TRUE,6,not_started_other
idp_NG008016_8,idp,6,4,TRUE,6,not_started_other
idp_NG008016_9,idp,54,48,FALSE,0,partially_completed_access_lost
idp_NG008016_supp1,idp,6,0,TRUE,6,not_started_other
idp_NG008016_supp2,idp,6,0,TRUE,6,not_started_other
idp_NG008016_supp3,idp,6,0,TRUE,6,not_started_other
idp_NG008016_supp4,idp,6,0,TRUE,6,not_started_other
idp_NG008016_supp5,idp,6,0,TRUE,6,not_started_other
idp_NG008016_supp6,idp,6,0,TRUE,6,not_started_other
idp_NG008016_supp7,idp,6,0,TRUE,6,not_started_other
idp_NG008016_supp8,idp,6,0,TRUE,6,not_started_other
idp_NG008018_1,idp,6,6,TRUE,6,completed
idp_NG008018_10,idp,6,0,TRUE,0,not_started_other
idp_NG008018_11,idp,6,0,TRUE,6,not_started_other
idp_NG008018_12,idp,12,11,TRUE,12,not_started_other
idp_NG008018_14,idp,12,12,TRUE,12,completed
idp_NG008018_16,idp,6,0,TRUE,6,not_started_other
idp_NG008018_2,idp,18,18,TRUE,18,completed
idp_NG008018_5,idp,6,6,TRUE,6,completed
idp_NG008018_6,idp,6,6,TRUE,6,completed
idp_NG008018_7,idp,6,0,TRUE,6,not_started_other
idp_NG008018_8,idp,6,6,TRUE,6,completed
idp_NG008018_9,idp,6,0,TRUE,6,not_started_other
idp_NG008019_1,idp,96,39,TRUE,96,not_started_other
idp_NG008019_17,idp,6,0,TRUE,6,not_started_other
idp_NG008020_1,idp,12,0,TRUE,12,not_started_other
idp_NG008020_10,idp,48,0,TRUE,48,not_started_other
idp_NG008020_3,idp,42,0,TRUE,42,not_started_other
idp_NG008021_1,idp,12,11,TRUE,12,not_started_other
idp_NG008021_10,idp,18,17,TRUE,18,not_started_other
idp_NG008021_13,idp,30,30,TRUE,30,completed
idp_NG008021_3,idp,12,12,TRUE,12,completed
idp_NG008021_5,idp,12,12,TRUE,12,completed
idp_NG008021_7,idp,12,11,TRUE,12,not_started_other
idp_NG008021_9,idp,6,6,TRUE,6,completed
idp_NG008023_supp1,idp,12,0,TRUE,12,not_started_other
idp_NG008023_supp10,idp,12,0,TRUE,12,not_started_other
idp_NG008023_supp2,idp,12,11,TRUE,12,not_started_other
idp_NG008023_supp3,idp,12,7,TRUE,12,not_started_other
idp_NG008023_supp4,idp,12,5,TRUE,12,not_started_other
idp_NG008023_supp5,idp,6,6,TRUE,6,completed
idp_NG008023_supp6,idp,12,4,TRUE,12,not_started_other
idp_NG008023_supp7,idp,6,0,TRUE,6,not_started_other
idp_NG008023_supp8,idp,6,4,TRUE,6,not_started_other
idp_NG008023_supp9,idp,12,0,TRUE,12,not_started_other
idp_NG008024_1,idp,24,16,TRUE,24,not_started_other
idp_NG008024_10,idp,48,0,TRUE,48,not_started_other
idp_NG008024_5,idp,30,23,TRUE,30,not_started_other
idp_NG008025_1,idp,90,14,TRUE,90,not_started_other
idp_NG008025_16,idp,12,3,TRUE,12,not_started_other
idp_NG008027_1,idp,6,0,FALSE,0,not_started_access_lost
idp_NG008027_10,idp,6,0,TRUE,6,not_started_other
idp_NG008027_11,idp,24,23,TRUE,24,not_started_other
idp_NG008027_15,idp,6,0,TRUE,6,not_started_other
idp_NG008027_2,idp,12,11,TRUE,12,not_started_other
idp_NG008027_4,idp,6,0,TRUE,6,not_started_other
idp_NG008027_5,idp,18,18,TRUE,18,completed
idp_NG008027_8,idp,6,6,TRUE,6,completed
idp_NG008027_9,idp,6,0,TRUE,6,not_started_other
idp_NG019007_1,idp,12,0,FALSE,0,not_started_access_lost
idp_NG019007_10,idp,36,0,FALSE,0,not_started_access_lost
idp_NG019007_3,idp,24,45,TRUE,24,completed
idp_NG019007_7,idp,18,0,FALSE,0,not_started_access_lost
idp_NG019007_supp1,idp,12,0,TRUE,12,not_started_other
idp_NG019007_supp2,idp,12,0,TRUE,12,not_started_other
idp_NG019007_supp3,idp,12,0,TRUE,12,not_started_other
idp_NG019023_1,idp,6,6,TRUE,6,completed
idp_NG019023_2,idp,18,0,TRUE,18,not_started_other
idp_NG019023_5,idp,18,0,TRUE,18,not_started_other
idp_NG019023_8,idp,18,17,TRUE,18,not_started_other
idp_NG021001_1,idp,48,0,FALSE,0,not_started_access_lost
idp_NG021001_13,idp,30,24,TRUE,30,not_started_other
idp_NG021001_9,idp,36,30,TRUE,36,not_started_other
idp_NG021001_supp1,idp,6,0,FALSE,0,not_started_access_lost
idp_NG021001_supp2,idp,6,6,TRUE,6,completed
idp_NG021001_supp3,idp,12,12,TRUE,12,completed
idp_NG021001_supp4,idp,6,6,TRUE,6,completed
idp_NG021002_1,idp,12,19,TRUE,12,completed
idp_NG021002_10,idp,12,0,TRUE,12,not_started_other
idp_NG021002_12,idp,6,0,TRUE,6,not_started_other
idp_NG021002_13,idp,6,7,TRUE,6,completed
idp_NG021002_14,idp,18,0,FALSE,0,not_started_access_lost
idp_NG021002_3,idp,12,17,TRUE,12,completed
idp_NG021002_5,idp,24,0,TRUE,24,not_started_other
idp_NG021002_9,idp,6,0,TRUE,6,not_started_other
idp_NG021003_1,idp,6,5,TRUE,6,not_started_other
idp_NG021003_15,idp,12,22,TRUE,12,completed
idp_NG021003_17,idp,6,0,FALSE,0,not_started_access_lost
idp_NG021003_2,idp,24,24,TRUE,24,completed
idp_NG021003_6,idp,6,6,FALSE,0,completed
idp_NG021003_7,idp,60,51,TRUE,60,not_started_other
idp_NG021003_supp1,idp,18,0,FALSE,0,not_started_access_lost
idp_NG021004_1,idp,6,6,TRUE,6,completed
idp_NG021004_13,idp,12,12,TRUE,12,completed
idp_NG021004_2,idp,6,6,TRUE,6,completed
idp_NG021004_3,idp,24,23,TRUE,24,not_started_other
idp_NG021004_7,idp,6,6,TRUE,6,completed
idp_NG021004_8,idp,6,6,TRUE,6,completed
idp_NG021004_9,idp,24,24,TRUE,24,completed
idp_NG021005_1,idp,6,6,TRUE,6,completed
idp_NG021005_10,idp,6,6,TRUE,6,completed
idp_NG021005_11,idp,6,4,TRUE,6,not_started_other
idp_NG021005_12,idp,6,6,TRUE,6,completed
idp_NG021005_13,idp,18,14,TRUE,18,not_started_other
idp_NG021005_2,idp,12,12,TRUE,12,completed
idp_NG021005_4,idp,6,6,TRUE,6,completed
idp_NG021005_5,idp,24,21,TRUE,24,not_started_other
idp_NG021005_9,idp,6,6,TRUE,6,completed
idp_NG021006_1,idp,12,12,FALSE,0,completed
idp_NG021006_12,idp,6,4,TRUE,6,not_started_other
idp_NG021006_13,idp,18,13,TRUE,18,not_started_other
idp_NG021006_3,idp,12,0,TRUE,12,not_started_other
idp_NG021006_5,idp,42,33,TRUE,42,not_started_other
idp_NG021007_1,idp,6,0,FALSE,0,not_started_access_lost
idp_NG021007_12,idp,18,0,TRUE,18,not_started_other
idp_NG021007_15,idp,12,0,FALSE,0,not_started_access_lost
idp_NG021007_17,idp,6,0,FALSE,0,not_started_access_lost
idp_NG021007_2,idp,6,0,FALSE,0,not_started_access_lost
idp_NG021007_3,idp,6,0,FALSE,0,not_started_access_lost
idp_NG021007_4,idp,6,0,FALSE,0,not_started_access_lost
idp_NG021007_5,idp,12,0,FALSE,0,not_started_access_lost
idp_NG021007_7,idp,6,0,FALSE,0,not_started_access_lost
idp_NG021007_8,idp,36,0,TRUE,36,not_started_other
idp_NG021007_supp1,idp,12,0,TRUE,12,not_started_other
idp_NG021007_supp2,idp,12,0,TRUE,12,not_started_other
idp_NG021007_supp3,idp,12,0,FALSE,0,not_started_access_lost
idp_NG021007_supp4,idp,6,0,FALSE,0,not_started_access_lost
idp_NG021007_supp5,idp,6,0,FALSE,0,not_started_access_lost
idp_NG021008_1,idp,18,0,FALSE,0,not_started_access_lost
idp_NG021008_4,idp,66,0,FALSE,0,not_started_access_lost
idp_NG021008_supp1,idp,12,0,TRUE,12,not_started_other
idp_NG021009_1,idp,6,6,FALSE,0,completed
idp_NG021009_10,idp,24,24,TRUE,24,completed
idp_NG021009_2,idp,12,12,FALSE,0,completed
idp_NG021009_4,idp,18,18,TRUE,18,completed
idp_NG021009_7,idp,18,18,TRUE,18,completed
idp_NG021010_1,idp,36,35,TRUE,36,not_started_other
idp_NG021010_7,idp,12,12,TRUE,12,completed
idp_NG021010_9,idp,18,17,TRUE,18,not_started_other
idp_NG021011_1,idp,18,18,TRUE,18,completed
idp_NG021011_10,idp,12,12,TRUE,12,completed
idp_NG021011_4,idp,36,33,TRUE,36,not_started_other
idp_NG021012_1,idp,60,57,TRUE,60,not_started_other
idp_NG021012_10,idp,12,9,TRUE,12,not_started_other
idp_NG021012_11,idp,30,30,FALSE,0,completed
idp_NG021012_16,idp,12,11,TRUE,12,not_started_other
idp_NG021013_1,idp,36,26,TRUE,36,not_started_other
idp_NG021013_11,idp,12,0,TRUE,12,not_started_other
idp_NG021013_13,idp,6,8,TRUE,6,completed
idp_NG021013_14,idp,18,14,TRUE,18,not_started_other
idp_NG021013_7,idp,12,0,TRUE,12,not_started_other
idp_NG021013_9,idp,12,0,TRUE,12,not_started_other
idp_NG021014_1,idp,30,27,FALSE,0,partially_completed_access_lost
idp_NG021014_6,idp,78,35,FALSE,0,partially_completed_access_lost
idp_NG021014_supp1,idp,12,0,FALSE,0,not_started_access_lost
idp_NG021014_supp10,idp,12,0,TRUE,12,not_started_other
idp_NG021014_supp2,idp,6,0,FALSE,0,not_started_access_lost
idp_NG021014_supp3,idp,6,0,TRUE,6,not_started_other
idp_NG021014_supp4,idp,6,0,TRUE,6,not_started_other
idp_NG021014_supp5,idp,12,0,TRUE,12,not_started_other
idp_NG021014_supp6,idp,12,0,TRUE,12,not_started_other
idp_NG021014_supp7,idp,12,0,TRUE,12,not_started_other
idp_NG021014_supp8,idp,12,0,TRUE,12,not_started_other
idp_NG021014_supp9,idp,6,0,TRUE,6,not_started_other
idp_NG021015_1,idp,36,34,TRUE,36,not_started_other
idp_NG021016_1,idp,24,0,FALSE,0,not_started_access_lost
idp_NG021016_13,idp,6,0,FALSE,0,not_started_access_lost
idp_NG021016_5,idp,12,11,TRUE,12,not_started_other
idp_NG021016_7,idp,36,18,TRUE,36,not_started_other
idp_NG021017_1,idp,24,11,FALSE,0,partially_completed_access_lost
idp_NG021017_11,idp,30,0,FALSE,0,not_started_access_lost
idp_NG021017_14,idp,24,18,TRUE,24,not_started_other
idp_NG021017_3,idp,18,12,TRUE,18,not_started_other
idp_NG021017_4,idp,42,0,FALSE,0,not_started_access_lost
idp_NG021017_supp1,idp,6,0,FALSE,0,not_started_access_lost
idp_NG021017_supp2,idp,6,0,FALSE,0,not_started_access_lost
idp_NG021018_1,idp,6,4,TRUE,0,not_started_other
idp_NG021018_11,idp,12,12,TRUE,12,completed
idp_NG021018_13,idp,6,6,TRUE,6,completed
idp_NG021018_14,idp,6,6,TRUE,6,completed
idp_NG021018_2,idp,18,19,TRUE,18,completed
idp_NG021018_5,idp,6,5,TRUE,0,not_started_other
idp_NG021018_6,idp,12,13,TRUE,12,completed
idp_NG021018_8,idp,6,6,TRUE,6,completed
idp_NG021018_9,idp,12,12,TRUE,12,completed
idp_NG021020_1,idp,6,0,FALSE,0,not_started_access_lost
idp_NG021020_13,idp,24,0,FALSE,0,not_started_access_lost
idp_NG021020_2,idp,12,8,TRUE,12,not_started_other
idp_NG021020_4,idp,18,13,TRUE,18,not_started_other
idp_NG021020_6,idp,42,36,TRUE,42,not_started_other
idp_NG021020_supp1,idp,6,0,TRUE,6,not_started_other
idp_NG021020_supp2,idp,6,0,TRUE,6,not_started_other
idp_NG021020_supp3,idp,6,0,TRUE,6,not_started_other
idp_NG021020_supp4,idp,6,0,TRUE,6,not_started_other
idp_NG021021_1,idp,6,5,FALSE,0,partially_completed_access_lost
idp_NG021021_12,idp,6,5,FALSE,0,partially_completed_access_lost
idp_NG021021_13,idp,30,30,FALSE,0,completed
idp_NG021021_2,idp,30,30,TRUE,30,completed
idp_NG021021_7,idp,6,0,TRUE,6,not_started_other
idp_NG021021_8,idp,24,23,TRUE,24,not_started_other
idp_NG021022_1,idp,6,12,TRUE,6,completed
idp_NG021022_12,idp,6,6,TRUE,6,completed
idp_NG021022_13,idp,12,13,TRUE,12,completed
idp_NG021022_15,idp,12,10,TRUE,12,not_started_other
idp_NG021022_2,idp,30,17,TRUE,30,not_started_other
idp_NG021022_7,idp,30,19,TRUE,30,not_started_other
idp_NG021023_1,idp,18,18,TRUE,18,completed
idp_NG021023_10,idp,24,0,FALSE,0,not_started_access_lost
idp_NG021023_4,idp,6,5,TRUE,6,not_started_other
idp_NG021023_5,idp,24,23,TRUE,24,not_started_other
idp_NG021023_9,idp,6,5,TRUE,6,not_started_other
idp_NG021023_supp1,idp,12,11,TRUE,12,not_started_other
idp_NG021024_1,idp,54,0,TRUE,54,not_started_other
idp_NG021024_10,idp,6,0,TRUE,6,not_started_other
idp_NG021025_1,idp,12,0,FALSE,0,not_started_access_lost
idp_NG021025_10,idp,24,12,TRUE,24,not_started_other
idp_NG021025_12,idp,30,0,FALSE,0,not_started_access_lost
idp_NG021025_3,idp,6,0,FALSE,0,not_started_access_lost
idp_NG021025_4,idp,12,0,FALSE,0,not_started_access_lost
idp_NG021025_6,idp,18,0,FALSE,0,not_started_access_lost
idp_NG021025_7,idp,6,0,FALSE,0,not_started_access_lost
idp_NG021025_8,idp,24,12,TRUE,24,not_started_other
idp_NG021025_supp2,idp,18,0,FALSE,0,not_started_access_lost
idp_NG021025_supp3,idp,12,0,FALSE,0,not_started_access_lost
idp_NG021025_supp4,idp,12,0,TRUE,12,not_started_other
idp_NG021026_1,idp,36,40,TRUE,36,completed
idp_NG021026_11,idp,6,3,TRUE,6,not_started_other
idp_NG021026_12,idp,12,12,TRUE,12,completed
idp_NG021026_14,idp,6,5,TRUE,6,not_started_other
idp_NG021026_7,idp,6,0,TRUE,6,not_started_other
idp_NG021026_8,idp,18,16,TRUE,18,not_started_other
idp_NG021027_1,idp,18,7,FALSE,0,partially_completed_access_lost
idp_NG021027_4,idp,6,9,TRUE,6,completed
idp_NG021027_5,idp,18,5,FALSE,0,partially_completed_access_lost
idp_NG021027_8,idp,18,0,FALSE,0,not_started_access_lost
idp_NG021028_1,idp,18,0,FALSE,0,not_started_access_lost
idp_NG021028_10,idp,36,31,TRUE,36,not_started_other
idp_NG021028_4,idp,12,0,FALSE,0,not_started_access_lost
idp_NG021028_6,idp,6,0,FALSE,0,not_started_access_lost
idp_NG021028_7,idp,18,0,TRUE,18,not_started_other
idp_NG021028_supp1,idp,12,21,TRUE,12,completed
idp_NG021029_1,idp,6,0,FALSE,0,not_started_access_lost
idp_NG021029_10,idp,12,11,FALSE,0,partially_completed_access_lost
idp_NG021029_12,idp,6,0,FALSE,0,not_started_access_lost
idp_NG021029_13,idp,6,0,FALSE,0,not_started_access_lost
idp_NG021029_14,idp,6,6,FALSE,0,completed
idp_NG021029_15,idp,6,0,FALSE,0,not_started_access_lost
idp_NG021029_16,idp,6,0,FALSE,0,not_started_access_lost
idp_NG021029_2,idp,48,47,FALSE,0,partially_completed_access_lost
idp_NG021029_supp1,idp,6,0,TRUE,6,not_started_other
idp_NG021029_supp2,idp,6,0,TRUE,6,not_started_other
idp_NG021029_supp3,idp,6,0,TRUE,6,not_started_other
idp_NG021029_supp4,idp,6,0,TRUE,6,not_started_other
idp_NG021029_supp5,idp,6,0,TRUE,6,not_started_other
idp_NG021029_supp6,idp,12,0,TRUE,12,not_started_other
idp_NG021030_1,idp,6,6,TRUE,6,completed
idp_NG021030_10,idp,30,30,TRUE,30,completed
idp_NG021030_2,idp,6,6,TRUE,6,completed
idp_NG021030_3,idp,12,12,TRUE,12,completed
idp_NG021030_5,idp,12,12,TRUE,12,completed
idp_NG021030_7,idp,18,18,TRUE,18,completed
idp_NG021032_1,idp,6,0,FALSE,0,not_started_access_lost
idp_NG021032_10,idp,54,41,TRUE,54,not_started_other
idp_NG021032_2,idp,6,0,FALSE,0,not_started_access_lost
idp_NG021032_3,idp,6,0,FALSE,0,not_started_access_lost
idp_NG021032_4,idp,6,0,FALSE,0,not_started_access_lost
idp_NG021032_5,idp,24,0,FALSE,0,not_started_access_lost
idp_NG021032_9,idp,6,0,FALSE,0,not_started_access_lost
idp_NG021032_supp1,idp,18,0,FALSE,0,not_started_access_lost
idp_NG021032_supp10,idp,12,12,TRUE,12,completed
idp_NG021032_supp2,idp,6,6,TRUE,6,completed
idp_NG021032_supp3,idp,6,6,TRUE,6,completed
idp_NG021032_supp4,idp,6,6,TRUE,6,completed
idp_NG021032_supp5,idp,6,0,FALSE,0,not_started_access_lost
idp_NG021032_supp6,idp,6,0,FALSE,0,not_started_access_lost
idp_NG021032_supp7,idp,6,0,FALSE,0,not_started_access_lost
idp_NG021032_supp8,idp,6,0,FALSE,0,not_started_access_lost
idp_NG021032_supp9,idp,12,11,TRUE,12,not_started_other
idp_NG021033_1,idp,12,12,TRUE,12,completed
idp_NG021033_3,idp,72,60,TRUE,72,not_started_other
idp_NG026001_1,idp,12,0,TRUE,12,not_started_other
idp_NG026001_10,idp,6,0,TRUE,6,not_started_other
idp_NG026001_3,idp,12,0,TRUE,12,not_started_other
idp_NG026001_5,idp,12,0,TRUE,12,not_started_other
idp_NG026001_7,idp,6,0,TRUE,6,not_started_other
idp_NG026001_8,idp,6,0,TRUE,6,not_started_other
idp_NG026001_9,idp,6,0,TRUE,6,not_started_other
idp_NG026002_1,idp,12,0,TRUE,12,not_started_other
idp_NG026002_12,idp,12,0,TRUE,12,not_started_other
idp_NG026002_14,idp,12,0,TRUE,12,not_started_other
idp_NG026002_3,idp,6,7,TRUE,6,completed
idp_NG026002_4,idp,18,0,TRUE,18,not_started_other
idp_NG026002_7,idp,6,0,TRUE,6,not_started_other
idp_NG026002_8,idp,24,0,TRUE,24,not_started_other
idp_NG026005_1,idp,78,0,TRUE,78,not_started_other
idp_NG026005_14,idp,6,0,TRUE,6,not_started_other
idp_NG026005_15,idp,6,0,TRUE,6,not_started_other
idp_NG026007_1,idp,36,0,TRUE,36,not_started_other
idp_NG026007_7,idp,6,0,TRUE,6,not_started_other
idp_NG026007_8,idp,6,0,TRUE,6,not_started_other
idp_NG026007_9,idp,12,0,TRUE,12,not_started_other
idp_NG026008_1,idp,18,0,TRUE,18,not_started_other
idp_NG026008_10,idp,6,0,TRUE,6,not_started_other
idp_NG026008_11,idp,6,0,TRUE,6,not_started_other
idp_NG026008_12,idp,6,0,TRUE,6,not_started_other
idp_NG026008_13,idp,6,0,TRUE,6,not_started_other
idp_NG026008_14,idp,6,0,TRUE,6,not_started_other
idp_NG026008_15,idp,6,0,TRUE,6,not_started_other
idp_NG026008_16,idp,6,0,TRUE,6,not_started_other
idp_NG026008_4,idp,6,0,TRUE,6,not_started_other
idp_NG026008_5,idp,6,0,TRUE,6,not_started_other
idp_NG026008_6,idp,6,0,TRUE,6,not_started_other
idp_NG026008_7,idp,6,0,TRUE,6,not_started_other
idp_NG026008_8,idp,12,0,TRUE,12,not_started_other
idp_NG026010_1,idp,6,0,TRUE,6,not_started_other
idp_NG026010_10,idp,6,0,TRUE,6,not_started_other
idp_NG026010_11,idp,18,0,TRUE,18,not_started_other
idp_NG026010_2,idp,48,0,TRUE,48,not_started_other
idp_NG026011_1,idp,18,0,TRUE,18,not_started_other
idp_NG026011_13,idp,6,0,TRUE,6,not_started_other
idp_NG026011_4,idp,30,0,TRUE,30,not_started_other
idp_NG026011_9,idp,24,0,TRUE,24,not_started_other
idp_NG032001_1,idp,24,14,TRUE,24,not_started_other
idp_NG032001_11,idp,6,5,TRUE,6,not_started_other
idp_NG032001_5,idp,18,1,TRUE,18,not_started_other
idp_NG032001_8,idp,18,1,TRUE,18,not_started_other
idp_NG032002_1,idp,6,9,TRUE,6,completed
idp_NG032002_13,idp,12,9,TRUE,12,not_started_other
idp_NG032002_2,idp,12,11,TRUE,12,not_started_other
idp_NG032002_4,idp,54,46,TRUE,54,not_started_other
idp_NG032003_1,idp,12,12,TRUE,12,completed
idp_NG032003_15,idp,6,5,TRUE,6,not_started_other
idp_NG032003_3,idp,72,57,TRUE,72,not_started_other
idp_NG032011_1,idp,42,38,TRUE,42,not_started_other
idp_NG032011_10,idp,12,0,TRUE,12,not_started_other
idp_NG032011_12,idp,18,10,TRUE,18,not_started_other
idp_NG032011_15,idp,18,10,TRUE,18,not_started_other
idp_NG032011_8,idp,6,6,TRUE,6,completed
idp_NG032011_9,idp,6,6,TRUE,6,completed
idp_NG032015_1,idp,54,40,TRUE,54,not_started_other
idp_NG032015_10,idp,6,0,TRUE,6,not_started_other
idp_NG032015_11,idp,6,5,FALSE,0,partially_completed_access_lost
idp_NG032015_12,idp,6,6,TRUE,6,completed
idp_NG032015_13,idp,12,11,FALSE,0,partially_completed_access_lost
idp_NG032015_15,idp,12,10,TRUE,12,not_started_other
idp_NG032015_supp1,idp,6,0,TRUE,6,not_started_other
idp_NG032015_supp2,idp,6,0,TRUE,6,not_started_other
idp_NG034001_1,idp,6,0,FALSE,0,not_started_access_lost
idp_NG034001_2,idp,60,81,TRUE,60,completed
idp_NG034001_supp1,idp,6,5,TRUE,0,not_started_other
idp_NG034002_1,idp,24,23,TRUE,0,not_started_other
idp_NG034002_14,idp,6,0,FALSE,0,not_started_access_lost
idp_NG034002_5,idp,18,28,TRUE,18,completed
idp_NG034002_8,idp,36,46,TRUE,36,completed
idp_NG034003_1,idp,84,87,TRUE,84,completed
idp_NG034003_15,idp,12,13,TRUE,12,completed
idp_NG034004_1,idp,6,6,TRUE,6,completed
idp_NG034004_2,idp,36,36,TRUE,36,completed
idp_NG034004_8,idp,24,24,TRUE,24,completed
idp_NG034005_1,idp,30,20,TRUE,30,not_started_other
idp_NG034005_11,idp,30,0,FALSE,0,not_started_access_lost
idp_NG034005_6,idp,12,8,TRUE,12,not_started_other
idp_NG034005_8,idp,18,0,FALSE,0,not_started_access_lost
idp_NG034006_1,idp,12,0,TRUE,12,not_started_other
idp_NG034006_13,idp,18,17,TRUE,18,not_started_other
idp_NG034006_16,idp,6,4,TRUE,6,not_started_other
idp_NG034006_3,idp,60,47,TRUE,60,not_started_other
idp_NG034007_1,idp,84,84,TRUE,84,completed
idp_NG034008_1,idp,84,78,TRUE,84,not_started_other
idp_NG034009_1,idp,102,0,FALSE,0,not_started_access_lost
idp_NG034011_1,idp,18,18,TRUE,18,completed
idp_NG034011_11,idp,30,27,TRUE,0,not_started_other
idp_NG034011_4,idp,24,46,TRUE,24,completed
idp_NG034011_8,idp,6,6,TRUE,6,completed
idp_NG034011_9,idp,12,25,TRUE,12,completed
idp_NG034012_1,idp,18,16,TRUE,18,not_started_other
idp_NG034012_12,idp,30,30,TRUE,30,completed
idp_NG034012_4,idp,12,12,TRUE,12,completed
idp_NG034012_6,idp,36,24,TRUE,36,not_started_other
idp_NG034013_1,idp,6,0,FALSE,0,not_started_access_lost
idp_NG034013_2,idp,6,0,FALSE,0,not_started_access_lost
idp_NG034013_3,idp,30,0,FALSE,0,not_started_access_lost
idp_NG034013_8,idp,60,0,FALSE,0,not_started_access_lost
idp_NG034014_1,idp,84,0,TRUE,84,not_started_other
idp_NG034014_15,idp,12,0,TRUE,12,not_started_other
idp_NG034014_17,idp,6,0,TRUE,6,not_started_other
idp_NG034015_1,idp,18,0,FALSE,0,not_started_access_lost
idp_NG034015_13,idp,12,0,FALSE,0,not_started_access_lost
idp_NG034015_15,idp,12,12,TRUE,12,completed
idp_NG034015_4,idp,54,51,FALSE,0,partially_completed_access_lost
idp_NG034015_supp1,idp,12,11,TRUE,12,not_started_other
idp_NG034016_1,idp,48,42,TRUE,48,not_started_other
idp_NG034016_14,idp,18,34,TRUE,18,completed
idp_NG034016_9,idp,30,1,TRUE,30,not_started_other
idp_NG034017_1,idp,48,47,TRUE,48,not_started_other
idp_NG034017_10,idp,36,37,TRUE,36,completed
idp_NG034017_9,idp,6,6,TRUE,6,completed
idp_NG034018_1,idp,12,0,FALSE,0,not_started_access_lost
idp_NG034018_10,idp,18,19,TRUE,18,completed
idp_NG034018_13,idp,6,0,FALSE,0,not_started_access_lost
idp_NG034018_14,idp,6,0,FALSE,0,not_started_access_lost
idp_NG034018_15,idp,6,0,TRUE,6,not_started_other
idp_NG034018_16,idp,12,0,TRUE,12,not_started_other
idp_NG034018_3,idp,6,0,FALSE,0,not_started_access_lost
idp_NG034018_4,idp,36,39,TRUE,36,completed
idp_NG034019_1,idp,24,0,TRUE,24,not_started_other
idp_NG034019_16,idp,12,12,TRUE,12,completed
idp_NG034019_5,idp,6,6,TRUE,6,completed
idp_NG034019_6,idp,60,30,TRUE,60,not_started_other
idp_NG034020_1,idp,12,6,TRUE,12,not_started_other
idp_NG034020_11,idp,18,19,TRUE,18,completed
idp_NG034020_14,idp,18,27,TRUE,18,completed
idp_NG034020_3,idp,48,47,TRUE,48,not_started_other
idp_NG034021_1,idp,18,1,TRUE,18,not_started_other
idp_NG034021_4,idp,18,0,TRUE,18,not_started_other
idp_NG034021_7,idp,6,0,TRUE,6,not_started_other
idp_NG034021_8,idp,6,0,TRUE,6,not_started_other
idp_NG034021_9,idp,42,0,TRUE,42,not_started_other
idp_NG034022_1,idp,48,37,TRUE,48,not_started_other
idp_NG034022_13,idp,12,12,TRUE,12,completed
idp_NG034022_9,idp,24,19,TRUE,24,not_started_other
idp_NG036001_1,idp,6,0,TRUE,6,not_started_other
idp_NG036001_11,idp,18,0,TRUE,18,not_started_other
idp_NG036001_14,idp,24,0,TRUE,24,not_started_other
idp_NG036001_2,idp,6,0,TRUE,6,not_started_other
idp_NG036001_3,idp,48,0,TRUE,48,not_started_other
idp_NG036002_1,idp,6,9,TRUE,6,completed
idp_NG036002_12,idp,12,12,TRUE,12,completed
idp_NG036002_14,idp,18,20,TRUE,18,completed
idp_NG036002_2,idp,6,5,TRUE,6,not_started_other
idp_NG036002_3,idp,12,12,TRUE,12,completed
idp_NG036002_5,idp,12,18,TRUE,12,completed
idp_NG036002_7,idp,30,29,TRUE,30,not_started_other
idp_NG036003_1,idp,6,6,TRUE,6,completed
idp_NG036003_11,idp,12,12,TRUE,12,completed
idp_NG036003_13,idp,6,6,TRUE,6,completed
idp_NG036003_14,idp,6,6,TRUE,6,completed
idp_NG036003_15,idp,6,6,TRUE,6,completed
idp_NG036003_16,idp,6,6,TRUE,6,completed
idp_NG036003_17,idp,6,6,TRUE,6,completed
idp_NG036003_2,idp,36,36,TRUE,36,completed
idp_NG036003_8,idp,6,6,TRUE,6,completed
idp_NG036003_9,idp,12,12,TRUE,12,completed
idp_NG036004_1,idp,36,36,TRUE,36,completed
idp_NG036004_10,idp,24,14,TRUE,24,not_started_other
idp_NG036004_14,idp,12,12,TRUE,12,completed
idp_NG036004_7,idp,6,6,TRUE,6,completed
idp_NG036004_8,idp,6,6,TRUE,6,completed
idp_NG036004_9,idp,6,6,TRUE,6,completed
idp_NG036005_1,idp,48,46,TRUE,48,not_started_other
idp_NG036005_13,idp,6,6,TRUE,6,completed
idp_NG036005_14,idp,12,12,TRUE,12,completed
idp_NG036005_16,idp,6,6,TRUE,6,completed
idp_NG036005_9,idp,24,24,TRUE,24,completed
idp_NG036006_1,idp,6,6,FALSE,0,completed
idp_NG036006_2,idp,6,6,TRUE,6,completed
idp_NG036006_3,idp,36,30,TRUE,36,not_started_other
idp_NG036006_9,idp,54,49,TRUE,54,not_started_other
idp_NG036007_1,idp,6,0,FALSE,0,not_started_access_lost
idp_NG036007_12,idp,6,0,FALSE,0,not_started_access_lost
idp_NG036007_13,idp,6,0,FALSE,0,not_started_access_lost
idp_NG036007_14,idp,6,0,FALSE,0,not_started_access_lost
idp_NG036007_15,idp,12,0,FALSE,0,not_started_access_lost
idp_NG036007_17,idp,6,0,FALSE,0,not_started_access_lost
idp_NG036007_2,idp,6,0,FALSE,0,not_started_access_lost
idp_NG036007_3,idp,6,0,FALSE,0,not_started_access_lost
idp_NG036007_4,idp,48,0,FALSE,0,not_started_access_lost
idp_NG036008_1,idp,6,6,TRUE,6,completed
idp_NG036008_10,idp,12,12,FALSE,0,completed
idp_NG036008_12,idp,6,1,TRUE,0,not_started_other
idp_NG036008_13,idp,12,12,TRUE,12,completed
idp_NG036008_2,idp,18,24,TRUE,18,completed
idp_NG036008_5,idp,6,6,TRUE,6,completed
idp_NG036008_6,idp,18,18,TRUE,18,completed
idp_NG036008_9,idp,6,6,TRUE,6,completed
idp_NG036009_1,idp,6,0,TRUE,0,not_started_other
idp_NG036009_10,idp,12,28,TRUE,12,completed
idp_NG036009_12,idp,6,0,TRUE,0,not_started_other
idp_NG036009_13,idp,12,20,TRUE,12,completed
idp_NG036009_15,idp,6,6,TRUE,6,completed
idp_NG036009_2,idp,6,4,TRUE,0,not_started_other
idp_NG036009_3,idp,6,6,TRUE,6,completed
idp_NG036009_4,idp,6,6,TRUE,6,completed
idp_NG036009_5,idp,6,6,TRUE,6,completed
idp_NG036009_6,idp,6,6,TRUE,6,completed
idp_NG036009_7,idp,6,5,TRUE,0,not_started_other
idp_NG036009_8,idp,12,0,TRUE,0,not_started_other
idp_NG036010_1,idp,6,6,TRUE,6,completed
idp_NG036010_2,idp,18,18,TRUE,18,completed
idp_NG036010_5,idp,6,6,TRUE,6,completed
idp_NG036010_6,idp,6,0,TRUE,6,not_started_other
idp_NG036010_7,idp,6,6,TRUE,6,completed
idp_NG036010_8,idp,54,50,TRUE,54,not_started_other
idp_NG036011_1,idp,60,58,TRUE,60,not_started_other
idp_NG036012_1,idp,48,47,TRUE,48,not_started_other
idp_NG036012_11,idp,6,6,TRUE,6,completed
idp_NG036012_12,idp,6,6,TRUE,6,completed
idp_NG036012_13,idp,6,6,TRUE,6,completed
idp_NG036012_14,idp,12,11,TRUE,12,not_started_other
idp_NG036012_9,idp,12,8,TRUE,12,not_started_other
idp_NG036013_1,idp,18,18,TRUE,18,completed
idp_NG036013_12,idp,24,24,TRUE,24,completed
idp_NG036013_16,idp,6,6,TRUE,6,completed
idp_NG036013_4,idp,48,48,TRUE,48,completed
idp_NG036014_1,idp,18,19,TRUE,18,completed
idp_NG036014_12,idp,30,30,TRUE,30,completed
idp_NG036014_4,idp,6,6,TRUE,6,completed
idp_NG036014_5,idp,12,12,TRUE,12,completed
idp_NG036014_7,idp,30,26,TRUE,30,not_started_other
idp_NG036015_1,idp,12,12,TRUE,12,completed
idp_NG036015_14,idp,6,6,TRUE,6,completed
idp_NG036015_15,idp,6,0,FALSE,0,not_started_access_lost
idp_NG036015_16,idp,6,6,TRUE,6,completed
idp_NG036015_3,idp,66,62,TRUE,66,not_started_other
idp_NG036015_supp1,idp,6,2,TRUE,6,not_started_other
idp_NG036016_1,idp,6,6,TRUE,6,completed
idp_NG036016_13,idp,6,6,TRUE,6,completed
idp_NG036016_2,idp,6,0,TRUE,6,not_started_other
idp_NG036016_3,idp,18,16,TRUE,18,not_started_other
idp_NG036016_6,idp,6,6,TRUE,6,completed
idp_NG036016_7,idp,12,0,TRUE,12,not_started_other
idp_NG036016_9,idp,24,24,TRUE,24,completed
idp_NG036017_1,idp,6,6,TRUE,6,completed
idp_NG036017_13,idp,6,6,TRUE,6,completed
idp_NG036017_14,idp,6,6,TRUE,6,completed
idp_NG036017_15,idp,6,6,TRUE,6,completed
idp_NG036017_2,idp,12,12,TRUE,12,completed
idp_NG036017_4,idp,12,15,TRUE,12,completed
idp_NG036017_6,idp,42,38,TRUE,42,not_started_other
idp_NG037001_1,idp,6,0,FALSE,0,not_started_access_lost
idp_NG037001_16,idp,12,0,FALSE,0,not_started_access_lost
idp_NG037001_2,idp,24,32,TRUE,24,completed
idp_NG037001_6,idp,60,125,TRUE,60,completed
idp_NG037002_1,idp,12,0,TRUE,0,not_started_other
idp_NG037002_12,idp,24,25,TRUE,24,completed
idp_NG037002_14,idp,30,36,TRUE,30,completed
idp_NG037002_3,idp,18,0,FALSE,0,not_started_access_lost
idp_NG037002_6,idp,24,33,TRUE,24,completed
idp_NG037002_8,idp,24,29,TRUE,24,completed
idp_NG037002_supp1,idp,12,0,TRUE,0,not_started_other
idp_NG037002_supp2,idp,12,0,TRUE,0,not_started_other
idp_NG037003_1,idp,12,20,TRUE,12,completed
idp_NG037003_13,idp,6,0,FALSE,0,not_started_access_lost
idp_NG037003_14,idp,24,40,TRUE,24,completed
idp_NG037003_3,idp,6,11,TRUE,6,completed
idp_NG037003_4,idp,54,77,TRUE,54,completed
idp_NG037003_supp1,idp,6,2,TRUE,0,not_started_other
idp_NG037004_1,idp,24,0,FALSE,0,not_started_access_lost
idp_NG037004_10,idp,12,10,TRUE,12,not_started_other
idp_NG037004_12,idp,18,2,TRUE,18,not_started_other
idp_NG037004_15,idp,18,9,FALSE,0,partially_completed_access_lost
idp_NG037004_5,idp,6,0,FALSE,0,not_started_access_lost
idp_NG037004_6,idp,6,5,TRUE,6,not_started_other
idp_NG037004_7,idp,12,0,TRUE,12,not_started_other
idp_NG037004_9,idp,6,0,FALSE,0,not_started_access_lost
idp_NG037004_supp1,idp,12,0,TRUE,12,not_started_other
idp_NG037004_supp2,idp,12,1,TRUE,12,not_started_other
idp_NG037005_1,idp,6,11,TRUE,6,completed
idp_NG037005_16,idp,6,10,TRUE,6,completed
idp_NG037005_2,idp,12,7,TRUE,12,not_started_other
idp_NG037005_4,idp,12,0,FALSE,0,not_started_access_lost
idp_NG037005_6,idp,60,50,TRUE,60,not_started_other
idp_NG037006_1,idp,90,81,TRUE,90,not_started_other
idp_NG037006_16,idp,6,0,FALSE,0,not_started_access_lost
idp_NG037006_17,idp,6,0,FALSE,0,not_started_access_lost
idp_NG037006_supp1,idp,6,0,TRUE,6,not_started_other
idp_NG037006_supp2,idp,6,0,FALSE,0,not_started_access_lost
idp_NG037007_1,idp,6,6,TRUE,6,completed
idp_NG037007_11,idp,12,12,TRUE,12,completed
idp_NG037007_13,idp,6,6,TRUE,6,completed
idp_NG037007_14,idp,24,15,TRUE,24,not_started_other
idp_NG037007_17,idp,6,5,TRUE,6,not_started_other
idp_NG037007_2,idp,12,0,FALSE,0,not_started_access_lost
idp_NG037007_4,idp,6,0,FALSE,0,not_started_access_lost
idp_NG037007_5,idp,6,0,FALSE,0,not_started_access_lost
idp_NG037007_6,idp,6,0,FALSE,0,not_started_access_lost
idp_NG037007_7,idp,6,0,FALSE,0,not_started_access_lost
idp_NG037007_8,idp,24,24,TRUE,24,completed
idp_NG037007_supp1,idp,6,6,TRUE,6,completed
idp_NG037007_supp2,idp,6,6,TRUE,6,completed
idp_NG037007_supp3,idp,6,0,TRUE,6,not_started_other
idp_NG037007_supp4,idp,6,0,TRUE,6,not_started_other
idp_NG037008_1,idp,6,3,TRUE,6,not_started_other
idp_NG037008_12,idp,24,0,TRUE,24,not_started_other
idp_NG037008_16,idp,6,0,TRUE,6,not_started_other
idp_NG037008_17,idp,6,0,TRUE,6,not_started_other
idp_NG037008_2,idp,6,0,TRUE,6,not_started_other
idp_NG037008_3,idp,24,17,TRUE,24,not_started_other
idp_NG037008_7,idp,12,11,TRUE,12,not_started_other
idp_NG037008_9,idp,18,13,TRUE,18,not_started_other
idp_NG037009_1,idp,12,0,FALSE,0,not_started_access_lost
idp_NG037009_13,idp,24,21,TRUE,24,not_started_other
idp_NG037009_15,idp,12,0,FALSE,0,not_started_access_lost
idp_NG037009_3,idp,24,0,FALSE,0,not_started_access_lost
idp_NG037009_7,idp,48,52,TRUE,48,completed
idp_NG037010_1,idp,12,0,FALSE,0,not_started_access_lost
idp_NG037010_11,idp,30,20,TRUE,30,not_started_other
idp_NG037010_14,idp,30,1,TRUE,30,not_started_other
idp_NG037010_3,idp,6,0,FALSE,0,not_started_access_lost
idp_NG037010_4,idp,24,0,FALSE,0,not_started_access_lost
idp_NG037010_8,idp,6,0,FALSE,0,not_started_access_lost
idp_NG037010_9,idp,12,0,FALSE,0,not_started_access_lost
idp_NG037011_1,idp,12,25,TRUE,12,completed
idp_NG037011_12,idp,18,25,TRUE,18,completed
idp_NG037011_14,idp,24,0,FALSE,0,not_started_access_lost
idp_NG037011_3,idp,12,21,TRUE,12,completed
idp_NG037011_5,idp,12,12,TRUE,12,completed
idp_NG037011_6,idp,36,59,TRUE,36,completed
idp_NG037011_supp1,idp,6,3,TRUE,0,not_started_other
idp_NG037011_supp2,idp,6,4,TRUE,0,not_started_other
idp_NG037012_1,idp,24,44,TRUE,24,completed
idp_NG037012_11,idp,18,0,FALSE,0,not_started_access_lost
idp_NG037012_14,idp,6,0,FALSE,0,not_started_access_lost
idp_NG037012_15,idp,18,0,FALSE,0,not_started_access_lost
idp_NG037012_5,idp,12,0,FALSE,0,not_started_access_lost
idp_NG037012_7,idp,24,0,FALSE,0,not_started_access_lost
idp_NG037013_1,idp,6,0,FALSE,0,not_started_access_lost
idp_NG037013_11,idp,36,0,FALSE,0,not_started_access_lost
idp_NG037013_2,idp,12,11,FALSE,0,partially_completed_access_lost
idp_NG037013_4,idp,42,38,FALSE,0,partially_completed_access_lost
idp_NG037014_1,idp,12,26,TRUE,12,completed
idp_NG037014_3,idp,6,0,FALSE,0,not_started_access_lost
idp_NG037014_4,idp,24,16,FALSE,0,partially_completed_access_lost
idp_NG037014_8,idp,60,80,TRUE,60,completed
idp_NG037014_supp1,idp,6,4,TRUE,0,not_started_other
idp_NG037014_supp2,idp,6,4,TRUE,0,not_started_other
non_idp_NG002001_1,non_idp,6,3,TRUE,6,not_started_other
non_idp_NG002001_10,non_idp,18,11,TRUE,18,not_started_other
non_idp_NG002001_13,non_idp,6,0,TRUE,6,not_started_other
non_idp_NG002001_14,non_idp,6,3,FALSE,0,partially_completed_access_lost
non_idp_NG002001_15,non_idp,12,11,TRUE,12,not_started_other
non_idp_NG002001_17,non_idp,6,0,FALSE,0,not_started_access_lost
non_idp_NG002001_2,non_idp,6,0,TRUE,6,not_started_other
non_idp_NG002001_3,non_idp,6,4,TRUE,6,not_started_other
non_idp_NG002001_4,non_idp,6,6,TRUE,6,completed
non_idp_NG002001_5,non_idp,6,0,FALSE,0,not_started_access_lost
non_idp_NG002001_6,non_idp,6,6,TRUE,6,completed
non_idp_NG002001_7,non_idp,6,6,TRUE,6,completed
non_idp_NG002001_8,non_idp,6,3,FALSE,0,partially_completed_access_lost
non_idp_NG002001_9,non_idp,6,1,TRUE,6,not_started_other
non_idp_NG002001_supp1,non_idp,6,0,TRUE,6,not_started_other
non_idp_NG002001_supp2,non_idp,6,0,TRUE,6,not_started_other
non_idp_NG002002_1,non_idp,6,0,TRUE,6,not_started_other
non_idp_NG002002_10,non_idp,6,0,FALSE,0,not_started_access_lost
non_idp_NG002002_11,non_idp,6,0,FALSE,0,not_started_access_lost
non_idp_NG002002_12,non_idp,6,0,TRUE,6,not_started_other
non_idp_NG002002_13,non_idp,6,0,TRUE,6,not_started_other
non_idp_NG002002_14,non_idp,6,0,TRUE,6,not_started_other
non_idp_NG002002_15,non_idp,6,0,TRUE,6,not_started_other
non_idp_NG002002_16,non_idp,6,0,TRUE,6,not_started_other
non_idp_NG002002_17,non_idp,6,0,TRUE,6,not_started_other
non_idp_NG002002_2,non_idp,6,0,FALSE,0,not_started_access_lost
non_idp_NG002002_3,non_idp,6,4,TRUE,6,not_started_other
non_idp_NG002002_4,non_idp,6,0,TRUE,6,not_started_other
non_idp_NG002002_5,non_idp,6,4,TRUE,6,not_started_other
non_idp_NG002002_6,non_idp,6,0,TRUE,6,not_started_other
non_idp_NG002002_7,non_idp,6,1,TRUE,6,not_started_other
non_idp_NG002002_8,non_idp,6,0,TRUE,6,not_started_other
non_idp_NG002002_9,non_idp,6,0,TRUE,6,not_started_other
non_idp_NG002002_supp1,non_idp,6,0,TRUE,6,not_started_other
non_idp_NG002003_1,non_idp,6,0,FALSE,0,not_started_access_lost
non_idp_NG002003_10,non_idp,12,12,TRUE,12,completed
non_idp_NG002003_12,non_idp,6,4,TRUE,6,not_started_other
non_idp_NG002003_13,non_idp,12,10,FALSE,0,partially_completed_access_lost
non_idp_NG002003_15,non_idp,6,5,TRUE,6,not_started_other
non_idp_NG002003_16,non_idp,12,11,TRUE,12,not_started_other
non_idp_NG002003_2,non_idp,6,5,FALSE,0,partially_completed_access_lost
non_idp_NG002003_3,non_idp,6,5,FALSE,0,partially_completed_access_lost
non_idp_NG002003_4,non_idp,6,0,FALSE,0,not_started_access_lost
non_idp_NG002003_5,non_idp,6,0,TRUE,6,not_started_other
non_idp_NG002003_6,non_idp,6,2,TRUE,6,not_started_other
non_idp_NG002003_7,non_idp,6,6,TRUE,6,completed
non_idp_NG002003_8,non_idp,6,5,TRUE,6,not_started_other
non_idp_NG002003_9,non_idp,6,5,FALSE,0,partially_completed_access_lost
non_idp_NG002003_supp1,non_idp,6,5,FALSE,0,partially_completed_access_lost
non_idp_NG002003_supp2,non_idp,6,5,FALSE,0,partially_completed_access_lost
non_idp_NG002003_supp3,non_idp,6,0,TRUE,6,not_started_other
non_idp_NG002003_supp4,non_idp,6,0,TRUE,6,not_started_other
non_idp_NG002003_supp5,non_idp,6,0,TRUE,6,not_started_other
non_idp_NG002003_supp6,non_idp,6,0,FALSE,0,not_started_access_lost
non_idp_NG002003_supp7,non_idp,6,0,TRUE,6,not_started_other
non_idp_NG002003_supp8,non_idp,6,0,TRUE,6,not_started_other
non_idp_NG002004_1,non_idp,6,0,FALSE,0,not_started_access_lost
non_idp_NG002004_10,non_idp,6,0,TRUE,6,not_started_other
non_idp_NG002004_11,non_idp,6,0,FALSE,0,not_started_access_lost
non_idp_NG002004_12,non_idp,6,0,TRUE,6,not_started_other
non_idp_NG002004_13,non_idp,6,0,TRUE,6,not_started_other
non_idp_NG002004_14,non_idp,6,0,FALSE,0,not_started_access_lost
non_idp_NG002004_15,non_idp,6,0,TRUE,6,not_started_other
non_idp_NG002004_16,non_idp,6,0,FALSE,0,not_started_access_lost
non_idp_NG002004_17,non_idp,6,0,FALSE,0,not_started_access_lost
non_idp_NG002004_2,non_idp,6,6,FALSE,0,completed
non_idp_NG002004_3,non_idp,12,7,TRUE,12,not_started_other
non_idp_NG002004_5,non_idp,12,7,TRUE,12,not_started_other
non_idp_NG002004_7,non_idp,6,3,TRUE,6,not_started_other
non_idp_NG002004_8,non_idp,6,0,FALSE,0,not_started_access_lost
non_idp_NG002004_9,non_idp,6,0,FALSE,4,not_started_access_lost
non_idp_NG002004_supp1,non_idp,6,0,TRUE,6,not_started_other
non_idp_NG002004_supp2,non_idp,6,0,TRUE,6,not_started_other
non_idp_NG002004_supp3,non_idp,6,0,TRUE,6,not_started_other
non_idp_NG002004_supp4,non_idp,6,0,TRUE,6,not_started_other
non_idp_NG002004_supp5,non_idp,6,0,FALSE,0,not_started_access_lost
non_idp_NG002005_1,non_idp,6,0,FALSE,0,not_started_access_lost
non_idp_NG002005_11,non_idp,6,2,TRUE,6,not_started_other
non_idp_NG002005_12,non_idp,6,3,TRUE,6,not_started_other
non_idp_NG002005_13,non_idp,6,0,FALSE,5,not_started_access_lost
non_idp_NG002005_14,non_idp,6,2,FALSE,0,partially_completed_access_lost
non_idp_NG002005_15,non_idp,6,0,TRUE,6,not_started_other
non_idp_NG002005_16,non_idp,6,5,TRUE,6,not_started_other
non_idp_NG002005_17,non_idp,6,0,FALSE,5,not_started_access_lost
non_idp_NG002005_2,non_idp,6,0,FALSE,0,not_started_access_lost
non_idp_NG002005_3,non_idp,30,17,FALSE,29,partially_completed_access_lost
non_idp_NG002005_8,non_idp,6,0,TRUE,6,not_started_other
non_idp_NG002005_9,non_idp,12,4,FALSE,0,partially_completed_access_lost
non_idp_NG002005_supp1,non_idp,6,5,TRUE,6,not_started_other
non_idp_NG002005_supp2,non_idp,6,0,TRUE,6,not_started_other
non_idp_NG002005_supp3,non_idp,6,0,TRUE,6,not_started_other
non_idp_NG002005_supp4,non_idp,6,0,TRUE,6,not_started_other
non_idp_NG002006_1,non_idp,6,0,FALSE,0,not_started_access_lost
non_idp_NG002006_10,non_idp,24,13,FALSE,0,partially_completed_access_lost
non_idp_NG002006_14,non_idp,6,0,FALSE,0,not_started_access_lost
non_idp_NG002006_15,non_idp,6,0,TRUE,6,not_started_other
non_idp_NG002006_16,non_idp,6,4,FALSE,0,partially_completed_access_lost
non_idp_NG002006_17,non_idp,6,0,FALSE,0,not_started_access_lost
non_idp_NG002006_2,non_idp,6,0,FALSE,0,not_started_access_lost
non_idp_NG002006_3,non_idp,6,0,FALSE,0,not_started_access_lost
non_idp_NG002006_4,non_idp,6,0,FALSE,5,not_started_access_lost
non_idp_NG002006_5,non_idp,6,3,TRUE,6,not_started_other
non_idp_NG002006_6,non_idp,6,0,FALSE,0,not_started_access_lost
non_idp_NG002006_7,non_idp,6,5,TRUE,6,not_started_other
non_idp_NG002006_8,non_idp,6,0,FALSE,0,not_started_access_lost
non_idp_NG002006_9,non_idp,6,0,TRUE,6,not_started_other
non_idp_NG002006_supp1,non_idp,6,0,TRUE,6,not_started_other
non_idp_NG002006_supp10,non_idp,6,0,FALSE,0,not_started_access_lost
non_idp_NG002006_supp11,non_idp,6,0,TRUE,6,not_started_other
non_idp_NG002006_supp12,non_idp,6,0,FALSE,0,not_started_access_lost
non_idp_NG002006_supp2,non_idp,6,0,TRUE,6,not_started_other
non_idp_NG002006_supp3,non_idp,6,0,FALSE,0,not_started_access_lost
non_idp_NG002006_supp4,non_idp,6,0,TRUE,6,not_started_other
non_idp_NG002006_supp5,non_idp,6,0,TRUE,6,not_started_other
non_idp_NG002006_supp6,non_idp,6,0,FALSE,5,not_started_access_lost
non_idp_NG002006_supp7,non_idp,6,0,TRUE,4,not_started_other
non_idp_NG002006_supp8,non_idp,6,0,TRUE,6,not_started_other
non_idp_NG002006_supp9,non_idp,6,0,TRUE,6,not_started_other
non_idp_NG002007_1,non_idp,6,0,FALSE,0,not_started_access_lost
non_idp_NG002007_10,non_idp,6,0,FALSE,0,not_started_access_lost
non_idp_NG002007_11,non_idp,6,0,FALSE,0,not_started_access_lost
non_idp_NG002007_12,non_idp,6,0,FALSE,0,not_started_access_lost
non_idp_NG002007_13,non_idp,6,0,TRUE,6,not_started_other
non_idp_NG002007_14,non_idp,6,6,TRUE,6,completed
non_idp_NG002007_15,non_idp,6,5,FALSE,0,partially_completed_access_lost
non_idp_NG002007_16,non_idp,6,1,FALSE,0,partially_completed_access_lost
non_idp_NG002007_17,non_idp,6,2,FALSE,0,partially_completed_access_lost
non_idp_NG002007_2,non_idp,6,0,FALSE,0,not_started_access_lost
non_idp_NG002007_3,non_idp,6,0,FALSE,0,not_started_access_lost
non_idp_NG002007_4,non_idp,6,3,TRUE,6,not_started_other
non_idp_NG002007_5,non_idp,6,3,TRUE,6,not_started_other
non_idp_NG002007_6,non_idp,6,0,FALSE,0,not_started_access_lost
non_idp_NG002007_7,non_idp,6,0,FALSE,0,not_started_access_lost
non_idp_NG002007_8,non_idp,6,0,FALSE,0,not_started_access_lost
non_idp_NG002007_9,non_idp,6,0,FALSE,0,not_started_access_lost
non_idp_NG002007_supp1,non_idp,6,0,FALSE,0,not_started_access_lost
non_idp_NG002007_supp10,non_idp,6,0,TRUE,6,not_started_other
non_idp_NG002007_supp11,non_idp,6,0,TRUE,6,not_started_other
non_idp_NG002007_supp12,non_idp,6,0,FALSE,5,not_started_access_lost
non_idp_NG002007_supp2,non_idp,6,0,TRUE,6,not_started_other
non_idp_NG002007_supp3,non_idp,6,0,FALSE,0,not_started_access_lost
non_idp_NG002007_supp4,non_idp,6,0,FALSE,0,not_started_access_lost
non_idp_NG002007_supp5,non_idp,6,0,TRUE,6,not_started_other
non_idp_NG002007_supp6,non_idp,6,0,FALSE,0,not_started_access_lost
non_idp_NG002007_supp7,non_idp,6,0,FALSE,0,not_started_access_lost
non_idp_NG002007_supp8,non_idp,6,0,TRUE,6,not_started_other
non_idp_NG002007_supp9,non_idp,6,0,TRUE,6,not_started_other
non_idp_NG002008_1,non_idp,6,6,FALSE,0,completed
non_idp_NG002008_10,non_idp,6,0,FALSE,0,not_started_access_lost
non_idp_NG002008_11,non_idp,6,3,TRUE,6,not_started_other
non_idp_NG002008_12,non_idp,6,6,TRUE,6,completed
non_idp_NG002008_13,non_idp,6,5,TRUE,6,not_started_other
non_idp_NG002008_14,non_idp,6,6,FALSE,0,completed
non_idp_NG002008_15,non_idp,6,5,TRUE,6,not_started_other
non_idp_NG002008_16,non_idp,6,4,FALSE,0,partially_completed_access_lost
non_idp_NG002008_17,non_idp,6,0,TRUE,6,not_started_other
non_idp_NG002008_2,non_idp,6,0,FALSE,0,not_started_access_lost
non_idp_NG002008_3,non_idp,6,6,TRUE,6,completed
non_idp_NG002008_4,non_idp,6,5,TRUE,6,not_started_other
non_idp_NG002008_5,non_idp,6,5,TRUE,6,not_started_other
non_idp_NG002008_6,non_idp,6,3,TRUE,6,not_started_other
non_idp_NG002008_7,non_idp,6,4,FALSE,0,partially_completed_access_lost
non_idp_NG002008_8,non_idp,6,0,TRUE,6,not_started_other
non_idp_NG002008_9,non_idp,6,0,FALSE,0,not_started_access_lost
non_idp_NG002008_supp1,non_idp,6,2,FALSE,0,partially_completed_access_lost
non_idp_NG002008_supp2,non_idp,6,0,FALSE,0,not_started_access_lost
non_idp_NG002008_supp3,non_idp,6,5,FALSE,0,partially_completed_access_lost
non_idp_NG002008_supp4,non_idp,6,0,TRUE,6,not_started_other
non_idp_NG002008_supp5,non_idp,6,0,FALSE,0,not_started_access_lost
non_idp_NG002008_supp6,non_idp,6,0,TRUE,6,not_started_other
non_idp_NG002008_supp7,non_idp,6,0,TRUE,6,not_started_other
non_idp_NG002009_1,non_idp,6,0,FALSE,0,not_started_access_lost
non_idp_NG002009_10,non_idp,18,12,TRUE,18,not_started_other
non_idp_NG002009_13,non_idp,6,4,TRUE,6,not_started_other
non_idp_NG002009_14,non_idp,6,0,TRUE,6,not_started_other
non_idp_NG002009_15,non_idp,6,4,TRUE,6,not_started_other
non_idp_NG002009_16,non_idp,6,0,TRUE,6,not_started_other
non_idp_NG002009_17,non_idp,6,4,TRUE,6,not_started_other
non_idp_NG002009_2,non_idp,6,0,FALSE,0,not_started_access_lost
non_idp_NG002009_3,non_idp,6,0,TRUE,6,not_started_other
non_idp_NG002009_4,non_idp,12,0,FALSE,0,not_started_access_lost
non_idp_NG002009_6,non_idp,6,0,TRUE,6,not_started_other
non_idp_NG002009_7,non_idp,6,0,TRUE,6,not_started_other
non_idp_NG002009_8,non_idp,6,0,FALSE,0,not_started_access_lost
non_idp_NG002009_9,non_idp,6,5,TRUE,6,not_started_other
non_idp_NG002009_supp1,non_idp,6,0,TRUE,4,not_started_other
non_idp_NG002009_supp2,non_idp,6,0,TRUE,6,not_started_other
non_idp_NG002009_supp3,non_idp,6,0,TRUE,6,not_started_other
non_idp_NG002009_supp4,non_idp,6,0,TRUE,6,not_started_other
non_idp_NG002009_supp5,non_idp,6,0,TRUE,6,not_started_other
non_idp_NG002010_1,non_idp,6,0,TRUE,6,not_started_other
non_idp_NG002010_10,non_idp,6,0,TRUE,6,not_started_other
non_idp_NG002010_11,non_idp,6,0,TRUE,6,not_started_other
non_idp_NG002010_12,non_idp,6,0,TRUE,6,not_started_other
non_idp_NG002010_13,non_idp,6,0,TRUE,6,not_started_other
non_idp_NG002010_14,non_idp,6,0,TRUE,6,not_started_other
non_idp_NG002010_15,non_idp,12,6,TRUE,12,not_started_other
non_idp_NG002010_17,non_idp,6,0,TRUE,6,not_started_other
non_idp_NG002010_2,non_idp,6,0,TRUE,6,not_started_other
non_idp_NG002010_3,non_idp,6,0,TRUE,6,not_started_other
non_idp_NG002010_4,non_idp,12,4,TRUE,12,not_started_other
non_idp_NG002010_6,non_idp,6,0,TRUE,6,not_started_other
non_idp_NG002010_7,non_idp,6,0,TRUE,6,not_started_other
non_idp_NG002010_8,non_idp,6,0,TRUE,6,not_started_other
non_idp_NG002010_9,non_idp,6,0,TRUE,6,not_started_other
non_idp_NG002011_1,non_idp,6,0,TRUE,6,not_started_other
non_idp_NG002011_10,non_idp,6,3,TRUE,6,not_started_other
non_idp_NG002011_11,non_idp,6,4,TRUE,6,not_started_other
non_idp_NG002011_12,non_idp,12,8,TRUE,12,not_started_other
non_idp_NG002011_14,non_idp,6,6,TRUE,6,completed
non_idp_NG002011_15,non_idp,6,0,TRUE,6,not_started_other
non_idp_NG002011_16,non_idp,6,3,TRUE,6,not_started_other
non_idp_NG002011_17,non_idp,6,5,TRUE,6,not_started_other
non_idp_NG002011_2,non_idp,6,0,TRUE,6,not_started_other
non_idp_NG002011_3,non_idp,6,4,TRUE,6,not_started_other
non_idp_NG002011_4,non_idp,6,0,TRUE,6,not_started_other
non_idp_NG002011_5,non_idp,6,6,TRUE,6,completed
non_idp_NG002011_6,non_idp,6,4,TRUE,6,not_started_other
non_idp_NG002011_7,non_idp,6,3,TRUE,6,not_started_other
non_idp_NG002011_8,non_idp,6,4,TRUE,6,not_started_other
non_idp_NG002011_9,non_idp,6,5,TRUE,6,not_started_other
non_idp_NG002012_1,non_idp,6,0,TRUE,6,not_started_other
non_idp_NG002012_10,non_idp,6,0,FALSE,0,not_started_access_lost
non_idp_NG002012_11,non_idp,6,0,TRUE,6,not_started_other
non_idp_NG002012_12,non_idp,6,0,TRUE,6,not_started_other
non_idp_NG002012_13,non_idp,6,0,TRUE,6,not_started_other
non_idp_NG002012_14,non_idp,6,0,FALSE,0,not_started_access_lost
non_idp_NG002012_15,non_idp,6,0,FALSE,0,not_started_access_lost
non_idp_NG002012_16,non_idp,6,0,TRUE,6,not_started_other
non_idp_NG002012_17,non_idp,6,0,FALSE,0,not_started_access_lost
non_idp_NG002012_2,non_idp,6,0,TRUE,6,not_started_other
non_idp_NG002012_3,non_idp,6,0,TRUE,6,not_started_other
non_idp_NG002012_4,non_idp,12,11,TRUE,12,not_started_other
non_idp_NG002012_6,non_idp,6,0,FALSE,0,not_started_access_lost
non_idp_NG002012_7,non_idp,6,5,TRUE,6,not_started_other
non_idp_NG002012_8,non_idp,6,0,FALSE,0,not_started_access_lost
non_idp_NG002012_9,non_idp,6,0,FALSE,0,not_started_access_lost
non_idp_NG002012_supp1,non_idp,6,0,FALSE,0,not_started_access_lost
non_idp_NG002012_supp2,non_idp,6,0,FALSE,0,not_started_access_lost
non_idp_NG002012_supp3,non_idp,6,1,FALSE,0,partially_completed_access_lost
non_idp_NG002012_supp4,non_idp,6,0,TRUE,6,not_started_other
non_idp_NG002012_supp5,non_idp,6,0,TRUE,6,not_started_other
non_idp_NG002012_supp6,non_idp,6,0,TRUE,6,not_started_other
non_idp_NG002012_supp7,non_idp,6,0,FALSE,4,not_started_access_lost
non_idp_NG002012_supp8,non_idp,6,0,FALSE,5,not_started_access_lost
non_idp_NG002012_supp9,non_idp,6,0,TRUE,6,not_started_other
non_idp_NG002013_1,non_idp,6,6,TRUE,6,completed
non_idp_NG002013_13,non_idp,6,0,TRUE,6,not_started_other
non_idp_NG002013_14,non_idp,6,6,TRUE,6,completed
non_idp_NG002013_15,non_idp,6,6,TRUE,6,completed
non_idp_NG002013_16,non_idp,6,6,TRUE,6,completed
non_idp_NG002013_17,non_idp,6,6,TRUE,6,completed
non_idp_NG002013_2,non_idp,6,6,TRUE,6,completed
non_idp_NG002013_3,non_idp,6,6,TRUE,6,completed
non_idp_NG002013_4,non_idp,6,6,TRUE,6,completed
non_idp_NG002013_5,non_idp,6,5,TRUE,6,not_started_other
non_idp_NG002013_6,non_idp,12,12,TRUE,12,completed
non_idp_NG002013_8,non_idp,6,5,TRUE,6,not_started_other
non_idp_NG002013_9,non_idp,24,22,TRUE,24,not_started_other
non_idp_NG002014_1,non_idp,6,4,TRUE,6,not_started_other
non_idp_NG002014_10,non_idp,6,4,TRUE,6,not_started_other
non_idp_NG002014_11,non_idp,6,5,TRUE,6,not_started_other
non_idp_NG002014_12,non_idp,6,6,TRUE,6,completed
non_idp_NG002014_13,non_idp,6,6,TRUE,6,completed
non_idp_NG002014_14,non_idp,12,12,TRUE,12,completed
non_idp_NG002014_16,non_idp,6,6,TRUE,6,completed
non_idp_NG002014_17,non_idp,6,4,TRUE,6,not_started_other
non_idp_NG002014_2,non_idp,24,14,TRUE,24,not_started_other
non_idp_NG002014_6,non_idp,12,10,TRUE,12,not_started_other
non_idp_NG002014_8,non_idp,6,5,TRUE,6,not_started_other
non_idp_NG002014_9,non_idp,6,2,TRUE,6,not_started_other
non_idp_NG002015_1,non_idp,6,4,TRUE,6,not_started_other
non_idp_NG002015_12,non_idp,6,6,TRUE,6,completed
non_idp_NG002015_13,non_idp,6,6,TRUE,6,completed
non_idp_NG002015_14,non_idp,6,6,TRUE,6,completed
non_idp_NG002015_15,non_idp,6,6,TRUE,6,completed
non_idp_NG002015_16,non_idp,6,5,TRUE,6,not_started_other
non_idp_NG002015_17,non_idp,6,5,TRUE,6,not_started_other
non_idp_NG002015_2,non_idp,6,5,TRUE,6,not_started_other
non_idp_NG002015_3,non_idp,12,10,TRUE,12,not_started_other
non_idp_NG002015_5,non_idp,6,5,TRUE,6,not_started_other
non_idp_NG002015_6,non_idp,12,5,TRUE,12,not_started_other
non_idp_NG002015_8,non_idp,24,12,TRUE,24,not_started_other
non_idp_NG002016_1,non_idp,6,0,FALSE,0,not_started_access_lost
non_idp_NG002016_11,non_idp,6,5,TRUE,6,not_started_other
non_idp_NG002016_12,non_idp,6,6,TRUE,6,completed
non_idp_NG002016_13,non_idp,24,16,TRUE,24,not_started_other
non_idp_NG002016_17,non_idp,6,3,TRUE,6,not_started_other
non_idp_NG002016_2,non_idp,6,0,FALSE,0,not_started_access_lost
non_idp_NG002016_3,non_idp,6,0,TRUE,6,not_started_other
non_idp_NG002016_4,non_idp,12,12,TRUE,12,completed
non_idp_NG002016_6,non_idp,12,5,TRUE,12,not_started_other
non_idp_NG002016_8,non_idp,18,11,TRUE,18,not_started_other
non_idp_NG002017_1,non_idp,6,0,FALSE,0,not_started_access_lost
non_idp_NG002017_10,non_idp,6,0,TRUE,6,not_started_other
non_idp_NG002017_11,non_idp,6,0,TRUE,6,not_started_other
non_idp_NG002017_12,non_idp,6,0,TRUE,6,not_started_other
non_idp_NG002017_13,non_idp,6,0,TRUE,6,not_started_other
non_idp_NG002017_14,non_idp,6,0,TRUE,6,not_started_other
non_idp_NG002017_15,non_idp,6,0,TRUE,6,not_started_other
non_idp_NG002017_16,non_idp,6,0,TRUE,6,not_started_other
non_idp_NG002017_17,non_idp,6,0,TRUE,6,not_started_other
non_idp_NG002017_2,non_idp,6,0,TRUE,6,not_started_other
non_idp_NG002017_3,non_idp,12,0,TRUE,12,not_started_other
non_idp_NG002017_5,non_idp,6,0,TRUE,6,not_started_other
non_idp_NG002017_6,non_idp,12,0,TRUE,12,not_started_other
non_idp_NG002017_8,non_idp,6,0,TRUE,6,not_started_other
non_idp_NG002017_9,non_idp,6,0,TRUE,6,not_started_other
non_idp_NG002018_1,non_idp,6,5,TRUE,6,not_started_other
non_idp_NG002018_10,non_idp,6,0,TRUE,6,not_started_other
non_idp_NG002018_11,non_idp,6,0,TRUE,6,not_started_other
non_idp_NG002018_12,non_idp,6,0,TRUE,6,not_started_other
non_idp_NG002018_13,non_idp,6,0,TRUE,6,not_started_other
non_idp_NG002018_14,non_idp,6,4,TRUE,6,not_started_other
non_idp_NG002018_15,non_idp,6,6,TRUE,6,completed
non_idp_NG002018_16,non_idp,6,5,TRUE,6,not_started_other
non_idp_NG002018_17,non_idp,6,0,FALSE,0,not_started_access_lost
non_idp_NG002018_2,non_idp,6,2,TRUE,6,not_started_other
non_idp_NG002018_3,non_idp,6,0,TRUE,6,not_started_other
non_idp_NG002018_4,non_idp,6,0,TRUE,6,not_started_other
non_idp_NG002018_5,non_idp,6,0,TRUE,6,not_started_other
non_idp_NG002018_6,non_idp,12,12,TRUE,12,completed
non_idp_NG002018_8,non_idp,6,0,FALSE,0,not_started_access_lost
non_idp_NG002018_9,non_idp,6,0,TRUE,6,not_started_other
non_idp_NG002019_1,non_idp,6,0,TRUE,6,not_started_other
non_idp_NG002019_10,non_idp,12,7,FALSE,0,partially_completed_access_lost
non_idp_NG002019_12,non_idp,6,4,TRUE,6,not_started_other
non_idp_NG002019_13,non_idp,6,3,FALSE,5,partially_completed_access_lost
non_idp_NG002019_14,non_idp,6,5,TRUE,6,not_started_other
non_idp_NG002019_15,non_idp,6,4,TRUE,6,not_started_other
non_idp_NG002019_16,non_idp,6,0,TRUE,6,not_started_other
non_idp_NG002019_17,non_idp,6,0,TRUE,6,not_started_other
non_idp_NG002019_2,non_idp,6,0,TRUE,6,not_started_other
non_idp_NG002019_3,non_idp,6,0,TRUE,6,not_started_other
non_idp_NG002019_4,non_idp,6,0,TRUE,6,not_started_other
non_idp_NG002019_5,non_idp,6,2,TRUE,6,not_started_other
non_idp_NG002019_6,non_idp,6,5,TRUE,6,not_started_other
non_idp_NG002019_7,non_idp,18,16,FALSE,0,partially_completed_access_lost
non_idp_NG002019_supp1,non_idp,6,0,TRUE,6,not_started_other
non_idp_NG002019_supp2,non_idp,6,0,TRUE,6,not_started_other
non_idp_NG002019_supp3,non_idp,6,0,TRUE,6,not_started_other
non_idp_NG002019_supp4,non_idp,6,0,TRUE,6,not_started_other
non_idp_NG002020_1,non_idp,18,10,TRUE,18,not_started_other
non_idp_NG002020_13,non_idp,30,21,TRUE,30,not_started_other
non_idp_NG002020_4,non_idp,18,3,TRUE,18,not_started_other
non_idp_NG002020_7,non_idp,6,1,TRUE,6,not_started_other
non_idp_NG002020_8,non_idp,30,12,TRUE,30,not_started_other
non_idp_NG002021_1,non_idp,6,5,TRUE,6,not_started_other
non_idp_NG002021_11,non_idp,6,3,TRUE,6,not_started_other
non_idp_NG002021_12,non_idp,30,9,FALSE,29,partially_completed_access_lost
non_idp_NG002021_17,non_idp,6,3,TRUE,6,not_started_other
non_idp_NG002021_2,non_idp,6,2,TRUE,6,not_started_other
non_idp_NG002021_3,non_idp,6,0,TRUE,6,not_started_other
non_idp_NG002021_4,non_idp,6,0,TRUE,6,not_started_other
non_idp_NG002021_5,non_idp,6,1,TRUE,6,not_started_other
non_idp_NG002021_6,non_idp,6,5,TRUE,6,not_started_other
non_idp_NG002021_7,non_idp,6,5,TRUE,6,not_started_other
non_idp_NG002021_8,non_idp,6,6,TRUE,6,completed
non_idp_NG002021_9,non_idp,12,6,FALSE,11,partially_completed_access_lost
non_idp_NG007002_1,non_idp,6,0,TRUE,6,not_started_other
non_idp_NG007002_10,non_idp,6,0,TRUE,6,not_started_other
non_idp_NG007002_11,non_idp,12,2,TRUE,12,not_started_other
non_idp_NG007002_13,non_idp,6,0,TRUE,6,not_started_other
non_idp_NG007002_14,non_idp,6,0,TRUE,6,not_started_other
non_idp_NG007002_15,non_idp,6,0,FALSE,0,not_started_access_lost
non_idp_NG007002_16,non_idp,6,0,TRUE,6,not_started_other
non_idp_NG007002_17,non_idp,6,0,TRUE,6,not_started_other
non_idp_NG007002_2,non_idp,6,0,TRUE,6,not_started_other
non_idp_NG007002_3,non_idp,6,0,TRUE,6,not_started_other
non_idp_NG007002_4,non_idp,6,0,TRUE,6,not_started_other
non_idp_NG007002_5,non_idp,6,3,TRUE,6,not_started_other
non_idp_NG007002_6,non_idp,6,0,TRUE,6,not_started_other
non_idp_NG007002_7,non_idp,12,0,TRUE,12,not_started_other
non_idp_NG007002_9,non_idp,6,0,TRUE,6,not_started_other
non_idp_NG007002_supp1,non_idp,6,1,TRUE,6,not_started_other
non_idp_NG007006_1,non_idp,6,6,TRUE,6,completed
non_idp_NG007006_10,non_idp,6,4,TRUE,6,not_started_other
non_idp_NG007006_11,non_idp,6,5,TRUE,6,not_started_other
non_idp_NG007006_12,non_idp,6,0,FALSE,5,not_started_access_lost
non_idp_NG007006_13,non_idp,6,4,TRUE,6,not_started_other
non_idp_NG007006_14,non_idp,6,5,TRUE,6,not_started_other
non_idp_NG007006_15,non_idp,6,5,TRUE,6,not_started_other
non_idp_NG007006_16,non_idp,6,0,FALSE,0,not_started_access_lost
non_idp_NG007006_17,non_idp,6,3,TRUE,6,not_started_other
non_idp_NG007006_2,non_idp,6,0,FALSE,0,not_started_access_lost
non_idp_NG007006_3,non_idp,6,6,TRUE,6,completed
non_idp_NG007006_4,non_idp,6,0,FALSE,0,not_started_access_lost
non_idp_NG007006_5,non_idp,6,0,FALSE,0,not_started_access_lost
non_idp_NG007006_6,non_idp,6,0,FALSE,0,not_started_access_lost
non_idp_NG007006_7,non_idp,6,0,FALSE,0,not_started_access_lost
non_idp_NG007006_8,non_idp,6,0,FALSE,0,not_started_access_lost
non_idp_NG007006_9,non_idp,6,4,TRUE,6,not_started_other
non_idp_NG007006_supp1,non_idp,6,0,TRUE,6,not_started_other
non_idp_NG007006_supp2,non_idp,6,0,TRUE,6,not_started_other
non_idp_NG007006_supp3,non_idp,6,0,TRUE,6,not_started_other
non_idp_NG007006_supp4,non_idp,6,0,TRUE,6,not_started_other
non_idp_NG007006_supp5,non_idp,6,0,TRUE,6,not_started_other
non_idp_NG007006_supp6,non_idp,6,0,TRUE,6,not_started_other
non_idp_NG007006_supp7,non_idp,6,0,TRUE,6,not_started_other
non_idp_NG007006_supp8,non_idp,6,0,TRUE,0,not_started_other
non_idp_NG007008_1,non_idp,6,0,TRUE,6,not_started_other
non_idp_NG007008_14,non_idp,6,0,TRUE,6,not_started_other
non_idp_NG007008_15,non_idp,6,0,TRUE,6,not_started_other
non_idp_NG007008_16,non_idp,6,0,TRUE,6,not_started_other
non_idp_NG007008_17,non_idp,6,2,TRUE,6,not_started_other
non_idp_NG007008_2,non_idp,6,1,TRUE,6,not_started_other
non_idp_NG007008_3,non_idp,6,5,TRUE,6,not_started_other
non_idp_NG007008_4,non_idp,6,6,TRUE,6,completed
non_idp_NG007008_5,non_idp,12,10,TRUE,12,not_started_other
non_idp_NG007008_7,non_idp,6,1,TRUE,6,not_started_other
non_idp_NG007008_8,non_idp,6,0,TRUE,6,not_started_other
non_idp_NG007008_9,non_idp,30,18,TRUE,30,not_started_other
non_idp_NG007011_1,non_idp,6,0,FALSE,0,not_started_access_lost
non_idp_NG007011_10,non_idp,6,0,TRUE,6,not_started_other
non_idp_NG007011_11,non_idp,6,2,TRUE,6,not_started_other
non_idp_NG007011_12,non_idp,6,0,TRUE,6,not_started_other
non_idp_NG007011_13,non_idp,6,6,TRUE,6,completed
non_idp_NG007011_14,non_idp,6,2,TRUE,6,not_started_other
non_idp_NG007011_15,non_idp,6,0,FALSE,0,not_started_access_lost
non_idp_NG007011_16,non_idp,6,4,TRUE,6,not_started_other
non_idp_NG007011_17,non_idp,6,4,TRUE,6,not_started_other
non_idp_NG007011_2,non_idp,6,5,TRUE,6,not_started_other
non_idp_NG007011_3,non_idp,6,6,TRUE,6,completed
non_idp_NG007011_4,non_idp,6,0,TRUE,6,not_started_other
non_idp_NG007011_5,non_idp,6,2,TRUE,6,not_started_other
non_idp_NG007011_6,non_idp,6,0,FALSE,0,not_started_access_lost
non_idp_NG007011_7,non_idp,6,5,TRUE,6,not_started_other
non_idp_NG007011_8,non_idp,6,2,TRUE,6,not_started_other
non_idp_NG007011_9,non_idp,6,4,TRUE,6,not_started_other
non_idp_NG007011_supp1,non_idp,6,0,TRUE,6,not_started_other
non_idp_NG007011_supp2,non_idp,6,0,TRUE,6,not_started_other
non_idp_NG007012_1,non_idp,6,3,TRUE,6,not_started_other
non_idp_NG007012_10,non_idp,6,0,TRUE,6,not_started_other
non_idp_NG007012_11,non_idp,6,3,TRUE,6,not_started_other
non_idp_NG007012_12,non_idp,6,1,TRUE,6,not_started_other
non_idp_NG007012_13,non_idp,6,0,TRUE,6,not_started_other
non_idp_NG007012_14,non_idp,6,0,TRUE,6,not_started_other
non_idp_NG007012_15,non_idp,12,9,TRUE,12,not_started_other
non_idp_NG007012_17,non_idp,6,3,TRUE,6,not_started_other
non_idp_NG007012_2,non_idp,6,0,TRUE,6,not_started_other
non_idp_NG007012_3,non_idp,6,4,TRUE,6,not_started_other
non_idp_NG007012_4,non_idp,6,2,TRUE,6,not_started_other
non_idp_NG007012_5,non_idp,6,0,TRUE,6,not_started_other
non_idp_NG007012_6,non_idp,6,0,TRUE,6,not_started_other
non_idp_NG007012_7,non_idp,6,0,TRUE,6,not_started_other
non_idp_NG007012_8,non_idp,6,0,TRUE,6,not_started_other
non_idp_NG007012_9,non_idp,6,0,TRUE,6,not_started_other
non_idp_NG007013_1,non_idp,6,6,TRUE,6,completed
non_idp_NG007013_10,non_idp,12,11,TRUE,12,not_started_other
non_idp_NG007013_12,non_idp,12,8,FALSE,0,partially_completed_access_lost
non_idp_NG007013_14,non_idp,6,6,TRUE,6,completed
non_idp_NG007013_15,non_idp,6,6,TRUE,6,completed
non_idp_NG007013_16,non_idp,6,6,TRUE,6,completed
non_idp_NG007013_17,non_idp,6,6,TRUE,6,completed
non_idp_NG007013_2,non_idp,6,6,TRUE,6,completed
non_idp_NG007013_3,non_idp,6,4,TRUE,6,not_started_other
non_idp_NG007013_4,non_idp,6,4,TRUE,6,not_started_other
non_idp_NG007013_5,non_idp,6,0,FALSE,0,not_started_access_lost
non_idp_NG007013_6,non_idp,18,16,FALSE,13,partially_completed_access_lost
non_idp_NG007013_9,non_idp,6,6,TRUE,6,completed
non_idp_NG007013_supp1,non_idp,6,0,FALSE,5,not_started_access_lost
non_idp_NG007013_supp2,non_idp,6,6,TRUE,6,completed
non_idp_NG008001_1,non_idp,6,0,FALSE,0,not_started_access_lost
non_idp_NG008001_10,non_idp,6,0,FALSE,0,not_started_access_lost
non_idp_NG008001_11,non_idp,6,0,FALSE,0,not_started_access_lost
non_idp_NG008001_12,non_idp,6,0,FALSE,0,not_started_access_lost
non_idp_NG008001_13,non_idp,6,0,FALSE,0,not_started_access_lost
non_idp_NG008001_14,non_idp,6,0,FALSE,0,not_started_access_lost
non_idp_NG008001_15,non_idp,6,0,FALSE,0,not_started_access_lost
non_idp_NG008001_16,non_idp,6,0,FALSE,0,not_started_access_lost
non_idp_NG008001_17,non_idp,6,0,FALSE,0,not_started_access_lost
non_idp_NG008001_2,non_idp,6,0,FALSE,0,not_started_access_lost
non_idp_NG008001_3,non_idp,6,0,FALSE,0,not_started_access_lost
non_idp_NG008001_4,non_idp,6,0,FALSE,0,not_started_access_lost
non_idp_NG008001_5,non_idp,6,0,FALSE,0,not_started_access_lost
non_idp_NG008001_6,non_idp,6,0,FALSE,0,not_started_access_lost
non_idp_NG008001_7,non_idp,6,0,FALSE,0,not_started_access_lost
non_idp_NG008001_8,non_idp,6,0,FALSE,0,not_started_access_lost
non_idp_NG008001_9,non_idp,6,0,FALSE,0,not_started_access_lost
non_idp_NG008001_light1,non_idp,6,0,TRUE,6,not_started_other
non_idp_NG008001_light10,non_idp,6,0,TRUE,6,not_started_other
non_idp_NG008001_light11,non_idp,6,0,TRUE,6,not_started_other
non_idp_NG008001_light12,non_idp,6,0,TRUE,6,not_started_other
non_idp_NG008001_light13,non_idp,6,0,TRUE,6,not_started_other
non_idp_NG008001_light14,non_idp,6,0,TRUE,6,not_started_other
non_idp_NG008001_light15,non_idp,6,0,TRUE,6,not_started_other
non_idp_NG008001_light16,non_idp,6,0,TRUE,6,not_started_other
non_idp_NG008001_light17,non_idp,6,0,TRUE,6,not_started_other
non_idp_NG008001_light2,non_idp,6,0,TRUE,6,not_started_other
non_idp_NG008001_light3,non_idp,6,0,TRUE,6,not_started_other
non_idp_NG008001_light4,non_idp,6,0,TRUE,6,not_started_other
non_idp_NG008001_light5,non_idp,6,0,TRUE,6,not_started_other
non_idp_NG008001_light6,non_idp,6,0,TRUE,6,not_started_other
non_idp_NG008001_light7,non_idp,6,0,TRUE,6,not_started_other
non_idp_NG008001_light8,non_idp,6,0,TRUE,6,not_started_other
non_idp_NG008001_light9,non_idp,6,0,TRUE,6,not_started_other
non_idp_NG008001_supp1,non_idp,6,0,FALSE,0,not_started_access_lost
non_idp_NG008001_supp10,non_idp,6,0,FALSE,0,not_started_access_lost
non_idp_NG008001_supp11,non_idp,6,0,FALSE,0,not_started_access_lost
non_idp_NG008001_supp12,non_idp,6,0,FALSE,0,not_started_access_lost
non_idp_NG008001_supp2,non_idp,6,0,FALSE,0,not_started_access_lost
non_idp_NG008001_supp3,non_idp,12,0,FALSE,0,not_started_access_lost
non_idp_NG008001_supp4,non_idp,12,0,FALSE,0,not_started_access_lost
non_idp_NG008001_supp5,non_idp,12,0,FALSE,0,not_started_access_lost
non_idp_NG008001_supp6,non_idp,12,0,FALSE,0,not_started_access_lost
non_idp_NG008001_supp7,non_idp,12,0,FALSE,0,not_started_access_lost
non_idp_NG008001_supp8,non_idp,6,0,FALSE,0,not_started_access_lost
non_idp_NG008001_supp9,non_idp,6,0,FALSE,0,not_started_access_lost
non_idp_NG008002_1,non_idp,6,6,TRUE,6,completed
non_idp_NG008002_10,non_idp,12,9,TRUE,12,not_started_other
non_idp_NG008002_12,non_idp,6,0,TRUE,6,not_started_other
non_idp_NG008002_13,non_idp,6,0,TRUE,6,not_started_other
non_idp_NG008002_14,non_idp,6,0,FALSE,0,not_started_access_lost
non_idp_NG008002_15,non_idp,12,4,FALSE,11,partially_completed_access_lost
non_idp_NG008002_17,non_idp,6,0,TRUE,6,not_started_other
non_idp_NG008002_2,non_idp,6,0,TRUE,6,not_started_other
non_idp_NG008002_3,non_idp,6,0,FALSE,0,not_started_access_lost
non_idp_NG008002_4,non_idp,6,0,TRUE,6,not_started_other
non_idp_NG008002_5,non_idp,6,0,FALSE,0,not_started_access_lost
non_idp_NG008002_6,non_idp,6,5,TRUE,6,not_started_other
non_idp_NG008002_7,non_idp,6,3,TRUE,6,not_started_other
non_idp_NG008002_8,non_idp,12,8,TRUE,12,not_started_other
non_idp_NG008002_supp1,non_idp,6,0,TRUE,6,not_started_other
non_idp_NG008003_1,non_idp,6,0,TRUE,6,not_started_other
non_idp_NG008003_14,non_idp,6,0,TRUE,6,not_started_other
non_idp_NG008003_15,non_idp,6,4,TRUE,6,not_started_other
non_idp_NG008003_16,non_idp,6,0,TRUE,6,not_started_other
non_idp_NG008003_17,non_idp,6,0,TRUE,6,not_started_other
non_idp_NG008003_2,non_idp,6,0,TRUE,6,not_started_other
non_idp_NG008003_3,non_idp,6,0,TRUE,4,not_started_other
non_idp_NG008003_4,non_idp,6,0,TRUE,6,not_started_other
non_idp_NG008003_5,non_idp,6,0,TRUE,6,not_started_other
non_idp_NG008003_6,non_idp,6,0,FALSE,0,not_started_access_lost
non_idp_NG008003_7,non_idp,6,1,TRUE,6,not_started_other
non_idp_NG008003_8,non_idp,36,15,TRUE,36,not_started_other
non_idp_NG008003_supp1,non_idp,6,0,FALSE,0,not_started_access_lost
non_idp_NG008003_supp2,non_idp,6,0,TRUE,6,not_started_other
non_idp_NG008003_supp3,non_idp,6,0,TRUE,6,not_started_other
non_idp_NG008004_1,non_idp,6,4,TRUE,6,not_started_other
non_idp_NG008004_10,non_idp,6,6,FALSE,0,completed
non_idp_NG008004_11,non_idp,6,5,TRUE,6,not_started_other
non_idp_NG008004_12,non_idp,6,3,TRUE,6,not_started_other
non_idp_NG008004_13,non_idp,6,5,TRUE,6,not_started_other
non_idp_NG008004_14,non_idp,6,6,TRUE,6,completed
non_idp_NG008004_15,non_idp,6,6,TRUE,6,completed
non_idp_NG008004_16,non_idp,6,6,TRUE,6,completed
non_idp_NG008004_17,non_idp,6,6,TRUE,6,completed
non_idp_NG008004_2,non_idp,6,4,TRUE,6,not_started_other
non_idp_NG008004_3,non_idp,6,5,TRUE,6,not_started_other
non_idp_NG008004_4,non_idp,6,6,TRUE,6,completed
non_idp_NG008004_5,non_idp,6,5,FALSE,5,partially_completed_access_lost
non_idp_NG008004_6,non_idp,6,4,TRUE,6,not_started_other
non_idp_NG008004_7,non_idp,6,6,FALSE,0,completed
non_idp_NG008004_8,non_idp,6,6,TRUE,6,completed
non_idp_NG008004_9,non_idp,6,5,TRUE,6,not_started_other
non_idp_NG008004_supp1,non_idp,6,0,TRUE,0,not_started_other
non_idp_NG008005_1,non_idp,6,0,FALSE,0,not_started_access_lost
non_idp_NG008005_12,non_idp,6,6,TRUE,6,completed
non_idp_NG008005_13,non_idp,6,4,TRUE,6,not_started_other
non_idp_NG008005_14,non_idp,6,0,TRUE,6,not_started_other
non_idp_NG008005_15,non_idp,6,0,TRUE,6,not_started_other
non_idp_NG008005_16,non_idp,6,0,TRUE,4,not_started_other
non_idp_NG008005_17,non_idp,6,0,TRUE,6,not_started_other
non_idp_NG008005_2,non_idp,6,5,FALSE,0,partially_completed_access_lost
non_idp_NG008005_3,non_idp,6,6,TRUE,6,completed
non_idp_NG008005_4,non_idp,6,6,TRUE,6,completed
non_idp_NG008005_5,non_idp,6,6,TRUE,6,completed
non_idp_NG008005_6,non_idp,6,0,FALSE,0,not_started_access_lost
non_idp_NG008005_7,non_idp,30,26,FALSE,0,partially_completed_access_lost
non_idp_NG008005_supp1,non_idp,6,5,TRUE,6,not_started_other
non_idp_NG008005_supp2,non_idp,6,0,TRUE,6,not_started_other
non_idp_NG008005_supp3,non_idp,6,0,TRUE,6,not_started_other
non_idp_NG008005_supp4,non_idp,6,0,TRUE,6,not_started_other
non_idp_NG008005_supp5,non_idp,6,0,TRUE,6,not_started_other
non_idp_NG008005_supp6,non_idp,6,0,TRUE,6,not_started_other
non_idp_NG008005_supp7,non_idp,6,0,TRUE,6,not_started_other
non_idp_NG008006_1,non_idp,6,0,FALSE,0,not_started_access_lost
non_idp_NG008006_11,non_idp,6,0,FALSE,0,not_started_access_lost
non_idp_NG008006_12,non_idp,6,6,TRUE,6,completed
non_idp_NG008006_13,non_idp,6,5,TRUE,6,not_started_other
non_idp_NG008006_14,non_idp,6,5,TRUE,6,not_started_other
non_idp_NG008006_15,non_idp,6,0,FALSE,0,not_started_access_lost
non_idp_NG008006_16,non_idp,6,0,FALSE,0,not_started_access_lost
non_idp_NG008006_17,non_idp,6,0,FALSE,0,not_started_access_lost
non_idp_NG008006_2,non_idp,6,0,FALSE,0,not_started_access_lost
non_idp_NG008006_3,non_idp,6,0,FALSE,0,not_started_access_lost
non_idp_NG008006_4,non_idp,6,0,FALSE,0,not_started_access_lost
non_idp_NG008006_5,non_idp,6,0,FALSE,0,not_started_access_lost
non_idp_NG008006_6,non_idp,6,0,FALSE,0,not_started_access_lost
non_idp_NG008006_7,non_idp,6,0,FALSE,0,not_started_access_lost
non_idp_NG008006_8,non_idp,18,18,TRUE,18,completed
non_idp_NG008006_supp1,non_idp,6,0,FALSE,0,not_started_access_lost
non_idp_NG008006_supp10,non_idp,6,0,TRUE,6,not_started_other
non_idp_NG008006_supp11,non_idp,6,0,TRUE,6,not_started_other
non_idp_NG008006_supp2,non_idp,6,0,FALSE,5,not_started_access_lost
non_idp_NG008006_supp3,non_idp,6,0,TRUE,6,not_started_other
non_idp_NG008006_supp4,non_idp,6,0,TRUE,6,not_started_other
non_idp_NG008006_supp5,non_idp,6,0,TRUE,6,not_started_other
non_idp_NG008006_supp6,non_idp,6,0,TRUE,6,not_started_other
non_idp_NG008006_supp7,non_idp,6,0,TRUE,6,not_started_other
non_idp_NG008006_supp8,non_idp,6,0,TRUE,4,not_started_other
non_idp_NG008006_supp9,non_idp,6,0,TRUE,6,not_started_other
non_idp_NG008007_1,non_idp,6,0,FALSE,0,not_started_access_lost
non_idp_NG008007_13,non_idp,6,0,TRUE,6,not_started_other
non_idp_NG008007_14,non_idp,6,0,FALSE,0,not_started_access_lost
non_idp_NG008007_15,non_idp,6,0,FALSE,0,not_started_access_lost
non_idp_NG008007_16,non_idp,6,0,FALSE,0,not_started_access_lost
non_idp_NG008007_17,non_idp,6,0,FALSE,0,not_started_access_lost
non_idp_NG008007_2,non_idp,6,0,FALSE,0,not_started_access_lost
non_idp_NG008007_3,non_idp,6,0,FALSE,0,not_started_access_lost
non_idp_NG008007_4,non_idp,6,0,FALSE,0,not_started_access_lost
non_idp_NG008007_5,non_idp,6,0,FALSE,0,not_started_access_lost
non_idp_NG008007_6,non_idp,6,0,FALSE,0,not_started_access_lost
non_idp_NG008007_7,non_idp,6,6,TRUE,6,completed
non_idp_NG008007_8,non_idp,30,17,FALSE,19,partially_completed_access_lost
non_idp_NG008007_supp1,non_idp,6,0,TRUE,6,not_started_other
non_idp_NG008007_supp10,non_idp,6,0,TRUE,6,not_started_other
non_idp_NG008007_supp11,non_idp,6,0,FALSE,0,not_started_access_lost
non_idp_NG008007_supp12,non_idp,6,0,TRUE,6,not_started_other
non_idp_NG008007_supp2,non_idp,6,0,TRUE,6,not_started_other
non_idp_NG008007_supp3,non_idp,6,0,TRUE,6,not_started_other
non_idp_NG008007_supp4,non_idp,6,0,TRUE,6,not_started_other
non_idp_NG008007_supp5,non_idp,6,0,TRUE,6,not_started_other
non_idp_NG008007_supp6,non_idp,6,0,TRUE,6,not_started_other
non_idp_NG008007_supp7,non_idp,6,0,TRUE,6,not_started_other
non_idp_NG008007_supp8,non_idp,6,0,FALSE,0,not_started_access_lost
non_idp_NG008007_supp9,non_idp,6,0,TRUE,6,not_started_other
non_idp_NG008008_1,non_idp,6,0,TRUE,6,not_started_other
non_idp_NG008008_10,non_idp,18,0,TRUE,18,not_started_other
non_idp_NG008008_13,non_idp,6,0,TRUE,6,not_started_other
non_idp_NG008008_14,non_idp,6,0,TRUE,6,not_started_other
non_idp_NG008008_15,non_idp,6,0,TRUE,5,not_started_other
non_idp_NG008008_16,non_idp,6,0,TRUE,6,not_started_other
non_idp_NG008008_17,non_idp,6,0,TRUE,5,not_started_other
non_idp_NG008008_2,non_idp,6,0,TRUE,6,not_started_other
non_idp_NG008008_3,non_idp,6,0,TRUE,6,not_started_other
non_idp_NG008008_4,non_idp,6,0,TRUE,6,not_started_other
non_idp_NG008008_5,non_idp,6,0,TRUE,6,not_started_other
non_idp_NG008008_6,non_idp,18,0,TRUE,18,not_started_other
non_idp_NG008008_9,non_idp,6,0,TRUE,6,not_started_other
non_idp_NG008008_supp1,non_idp,6,0,TRUE,6,not_started_other
non_idp_NG008010_light1,non_idp,6,0,FALSE,0,not_started_access_lost
non_idp_NG008010_light10,non_idp,6,0,FALSE,0,not_started_access_lost
non_idp_NG008010_light11,non_idp,6,0,FALSE,0,not_started_access_lost
non_idp_NG008010_light12,non_idp,6,0,FALSE,0,not_started_access_lost
non_idp_NG008010_light13,non_idp,6,0,FALSE,0,not_started_access_lost
non_idp_NG008010_light2,non_idp,6,0,FALSE,0,not_started_access_lost
non_idp_NG008010_light3,non_idp,6,0,FALSE,0,not_started_access_lost
non_idp_NG008010_light4,non_idp,6,0,FALSE,0,not_started_access_lost
non_idp_NG008010_light5,non_idp,6,0,FALSE,0,not_started_access_lost
non_idp_NG008010_light6,non_idp,6,0,FALSE,0,not_started_access_lost
non_idp_NG008010_light7,non_idp,6,0,FALSE,0,not_started_access_lost
non_idp_NG008010_light8,non_idp,6,0,FALSE,0,not_started_access_lost
non_idp_NG008010_light9,non_idp,6,0,FALSE,0,not_started_access_lost
non_idp_NG008011_1,non_idp,6,0,FALSE,0,not_started_access_lost
non_idp_NG008011_10,non_idp,6,0,FALSE,0,not_started_access_lost
non_idp_NG008011_11,non_idp,6,0,FALSE,0,not_started_access_lost
non_idp_NG008011_12,non_idp,6,0,FALSE,0,not_started_access_lost
non_idp_NG008011_13,non_idp,12,10,TRUE,12,not_started_other
non_idp_NG008011_15,non_idp,6,0,FALSE,0,not_started_access_lost
non_idp_NG008011_16,non_idp,6,0,FALSE,0,not_started_access_lost
non_idp_NG008011_17,non_idp,6,0,FALSE,0,not_started_access_lost
non_idp_NG008011_2,non_idp,6,0,FALSE,0,not_started_access_lost
non_idp_NG008011_3,non_idp,6,0,TRUE,6,not_started_other
non_idp_NG008011_4,non_idp,36,31,FALSE,35,partially_completed_access_lost
non_idp_NG008011_supp1,non_idp,6,0,FALSE,0,not_started_access_lost
non_idp_NG008011_supp10,non_idp,6,0,TRUE,6,not_started_other
non_idp_NG008011_supp2,non_idp,6,0,FALSE,0,not_started_access_lost
non_idp_NG008011_supp3,non_idp,6,0,FALSE,0,not_started_access_lost
non_idp_NG008011_supp4,non_idp,6,0,FALSE,0,not_started_access_lost
non_idp_NG008011_supp5,non_idp,6,0,FALSE,0,not_started_access_lost
non_idp_NG008011_supp6,non_idp,6,0,FALSE,0,not_started_access_lost
non_idp_NG008011_supp7,non_idp,6,0,FALSE,0,not_started_access_lost
non_idp_NG008011_supp8,non_idp,6,0,FALSE,0,not_started_access_lost
non_idp_NG008011_supp9,non_idp,6,0,FALSE,0,not_started_access_lost
non_idp_NG008012_1,non_idp,6,6,TRUE,6,completed
non_idp_NG008012_10,non_idp,6,5,FALSE,0,partially_completed_access_lost
non_idp_NG008012_11,non_idp,6,5,TRUE,6,not_started_other
non_idp_NG008012_12,non_idp,6,0,FALSE,0,not_started_access_lost
non_idp_NG008012_13,non_idp,12,7,FALSE,5,partially_completed_access_lost
non_idp_NG008012_15,non_idp,6,0,FALSE,0,not_started_access_lost
non_idp_NG008012_16,non_idp,6,0,FALSE,0,not_started_access_lost
non_idp_NG008012_17,non_idp,6,4,FALSE,4,partially_completed_access_lost
non_idp_NG008012_2,non_idp,6,6,TRUE,6,completed
non_idp_NG008012_3,non_idp,6,0,FALSE,0,not_started_access_lost
non_idp_NG008012_4,non_idp,6,0,FALSE,0,not_started_access_lost
non_idp_NG008012_5,non_idp,6,6,TRUE,6,completed
non_idp_NG008012_6,non_idp,6,6,TRUE,6,completed
non_idp_NG008012_7,non_idp,6,4,TRUE,6,not_started_other
non_idp_NG008012_8,non_idp,6,6,TRUE,6,completed
non_idp_NG008012_9,non_idp,6,6,TRUE,6,completed
non_idp_NG008012_supp1,non_idp,6,0,TRUE,6,not_started_other
non_idp_NG008012_supp2,non_idp,6,6,TRUE,6,completed
non_idp_NG008012_supp3,non_idp,6,4,TRUE,6,not_started_other
non_idp_NG008012_supp4,non_idp,6,0,FALSE,0,not_started_access_lost
non_idp_NG008012_supp5,non_idp,6,0,TRUE,6,not_started_other
non_idp_NG008012_supp6,non_idp,6,0,TRUE,6,not_started_other
non_idp_NG008012_supp7,non_idp,6,0,FALSE,0,not_started_access_lost
non_idp_NG008013_1,non_idp,6,6,TRUE,6,completed
non_idp_NG008013_13,non_idp,6,6,TRUE,6,completed
non_idp_NG008013_14,non_idp,12,12,TRUE,12,completed
non_idp_NG008013_16,non_idp,6,4,TRUE,6,not_started_other
non_idp_NG008013_17,non_idp,6,6,TRUE,6,completed
non_idp_NG008013_2,non_idp,6,0,TRUE,6,not_started_other
non_idp_NG008013_3,non_idp,6,5,TRUE,6,not_started_other
non_idp_NG008013_4,non_idp,12,12,TRUE,12,completed
non_idp_NG008013_6,non_idp,18,18,TRUE,18,completed
non_idp_NG008013_9,non_idp,24,23,TRUE,24,not_started_other
non_idp_NG008014_1,non_idp,6,0,FALSE,0,not_started_access_lost
non_idp_NG008014_10,non_idp,6,2,TRUE,6,not_started_other
non_idp_NG008014_11,non_idp,6,0,FALSE,0,not_started_access_lost
non_idp_NG008014_12,non_idp,6,0,FALSE,0,not_started_access_lost
non_idp_NG008014_13,non_idp,6,0,TRUE,6,not_started_other
non_idp_NG008014_14,non_idp,6,0,TRUE,6,not_started_other
non_idp_NG008014_15,non_idp,12,11,FALSE,0,partially_completed_access_lost
non_idp_NG008014_17,non_idp,6,4,FALSE,0,partially_completed_access_lost
non_idp_NG008014_2,non_idp,6,0,TRUE,6,not_started_other
non_idp_NG008014_3,non_idp,6,0,TRUE,6,not_started_other
non_idp_NG008014_4,non_idp,6,0,TRUE,6,not_started_other
non_idp_NG008014_5,non_idp,6,6,TRUE,6,completed
non_idp_NG008014_6,non_idp,6,0,TRUE,6,not_started_other
non_idp_NG008014_7,non_idp,6,6,FALSE,0,completed
non_idp_NG008014_8,non_idp,6,0,FALSE,0,not_started_access_lost
non_idp_NG008014_9,non_idp,6,0,TRUE,6,not_started_other
non_idp_NG008014_supp1,non_idp,6,0,FALSE,0,not_started_access_lost
non_idp_NG008014_supp2,non_idp,6,0,FALSE,0,not_started_access_lost
non_idp_NG008014_supp3,non_idp,6,0,TRUE,6,not_started_other
non_idp_NG008014_supp4,non_idp,6,0,FALSE,0,not_started_access_lost
non_idp_NG008014_supp5,non_idp,6,0,TRUE,6,not_started_other
non_idp_NG008014_supp6,non_idp,6,0,TRUE,6,not_started_other
non_idp_NG008014_supp7,non_idp,6,0,TRUE,6,not_started_other
non_idp_NG008014_supp8,non_idp,6,0,TRUE,6,not_started_other
non_idp_NG008015_1,non_idp,6,0,FALSE,0,not_started_access_lost
non_idp_NG008015_10,non_idp,6,0,TRUE,6,not_started_other
non_idp_NG008015_11,non_idp,18,0,TRUE,18,not_started_other
non_idp_NG008015_14,non_idp,6,0,TRUE,6,not_started_other
non_idp_NG008015_15,non_idp,6,0,FALSE,0,not_started_access_lost
non_idp_NG008015_16,non_idp,6,0,TRUE,6,not_started_other
non_idp_NG008015_17,non_idp,6,0,TRUE,6,not_started_other
non_idp_NG008015_2,non_idp,6,0,TRUE,6,not_started_other
non_idp_NG008015_3,non_idp,6,0,TRUE,6,not_started_other
non_idp_NG008015_4,non_idp,6,0,FALSE,0,not_started_access_lost
non_idp_NG008015_5,non_idp,6,0,TRUE,6,not_started_other
non_idp_NG008015_6,non_idp,6,0,TRUE,6,not_started_other
non_idp_NG008015_7,non_idp,18,0,TRUE,18,not_started_other
non_idp_NG008015_supp1,non_idp,6,0,FALSE,0,not_started_access_lost
non_idp_NG008015_supp2,non_idp,6,0,FALSE,0,not_started_access_lost
non_idp_NG008015_supp3,non_idp,6,0,FALSE,0,not_started_access_lost
non_idp_NG008015_supp4,non_idp,6,0,FALSE,0,not_started_access_lost
non_idp_NG008015_supp5,non_idp,6,0,TRUE,6,not_started_other
non_idp_NG008015_supp6,non_idp,6,0,TRUE,6,not_started_other
non_idp_NG008015_supp7,non_idp,6,0,TRUE,6,not_started_other
non_idp_NG008016_1,non_idp,6,0,FALSE,0,not_started_access_lost
non_idp_NG008016_10,non_idp,6,0,FALSE,0,not_started_access_lost
non_idp_NG008016_11,non_idp,6,4,TRUE,6,not_started_other
non_idp_NG008016_12,non_idp,6,1,FALSE,0,partially_completed_access_lost
non_idp_NG008016_13,non_idp,6,5,FALSE,0,partially_completed_access_lost
non_idp_NG008016_14,non_idp,6,4,FALSE,0,partially_completed_access_lost
non_idp_NG008016_15,non_idp,6,0,FALSE,0,not_started_access_lost
non_idp_NG008016_16,non_idp,6,0,TRUE,6,not_started_other
non_idp_NG008016_17,non_idp,6,5,TRUE,6,not_started_other
non_idp_NG008016_2,non_idp,6,6,TRUE,6,completed
non_idp_NG008016_3,non_idp,6,6,TRUE,6,completed
non_idp_NG008016_4,non_idp,6,6,TRUE,6,completed
non_idp_NG008016_5,non_idp,24,24,TRUE,24,completed
non_idp_NG008016_9,non_idp,6,5,TRUE,6,not_started_other
non_idp_NG008016_supp1,non_idp,6,6,TRUE,6,completed
non_idp_NG008016_supp2,non_idp,6,0,TRUE,6,not_started_other
non_idp_NG008016_supp3,non_idp,6,0,FALSE,0,not_started_access_lost
non_idp_NG008016_supp4,non_idp,6,0,FALSE,0,not_started_access_lost
non_idp_NG008016_supp5,non_idp,6,0,FALSE,0,not_started_access_lost
non_idp_NG008016_supp6,non_idp,6,0,TRUE,6,not_started_other
non_idp_NG008018_1,non_idp,6,6,TRUE,6,completed
non_idp_NG008018_10,non_idp,6,6,FALSE,0,completed
non_idp_NG008018_11,non_idp,6,0,TRUE,6,not_started_other
non_idp_NG008018_12,non_idp,6,0,FALSE,0,not_started_access_lost
non_idp_NG008018_13,non_idp,6,6,FALSE,0,completed
non_idp_NG008018_14,non_idp,6,6,TRUE,6,completed
non_idp_NG008018_15,non_idp,6,0,TRUE,6,not_started_other
non_idp_NG008018_16,non_idp,6,0,FALSE,0,not_started_access_lost
non_idp_NG008018_17,non_idp,6,0,TRUE,6,not_started_other
non_idp_NG008018_2,non_idp,6,4,TRUE,6,not_started_other
non_idp_NG008018_3,non_idp,6,2,FALSE,0,partially_completed_access_lost
non_idp_NG008018_4,non_idp,18,17,TRUE,18,not_started_other
non_idp_NG008018_7,non_idp,6,6,TRUE,6,completed
non_idp_NG008018_8,non_idp,6,6,TRUE,6,completed
non_idp_NG008018_9,non_idp,6,0,FALSE,0,not_started_access_lost
non_idp_NG008018_supp1,non_idp,6,0,FALSE,0,not_started_access_lost
non_idp_NG008018_supp2,non_idp,6,0,TRUE,6,not_started_other
non_idp_NG008018_supp3,non_idp,6,0,TRUE,6,not_started_other
non_idp_NG008019_1,non_idp,6,0,FALSE,0,not_started_access_lost
non_idp_NG008019_10,non_idp,6,0,FALSE,0,not_started_access_lost
non_idp_NG008019_11,non_idp,6,0,FALSE,0,not_started_access_lost
non_idp_NG008019_12,non_idp,6,0,FALSE,0,not_started_access_lost
non_idp_NG008019_13,non_idp,6,0,FALSE,0,not_started_access_lost
non_idp_NG008019_14,non_idp,6,0,FALSE,0,not_started_access_lost
non_idp_NG008019_15,non_idp,6,0,FALSE,0,not_started_access_lost
non_idp_NG008019_16,non_idp,6,0,FALSE,0,not_started_access_lost
non_idp_NG008019_17,non_idp,6,0,FALSE,0,not_started_access_lost
non_idp_NG008019_2,non_idp,12,0,TRUE,12,not_started_other
non_idp_NG008019_4,non_idp,12,0,TRUE,12,not_started_other
non_idp_NG008019_6,non_idp,6,0,TRUE,6,not_started_other
non_idp_NG008019_7,non_idp,6,0,TRUE,6,not_started_other
non_idp_NG008019_8,non_idp,6,0,FALSE,0,not_started_access_lost
non_idp_NG008019_9,non_idp,6,0,FALSE,0,not_started_access_lost
non_idp_NG008019_supp1,non_idp,6,0,FALSE,0,not_started_access_lost
non_idp_NG008019_supp10,non_idp,6,0,FALSE,0,not_started_access_lost
non_idp_NG008019_supp11,non_idp,6,0,FALSE,0,not_started_access_lost
non_idp_NG008019_supp12,non_idp,6,0,FALSE,0,not_started_access_lost
non_idp_NG008019_supp13,non_idp,6,0,FALSE,0,not_started_access_lost
non_idp_NG008019_supp14,non_idp,6,0,FALSE,0,not_started_access_lost
non_idp_NG008019_supp15,non_idp,6,0,TRUE,6,not_started_other
non_idp_NG008019_supp16,non_idp,6,0,FALSE,0,not_started_access_lost
non_idp_NG008019_supp17,non_idp,6,0,FALSE,0,not_started_access_lost
non_idp_NG008019_supp18,non_idp,6,0,FALSE,0,not_started_access_lost
non_idp_NG008019_supp19,non_idp,6,0,TRUE,6,not_started_other
non_idp_NG008019_supp2,non_idp,6,0,FALSE,0,not_started_access_lost
non_idp_NG008019_supp20,non_idp,6,0,FALSE,0,not_started_access_lost
non_idp_NG008019_supp21,non_idp,6,0,FALSE,0,not_started_access_lost
non_idp_NG008019_supp22,non_idp,6,0,FALSE,0,not_started_access_lost
non_idp_NG008019_supp23,non_idp,6,0,TRUE,6,not_started_other
non_idp_NG008019_supp24,non_idp,6,0,FALSE,0,not_started_access_lost
non_idp_NG008019_supp25,non_idp,6,0,TRUE,6,not_started_other
non_idp_NG008019_supp26,non_idp,6,0,FALSE,0,not_started_access_lost
non_idp_NG008019_supp27,non_idp,6,0,TRUE,6,not_started_other
non_idp_NG008019_supp28,non_idp,6,0,TRUE,6,not_started_other
non_idp_NG008019_supp29,non_idp,6,0,TRUE,6,not_started_other
non_idp_NG008019_supp3,non_idp,6,0,TRUE,4,not_started_other
non_idp_NG008019_supp30,non_idp,6,0,FALSE,0,not_started_access_lost
non_idp_NG008019_supp31,non_idp,6,0,TRUE,6,not_started_other
non_idp_NG008019_supp32,non_idp,6,0,TRUE,6,not_started_other
non_idp_NG008019_supp4,non_idp,6,0,FALSE,0,not_started_access_lost
non_idp_NG008019_supp5,non_idp,6,0,FALSE,0,not_started_access_lost
non_idp_NG008019_supp6,non_idp,6,0,FALSE,0,not_started_access_lost
non_idp_NG008019_supp7,non_idp,6,0,FALSE,0,not_started_access_lost
non_idp_NG008019_supp8,non_idp,6,0,FALSE,0,not_started_access_lost
non_idp_NG008019_supp9,non_idp,6,0,FALSE,0,not_started_access_lost
non_idp_NG008020_1,non_idp,6,0,TRUE,0,not_started_other
non_idp_NG008020_10,non_idp,6,0,TRUE,6,not_started_other
non_idp_NG008020_11,non_idp,6,0,TRUE,6,not_started_other
non_idp_NG008020_12,non_idp,6,0,TRUE,6,not_started_other
non_idp_NG008020_13,non_idp,6,0,TRUE,6,not_started_other
non_idp_NG008020_14,non_idp,6,0,TRUE,6,not_started_other
non_idp_NG008020_15,non_idp,6,0,TRUE,6,not_started_other
non_idp_NG008020_16,non_idp,6,0,TRUE,6,not_started_other
non_idp_NG008020_17,non_idp,6,0,TRUE,6,not_started_other
non_idp_NG008020_2,non_idp,6,0,TRUE,6,not_started_other
non_idp_NG008020_3,non_idp,6,0,TRUE,6,not_started_other
non_idp_NG008020_4,non_idp,6,0,TRUE,6,not_started_other
non_idp_NG008020_5,non_idp,6,0,TRUE,6,not_started_other
non_idp_NG008020_6,non_idp,6,0,TRUE,6,not_started_other
non_idp_NG008020_7,non_idp,6,0,TRUE,6,not_started_other
non_idp_NG008020_8,non_idp,6,0,TRUE,6,not_started_other
non_idp_NG008020_9,non_idp,6,0,TRUE,6,not_started_other
non_idp_NG008021_1,non_idp,6,5,TRUE,6,not_started_other
non_idp_NG008021_12,non_idp,6,6,TRUE,6,completed
non_idp_NG008021_13,non_idp,6,4,TRUE,6,not_started_other
non_idp_NG008021_14,non_idp,12,12,TRUE,12,completed
non_idp_NG008021_16,non_idp,12,10,TRUE,12,not_started_other
non_idp_NG008021_2,non_idp,18,16,TRUE,18,not_started_other
non_idp_NG008021_5,non_idp,18,16,TRUE,18,not_started_other
non_idp_NG008021_8,non_idp,6,3,TRUE,6,not_started_other
non_idp_NG008021_9,non_idp,18,13,TRUE,18,not_started_other
non_idp_NG008023_supp1,non_idp,6,1,TRUE,6,not_started_other
non_idp_NG008023_supp10,non_idp,6,0,FALSE,0,not_started_access_lost
non_idp_NG008023_supp11,non_idp,6,0,TRUE,6,not_started_other
non_idp_NG008023_supp12,non_idp,12,0,TRUE,12,not_started_other
non_idp_NG008023_supp13,non_idp,12,0,TRUE,12,not_started_other
non_idp_NG008023_supp14,non_idp,12,12,TRUE,12,completed
non_idp_NG008023_supp15,non_idp,12,1,TRUE,12,not_started_other
non_idp_NG008023_supp2,non_idp,6,0,TRUE,6,not_started_other
non_idp_NG008023_supp3,non_idp,6,2,TRUE,6,not_started_other
non_idp_NG008023_supp4,non_idp,6,0,TRUE,6,not_started_other
non_idp_NG008023_supp5,non_idp,6,0,TRUE,6,not_started_other
non_idp_NG008023_supp6,non_idp,6,0,TRUE,6,not_started_other
non_idp_NG008023_supp7,non_idp,6,0,TRUE,6,not_started_other
non_idp_NG008023_supp8,non_idp,6,0,FALSE,0,not_started_access_lost
non_idp_NG008023_supp9,non_idp,6,0,TRUE,6,not_started_other
non_idp_NG008024_1,non_idp,6,0,TRUE,6,not_started_other
non_idp_NG008024_11,non_idp,36,0,TRUE,36,not_started_other
non_idp_NG008024_17,non_idp,6,0,FALSE,0,not_started_access_lost
non_idp_NG008024_2,non_idp,6,0,TRUE,6,not_started_other
non_idp_NG008024_3,non_idp,6,0,FALSE,0,not_started_access_lost
non_idp_NG008024_4,non_idp,6,0,TRUE,6,not_started_other
non_idp_NG008024_5,non_idp,6,0,TRUE,6,not_started_other
non_idp_NG008024_6,non_idp,6,0,TRUE,6,not_started_other
non_idp_NG008024_7,non_idp,12,0,TRUE,12,not_started_other
non_idp_NG008024_9,non_idp,12,0,TRUE,12,not_started_other
non_idp_NG008024_supp1,non_idp,6,0,FALSE,0,not_started_access_lost
non_idp_NG008024_supp2,non_idp,6,0,TRUE,6,not_started_other
non_idp_NG008024_supp3,non_idp,6,0,TRUE,6,not_started_other
non_idp_NG008025_1,non_idp,6,0,FALSE,0,not_started_access_lost
non_idp_NG008025_11,non_idp,30,0,FALSE,0,not_started_access_lost
non_idp_NG008025_16,non_idp,6,0,FALSE,0,not_started_access_lost
non_idp_NG008025_17,non_idp,6,0,FALSE,0,not_started_access_lost
non_idp_NG008025_2,non_idp,6,0,FALSE,0,not_started_access_lost
non_idp_NG008025_3,non_idp,6,0,FALSE,0,not_started_access_lost
non_idp_NG008025_4,non_idp,6,0,FALSE,0,not_started_access_lost
non_idp_NG008025_5,non_idp,6,0,FALSE,0,not_started_access_lost
non_idp_NG008025_6,non_idp,6,0,FALSE,0,not_started_access_lost
non_idp_NG008025_7,non_idp,6,0,FALSE,0,not_started_access_lost
non_idp_NG008025_8,non_idp,6,0,FALSE,0,not_started_access_lost
non_idp_NG008025_9,non_idp,12,0,TRUE,12,not_started_other
non_idp_NG008025_supp1,non_idp,6,0,FALSE,0,not_started_access_lost
non_idp_NG008025_supp10,non_idp,6,0,FALSE,0,not_started_access_lost
non_idp_NG008025_supp11,non_idp,6,0,TRUE,6,not_started_other
non_idp_NG008025_supp2,non_idp,6,0,FALSE,0,not_started_access_lost
non_idp_NG008025_supp3,non_idp,6,0,FALSE,0,not_started_access_lost
non_idp_NG008025_supp4,non_idp,6,0,FALSE,0,not_started_access_lost
non_idp_NG008025_supp5,non_idp,6,0,FALSE,0,not_started_access_lost
non_idp_NG008025_supp6,non_idp,6,0,FALSE,0,not_started_access_lost
non_idp_NG008025_supp7,non_idp,6,0,FALSE,0,not_started_access_lost
non_idp_NG008025_supp8,non_idp,6,0,FALSE,0,not_started_access_lost
non_idp_NG008025_supp9,non_idp,6,0,FALSE,0,not_started_access_lost
non_idp_NG008026_1,non_idp,6,0,FALSE,0,not_started_access_lost
non_idp_NG008026_10,non_idp,6,0,FALSE,0,not_started_access_lost
non_idp_NG008026_11,non_idp,6,0,FALSE,0,not_started_access_lost
non_idp_NG008026_12,non_idp,6,0,FALSE,0,not_started_access_lost
non_idp_NG008026_13,non_idp,6,0,FALSE,0,not_started_access_lost
non_idp_NG008026_14,non_idp,6,0,FALSE,0,not_started_access_lost
non_idp_NG008026_15,non_idp,6,0,FALSE,0,not_started_access_lost
non_idp_NG008026_16,non_idp,6,0,FALSE,0,not_started_access_lost
non_idp_NG008026_17,non_idp,6,0,FALSE,0,not_started_access_lost
non_idp_NG008026_2,non_idp,6,0,FALSE,0,not_started_access_lost
non_idp_NG008026_3,non_idp,6,0,FALSE,0,not_started_access_lost
non_idp_NG008026_4,non_idp,6,0,FALSE,0,not_started_access_lost
non_idp_NG008026_5,non_idp,12,0,TRUE,12,not_started_other
non_idp_NG008026_7,non_idp,6,0,FALSE,0,not_started_access_lost
non_idp_NG008026_8,non_idp,6,0,FALSE,0,not_started_access_lost
non_idp_NG008026_9,non_idp,6,0,FALSE,0,not_started_access_lost
non_idp_NG008026_light1,non_idp,6,0,TRUE,6,not_started_other
non_idp_NG008026_light10,non_idp,6,0,TRUE,6,not_started_other
non_idp_NG008026_light11,non_idp,6,0,TRUE,6,not_started_other
non_idp_NG008026_light12,non_idp,6,0,TRUE,6,not_started_other
non_idp_NG008026_light13,non_idp,6,0,TRUE,6,not_started_other
non_idp_NG008026_light14,non_idp,6,0,TRUE,6,not_started_other
non_idp_NG008026_light15,non_idp,6,0,TRUE,6,not_started_other
non_idp_NG008026_light16,non_idp,6,0,TRUE,6,not_started_other
non_idp_NG008026_light17,non_idp,6,0,TRUE,6,not_started_other
non_idp_NG008026_light2,non_idp,6,0,TRUE,6,not_started_other
non_idp_NG008026_light3,non_idp,6,0,TRUE,6,not_started_other
non_idp_NG008026_light4,non_idp,6,0,TRUE,6,not_started_other
non_idp_NG008026_light5,non_idp,6,0,TRUE,6,not_started_other
non_idp_NG008026_light6,non_idp,6,0,TRUE,6,not_started_other
non_idp_NG008026_light7,non_idp,6,0,TRUE,6,not_started_other
non_idp_NG008026_light8,non_idp,6,0,TRUE,6,not_started_other
non_idp_NG008026_light9,non_idp,6,0,TRUE,6,not_started_other
non_idp_NG008026_supp1,non_idp,6,0,FALSE,0,not_started_access_lost
non_idp_NG008026_supp10,non_idp,6,0,FALSE,0,not_started_access_lost
non_idp_NG008026_supp11,non_idp,6,0,FALSE,0,not_started_access_lost
non_idp_NG008026_supp12,non_idp,6,0,FALSE,0,not_started_access_lost
non_idp_NG008026_supp13,non_idp,6,0,FALSE,0,not_started_access_lost
non_idp_NG008026_supp14,non_idp,6,0,FALSE,0,not_started_access_lost
non_idp_NG008026_supp15,non_idp,6,0,FALSE,0,not_started_access_lost
non_idp_NG008026_supp16,non_idp,6,0,FALSE,0,not_started_access_lost
non_idp_NG008026_supp17,non_idp,6,0,FALSE,0,not_started_access_lost
non_idp_NG008026_supp18,non_idp,6,0,FALSE,0,not_started_access_lost
non_idp_NG008026_supp19,non_idp,6,0,FALSE,0,not_started_access_lost
non_idp_NG008026_supp2,non_idp,6,0,FALSE,0,not_started_access_lost
non_idp_NG008026_supp20,non_idp,6,0,FALSE,0,not_started_access_lost
non_idp_NG008026_supp21,non_idp,6,0,FALSE,5,not_started_access_lost
non_idp_NG008026_supp22,non_idp,12,0,FALSE,10,not_started_access_lost
non_idp_NG008026_supp23,non_idp,12,0,FALSE,11,not_started_access_lost
non_idp_NG008026_supp24,non_idp,12,0,FALSE,0,not_started_access_lost
non_idp_NG008026_supp25,non_idp,12,0,TRUE,12,not_started_other
non_idp_NG008026_supp26,non_idp,12,0,FALSE,8,not_started_access_lost
non_idp_NG008026_supp27,non_idp,12,0,FALSE,0,not_started_access_lost
non_idp_NG008026_supp28,non_idp,12,0,FALSE,9,not_started_access_lost
non_idp_NG008026_supp3,non_idp,6,0,FALSE,0,not_started_access_lost
non_idp_NG008026_supp4,non_idp,6,0,FALSE,0,not_started_access_lost
non_idp_NG008026_supp5,non_idp,6,0,FALSE,0,not_started_access_lost
non_idp_NG008026_supp6,non_idp,6,0,FALSE,0,not_started_access_lost
non_idp_NG008026_supp7,non_idp,6,0,FALSE,0,not_started_access_lost
non_idp_NG008026_supp8,non_idp,6,0,FALSE,0,not_started_access_lost
non_idp_NG008026_supp9,non_idp,6,0,FALSE,0,not_started_access_lost
non_idp_NG008027_1,non_idp,6,0,TRUE,6,not_started_other
non_idp_NG008027_10,non_idp,6,0,FALSE,0,not_started_access_lost
non_idp_NG008027_11,non_idp,6,0,TRUE,6,not_started_other
non_idp_NG008027_12,non_idp,6,5,TRUE,6,not_started_other
non_idp_NG008027_13,non_idp,18,18,TRUE,18,completed
non_idp_NG008027_16,non_idp,6,0,FALSE,0,not_started_access_lost
non_idp_NG008027_17,non_idp,6,0,FALSE,0,not_started_access_lost
non_idp_NG008027_2,non_idp,6,0,TRUE,6,not_started_other
non_idp_NG008027_3,non_idp,6,0,TRUE,6,not_started_other
non_idp_NG008027_4,non_idp,6,6,TRUE,6,completed
non_idp_NG008027_5,non_idp,6,6,TRUE,6,completed
non_idp_NG008027_6,non_idp,6,5,TRUE,6,not_started_other
non_idp_NG008027_7,non_idp,6,1,FALSE,0,partially_completed_access_lost
non_idp_NG008027_8,non_idp,6,6,TRUE,6,completed
non_idp_NG008027_9,non_idp,6,2,TRUE,6,not_started_other
non_idp_NG008027_supp1,non_idp,6,0,FALSE,0,not_started_access_lost
non_idp_NG008027_supp2,non_idp,6,0,TRUE,6,not_started_other
non_idp_NG008027_supp3,non_idp,6,0,TRUE,6,not_started_other
non_idp_NG019007_1,non_idp,6,0,FALSE,0,not_started_access_lost
non_idp_NG019007_11,non_idp,6,0,TRUE,6,not_started_other
non_idp_NG019007_12,non_idp,18,18,TRUE,18,completed
non_idp_NG019007_15,non_idp,6,0,FALSE,0,not_started_access_lost
non_idp_NG019007_16,non_idp,6,0,FALSE,0,not_started_access_lost
non_idp_NG019007_17,non_idp,6,0,FALSE,0,not_started_access_lost
non_idp_NG019007_2,non_idp,6,0,TRUE,6,not_started_other
non_idp_NG019007_3,non_idp,6,0,TRUE,6,not_started_other
non_idp_NG019007_4,non_idp,6,0,FALSE,0,not_started_access_lost
non_idp_NG019007_5,non_idp,6,0,TRUE,6,not_started_other
non_idp_NG019007_6,non_idp,6,0,FALSE,0,not_started_access_lost
non_idp_NG019007_7,non_idp,6,4,TRUE,6,not_started_other
non_idp_NG019007_8,non_idp,6,0,FALSE,0,not_started_access_lost
non_idp_NG019007_9,non_idp,12,2,TRUE,12,not_started_other
non_idp_NG019007_supp1,non_idp,6,0,TRUE,6,not_started_other
non_idp_NG019007_supp2,non_idp,6,0,TRUE,6,not_started_other
non_idp_NG019007_supp3,non_idp,6,0,TRUE,6,not_started_other
non_idp_NG019007_supp4,non_idp,6,0,FALSE,0,not_started_access_lost
non_idp_NG019007_supp5,non_idp,6,0,TRUE,6,not_started_other
non_idp_NG019007_supp6,non_idp,6,0,TRUE,6,not_started_other
non_idp_NG019023_1,non_idp,6,0,TRUE,6,not_started_other
non_idp_NG019023_14,non_idp,12,8,TRUE,12,not_started_other
non_idp_NG019023_16,non_idp,6,2,TRUE,6,not_started_other
non_idp_NG019023_17,non_idp,6,1,TRUE,6,not_started_other
non_idp_NG019023_2,non_idp,12,2,TRUE,12,not_started_other
non_idp_NG019023_4,non_idp,6,3,TRUE,6,not_started_other
non_idp_NG019023_5,non_idp,18,4,TRUE,18,not_started_other
non_idp_NG019023_8,non_idp,36,15,TRUE,36,not_started_other
non_idp_NG021001_1,non_idp,6,0,FALSE,0,not_started_access_lost
non_idp_NG021001_10,non_idp,6,0,FALSE,0,not_started_access_lost
non_idp_NG021001_11,non_idp,6,0,FALSE,0,not_started_access_lost
non_idp_NG021001_12,non_idp,6,0,FALSE,0,not_started_access_lost
non_idp_NG021001_13,non_idp,6,0,FALSE,0,not_started_access_lost
non_idp_NG021001_14,non_idp,6,0,FALSE,0,not_started_access_lost
non_idp_NG021001_15,non_idp,6,0,FALSE,0,not_started_access_lost
non_idp_NG021001_16,non_idp,6,0,FALSE,0,not_started_access_lost
non_idp_NG021001_17,non_idp,6,0,FALSE,0,not_started_access_lost
non_idp_NG021001_2,non_idp,12,0,FALSE,0,not_started_access_lost
non_idp_NG021001_4,non_idp,6,0,FALSE,0,not_started_access_lost
non_idp_NG021001_5,non_idp,6,0,FALSE,0,not_started_access_lost
non_idp_NG021001_6,non_idp,6,0,FALSE,0,not_started_access_lost
non_idp_NG021001_7,non_idp,12,8,TRUE,12,not_started_other
non_idp_NG021001_9,non_idp,6,0,FALSE,0,not_started_access_lost
non_idp_NG021001_supp1,non_idp,6,0,FALSE,0,not_started_access_lost
non_idp_NG021001_supp10,non_idp,12,10,TRUE,12,not_started_other
non_idp_NG021001_supp11,non_idp,6,0,FALSE,0,not_started_access_lost
non_idp_NG021001_supp12,non_idp,6,4,FALSE,0,partially_completed_access_lost
non_idp_NG021001_supp13,non_idp,6,0,FALSE,0,not_started_access_lost
non_idp_NG021001_supp14,non_idp,6,5,FALSE,5,partially_completed_access_lost
non_idp_NG021001_supp15,non_idp,6,0,FALSE,0,not_started_access_lost
non_idp_NG021001_supp16,non_idp,6,5,TRUE,6,not_started_other
non_idp_NG021001_supp17,non_idp,6,2,FALSE,5,partially_completed_access_lost
non_idp_NG021001_supp18,non_idp,6,0,FALSE,0,not_started_access_lost
non_idp_NG021001_supp19,non_idp,6,0,FALSE,0,not_started_access_lost
non_idp_NG021001_supp2,non_idp,6,0,FALSE,0,not_started_access_lost
non_idp_NG021001_supp20,non_idp,6,0,TRUE,6,not_started_other
non_idp_NG021001_supp3,non_idp,6,2,FALSE,0,partially_completed_access_lost
non_idp_NG021001_supp4,non_idp,6,0,FALSE,0,not_started_access_lost
non_idp_NG021001_supp5,non_idp,6,1,FALSE,0,partially_completed_access_lost
non_idp_NG021001_supp6,non_idp,6,4,FALSE,0,partially_completed_access_lost
non_idp_NG021001_supp7,non_idp,6,0,FALSE,0,not_started_access_lost
non_idp_NG021001_supp8,non_idp,6,0,FALSE,0,not_started_access_lost
non_idp_NG021001_supp9,non_idp,6,6,TRUE,6,completed
non_idp_NG021002_1,non_idp,6,0,FALSE,0,not_started_access_lost
non_idp_NG021002_12,non_idp,6,2,TRUE,6,not_started_other
non_idp_NG021002_13,non_idp,6,0,TRUE,6,not_started_other
non_idp_NG021002_14,non_idp,6,0,TRUE,6,not_started_other
non_idp_NG021002_15,non_idp,6,0,TRUE,6,not_started_other
non_idp_NG021002_16,non_idp,6,0,FALSE,0,not_started_access_lost
non_idp_NG021002_17,non_idp,6,0,TRUE,6,not_started_other
non_idp_NG021002_2,non_idp,6,0,TRUE,6,not_started_other
non_idp_NG021002_3,non_idp,6,0,TRUE,6,not_started_other
non_idp_NG021002_4,non_idp,6,0,TRUE,6,not_started_other
non_idp_NG021002_5,non_idp,12,0,TRUE,12,not_started_other
non_idp_NG021002_7,non_idp,6,0,TRUE,6,not_started_other
non_idp_NG021002_8,non_idp,24,4,TRUE,24,not_started_other
non_idp_NG021003_1,non_idp,6,0,FALSE,0,not_started_access_lost
non_idp_NG021003_10,non_idp,6,0,FALSE,0,not_started_access_lost
non_idp_NG021003_11,non_idp,6,0,FALSE,0,not_started_access_lost
non_idp_NG021003_12,non_idp,6,0,FALSE,0,not_started_access_lost
non_idp_NG021003_13,non_idp,6,0,FALSE,0,not_started_access_lost
non_idp_NG021003_14,non_idp,6,0,FALSE,0,not_started_access_lost
non_idp_NG021003_15,non_idp,6,0,FALSE,0,not_started_access_lost
non_idp_NG021003_16,non_idp,6,0,FALSE,0,not_started_access_lost
non_idp_NG021003_17,non_idp,6,0,FALSE,0,not_started_access_lost
non_idp_NG021003_2,non_idp,6,0,FALSE,0,not_started_access_lost
non_idp_NG021003_3,non_idp,6,4,TRUE,6,not_started_other
non_idp_NG021003_4,non_idp,6,0,FALSE,0,not_started_access_lost
non_idp_NG021003_5,non_idp,6,0,FALSE,0,not_started_access_lost
non_idp_NG021003_6,non_idp,12,11,FALSE,0,partially_completed_access_lost
non_idp_NG021003_8,non_idp,6,0,FALSE,0,not_started_access_lost
non_idp_NG021003_9,non_idp,6,2,FALSE,0,partially_completed_access_lost
non_idp_NG021003_supp1,non_idp,6,0,FALSE,0,not_started_access_lost
non_idp_NG021003_supp10,non_idp,6,0,FALSE,0,not_started_access_lost
non_idp_NG021003_supp11,non_idp,6,0,FALSE,0,not_started_access_lost
non_idp_NG021003_supp12,non_idp,6,0,FALSE,0,not_started_access_lost
non_idp_NG021003_supp13,non_idp,6,0,FALSE,0,not_started_access_lost
non_idp_NG021003_supp14,non_idp,6,0,FALSE,0,not_started_access_lost
non_idp_NG021003_supp15,non_idp,6,0,FALSE,0,not_started_access_lost
non_idp_NG021003_supp16,non_idp,6,6,TRUE,6,completed
non_idp_NG021003_supp17,non_idp,6,6,TRUE,6,completed
non_idp_NG021003_supp18,non_idp,6,3,FALSE,5,partially_completed_access_lost
non_idp_NG021003_supp19,non_idp,6,0,FALSE,4,not_started_access_lost
non_idp_NG021003_supp2,non_idp,6,2,FALSE,4,partially_completed_access_lost
non_idp_NG021003_supp20,non_idp,12,0,TRUE,12,not_started_other
non_idp_NG021003_supp21,non_idp,12,8,TRUE,12,not_started_other
non_idp_NG021003_supp22,non_idp,12,12,TRUE,12,completed
non_idp_NG021003_supp23,non_idp,12,0,FALSE,6,not_started_access_lost
non_idp_NG021003_supp24,non_idp,6,0,TRUE,6,not_started_other
non_idp_NG021003_supp25,non_idp,6,0,TRUE,6,not_started_other
non_idp_NG021003_supp26,non_idp,6,0,TRUE,6,not_started_other
non_idp_NG021003_supp27,non_idp,6,0,TRUE,6,not_started_other
non_idp_NG021003_supp3,non_idp,6,2,FALSE,0,partially_completed_access_lost
non_idp_NG021003_supp4,non_idp,6,0,FALSE,0,not_started_access_lost
non_idp_NG021003_supp5,non_idp,6,0,FALSE,0,not_started_access_lost
non_idp_NG021003_supp6,non_idp,6,0,FALSE,0,not_started_access_lost
non_idp_NG021003_supp7,non_idp,6,0,FALSE,0,not_started_access_lost
non_idp_NG021003_supp8,non_idp,6,0,FALSE,0,not_started_access_lost
non_idp_NG021003_supp9,non_idp,6,0,FALSE,0,not_started_access_lost
non_idp_NG021004_1,non_idp,6,6,TRUE,6,completed
non_idp_NG021004_10,non_idp,6,6,TRUE,6,completed
non_idp_NG021004_11,non_idp,6,6,TRUE,6,completed
non_idp_NG021004_12,non_idp,6,6,TRUE,6,completed
non_idp_NG021004_13,non_idp,6,1,TRUE,6,not_started_other
non_idp_NG021004_14,non_idp,6,0,TRUE,0,not_started_other
non_idp_NG021004_15,non_idp,6,5,TRUE,6,not_started_other
non_idp_NG021004_16,non_idp,6,0,TRUE,6,not_started_other
non_idp_NG021004_17,non_idp,6,4,TRUE,6,not_started_other
non_idp_NG021004_2,non_idp,6,6,TRUE,6,completed
non_idp_NG021004_3,non_idp,6,0,TRUE,6,not_started_other
non_idp_NG021004_4,non_idp,6,6,TRUE,6,completed
non_idp_NG021004_5,non_idp,6,5,TRUE,6,not_started_other
non_idp_NG021004_6,non_idp,6,0,TRUE,6,not_started_other
non_idp_NG021004_7,non_idp,6,6,TRUE,6,completed
non_idp_NG021004_8,non_idp,6,3,TRUE,6,not_started_other
non_idp_NG021004_9,non_idp,6,3,TRUE,6,not_started_other
non_idp_NG021005_1,non_idp,6,0,TRUE,6,not_started_other
non_idp_NG021005_10,non_idp,6,2,TRUE,6,not_started_other
non_idp_NG021005_11,non_idp,6,5,TRUE,6,not_started_other
non_idp_NG021005_12,non_idp,6,0,TRUE,6,not_started_other
non_idp_NG021005_13,non_idp,6,5,TRUE,6,not_started_other
non_idp_NG021005_14,non_idp,6,4,TRUE,6,not_started_other
non_idp_NG021005_15,non_idp,6,4,TRUE,6,not_started_other
non_idp_NG021005_16,non_idp,12,9,TRUE,12,not_started_other
non_idp_NG021005_2,non_idp,6,4,TRUE,6,not_started_other
non_idp_NG021005_3,non_idp,6,4,TRUE,6,not_started_other
non_idp_NG021005_4,non_idp,6,2,TRUE,6,not_started_other
non_idp_NG021005_5,non_idp,6,6,TRUE,6,completed
non_idp_NG021005_6,non_idp,6,5,TRUE,6,not_started_other
non_idp_NG021005_7,non_idp,6,3,TRUE,6,not_started_other
non_idp_NG021005_8,non_idp,12,12,TRUE,12,completed
non_idp_NG021006_1,non_idp,6,2,FALSE,0,partially_completed_access_lost
non_idp_NG021006_10,non_idp,18,13,TRUE,18,not_started_other
non_idp_NG021006_13,non_idp,6,2,TRUE,6,not_started_other
non_idp_NG021006_14,non_idp,6,3,TRUE,6,not_started_other
non_idp_NG021006_15,non_idp,6,0,TRUE,6,not_started_other
non_idp_NG021006_16,non_idp,6,0,TRUE,6,not_started_other
non_idp_NG021006_17,non_idp,6,0,TRUE,6,not_started_other
non_idp_NG021006_2,non_idp,6,0,FALSE,0,not_started_access_lost
non_idp_NG021006_3,non_idp,6,0,TRUE,6,not_started_other
non_idp_NG021006_4,non_idp,6,0,TRUE,6,not_started_other
non_idp_NG021006_5,non_idp,6,0,FALSE,5,not_started_access_lost
non_idp_NG021006_6,non_idp,6,0,TRUE,6,not_started_other
non_idp_NG021006_7,non_idp,6,0,TRUE,6,not_started_other
non_idp_NG021006_8,non_idp,6,1,TRUE,6,not_started_other
non_idp_NG021006_9,non_idp,6,0,FALSE,5,not_started_access_lost
non_idp_NG021007_1,non_idp,6,0,FALSE,0,not_started_access_lost
non_idp_NG021007_10,non_idp,6,0,FALSE,0,not_started_access_lost
non_idp_NG021007_11,non_idp,6,0,FALSE,0,not_started_access_lost
non_idp_NG021007_12,non_idp,6,0,FALSE,0,not_started_access_lost
non_idp_NG021007_13,non_idp,6,0,FALSE,0,not_started_access_lost
non_idp_NG021007_14,non_idp,6,0,FALSE,0,not_started_access_lost
non_idp_NG021007_15,non_idp,6,0,FALSE,0,not_started_access_lost
non_idp_NG021007_16,non_idp,6,0,FALSE,0,not_started_access_lost
non_idp_NG021007_17,non_idp,6,0,FALSE,0,not_started_access_lost
non_idp_NG021007_2,non_idp,6,0,FALSE,0,not_started_access_lost
non_idp_NG021007_3,non_idp,6,0,FALSE,0,not_started_access_lost
non_idp_NG021007_4,non_idp,6,0,FALSE,0,not_started_access_lost
non_idp_NG021007_5,non_idp,6,0,FALSE,0,not_started_access_lost
non_idp_NG021007_6,non_idp,12,0,FALSE,0,not_started_access_lost
non_idp_NG021007_8,non_idp,6,0,FALSE,0,not_started_access_lost
non_idp_NG021007_9,non_idp,6,0,FALSE,0,not_started_access_lost
non_idp_NG021007_supp1,non_idp,6,0,FALSE,0,not_started_access_lost
non_idp_NG021007_supp10,non_idp,6,0,TRUE,6,not_started_other
non_idp_NG021007_supp11,non_idp,12,0,FALSE,0,not_started_access_lost
non_idp_NG021007_supp12,non_idp,6,0,FALSE,0,not_started_access_lost
non_idp_NG021007_supp13,non_idp,6,0,TRUE,6,not_started_other
non_idp_NG021007_supp14,non_idp,6,0,TRUE,6,not_started_other
non_idp_NG021007_supp15,non_idp,6,0,FALSE,5,not_started_access_lost
non_idp_NG021007_supp2,non_idp,6,0,FALSE,0,not_started_access_lost
non_idp_NG021007_supp3,non_idp,6,0,FALSE,0,not_started_access_lost
non_idp_NG021007_supp4,non_idp,6,0,FALSE,0,not_started_access_lost
non_idp_NG021007_supp5,non_idp,6,0,FALSE,0,not_started_access_lost
non_idp_NG021007_supp6,non_idp,6,0,FALSE,0,not_started_access_lost
non_idp_NG021007_supp7,non_idp,6,0,FALSE,0,not_started_access_lost
non_idp_NG021007_supp8,non_idp,6,0,FALSE,0,not_started_access_lost
non_idp_NG021007_supp9,non_idp,6,0,FALSE,0,not_started_access_lost
non_idp_NG021008_1,non_idp,6,0,FALSE,0,not_started_access_lost
non_idp_NG021008_10,non_idp,6,0,FALSE,0,not_started_access_lost
non_idp_NG021008_11,non_idp,24,0,FALSE,0,not_started_access_lost
non_idp_NG021008_15,non_idp,18,0,FALSE,0,not_started_access_lost
non_idp_NG021008_2,non_idp,6,0,FALSE,0,not_started_access_lost
non_idp_NG021008_3,non_idp,6,0,FALSE,0,not_started_access_lost
non_idp_NG021008_4,non_idp,6,0,FALSE,0,not_started_access_lost
non_idp_NG021008_5,non_idp,6,0,FALSE,0,not_started_access_lost
non_idp_NG021008_6,non_idp,6,0,FALSE,0,not_started_access_lost
non_idp_NG021008_7,non_idp,6,0,TRUE,6,not_started_other
non_idp_NG021008_8,non_idp,12,5,TRUE,12,not_started_other
non_idp_NG021008_supp1,non_idp,6,0,TRUE,6,not_started_other
non_idp_NG021008_supp10,non_idp,6,0,TRUE,6,not_started_other
non_idp_NG021008_supp11,non_idp,6,0,FALSE,0,not_started_access_lost
non_idp_NG021008_supp12,non_idp,6,3,TRUE,6,not_started_other
non_idp_NG021008_supp13,non_idp,12,0,TRUE,12,not_started_other
non_idp_NG021008_supp2,non_idp,6,0,TRUE,6,not_started_other
non_idp_NG021008_supp3,non_idp,6,0,TRUE,6,not_started_other
non_idp_NG021008_supp4,non_idp,6,0,TRUE,6,not_started_other
non_idp_NG021008_supp5,non_idp,6,0,TRUE,6,not_started_other
non_idp_NG021008_supp6,non_idp,6,0,TRUE,6,not_started_other
non_idp_NG021008_supp7,non_idp,6,0,TRUE,6,not_started_other
non_idp_NG021008_supp8,non_idp,6,0,FALSE,4,not_started_access_lost
non_idp_NG021008_supp9,non_idp,6,0,TRUE,6,not_started_other
non_idp_NG021009_1,non_idp,6,0,FALSE,4,not_started_access_lost
non_idp_NG021009_10,non_idp,6,0,FALSE,0,not_started_access_lost
non_idp_NG021009_11,non_idp,6,5,FALSE,0,partially_completed_access_lost
non_idp_NG021009_12,non_idp,6,0,FALSE,0,not_started_access_lost
non_idp_NG021009_13,non_idp,6,0,FALSE,0,not_started_access_lost
non_idp_NG021009_14,non_idp,6,0,FALSE,0,not_started_access_lost
non_idp_NG021009_15,non_idp,6,0,FALSE,0,not_started_access_lost
non_idp_NG021009_16,non_idp,6,4,TRUE,6,not_started_other
non_idp_NG021009_17,non_idp,6,6,TRUE,6,completed
non_idp_NG021009_2,non_idp,6,6,TRUE,6,completed
non_idp_NG021009_3,non_idp,6,0,TRUE,6,not_started_other
non_idp_NG021009_4,non_idp,6,3,TRUE,6,not_started_other
non_idp_NG021009_5,non_idp,6,0,FALSE,0,not_started_access_lost
non_idp_NG021009_6,non_idp,6,0,FALSE,0,not_started_access_lost
non_idp_NG021009_7,non_idp,6,0,FALSE,0,not_started_access_lost
non_idp_NG021009_8,non_idp,6,0,FALSE,0,not_started_access_lost
non_idp_NG021009_9,non_idp,6,4,FALSE,0,partially_completed_access_lost
non_idp_NG021009_supp1,non_idp,6,3,TRUE,6,not_started_other
non_idp_NG021009_supp10,non_idp,6,0,TRUE,6,not_started_other
non_idp_NG021009_supp11,non_idp,6,0,FALSE,5,not_started_access_lost
non_idp_NG021009_supp12,non_idp,6,0,TRUE,6,not_started_other
non_idp_NG021009_supp13,non_idp,6,0,TRUE,6,not_started_other
non_idp_NG021009_supp14,non_idp,6,0,TRUE,6,not_started_other
non_idp_NG021009_supp2,non_idp,6,0,FALSE,0,not_started_access_lost
non_idp_NG021009_supp3,non_idp,6,0,FALSE,0,not_started_access_lost
non_idp_NG021009_supp4,non_idp,6,0,TRUE,6,not_started_other
non_idp_NG021009_supp5,non_idp,6,5,TRUE,6,not_started_other
non_idp_NG021009_supp6,non_idp,6,0,FALSE,0,not_started_access_lost
non_idp_NG021009_supp7,non_idp,6,3,FALSE,0,partially_completed_access_lost
non_idp_NG021009_supp8,non_idp,6,3,TRUE,6,not_started_other
non_idp_NG021009_supp9,non_idp,6,0,TRUE,6,not_started_other
non_idp_NG021010_1,non_idp,6,5,TRUE,6,not_started_other
non_idp_NG021010_12,non_idp,18,17,TRUE,18,not_started_other
non_idp_NG021010_15,non_idp,6,4,FALSE,0,partially_completed_access_lost
non_idp_NG021010_16,non_idp,6,6,TRUE,6,completed
non_idp_NG021010_17,non_idp,6,6,TRUE,6,completed
non_idp_NG021010_2,non_idp,12,12,TRUE,12,completed
non_idp_NG021010_4,non_idp,48,47,TRUE,48,not_started_other
non_idp_NG021010_supp1,non_idp,6,3,TRUE,6,not_started_other
non_idp_NG021011_1,non_idp,6,5,TRUE,6,not_started_other
non_idp_NG021011_10,non_idp,6,5,TRUE,6,not_started_other
non_idp_NG021011_11,non_idp,6,4,TRUE,6,not_started_other
non_idp_NG021011_12,non_idp,6,6,TRUE,6,completed
non_idp_NG021011_13,non_idp,6,4,TRUE,6,not_started_other
non_idp_NG021011_14,non_idp,6,5,TRUE,6,not_started_other
non_idp_NG021011_15,non_idp,6,5,TRUE,6,not_started_other
non_idp_NG021011_16,non_idp,6,2,TRUE,6,not_started_other
non_idp_NG021011_17,non_idp,6,5,TRUE,6,not_started_other
non_idp_NG021011_2,non_idp,6,5,TRUE,6,not_started_other
non_idp_NG021011_3,non_idp,12,8,TRUE,12,not_started_other
non_idp_NG021011_5,non_idp,6,5,TRUE,6,not_started_other
non_idp_NG021011_6,non_idp,6,6,TRUE,6,completed
non_idp_NG021011_7,non_idp,6,2,TRUE,6,not_started_other
non_idp_NG021011_8,non_idp,6,4,TRUE,6,not_started_other
non_idp_NG021011_9,non_idp,6,6,TRUE,6,completed
non_idp_NG021012_1,non_idp,6,3,FALSE,5,partially_completed_access_lost
non_idp_NG021012_10,non_idp,6,0,FALSE,0,not_started_access_lost
non_idp_NG021012_11,non_idp,6,3,FALSE,0,partially_completed_access_lost
non_idp_NG021012_12,non_idp,6,2,FALSE,0,partially_completed_access_lost
non_idp_NG021012_13,non_idp,6,0,FALSE,0,not_started_access_lost
non_idp_NG021012_14,non_idp,12,12,TRUE,12,completed
non_idp_NG021012_16,non_idp,6,5,FALSE,0,partially_completed_access_lost
non_idp_NG021012_17,non_idp,6,0,FALSE,0,not_started_access_lost
non_idp_NG021012_2,non_idp,6,4,TRUE,6,not_started_other
non_idp_NG021012_3,non_idp,6,0,FALSE,0,not_started_access_lost
non_idp_NG021012_4,non_idp,12,11,FALSE,0,partially_completed_access_lost
non_idp_NG021012_6,non_idp,6,0,FALSE,0,not_started_access_lost
non_idp_NG021012_7,non_idp,18,17,TRUE,18,not_started_other
non_idp_NG021012_supp1,non_idp,6,5,FALSE,0,partially_completed_access_lost
non_idp_NG021012_supp10,non_idp,6,0,FALSE,5,not_started_access_lost
non_idp_NG021012_supp11,non_idp,6,0,TRUE,6,not_started_other
non_idp_NG021012_supp12,non_idp,6,0,TRUE,6,not_started_other
non_idp_NG021012_supp13,non_idp,6,0,FALSE,0,not_started_access_lost
non_idp_NG021012_supp14,non_idp,6,0,TRUE,6,not_started_other
non_idp_NG021012_supp15,non_idp,6,0,FALSE,5,not_started_access_lost
non_idp_NG021012_supp2,non_idp,6,5,FALSE,0,partially_completed_access_lost
non_idp_NG021012_supp3,non_idp,6,0,FALSE,0,not_started_access_lost
non_idp_NG021012_supp4,non_idp,6,4,FALSE,4,partially_completed_access_lost
non_idp_NG021012_supp5,non_idp,6,0,FALSE,0,not_started_access_lost
non_idp_NG021012_supp6,non_idp,6,0,FALSE,4,not_started_access_lost
non_idp_NG021012_supp7,non_idp,6,0,FALSE,4,not_started_access_lost
non_idp_NG021012_supp8,non_idp,6,0,FALSE,5,not_started_access_lost
non_idp_NG021012_supp9,non_idp,6,0,FALSE,0,not_started_access_lost
non_idp_NG021013_1,non_idp,6,0,FALSE,0,not_started_access_lost
non_idp_NG021013_10,non_idp,6,5,TRUE,6,not_started_other
non_idp_NG021013_11,non_idp,6,5,TRUE,6,not_started_other
non_idp_NG021013_12,non_idp,6,0,TRUE,6,not_started_other
non_idp_NG021013_13,non_idp,6,0,FALSE,0,not_started_access_lost
non_idp_NG021013_14,non_idp,6,0,FALSE,0,not_started_access_lost
non_idp_NG021013_15,non_idp,6,2,FALSE,0,partially_completed_access_lost
non_idp_NG021013_16,non_idp,6,0,TRUE,6,not_started_other
non_idp_NG021013_17,non_idp,6,0,FALSE,0,not_started_access_lost
non_idp_NG021013_2,non_idp,6,0,FALSE,0,not_started_access_lost
non_idp_NG021013_3,non_idp,6,0,FALSE,0,not_started_access_lost
non_idp_NG021013_4,non_idp,6,0,FALSE,0,not_started_access_lost
non_idp_NG021013_5,non_idp,6,0,TRUE,6,not_started_other
non_idp_NG021013_6,non_idp,6,0,FALSE,0,not_started_access_lost
non_idp_NG021013_7,non_idp,6,3,TRUE,6,not_started_other
non_idp_NG021013_8,non_idp,6,0,FALSE,0,not_started_access_lost
non_idp_NG021013_9,non_idp,6,4,TRUE,6,not_started_other
non_idp_NG021013_supp1,non_idp,6,4,TRUE,6,not_started_other
non_idp_NG021013_supp10,non_idp,6,0,TRUE,6,not_started_other
non_idp_NG021013_supp11,non_idp,6,0,TRUE,6,not_started_other
non_idp_NG021013_supp2,non_idp,6,0,TRUE,6,not_started_other
non_idp_NG021013_supp3,non_idp,6,0,FALSE,0,not_started_access_lost
non_idp_NG021013_supp4,non_idp,6,1,TRUE,6,not_started_other
non_idp_NG021013_supp5,non_idp,6,0,FALSE,0,not_started_access_lost
non_idp_NG021013_supp6,non_idp,6,0,TRUE,6,not_started_other
non_idp_NG021013_supp7,non_idp,6,6,TRUE,6,completed
non_idp_NG021013_supp8,non_idp,6,0,TRUE,6,not_started_other
non_idp_NG021013_supp9,non_idp,6,0,TRUE,6,not_started_other
non_idp_NG021014_1,non_idp,6,0,FALSE,0,not_started_access_lost
non_idp_NG021014_14,non_idp,6,0,FALSE,0,not_started_access_lost
non_idp_NG021014_15,non_idp,6,1,FALSE,0,partially_completed_access_lost
non_idp_NG021014_16,non_idp,6,0,TRUE,6,not_started_other
non_idp_NG021014_17,non_idp,6,0,FALSE,0,not_started_access_lost
non_idp_NG021014_2,non_idp,6,0,FALSE,0,not_started_access_lost
non_idp_NG021014_3,non_idp,6,6,TRUE,6,completed
non_idp_NG021014_4,non_idp,6,0,TRUE,6,not_started_other
non_idp_NG021014_5,non_idp,6,5,FALSE,5,partially_completed_access_lost
non_idp_NG021014_6,non_idp,48,42,TRUE,48,not_started_other
non_idp_NG021014_supp1,non_idp,6,0,FALSE,0,not_started_access_lost
non_idp_NG021014_supp2,non_idp,6,0,FALSE,0,not_started_access_lost
non_idp_NG021014_supp3,non_idp,6,0,FALSE,0,not_started_access_lost
non_idp_NG021014_supp4,non_idp,6,0,TRUE,6,not_started_other
non_idp_NG021014_supp5,non_idp,6,0,FALSE,4,not_started_access_lost
non_idp_NG021014_supp6,non_idp,6,0,TRUE,6,not_started_other
non_idp_NG021014_supp7,non_idp,6,0,FALSE,0,not_started_access_lost
non_idp_NG021014_supp8,non_idp,6,0,FALSE,4,not_started_access_lost
non_idp_NG021015_1,non_idp,6,5,TRUE,6,not_started_other
non_idp_NG021015_10,non_idp,6,5,TRUE,6,not_started_other
non_idp_NG021015_11,non_idp,6,0,FALSE,0,not_started_access_lost
non_idp_NG021015_12,non_idp,6,5,TRUE,6,not_started_other
non_idp_NG021015_13,non_idp,6,5,TRUE,6,not_started_other
non_idp_NG021015_14,non_idp,6,0,FALSE,0,not_started_access_lost
non_idp_NG021015_15,non_idp,6,0,TRUE,6,not_started_other
non_idp_NG021015_16,non_idp,6,2,FALSE,4,partially_completed_access_lost
non_idp_NG021015_17,non_idp,6,0,FALSE,5,not_started_access_lost
non_idp_NG021015_2,non_idp,6,6,TRUE,6,completed
non_idp_NG021015_3,non_idp,6,0,FALSE,5,not_started_access_lost
non_idp_NG021015_4,non_idp,6,6,TRUE,6,completed
non_idp_NG021015_5,non_idp,6,3,TRUE,6,not_started_other
non_idp_NG021015_6,non_idp,6,5,TRUE,6,not_started_other
non_idp_NG021015_7,non_idp,6,6,TRUE,6,completed
non_idp_NG021015_8,non_idp,6,6,TRUE,6,completed
non_idp_NG021015_9,non_idp,6,5,TRUE,6,not_started_other
non_idp_NG021015_supp1,non_idp,6,2,TRUE,6,not_started_other
non_idp_NG021015_supp2,non_idp,6,0,TRUE,6,not_started_other
non_idp_NG021015_supp3,non_idp,6,2,TRUE,6,not_started_other
non_idp_NG021016_1,non_idp,6,0,FALSE,0,not_started_access_lost
non_idp_NG021016_10,non_idp,6,0,FALSE,4,not_started_access_lost
non_idp_NG021016_11,non_idp,6,0,FALSE,5,not_started_access_lost
non_idp_NG021016_12,non_idp,6,0,FALSE,0,not_started_access_lost
non_idp_NG021016_13,non_idp,6,0,TRUE,6,not_started_other
non_idp_NG021016_14,non_idp,6,0,TRUE,6,not_started_other
non_idp_NG021016_15,non_idp,6,0,TRUE,6,not_started_other
non_idp_NG021016_16,non_idp,6,3,FALSE,0,partially_completed_access_lost
non_idp_NG021016_17,non_idp,6,5,FALSE,0,partially_completed_access_lost
non_idp_NG021016_2,non_idp,6,0,TRUE,6,not_started_other
non_idp_NG021016_3,non_idp,6,0,FALSE,0,not_started_access_lost
non_idp_NG021016_4,non_idp,6,0,FALSE,0,not_started_access_lost
non_idp_NG021016_5,non_idp,6,0,FALSE,0,not_started_access_lost
non_idp_NG021016_6,non_idp,6,0,FALSE,0,not_started_access_lost
non_idp_NG021016_7,non_idp,6,0,FALSE,0,not_started_access_lost
non_idp_NG021016_8,non_idp,6,0,TRUE,6,not_started_other
non_idp_NG021016_9,non_idp,6,0,TRUE,6,not_started_other
non_idp_NG021017_1,non_idp,6,0,FALSE,0,not_started_access_lost
non_idp_NG021017_10,non_idp,6,0,FALSE,0,not_started_access_lost
non_idp_NG021017_11,non_idp,6,0,FALSE,0,not_started_access_lost
non_idp_NG021017_12,non_idp,6,0,FALSE,0,not_started_access_lost
non_idp_NG021017_13,non_idp,6,0,FALSE,0,not_started_access_lost
non_idp_NG021017_14,non_idp,6,0,FALSE,0,not_started_access_lost
non_idp_NG021017_15,non_idp,6,0,FALSE,0,not_started_access_lost
non_idp_NG021017_16,non_idp,6,0,FALSE,0,not_started_access_lost
non_idp_NG021017_17,non_idp,6,5,TRUE,6,not_started_other
non_idp_NG021017_2,non_idp,6,4,FALSE,4,partially_completed_access_lost
non_idp_NG021017_3,non_idp,6,0,FALSE,0,not_started_access_lost
non_idp_NG021017_4,non_idp,6,2,TRUE,6,not_started_other
non_idp_NG021017_5,non_idp,6,2,FALSE,0,partially_completed_access_lost
non_idp_NG021017_6,non_idp,6,0,FALSE,0,not_started_access_lost
non_idp_NG021017_7,non_idp,6,5,TRUE,6,not_started_other
non_idp_NG021017_8,non_idp,6,4,TRUE,6,not_started_other
non_idp_NG021017_9,non_idp,6,6,TRUE,6,completed
non_idp_NG021017_supp1,non_idp,6,3,TRUE,6,not_started_other
non_idp_NG021017_supp10,non_idp,6,1,TRUE,6,not_started_other
non_idp_NG021017_supp11,non_idp,6,0,FALSE,0,not_started_access_lost
non_idp_NG021017_supp12,non_idp,6,0,TRUE,6,not_started_other
non_idp_NG021017_supp13,non_idp,6,0,TRUE,6,not_started_other
non_idp_NG021017_supp14,non_idp,6,2,TRUE,6,not_started_other
non_idp_NG021017_supp15,non_idp,6,1,FALSE,5,partially_completed_access_lost
non_idp_NG021017_supp2,non_idp,6,4,TRUE,6,not_started_other
non_idp_NG021017_supp3,non_idp,6,0,FALSE,0,not_started_access_lost
non_idp_NG021017_supp4,non_idp,6,2,TRUE,6,not_started_other
non_idp_NG021017_supp5,non_idp,6,0,FALSE,0,not_started_access_lost
non_idp_NG021017_supp6,non_idp,6,0,FALSE,5,not_started_access_lost
non_idp_NG021017_supp7,non_idp,6,0,FALSE,0,not_started_access_lost
non_idp_NG021017_supp8,non_idp,6,0,TRUE,6,not_started_other
non_idp_NG021017_supp9,non_idp,6,0,TRUE,6,not_started_other
non_idp_NG021018_1,non_idp,6,6,TRUE,6,completed
non_idp_NG021018_11,non_idp,6,1,TRUE,6,not_started_other
non_idp_NG021018_12,non_idp,6,3,TRUE,6,not_started_other
non_idp_NG021018_13,non_idp,6,2,TRUE,6,not_started_other
non_idp_NG021018_14,non_idp,6,5,TRUE,6,not_started_other
non_idp_NG021018_15,non_idp,6,3,TRUE,6,not_started_other
non_idp_NG021018_16,non_idp,6,1,TRUE,6,not_started_other
non_idp_NG021018_17,non_idp,6,4,TRUE,6,not_started_other
non_idp_NG021018_2,non_idp,12,11,TRUE,12,not_started_other
non_idp_NG021018_4,non_idp,6,4,TRUE,6,not_started_other
non_idp_NG021018_5,non_idp,6,6,TRUE,6,completed
non_idp_NG021018_6,non_idp,6,2,TRUE,6,not_started_other
non_idp_NG021018_7,non_idp,6,4,TRUE,6,not_started_other
non_idp_NG021018_8,non_idp,6,6,TRUE,6,completed
non_idp_NG021018_9,non_idp,12,8,TRUE,12,not_started_other
non_idp_NG021020_1,non_idp,6,0,FALSE,0,not_started_access_lost
non_idp_NG021020_10,non_idp,6,3,TRUE,6,not_started_other
non_idp_NG021020_11,non_idp,12,10,TRUE,12,not_started_other
non_idp_NG021020_13,non_idp,6,0,FALSE,5,not_started_access_lost
non_idp_NG021020_14,non_idp,6,2,TRUE,6,not_started_other
non_idp_NG021020_15,non_idp,6,0,FALSE,0,not_started_access_lost
non_idp_NG021020_16,non_idp,6,0,FALSE,0,not_started_access_lost
non_idp_NG021020_17,non_idp,6,0,FALSE,0,not_started_access_lost
non_idp_NG021020_2,non_idp,6,2,FALSE,0,partially_completed_access_lost
non_idp_NG021020_3,non_idp,6,3,TRUE,6,not_started_other
non_idp_NG021020_4,non_idp,6,0,FALSE,0,not_started_access_lost
non_idp_NG021020_5,non_idp,6,0,FALSE,0,not_started_access_lost
non_idp_NG021020_6,non_idp,6,0,FALSE,0,not_started_access_lost
non_idp_NG021020_7,non_idp,12,10,TRUE,12,not_started_other
non_idp_NG021020_9,non_idp,6,0,FALSE,0,not_started_access_lost
non_idp_NG021020_supp1,non_idp,6,0,TRUE,6,not_started_other
non_idp_NG021020_supp2,non_idp,6,0,FALSE,0,not_started_access_lost
non_idp_NG021020_supp3,non_idp,6,0,TRUE,6,not_started_other
non_idp_NG021020_supp4,non_idp,6,0,FALSE,4,not_started_access_lost
non_idp_NG021020_supp5,non_idp,6,0,TRUE,6,not_started_other
non_idp_NG021020_supp6,non_idp,6,0,TRUE,6,not_started_other
non_idp_NG021020_supp7,non_idp,6,0,FALSE,0,not_started_access_lost
non_idp_NG021020_supp8,non_idp,6,0,TRUE,6,not_started_other
non_idp_NG021020_supp9,non_idp,6,0,FALSE,0,not_started_access_lost
non_idp_NG021021_1,non_idp,18,9,TRUE,18,not_started_other
non_idp_NG021021_11,non_idp,42,23,TRUE,42,not_started_other
non_idp_NG021021_4,non_idp,6,3,FALSE,0,partially_completed_access_lost
non_idp_NG021021_5,non_idp,6,0,FALSE,0,not_started_access_lost
non_idp_NG021021_6,non_idp,6,0,TRUE,6,not_started_other
non_idp_NG021021_7,non_idp,6,2,TRUE,6,not_started_other
non_idp_NG021021_8,non_idp,18,13,TRUE,18,not_started_other
non_idp_NG021022_1,non_idp,6,1,TRUE,6,not_started_other
non_idp_NG021022_10,non_idp,6,3,TRUE,6,not_started_other
non_idp_NG021022_11,non_idp,6,5,TRUE,6,not_started_other
non_idp_NG021022_12,non_idp,6,6,TRUE,6,completed
non_idp_NG021022_13,non_idp,6,6,TRUE,6,completed
non_idp_NG021022_14,non_idp,6,2,TRUE,6,not_started_other
non_idp_NG021022_15,non_idp,6,2,TRUE,6,not_started_other
non_idp_NG021022_16,non_idp,6,6,TRUE,6,completed
non_idp_NG021022_17,non_idp,6,6,FALSE,5,completed
non_idp_NG021022_2,non_idp,6,0,FALSE,0,not_started_access_lost
non_idp_NG021022_3,non_idp,6,2,TRUE,6,not_started_other
non_idp_NG021022_4,non_idp,6,0,FALSE,0,not_started_access_lost
non_idp_NG021022_5,non_idp,6,2,TRUE,6,not_started_other
non_idp_NG021022_6,non_idp,6,0,FALSE,0,not_started_access_lost
non_idp_NG021022_7,non_idp,6,6,TRUE,6,completed
non_idp_NG021022_8,non_idp,6,0,FALSE,0,not_started_access_lost
non_idp_NG021022_9,non_idp,6,5,TRUE,6,not_started_other
non_idp_NG021022_supp1,non_idp,6,1,TRUE,6,not_started_other
non_idp_NG021022_supp2,non_idp,6,2,TRUE,6,not_started_other
non_idp_NG021022_supp3,non_idp,6,0,TRUE,6,not_started_other
non_idp_NG021022_supp4,non_idp,6,0,TRUE,0,not_started_other
non_idp_NG021023_1,non_idp,6,0,FALSE,0,not_started_access_lost
non_idp_NG021023_11,non_idp,6,6,TRUE,6,completed
non_idp_NG021023_12,non_idp,6,6,TRUE,6,completed
non_idp_NG021023_13,non_idp,6,3,FALSE,0,partially_completed_access_lost
non_idp_NG021023_14,non_idp,6,6,TRUE,6,completed
non_idp_NG021023_15,non_idp,6,0,FALSE,0,not_started_access_lost
non_idp_NG021023_16,non_idp,6,0,FALSE,0,not_started_access_lost
non_idp_NG021023_17,non_idp,6,0,FALSE,0,not_started_access_lost
non_idp_NG021023_2,non_idp,6,0,FALSE,0,not_started_access_lost
non_idp_NG021023_3,non_idp,6,3,FALSE,0,partially_completed_access_lost
non_idp_NG021023_4,non_idp,6,6,TRUE,6,completed
non_idp_NG021023_5,non_idp,6,5,TRUE,6,not_started_other
non_idp_NG021023_6,non_idp,6,6,TRUE,6,completed
non_idp_NG021023_7,non_idp,6,6,TRUE,6,completed
non_idp_NG021023_8,non_idp,6,5,FALSE,5,partially_completed_access_lost
non_idp_NG021023_9,non_idp,12,12,TRUE,12,completed
non_idp_NG021023_supp1,non_idp,6,4,TRUE,6,not_started_other
non_idp_NG021023_supp2,non_idp,6,2,TRUE,6,not_started_other
non_idp_NG021023_supp3,non_idp,6,5,TRUE,6,not_started_other
non_idp_NG021023_supp4,non_idp,6,0,TRUE,6,not_started_other
non_idp_NG021023_supp5,non_idp,6,2,TRUE,6,not_started_other
non_idp_NG021023_supp6,non_idp,6,4,FALSE,5,partially_completed_access_lost
non_idp_NG021024_1,non_idp,6,0,TRUE,6,not_started_other
non_idp_NG021024_10,non_idp,6,1,TRUE,6,not_started_other
non_idp_NG021024_11,non_idp,6,2,TRUE,6,not_started_other
non_idp_NG021024_12,non_idp,6,2,TRUE,6,not_started_other
non_idp_NG021024_13,non_idp,12,5,TRUE,12,not_started_other
non_idp_NG021024_15,non_idp,12,0,TRUE,12,not_started_other
non_idp_NG021024_17,non_idp,6,2,TRUE,6,not_started_other
non_idp_NG021024_2,non_idp,6,2,TRUE,6,not_started_other
non_idp_NG021024_3,non_idp,6,3,TRUE,6,not_started_other
non_idp_NG021024_4,non_idp,6,2,TRUE,6,not_started_other
non_idp_NG021024_5,non_idp,6,3,TRUE,6,not_started_other
non_idp_NG021024_6,non_idp,6,3,TRUE,6,not_started_other
non_idp_NG021024_7,non_idp,6,5,TRUE,6,not_started_other
non_idp_NG021024_8,non_idp,6,1,TRUE,6,not_started_other
non_idp_NG021024_9,non_idp,6,0,TRUE,6,not_started_other
non_idp_NG021025_1,non_idp,6,0,FALSE,0,not_started_access_lost
non_idp_NG021025_10,non_idp,6,0,FALSE,0,not_started_access_lost
non_idp_NG021025_11,non_idp,6,0,FALSE,0,not_started_access_lost
non_idp_NG021025_12,non_idp,6,0,FALSE,0,not_started_access_lost
non_idp_NG021025_13,non_idp,6,0,FALSE,0,not_started_access_lost
non_idp_NG021025_14,non_idp,6,0,FALSE,0,not_started_access_lost
non_idp_NG021025_15,non_idp,6,0,FALSE,0,not_started_access_lost
non_idp_NG021025_16,non_idp,6,0,FALSE,0,not_started_access_lost
non_idp_NG021025_17,non_idp,6,0,FALSE,0,not_started_access_lost
non_idp_NG021025_2,non_idp,6,0,FALSE,0,not_started_access_lost
non_idp_NG021025_3,non_idp,6,0,FALSE,0,not_started_access_lost
non_idp_NG021025_4,non_idp,6,0,FALSE,0,not_started_access_lost
non_idp_NG021025_5,non_idp,18,10,FALSE,17,partially_completed_access_lost
non_idp_NG021025_8,non_idp,12,12,TRUE,12,completed
non_idp_NG021025_supp1,non_idp,6,0,FALSE,0,not_started_access_lost
non_idp_NG021025_supp10,non_idp,12,0,FALSE,7,not_started_access_lost
non_idp_NG021025_supp11,non_idp,12,0,FALSE,0,not_started_access_lost
non_idp_NG021025_supp12,non_idp,6,0,TRUE,6,not_started_other
non_idp_NG021025_supp2,non_idp,6,0,FALSE,0,not_started_access_lost
non_idp_NG021025_supp3,non_idp,6,0,FALSE,0,not_started_access_lost
non_idp_NG021025_supp4,non_idp,6,0,FALSE,0,not_started_access_lost
non_idp_NG021025_supp5,non_idp,6,0,FALSE,0,not_started_access_lost
non_idp_NG021025_supp6,non_idp,6,0,FALSE,0,not_started_access_lost
non_idp_NG021025_supp7,non_idp,6,0,TRUE,6,not_started_other
non_idp_NG021025_supp8,non_idp,6,0,TRUE,6,not_started_other
non_idp_NG021025_supp9,non_idp,6,0,FALSE,0,not_started_access_lost
non_idp_NG021026_1,non_idp,6,2,TRUE,6,not_started_other
non_idp_NG021026_10,non_idp,6,6,TRUE,6,completed
non_idp_NG021026_11,non_idp,6,3,TRUE,6,not_started_other
non_idp_NG021026_12,non_idp,6,5,TRUE,6,not_started_other
non_idp_NG021026_13,non_idp,6,6,TRUE,6,completed
non_idp_NG021026_14,non_idp,6,4,TRUE,6,not_started_other
non_idp_NG021026_15,non_idp,6,5,TRUE,6,not_started_other
non_idp_NG021026_16,non_idp,6,0,FALSE,0,not_started_access_lost
non_idp_NG021026_17,non_idp,6,6,TRUE,6,completed
non_idp_NG021026_2,non_idp,6,5,TRUE,6,not_started_other
non_idp_NG021026_3,non_idp,6,6,TRUE,6,completed
non_idp_NG021026_4,non_idp,6,4,TRUE,6,not_started_other
non_idp_NG021026_5,non_idp,6,4,TRUE,6,not_started_other
non_idp_NG021026_6,non_idp,6,4,TRUE,6,not_started_other
non_idp_NG021026_7,non_idp,12,12,TRUE,12,completed
non_idp_NG021026_9,non_idp,6,6,TRUE,6,completed
non_idp_NG021026_supp1,non_idp,6,0,TRUE,0,not_started_other
non_idp_NG021027_1,non_idp,6,0,TRUE,6,not_started_other
non_idp_NG021027_10,non_idp,6,3,TRUE,6,not_started_other
non_idp_NG021027_11,non_idp,6,2,TRUE,6,not_started_other
non_idp_NG021027_12,non_idp,6,4,TRUE,6,not_started_other
non_idp_NG021027_13,non_idp,6,2,TRUE,6,not_started_other
non_idp_NG021027_14,non_idp,6,1,TRUE,6,not_started_other
non_idp_NG021027_15,non_idp,6,0,TRUE,6,not_started_other
non_idp_NG021027_16,non_idp,6,1,TRUE,6,not_started_other
non_idp_NG021027_17,non_idp,6,2,TRUE,6,not_started_other
non_idp_NG021027_2,non_idp,6,2,TRUE,6,not_started_other
non_idp_NG021027_3,non_idp,6,3,TRUE,6,not_started_other
non_idp_NG021027_4,non_idp,6,2,TRUE,6,not_started_other
non_idp_NG021027_5,non_idp,6,0,TRUE,6,not_started_other
non_idp_NG021027_6,non_idp,12,8,TRUE,12,not_started_other
non_idp_NG021027_8,non_idp,6,5,TRUE,6,not_started_other
non_idp_NG021027_9,non_idp,6,1,TRUE,6,not_started_other
non_idp_NG021028_1,non_idp,6,0,FALSE,0,not_started_access_lost
non_idp_NG021028_10,non_idp,6,0,TRUE,6,not_started_other
non_idp_NG021028_11,non_idp,12,12,TRUE,12,completed
non_idp_NG021028_13,non_idp,6,1,TRUE,6,not_started_other
non_idp_NG021028_14,non_idp,6,0,FALSE,0,not_started_access_lost
non_idp_NG021028_15,non_idp,6,0,FALSE,0,not_started_access_lost
non_idp_NG021028_16,non_idp,6,0,FALSE,0,not_started_access_lost
non_idp_NG021028_17,non_idp,6,0,FALSE,0,not_started_access_lost
non_idp_NG021028_2,non_idp,6,0,FALSE,0,not_started_access_lost
non_idp_NG021028_3,non_idp,6,0,FALSE,0,not_started_access_lost
non_idp_NG021028_4,non_idp,6,0,FALSE,0,not_started_access_lost
non_idp_NG021028_5,non_idp,6,0,FALSE,0,not_started_access_lost
non_idp_NG021028_6,non_idp,6,0,FALSE,0,not_started_access_lost
non_idp_NG021028_7,non_idp,6,0,FALSE,0,not_started_access_lost
non_idp_NG021028_8,non_idp,6,0,FALSE,0,not_started_access_lost
non_idp_NG021028_9,non_idp,6,0,FALSE,0,not_started_access_lost
non_idp_NG021028_supp1,non_idp,6,0,FALSE,0,not_started_access_lost
non_idp_NG021028_supp10,non_idp,12,0,FALSE,0,not_started_access_lost
non_idp_NG021028_supp11,non_idp,12,0,FALSE,0,not_started_access_lost
non_idp_NG021028_supp12,non_idp,12,0,FALSE,0,not_started_access_lost
non_idp_NG021028_supp13,non_idp,6,0,FALSE,0,not_started_access_lost
non_idp_NG021028_supp14,non_idp,6,0,FALSE,0,not_started_access_lost
non_idp_NG021028_supp15,non_idp,6,5,TRUE,6,not_started_other
non_idp_NG021028_supp16,non_idp,6,0,FALSE,5,not_started_access_lost
non_idp_NG021028_supp17,non_idp,6,0,TRUE,6,not_started_other
non_idp_NG021028_supp18,non_idp,12,0,TRUE,12,not_started_other
non_idp_NG021028_supp19,non_idp,12,0,FALSE,4,not_started_access_lost
non_idp_NG021028_supp2,non_idp,6,0,FALSE,0,not_started_access_lost
non_idp_NG021028_supp20,non_idp,12,0,TRUE,12,not_started_other
non_idp_NG021028_supp21,non_idp,6,0,TRUE,6,not_started_other
non_idp_NG021028_supp22,non_idp,6,0,TRUE,6,not_started_other
non_idp_NG021028_supp23,non_idp,6,0,TRUE,6,not_started_other
non_idp_NG021028_supp24,non_idp,6,0,TRUE,6,not_started_other
non_idp_NG021028_supp3,non_idp,6,0,FALSE,0,not_started_access_lost
non_idp_NG021028_supp4,non_idp,6,0,FALSE,0,not_started_access_lost
non_idp_NG021028_supp5,non_idp,6,0,FALSE,0,not_started_access_lost
non_idp_NG021028_supp6,non_idp,6,0,FALSE,0,not_started_access_lost
non_idp_NG021028_supp7,non_idp,6,0,FALSE,0,not_started_access_lost
non_idp_NG021028_supp8,non_idp,6,0,FALSE,0,not_started_access_lost
non_idp_NG021028_supp9,non_idp,6,0,FALSE,0,not_started_access_lost
non_idp_NG021029_1,non_idp,6,0,FALSE,0,not_started_access_lost
non_idp_NG021029_10,non_idp,6,0,FALSE,0,not_started_access_lost
non_idp_NG021029_11,non_idp,6,0,FALSE,0,not_started_access_lost
non_idp_NG021029_12,non_idp,6,6,FALSE,0,completed
non_idp_NG021029_13,non_idp,6,0,FALSE,0,not_started_access_lost
non_idp_NG021029_14,non_idp,6,0,FALSE,0,not_started_access_lost
non_idp_NG021029_15,non_idp,6,0,FALSE,0,not_started_access_lost
non_idp_NG021029_16,non_idp,6,0,FALSE,0,not_started_access_lost
non_idp_NG021029_17,non_idp,6,0,FALSE,0,not_started_access_lost
non_idp_NG021029_2,non_idp,6,0,FALSE,0,not_started_access_lost
non_idp_NG021029_3,non_idp,6,0,FALSE,0,not_started_access_lost
non_idp_NG021029_4,non_idp,6,0,FALSE,0,not_started_access_lost
non_idp_NG021029_5,non_idp,6,5,FALSE,0,partially_completed_access_lost
non_idp_NG021029_6,non_idp,6,2,FALSE,0,partially_completed_access_lost
non_idp_NG021029_7,non_idp,6,0,FALSE,0,not_started_access_lost
non_idp_NG021029_8,non_idp,6,0,FALSE,0,not_started_access_lost
non_idp_NG021029_9,non_idp,6,0,FALSE,0,not_started_access_lost
non_idp_NG021029_supp1,non_idp,6,0,FALSE,0,not_started_access_lost
non_idp_NG021029_supp10,non_idp,12,0,FALSE,6,not_started_access_lost
non_idp_NG021029_supp11,non_idp,12,0,FALSE,0,not_started_access_lost
non_idp_NG021029_supp12,non_idp,6,0,TRUE,6,not_started_other
non_idp_NG021029_supp13,non_idp,6,0,TRUE,6,not_started_other
non_idp_NG021029_supp2,non_idp,6,0,FALSE,5,not_started_access_lost
non_idp_NG021029_supp3,non_idp,6,0,TRUE,6,not_started_other
non_idp_NG021029_supp4,non_idp,6,0,FALSE,0,not_started_access_lost
non_idp_NG021029_supp5,non_idp,6,0,FALSE,4,not_started_access_lost
non_idp_NG021029_supp6,non_idp,6,0,TRUE,6,not_started_other
non_idp_NG021029_supp7,non_idp,6,0,TRUE,6,not_started_other
non_idp_NG021029_supp8,non_idp,6,0,FALSE,4,not_started_access_lost
non_idp_NG021029_supp9,non_idp,12,0,FALSE,8,not_started_access_lost
non_idp_NG021030_1,non_idp,6,5,TRUE,6,not_started_other
non_idp_NG021030_10,non_idp,6,6,TRUE,6,completed
non_idp_NG021030_11,non_idp,6,5,TRUE,6,not_started_other
non_idp_NG021030_12,non_idp,6,6,FALSE,5,completed
non_idp_NG021030_13,non_idp,6,6,TRUE,6,completed
non_idp_NG021030_14,non_idp,6,5,TRUE,6,not_started_other
non_idp_NG021030_15,non_idp,6,4,TRUE,0,not_started_other
non_idp_NG021030_16,non_idp,6,5,TRUE,6,not_started_other
non_idp_NG021030_17,non_idp,6,4,TRUE,6,not_started_other
non_idp_NG021030_2,non_idp,6,6,TRUE,6,completed
non_idp_NG021030_3,non_idp,6,5,TRUE,6,not_started_other
non_idp_NG021030_4,non_idp,6,5,TRUE,6,not_started_other
non_idp_NG021030_5,non_idp,6,6,TRUE,6,completed
non_idp_NG021030_6,non_idp,12,12,TRUE,12,completed
non_idp_NG021030_8,non_idp,6,6,TRUE,6,completed
non_idp_NG021030_9,non_idp,6,6,TRUE,6,completed
non_idp_NG021031_1,non_idp,6,0,FALSE,0,not_started_access_lost
non_idp_NG021031_11,non_idp,6,0,FALSE,0,not_started_access_lost
non_idp_NG021031_12,non_idp,6,0,FALSE,0,not_started_access_lost
non_idp_NG021031_13,non_idp,6,0,FALSE,0,not_started_access_lost
non_idp_NG021031_14,non_idp,6,0,FALSE,0,not_started_access_lost
non_idp_NG021031_15,non_idp,6,0,FALSE,0,not_started_access_lost
non_idp_NG021031_16,non_idp,6,0,FALSE,0,not_started_access_lost
non_idp_NG021031_17,non_idp,6,0,FALSE,0,not_started_access_lost
non_idp_NG021031_2,non_idp,6,0,FALSE,0,not_started_access_lost
non_idp_NG021031_3,non_idp,6,0,FALSE,0,not_started_access_lost
non_idp_NG021031_4,non_idp,6,0,FALSE,0,not_started_access_lost
non_idp_NG021031_5,non_idp,6,0,FALSE,0,not_started_access_lost
non_idp_NG021031_6,non_idp,6,0,FALSE,0,not_started_access_lost
non_idp_NG021031_7,non_idp,6,0,FALSE,0,not_started_access_lost
non_idp_NG021031_8,non_idp,18,0,TRUE,18,not_started_other
non_idp_NG021031_supp1,non_idp,6,0,TRUE,6,not_started_other
non_idp_NG021031_supp2,non_idp,12,0,FALSE,7,not_started_access_lost
non_idp_NG021031_supp3,non_idp,12,0,FALSE,5,not_started_access_lost
non_idp_NG021031_supp4,non_idp,12,0,FALSE,4,not_started_access_lost
non_idp_NG021031_supp5,non_idp,12,0,FALSE,7,not_started_access_lost
non_idp_NG021031_supp6,non_idp,6,0,TRUE,6,not_started_other
non_idp_NG021032_1,non_idp,6,0,FALSE,0,not_started_access_lost
non_idp_NG021032_10,non_idp,6,0,FALSE,0,not_started_access_lost
non_idp_NG021032_11,non_idp,6,0,FALSE,0,not_started_access_lost
non_idp_NG021032_12,non_idp,6,0,FALSE,0,not_started_access_lost
non_idp_NG021032_13,non_idp,6,0,FALSE,0,not_started_access_lost
non_idp_NG021032_14,non_idp,6,0,FALSE,0,not_started_access_lost
non_idp_NG021032_15,non_idp,6,0,FALSE,0,not_started_access_lost
non_idp_NG021032_16,non_idp,6,0,FALSE,0,not_started_access_lost
non_idp_NG021032_17,non_idp,6,5,FALSE,0,partially_completed_access_lost
non_idp_NG021032_2,non_idp,6,0,FALSE,0,not_started_access_lost
non_idp_NG021032_3,non_idp,6,0,FALSE,0,not_started_access_lost
non_idp_NG021032_4,non_idp,6,0,FALSE,0,not_started_access_lost
non_idp_NG021032_5,non_idp,6,0,FALSE,0,not_started_access_lost
non_idp_NG021032_6,non_idp,6,0,FALSE,0,not_started_access_lost
non_idp_NG021032_7,non_idp,6,0,FALSE,0,not_started_access_lost
non_idp_NG021032_8,non_idp,6,0,FALSE,0,not_started_access_lost
non_idp_NG021032_9,non_idp,6,0,FALSE,0,not_started_access_lost
non_idp_NG021032_supp1,non_idp,6,0,FALSE,0,not_started_access_lost
non_idp_NG021032_supp10,non_idp,6,0,FALSE,0,not_started_access_lost
non_idp_NG021032_supp11,non_idp,6,0,FALSE,0,not_started_access_lost
non_idp_NG021032_supp12,non_idp,6,0,FALSE,0,not_started_access_lost
non_idp_NG021032_supp13,non_idp,6,0,FALSE,0,not_started_access_lost
non_idp_NG021032_supp14,non_idp,6,0,FALSE,0,not_started_access_lost
non_idp_NG021032_supp15,non_idp,6,0,FALSE,0,not_started_access_lost
non_idp_NG021032_supp16,non_idp,6,0,FALSE,0,not_started_access_lost
non_idp_NG021032_supp17,non_idp,6,6,TRUE,6,completed
non_idp_NG021032_supp18,non_idp,6,0,FALSE,0,not_started_access_lost
non_idp_NG021032_supp19,non_idp,6,2,TRUE,6,not_started_other
non_idp_NG021032_supp2,non_idp,6,0,TRUE,6,not_started_other
non_idp_NG021032_supp20,non_idp,6,0,FALSE,5,not_started_access_lost
non_idp_NG021032_supp21,non_idp,6,6,TRUE,6,completed
non_idp_NG021032_supp22,non_idp,6,3,TRUE,6,not_started_other
non_idp_NG021032_supp23,non_idp,6,3,TRUE,6,not_started_other
non_idp_NG021032_supp24,non_idp,6,0,TRUE,6,not_started_other
non_idp_NG021032_supp25,non_idp,6,0,FALSE,0,not_started_access_lost
non_idp_NG021032_supp26,non_idp,6,0,TRUE,6,not_started_other
non_idp_NG021032_supp27,non_idp,6,0,TRUE,6,not_started_other
non_idp_NG021032_supp28,non_idp,6,0,TRUE,6,not_started_other
non_idp_NG021032_supp3,non_idp,6,0,TRUE,6,not_started_other
non_idp_NG021032_supp4,non_idp,6,0,FALSE,0,not_started_access_lost
non_idp_NG021032_supp5,non_idp,6,3,TRUE,6,not_started_other
non_idp_NG021032_supp6,non_idp,6,0,FALSE,0,not_started_access_lost
non_idp_NG021032_supp7,non_idp,6,0,FALSE,0,not_started_access_lost
non_idp_NG021032_supp8,non_idp,6,3,TRUE,6,not_started_other
non_idp_NG021032_supp9,non_idp,6,0,FALSE,0,not_started_access_lost
non_idp_NG021033_1,non_idp,6,6,TRUE,6,completed
non_idp_NG021033_10,non_idp,6,5,TRUE,6,not_started_other
non_idp_NG021033_11,non_idp,6,3,TRUE,6,not_started_other
non_idp_NG021033_12,non_idp,6,4,TRUE,6,not_started_other
non_idp_NG021033_13,non_idp,12,7,TRUE,12,not_started_other
non_idp_NG021033_15,non_idp,6,0,TRUE,6,not_started_other
non_idp_NG021033_16,non_idp,6,3,TRUE,6,not_started_other
non_idp_NG021033_17,non_idp,6,4,TRUE,6,not_started_other
non_idp_NG021033_2,non_idp,6,5,TRUE,6,not_started_other
non_idp_NG021033_3,non_idp,6,4,TRUE,6,not_started_other
non_idp_NG021033_4,non_idp,6,5,TRUE,6,not_started_other
non_idp_NG021033_5,non_idp,12,4,TRUE,12,not_started_other
non_idp_NG021033_7,non_idp,6,4,TRUE,6,not_started_other
non_idp_NG021033_8,non_idp,6,2,TRUE,6,not_started_other
non_idp_NG021033_9,non_idp,6,4,TRUE,6,not_started_other
non_idp_NG021034_1,non_idp,6,0,TRUE,6,not_started_other
non_idp_NG021034_11,non_idp,6,1,TRUE,6,not_started_other
non_idp_NG021034_12,non_idp,6,0,TRUE,6,not_started_other
non_idp_NG021034_13,non_idp,12,7,TRUE,12,not_started_other
non_idp_NG021034_15,non_idp,6,0,TRUE,6,not_started_other
non_idp_NG021034_16,non_idp,6,0,TRUE,6,not_started_other
non_idp_NG021034_17,non_idp,6,0,TRUE,6,not_started_other
non_idp_NG021034_2,non_idp,6,0,TRUE,6,not_started_other
non_idp_NG021034_3,non_idp,6,0,TRUE,6,not_started_other
non_idp_NG021034_4,non_idp,6,0,TRUE,6,not_started_other
non_idp_NG021034_5,non_idp,6,0,TRUE,6,not_started_other
non_idp_NG021034_6,non_idp,6,0,TRUE,6,not_started_other
non_idp_NG021034_7,non_idp,6,0,TRUE,6,not_started_other
non_idp_NG021034_8,non_idp,6,3,TRUE,6,not_started_other
non_idp_NG021034_9,non_idp,12,8,TRUE,12,not_started_other
non_idp_NG022001_1,non_idp,6,6,TRUE,6,completed
non_idp_NG022001_12,non_idp,6,6,TRUE,6,completed
non_idp_NG022001_13,non_idp,6,6,TRUE,6,completed
non_idp_NG022001_14,non_idp,6,6,FALSE,0,completed
non_idp_NG022001_15,non_idp,6,3,TRUE,6,not_started_other
non_idp_NG022001_16,non_idp,12,12,TRUE,12,completed
non_idp_NG022001_2,non_idp,6,5,TRUE,6,not_started_other
non_idp_NG022001_3,non_idp,6,4,TRUE,6,not_started_other
non_idp_NG022001_4,non_idp,48,43,TRUE,48,not_started_other
non_idp_NG022001_supp1,non_idp,6,0,TRUE,6,not_started_other
non_idp_NG022002_1,non_idp,6,0,FALSE,0,not_started_access_lost
non_idp_NG022002_10,non_idp,6,0,FALSE,0,not_started_access_lost
non_idp_NG022002_11,non_idp,6,2,FALSE,0,partially_completed_access_lost
non_idp_NG022002_12,non_idp,18,18,FALSE,0,completed
non_idp_NG022002_15,non_idp,6,0,FALSE,0,not_started_access_lost
non_idp_NG022002_16,non_idp,6,0,FALSE,0,not_started_access_lost
non_idp_NG022002_17,non_idp,6,0,FALSE,0,not_started_access_lost
non_idp_NG022002_2,non_idp,6,0,FALSE,0,not_started_access_lost
non_idp_NG022002_3,non_idp,6,0,FALSE,0,not_started_access_lost
non_idp_NG022002_4,non_idp,6,0,FALSE,0,not_started_access_lost
non_idp_NG022002_5,non_idp,6,5,FALSE,0,partially_completed_access_lost
non_idp_NG022002_6,non_idp,6,4,FALSE,0,partially_completed_access_lost
non_idp_NG022002_7,non_idp,6,5,FALSE,0,partially_completed_access_lost
non_idp_NG022002_8,non_idp,6,0,FALSE,0,not_started_access_lost
non_idp_NG022002_9,non_idp,6,0,FALSE,0,not_started_access_lost
non_idp_NG022002_supp1,non_idp,6,3,FALSE,0,partially_completed_access_lost
non_idp_NG022002_supp10,non_idp,6,3,FALSE,0,partially_completed_access_lost
non_idp_NG022002_supp11,non_idp,6,0,FALSE,0,not_started_access_lost
non_idp_NG022002_supp12,non_idp,6,0,FALSE,0,not_started_access_lost
non_idp_NG022002_supp13,non_idp,6,0,FALSE,0,not_started_access_lost
non_idp_NG022002_supp14,non_idp,6,0,TRUE,6,not_started_other
non_idp_NG022002_supp15,non_idp,6,0,TRUE,6,not_started_other
non_idp_NG022002_supp16,non_idp,6,0,FALSE,5,not_started_access_lost
non_idp_NG022002_supp17,non_idp,6,0,TRUE,6,not_started_other
non_idp_NG022002_supp18,non_idp,6,0,TRUE,6,not_started_other
non_idp_NG022002_supp19,non_idp,6,0,TRUE,6,not_started_other
non_idp_NG022002_supp2,non_idp,6,5,FALSE,0,partially_completed_access_lost
non_idp_NG022002_supp20,non_idp,6,0,TRUE,6,not_started_other
non_idp_NG022002_supp21,non_idp,6,0,TRUE,6,not_started_other
non_idp_NG022002_supp22,non_idp,6,0,FALSE,0,not_started_access_lost
non_idp_NG022002_supp23,non_idp,6,0,TRUE,6,not_started_other
non_idp_NG022002_supp24,non_idp,6,0,FALSE,0,not_started_access_lost
non_idp_NG022002_supp25,non_idp,6,0,TRUE,6,not_started_other
non_idp_NG022002_supp3,non_idp,6,0,FALSE,0,not_started_access_lost
non_idp_NG022002_supp4,non_idp,6,0,FALSE,0,not_started_access_lost
non_idp_NG022002_supp5,non_idp,6,0,FALSE,0,not_started_access_lost
non_idp_NG022002_supp6,non_idp,6,0,FALSE,0,not_started_access_lost
non_idp_NG022002_supp7,non_idp,6,6,FALSE,0,completed
non_idp_NG022002_supp8,non_idp,6,0,FALSE,0,not_started_access_lost
non_idp_NG022002_supp9,non_idp,6,6,FALSE,0,completed
non_idp_NG022003_1,non_idp,6,0,TRUE,6,not_started_other
non_idp_NG022003_12,non_idp,24,5,TRUE,24,not_started_other
non_idp_NG022003_16,non_idp,6,3,TRUE,6,not_started_other
non_idp_NG022003_17,non_idp,6,0,TRUE,6,not_started_other
non_idp_NG022003_2,non_idp,6,0,TRUE,6,not_started_other
non_idp_NG022003_3,non_idp,6,0,TRUE,6,not_started_other
non_idp_NG022003_4,non_idp,6,0,TRUE,6,not_started_other
non_idp_NG022003_5,non_idp,6,4,TRUE,6,not_started_other
non_idp_NG022003_6,non_idp,6,3,TRUE,6,not_started_other
non_idp_NG022003_7,non_idp,6,0,TRUE,6,not_started_other
non_idp_NG022003_8,non_idp,6,4,TRUE,6,not_started_other
non_idp_NG022003_9,non_idp,18,5,TRUE,18,not_started_other
non_idp_NG022004_1,non_idp,6,2,FALSE,0,partially_completed_access_lost
non_idp_NG022004_10,non_idp,6,5,TRUE,6,not_started_other
non_idp_NG022004_11,non_idp,6,3,FALSE,0,partially_completed_access_lost
non_idp_NG022004_12,non_idp,6,5,FALSE,0,partially_completed_access_lost
non_idp_NG022004_13,non_idp,6,4,FALSE,0,partially_completed_access_lost
non_idp_NG022004_14,non_idp,6,0,FALSE,0,not_started_access_lost
non_idp_NG022004_15,non_idp,6,6,FALSE,0,completed
non_idp_NG022004_16,non_idp,6,4,FALSE,0,partially_completed_access_lost
non_idp_NG022004_17,non_idp,6,0,FALSE,0,not_started_access_lost
non_idp_NG022004_2,non_idp,6,6,FALSE,0,completed
non_idp_NG022004_3,non_idp,6,2,FALSE,0,partially_completed_access_lost
non_idp_NG022004_4,non_idp,6,3,FALSE,0,partially_completed_access_lost
non_idp_NG022004_5,non_idp,6,6,FALSE,0,completed
non_idp_NG022004_6,non_idp,6,4,FALSE,0,partially_completed_access_lost
non_idp_NG022004_7,non_idp,12,12,TRUE,12,completed
non_idp_NG022004_9,non_idp,6,6,FALSE,0,completed
non_idp_NG022004_supp1,non_idp,6,4,FALSE,5,partially_completed_access_lost
non_idp_NG022004_supp10,non_idp,6,0,FALSE,0,not_started_access_lost
non_idp_NG022004_supp11,non_idp,6,0,TRUE,6,not_started_other
non_idp_NG022004_supp12,non_idp,6,0,TRUE,6,not_started_other
non_idp_NG022004_supp13,non_idp,6,0,FALSE,5,not_started_access_lost
non_idp_NG022004_supp14,non_idp,6,0,FALSE,5,not_started_access_lost
non_idp_NG022004_supp2,non_idp,6,0,FALSE,0,not_started_access_lost
non_idp_NG022004_supp3,non_idp,6,0,FALSE,0,not_started_access_lost
non_idp_NG022004_supp4,non_idp,6,6,FALSE,0,completed
non_idp_NG022004_supp5,non_idp,6,0,FALSE,0,not_started_access_lost
non_idp_NG022004_supp6,non_idp,6,6,TRUE,6,completed
non_idp_NG022004_supp7,non_idp,6,6,FALSE,5,completed
non_idp_NG022004_supp8,non_idp,6,0,TRUE,6,not_started_other
non_idp_NG022004_supp9,non_idp,6,0,FALSE,0,not_started_access_lost
non_idp_NG022005_1,non_idp,6,6,TRUE,6,completed
non_idp_NG022005_10,non_idp,6,6,FALSE,0,completed
non_idp_NG022005_11,non_idp,6,0,FALSE,0,not_started_access_lost
non_idp_NG022005_12,non_idp,6,0,FALSE,0,not_started_access_lost
non_idp_NG022005_13,non_idp,6,2,FALSE,0,partially_completed_access_lost
non_idp_NG022005_14,non_idp,6,6,TRUE,6,completed
non_idp_NG022005_15,non_idp,6,0,FALSE,0,not_started_access_lost
non_idp_NG022005_16,non_idp,6,0,FALSE,0,not_started_access_lost
non_idp_NG022005_17,non_idp,6,0,FALSE,0,not_started_access_lost
non_idp_NG022005_2,non_idp,6,5,TRUE,6,not_started_other
non_idp_NG022005_3,non_idp,6,0,TRUE,6,not_started_other
non_idp_NG022005_4,non_idp,6,3,TRUE,6,not_started_other
non_idp_NG022005_5,non_idp,6,6,TRUE,6,completed
non_idp_NG022005_6,non_idp,6,6,FALSE,0,completed
non_idp_NG022005_7,non_idp,6,4,FALSE,0,partially_completed_access_lost
non_idp_NG022005_8,non_idp,6,0,FALSE,0,not_started_access_lost
non_idp_NG022005_9,non_idp,6,0,FALSE,0,not_started_access_lost
non_idp_NG022005_supp1,non_idp,6,4,TRUE,6,not_started_other
non_idp_NG022005_supp2,non_idp,6,6,FALSE,0,completed
non_idp_NG022005_supp3,non_idp,6,5,TRUE,6,not_started_other
non_idp_NG022005_supp4,non_idp,6,0,TRUE,6,not_started_other
non_idp_NG022005_supp5,non_idp,6,0,TRUE,6,not_started_other
non_idp_NG022005_supp6,non_idp,6,0,TRUE,6,not_started_other
non_idp_NG022005_supp7,non_idp,6,0,TRUE,6,not_started_other
non_idp_NG022005_supp8,non_idp,6,0,TRUE,6,not_started_other
non_idp_NG022006_1,non_idp,6,0,TRUE,6,not_started_other
non_idp_NG022006_12,non_idp,12,0,TRUE,12,not_started_other
non_idp_NG022006_14,non_idp,6,0,TRUE,6,not_started_other
non_idp_NG022006_15,non_idp,6,0,TRUE,6,not_started_other
non_idp_NG022006_16,non_idp,6,0,TRUE,6,not_started_other
non_idp_NG022006_17,non_idp,6,0,TRUE,6,not_started_other
non_idp_NG022006_2,non_idp,24,0,TRUE,24,not_started_other
non_idp_NG022006_6,non_idp,18,0,TRUE,18,not_started_other
non_idp_NG022006_9,non_idp,18,0,TRUE,18,not_started_other
non_idp_NG022007_1,non_idp,6,0,FALSE,0,not_started_access_lost
non_idp_NG022007_14,non_idp,6,6,TRUE,6,completed
non_idp_NG022007_15,non_idp,6,6,TRUE,6,completed
non_idp_NG022007_16,non_idp,6,0,FALSE,0,not_started_access_lost
non_idp_NG022007_17,non_idp,6,6,TRUE,6,completed
non_idp_NG022007_2,non_idp,6,0,FALSE,0,not_started_access_lost
non_idp_NG022007_3,non_idp,6,0,FALSE,0,not_started_access_lost
non_idp_NG022007_4,non_idp,6,5,FALSE,0,partially_completed_access_lost
non_idp_NG022007_5,non_idp,6,0,FALSE,0,not_started_access_lost
non_idp_NG022007_6,non_idp,6,4,TRUE,6,not_started_other
non_idp_NG022007_7,non_idp,6,5,TRUE,6,not_started_other
non_idp_NG022007_8,non_idp,36,33,TRUE,36,not_started_other
non_idp_NG022007_supp1,non_idp,6,0,TRUE,6,not_started_other
non_idp_NG022007_supp2,non_idp,6,0,TRUE,6,not_started_other
non_idp_NG022007_supp3,non_idp,6,0,TRUE,6,not_started_other
non_idp_NG022007_supp4,non_idp,6,0,FALSE,0,not_started_access_lost
non_idp_NG022007_supp5,non_idp,6,0,FALSE,4,not_started_access_lost
non_idp_NG022007_supp6,non_idp,6,0,TRUE,6,not_started_other
non_idp_NG022008_1,non_idp,6,6,FALSE,0,completed
non_idp_NG022008_10,non_idp,6,5,FALSE,0,partially_completed_access_lost
non_idp_NG022008_11,non_idp,6,6,FALSE,0,completed
non_idp_NG022008_12,non_idp,6,6,FALSE,0,completed
non_idp_NG022008_13,non_idp,6,0,FALSE,0,not_started_access_lost
non_idp_NG022008_14,non_idp,6,0,FALSE,0,not_started_access_lost
non_idp_NG022008_15,non_idp,6,0,FALSE,0,not_started_access_lost
non_idp_NG022008_16,non_idp,6,0,FALSE,0,not_started_access_lost
non_idp_NG022008_17,non_idp,6,0,FALSE,0,not_started_access_lost
non_idp_NG022008_2,non_idp,6,6,FALSE,0,completed
non_idp_NG022008_3,non_idp,6,0,FALSE,0,not_started_access_lost
non_idp_NG022008_4,non_idp,6,0,FALSE,0,not_started_access_lost
non_idp_NG022008_5,non_idp,6,0,FALSE,0,not_started_access_lost
non_idp_NG022008_6,non_idp,6,0,FALSE,0,not_started_access_lost
non_idp_NG022008_7,non_idp,6,0,FALSE,0,not_started_access_lost
non_idp_NG022008_8,non_idp,6,6,FALSE,0,completed
non_idp_NG022008_9,non_idp,6,5,FALSE,0,partially_completed_access_lost
non_idp_NG022008_supp1,non_idp,6,0,TRUE,6,not_started_other
non_idp_NG022008_supp10,non_idp,6,0,TRUE,6,not_started_other
non_idp_NG022008_supp11,non_idp,6,0,FALSE,0,not_started_access_lost
non_idp_NG022008_supp12,non_idp,6,0,TRUE,6,not_started_other
non_idp_NG022008_supp13,non_idp,6,0,TRUE,6,not_started_other
non_idp_NG022008_supp14,non_idp,6,0,FALSE,0,not_started_access_lost
non_idp_NG022008_supp2,non_idp,6,0,FALSE,4,not_started_access_lost
non_idp_NG022008_supp3,non_idp,6,0,TRUE,6,not_started_other
non_idp_NG022008_supp4,non_idp,6,0,FALSE,0,not_started_access_lost
non_idp_NG022008_supp5,non_idp,6,0,TRUE,6,not_started_other
non_idp_NG022008_supp6,non_idp,6,0,TRUE,6,not_started_other
non_idp_NG022008_supp7,non_idp,6,0,FALSE,0,not_started_access_lost
non_idp_NG022008_supp8,non_idp,6,0,TRUE,6,not_started_other
non_idp_NG022008_supp9,non_idp,6,0,TRUE,6,not_started_other
non_idp_NG022009_1,non_idp,6,0,FALSE,0,not_started_access_lost
non_idp_NG022009_10,non_idp,6,0,FALSE,0,not_started_access_lost
non_idp_NG022009_11,non_idp,6,0,FALSE,0,not_started_access_lost
non_idp_NG022009_12,non_idp,6,0,FALSE,0,not_started_access_lost
non_idp_NG022009_13,non_idp,6,0,FALSE,0,not_started_access_lost
non_idp_NG022009_14,non_idp,6,0,FALSE,0,not_started_access_lost
non_idp_NG022009_15,non_idp,6,0,FALSE,0,not_started_access_lost
non_idp_NG022009_16,non_idp,12,10,TRUE,12,not_started_other
non_idp_NG022009_2,non_idp,6,0,FALSE,0,not_started_access_lost
non_idp_NG022009_3,non_idp,6,0,FALSE,0,not_started_access_lost
non_idp_NG022009_4,non_idp,6,0,TRUE,6,not_started_other
non_idp_NG022009_5,non_idp,6,0,FALSE,0,not_started_access_lost
non_idp_NG022009_6,non_idp,6,3,FALSE,0,partially_completed_access_lost
non_idp_NG022009_7,non_idp,6,0,FALSE,0,not_started_access_lost
non_idp_NG022009_8,non_idp,6,0,FALSE,0,not_started_access_lost
non_idp_NG022009_9,non_idp,6,0,FALSE,0,not_started_access_lost
non_idp_NG022009_supp1,non_idp,6,0,FALSE,4,not_started_access_lost
non_idp_NG022009_supp10,non_idp,6,0,TRUE,6,not_started_other
non_idp_NG022009_supp11,non_idp,6,0,TRUE,6,not_started_other
non_idp_NG022009_supp12,non_idp,6,0,TRUE,6,not_started_other
non_idp_NG022009_supp13,non_idp,6,0,TRUE,6,not_started_other
non_idp_NG022009_supp14,non_idp,6,0,FALSE,5,not_started_access_lost
non_idp_NG022009_supp2,non_idp,6,0,TRUE,6,not_started_other
non_idp_NG022009_supp3,non_idp,6,0,TRUE,6,not_started_other
non_idp_NG022009_supp4,non_idp,6,0,TRUE,6,not_started_other
non_idp_NG022009_supp5,non_idp,6,0,TRUE,6,not_started_other
non_idp_NG022009_supp6,non_idp,6,0,TRUE,6,not_started_other
non_idp_NG022009_supp7,non_idp,6,0,TRUE,6,not_started_other
non_idp_NG022009_supp8,non_idp,6,0,FALSE,0,not_started_access_lost
non_idp_NG022009_supp9,non_idp,6,0,TRUE,6,not_started_other
non_idp_NG022010_1,non_idp,6,3,TRUE,6,not_started_other
non_idp_NG022010_11,non_idp,6,2,TRUE,6,not_started_other
non_idp_NG022010_12,non_idp,6,0,TRUE,0,not_started_other
non_idp_NG022010_13,non_idp,6,6,TRUE,6,completed
non_idp_NG022010_14,non_idp,6,0,TRUE,6,not_started_other
non_idp_NG022010_15,non_idp,6,4,TRUE,6,not_started_other
non_idp_NG022010_16,non_idp,6,1,TRUE,6,not_started_other
non_idp_NG022010_17,non_idp,6,1,TRUE,6,not_started_other
non_idp_NG022010_2,non_idp,6,0,TRUE,6,not_started_other
non_idp_NG022010_3,non_idp,6,2,TRUE,6,not_started_other
non_idp_NG022010_4,non_idp,6,2,TRUE,6,not_started_other
non_idp_NG022010_5,non_idp,6,0,TRUE,6,not_started_other
non_idp_NG022010_6,non_idp,6,0,TRUE,6,not_started_other
non_idp_NG022010_7,non_idp,6,1,TRUE,6,not_started_other
non_idp_NG022010_8,non_idp,6,1,TRUE,6,not_started_other
non_idp_NG022010_9,non_idp,12,12,TRUE,12,completed
non_idp_NG022011_1,non_idp,6,6,TRUE,6,completed
non_idp_NG022011_13,non_idp,6,5,TRUE,6,not_started_other
non_idp_NG022011_14,non_idp,6,3,FALSE,0,partially_completed_access_lost
non_idp_NG022011_15,non_idp,6,3,TRUE,6,not_started_other
non_idp_NG022011_16,non_idp,6,0,FALSE,0,not_started_access_lost
non_idp_NG022011_17,non_idp,6,0,FALSE,0,not_started_access_lost
non_idp_NG022011_2,non_idp,6,0,FALSE,0,not_started_access_lost
non_idp_NG022011_3,non_idp,6,5,FALSE,0,partially_completed_access_lost
non_idp_NG022011_4,non_idp,18,16,FALSE,17,partially_completed_access_lost
non_idp_NG022011_7,non_idp,6,4,FALSE,0,partially_completed_access_lost
non_idp_NG022011_8,non_idp,30,30,TRUE,30,completed
non_idp_NG022011_supp1,non_idp,6,0,FALSE,5,not_started_access_lost
non_idp_NG022011_supp2,non_idp,6,0,TRUE,6,not_started_other
non_idp_NG022011_supp3,non_idp,6,0,TRUE,6,not_started_other
non_idp_NG022011_supp4,non_idp,6,0,TRUE,6,not_started_other
non_idp_NG022011_supp5,non_idp,6,0,TRUE,6,not_started_other
non_idp_NG022011_supp6,non_idp,6,0,TRUE,6,not_started_other
non_idp_NG022012_1,non_idp,6,0,FALSE,0,not_started_access_lost
non_idp_NG022012_10,non_idp,6,4,TRUE,6,not_started_other
non_idp_NG022012_11,non_idp,6,4,TRUE,6,not_started_other
non_idp_NG022012_12,non_idp,6,4,TRUE,6,not_started_other
non_idp_NG022012_13,non_idp,24,20,TRUE,24,not_started_other
non_idp_NG022012_17,non_idp,6,3,TRUE,6,not_started_other
non_idp_NG022012_2,non_idp,6,5,TRUE,6,not_started_other
non_idp_NG022012_3,non_idp,6,0,TRUE,6,not_started_other
non_idp_NG022012_4,non_idp,12,12,TRUE,12,completed
non_idp_NG022012_6,non_idp,6,2,TRUE,6,not_started_other
non_idp_NG022012_7,non_idp,6,5,FALSE,0,partially_completed_access_lost
non_idp_NG022012_8,non_idp,6,2,TRUE,6,not_started_other
non_idp_NG022012_9,non_idp,6,0,FALSE,0,not_started_access_lost
non_idp_NG022012_supp1,non_idp,6,0,TRUE,6,not_started_other
non_idp_NG022012_supp2,non_idp,6,0,TRUE,6,not_started_other
non_idp_NG022012_supp3,non_idp,6,0,TRUE,6,not_started_other
non_idp_NG022013_1,non_idp,6,0,TRUE,6,not_started_other
non_idp_NG022013_10,non_idp,6,6,TRUE,6,completed
non_idp_NG022013_11,non_idp,6,0,TRUE,6,not_started_other
non_idp_NG022013_12,non_idp,30,29,TRUE,30,not_started_other
non_idp_NG022013_17,non_idp,6,2,TRUE,6,not_started_other
non_idp_NG022013_2,non_idp,6,6,TRUE,6,completed
non_idp_NG022013_3,non_idp,6,4,TRUE,6,not_started_other
non_idp_NG022013_4,non_idp,6,0,TRUE,6,not_started_other
non_idp_NG022013_5,non_idp,6,0,TRUE,6,not_started_other
non_idp_NG022013_6,non_idp,6,1,TRUE,6,not_started_other
non_idp_NG022013_7,non_idp,6,0,TRUE,6,not_started_other
non_idp_NG022013_8,non_idp,6,0,TRUE,6,not_started_other
non_idp_NG022013_9,non_idp,6,0,TRUE,6,not_started_other
non_idp_NG022014_1,non_idp,6,3,FALSE,0,partially_completed_access_lost
non_idp_NG022014_10,non_idp,6,5,FALSE,0,partially_completed_access_lost
non_idp_NG022014_11,non_idp,6,5,TRUE,6,not_started_other
non_idp_NG022014_12,non_idp,6,0,FALSE,0,not_started_access_lost
non_idp_NG022014_13,non_idp,6,6,TRUE,6,completed
non_idp_NG022014_14,non_idp,6,5,FALSE,5,partially_completed_access_lost
non_idp_NG022014_15,non_idp,6,6,TRUE,6,completed
non_idp_NG022014_16,non_idp,6,0,FALSE,0,not_started_access_lost
non_idp_NG022014_17,non_idp,6,5,FALSE,0,partially_completed_access_lost
non_idp_NG022014_2,non_idp,6,6,TRUE,6,completed
non_idp_NG022014_3,non_idp,6,6,TRUE,6,completed
non_idp_NG022014_4,non_idp,6,5,TRUE,6,not_started_other
non_idp_NG022014_5,non_idp,6,3,TRUE,6,not_started_other
non_idp_NG022014_6,non_idp,6,6,TRUE,6,completed
non_idp_NG022014_7,non_idp,6,5,TRUE,6,not_started_other
non_idp_NG022014_8,non_idp,6,5,TRUE,6,not_started_other
non_idp_NG022014_9,non_idp,6,6,TRUE,6,completed
non_idp_NG022014_supp1,non_idp,6,6,TRUE,6,completed
non_idp_NG022014_supp2,non_idp,6,0,TRUE,6,not_started_other
non_idp_NG022014_supp3,non_idp,6,0,TRUE,6,not_started_other
non_idp_NG022015_1,non_idp,6,0,TRUE,6,not_started_other
non_idp_NG022015_11,non_idp,6,0,TRUE,6,not_started_other
non_idp_NG022015_12,non_idp,6,0,TRUE,6,not_started_other
non_idp_NG022015_13,non_idp,6,0,TRUE,6,not_started_other
non_idp_NG022015_14,non_idp,6,2,TRUE,6,not_started_other
non_idp_NG022015_15,non_idp,6,2,FALSE,4,partially_completed_access_lost
non_idp_NG022015_16,non_idp,6,2,TRUE,6,not_started_other
non_idp_NG022015_17,non_idp,6,0,FALSE,0,not_started_access_lost
non_idp_NG022015_2,non_idp,6,0,FALSE,0,not_started_access_lost
non_idp_NG022015_3,non_idp,6,0,TRUE,6,not_started_other
non_idp_NG022015_4,non_idp,6,0,FALSE,0,not_started_access_lost
non_idp_NG022015_5,non_idp,6,0,FALSE,0,not_started_access_lost
non_idp_NG022015_6,non_idp,6,0,FALSE,0,not_started_access_lost
non_idp_NG022015_7,non_idp,6,0,FALSE,0,not_started_access_lost
non_idp_NG022015_8,non_idp,6,0,FALSE,0,not_started_access_lost
non_idp_NG022015_9,non_idp,12,7,TRUE,12,not_started_other
non_idp_NG022015_supp1,non_idp,6,5,TRUE,6,not_started_other
non_idp_NG022015_supp10,non_idp,6,0,TRUE,6,not_started_other
non_idp_NG022015_supp2,non_idp,6,0,FALSE,0,not_started_access_lost
non_idp_NG022015_supp3,non_idp,6,0,FALSE,0,not_started_access_lost
non_idp_NG022015_supp4,non_idp,6,5,TRUE,6,not_started_other
non_idp_NG022015_supp5,non_idp,6,0,FALSE,0,not_started_access_lost
non_idp_NG022015_supp6,non_idp,6,3,TRUE,6,not_started_other
non_idp_NG022015_supp7,non_idp,6,0,FALSE,5,not_started_access_lost
non_idp_NG022015_supp8,non_idp,6,0,TRUE,6,not_started_other
non_idp_NG022015_supp9,non_idp,6,0,TRUE,6,not_started_other
non_idp_NG022018_1,non_idp,6,0,TRUE,6,not_started_other
non_idp_NG022018_10,non_idp,6,0,TRUE,6,not_started_other
non_idp_NG022018_11,non_idp,6,0,TRUE,6,not_started_other
non_idp_NG022018_12,non_idp,6,0,TRUE,6,not_started_other
non_idp_NG022018_13,non_idp,6,0,TRUE,6,not_started_other
non_idp_NG022018_14,non_idp,6,6,TRUE,6,completed
non_idp_NG022018_15,non_idp,6,0,TRUE,6,not_started_other
non_idp_NG022018_16,non_idp,6,0,TRUE,6,not_started_other
non_idp_NG022018_17,non_idp,6,0,TRUE,6,not_started_other
non_idp_NG022018_2,non_idp,6,6,TRUE,6,completed
non_idp_NG022018_3,non_idp,6,5,TRUE,6,not_started_other
non_idp_NG022018_4,non_idp,6,0,TRUE,6,not_started_other
non_idp_NG022018_5,non_idp,6,0,TRUE,6,not_started_other
non_idp_NG022018_6,non_idp,18,16,TRUE,18,not_started_other
non_idp_NG022018_9,non_idp,6,0,FALSE,0,not_started_access_lost
non_idp_NG022019_1,non_idp,6,0,FALSE,0,not_started_access_lost
non_idp_NG022019_10,non_idp,6,0,TRUE,6,not_started_other
non_idp_NG022019_11,non_idp,6,0,TRUE,6,not_started_other
non_idp_NG022019_12,non_idp,6,0,TRUE,6,not_started_other
non_idp_NG022019_13,non_idp,6,2,TRUE,6,not_started_other
non_idp_NG022019_14,non_idp,6,1,FALSE,0,partially_completed_access_lost
non_idp_NG022019_15,non_idp,6,0,FALSE,5,not_started_access_lost
non_idp_NG022019_16,non_idp,6,2,TRUE,6,not_started_other
non_idp_NG022019_17,non_idp,6,0,TRUE,6,not_started_other
non_idp_NG022019_2,non_idp,6,0,TRUE,6,not_started_other
non_idp_NG022019_3,non_idp,6,0,FALSE,0,not_started_access_lost
non_idp_NG022019_4,non_idp,6,0,TRUE,6,not_started_other
non_idp_NG022019_5,non_idp,6,0,FALSE,0,not_started_access_lost
non_idp_NG022019_6,non_idp,6,0,FALSE,0,not_started_access_lost
non_idp_NG022019_7,non_idp,6,0,FALSE,0,not_started_access_lost
non_idp_NG022019_8,non_idp,6,0,FALSE,0,not_started_access_lost
non_idp_NG022019_9,non_idp,6,0,FALSE,0,not_started_access_lost
non_idp_NG022019_supp1,non_idp,6,0,TRUE,6,not_started_other
non_idp_NG022019_supp2,non_idp,6,0,TRUE,6,not_started_other
non_idp_NG022019_supp3,non_idp,6,0,TRUE,6,not_started_other
non_idp_NG022019_supp4,non_idp,6,0,TRUE,6,not_started_other
non_idp_NG022019_supp5,non_idp,6,0,TRUE,6,not_started_other
non_idp_NG022019_supp6,non_idp,6,0,TRUE,6,not_started_other
non_idp_NG022019_supp7,non_idp,6,0,TRUE,6,not_started_other
non_idp_NG022019_supp8,non_idp,6,0,TRUE,6,not_started_other
non_idp_NG022020_1,non_idp,72,69,FALSE,67,partially_completed_access_lost
non_idp_NG022020_13,non_idp,6,6,FALSE,0,completed
non_idp_NG022020_14,non_idp,6,5,FALSE,0,partially_completed_access_lost
non_idp_NG022020_15,non_idp,6,0,FALSE,0,not_started_access_lost
non_idp_NG022020_16,non_idp,6,0,FALSE,0,not_started_access_lost
non_idp_NG022020_17,non_idp,6,6,TRUE,6,completed
non_idp_NG022020_supp1,non_idp,6,0,TRUE,6,not_started_other
non_idp_NG022020_supp2,non_idp,6,0,TRUE,6,not_started_other
non_idp_NG022020_supp3,non_idp,6,0,TRUE,6,not_started_other
non_idp_NG022021_1,non_idp,6,0,FALSE,0,not_started_access_lost
non_idp_NG022021_11,non_idp,6,0,TRUE,6,not_started_other
non_idp_NG022021_12,non_idp,6,0,TRUE,6,not_started_other
non_idp_NG022021_13,non_idp,6,2,TRUE,6,not_started_other
non_idp_NG022021_14,non_idp,6,0,FALSE,0,not_started_access_lost
non_idp_NG022021_15,non_idp,6,0,FALSE,5,not_started_access_lost
non_idp_NG022021_16,non_idp,6,0,FALSE,0,not_started_access_lost
non_idp_NG022021_17,non_idp,6,0,FALSE,0,not_started_access_lost
non_idp_NG022021_2,non_idp,6,2,TRUE,6,not_started_other
non_idp_NG022021_3,non_idp,6,5,TRUE,6,not_started_other
non_idp_NG022021_4,non_idp,6,2,TRUE,6,not_started_other
non_idp_NG022021_5,non_idp,18,8,TRUE,18,not_started_other
non_idp_NG022021_8,non_idp,18,15,TRUE,18,not_started_other
non_idp_NG026001_1,non_idp,6,0,TRUE,6,not_started_other
non_idp_NG026001_14,non_idp,6,0,TRUE,6,not_started_other
non_idp_NG026001_15,non_idp,6,0,TRUE,6,not_started_other
non_idp_NG026001_16,non_idp,6,0,TRUE,6,not_started_other
non_idp_NG026001_17,non_idp,6,0,TRUE,6,not_started_other
non_idp_NG026001_2,non_idp,6,0,TRUE,6,not_started_other
non_idp_NG026001_3,non_idp,6,0,TRUE,6,not_started_other
non_idp_NG026001_4,non_idp,6,0,TRUE,6,not_started_other
non_idp_NG026001_5,non_idp,6,0,TRUE,6,not_started_other
non_idp_NG026001_6,non_idp,6,0,TRUE,6,not_started_other
non_idp_NG026001_7,non_idp,6,0,TRUE,6,not_started_other
non_idp_NG026001_8,non_idp,36,0,TRUE,36,not_started_other
non_idp_NG026002_1,non_idp,6,0,TRUE,0,not_started_other
non_idp_NG026002_10,non_idp,6,2,TRUE,6,not_started_other
non_idp_NG026002_11,non_idp,6,0,TRUE,6,not_started_other
non_idp_NG026002_12,non_idp,6,0,TRUE,6,not_started_other
non_idp_NG026002_13,non_idp,6,5,TRUE,6,not_started_other
non_idp_NG026002_14,non_idp,6,0,TRUE,6,not_started_other
non_idp_NG026002_15,non_idp,6,3,TRUE,6,not_started_other
non_idp_NG026002_16,non_idp,6,0,TRUE,6,not_started_other
non_idp_NG026002_17,non_idp,6,0,TRUE,6,not_started_other
non_idp_NG026002_2,non_idp,6,0,TRUE,6,not_started_other
non_idp_NG026002_3,non_idp,6,0,TRUE,6,not_started_other
non_idp_NG026002_4,non_idp,6,0,TRUE,6,not_started_other
non_idp_NG026002_5,non_idp,6,0,TRUE,6,not_started_other
non_idp_NG026002_6,non_idp,6,0,TRUE,6,not_started_other
non_idp_NG026002_7,non_idp,6,3,TRUE,6,not_started_other
non_idp_NG026002_8,non_idp,6,0,TRUE,6,not_started_other
non_idp_NG026002_9,non_idp,6,0,TRUE,6,not_started_other
non_idp_NG026005_1,non_idp,6,0,TRUE,6,not_started_other
non_idp_NG026005_10,non_idp,12,1,TRUE,12,not_started_other
non_idp_NG026005_12,non_idp,6,0,TRUE,6,not_started_other
non_idp_NG026005_13,non_idp,6,0,TRUE,6,not_started_other
non_idp_NG026005_14,non_idp,6,1,TRUE,6,not_started_other
non_idp_NG026005_15,non_idp,6,0,TRUE,6,not_started_other
non_idp_NG026005_16,non_idp,6,0,TRUE,6,not_started_other
non_idp_NG026005_17,non_idp,6,0,TRUE,6,not_started_other
non_idp_NG026005_2,non_idp,6,0,TRUE,6,not_started_other
non_idp_NG026005_3,non_idp,6,1,TRUE,6,not_started_other
non_idp_NG026005_4,non_idp,12,0,TRUE,12,not_started_other
non_idp_NG026005_6,non_idp,6,0,TRUE,6,not_started_other
non_idp_NG026005_7,non_idp,6,0,TRUE,6,not_started_other
non_idp_NG026005_8,non_idp,6,0,TRUE,6,not_started_other
non_idp_NG026005_9,non_idp,6,0,TRUE,6,not_started_other
non_idp_NG026007_1,non_idp,6,0,TRUE,0,not_started_other
non_idp_NG026007_10,non_idp,6,0,TRUE,6,not_started_other
non_idp_NG026007_11,non_idp,6,0,TRUE,6,not_started_other
non_idp_NG026007_12,non_idp,6,0,TRUE,6,not_started_other
non_idp_NG026007_13,non_idp,6,0,TRUE,6,not_started_other
non_idp_NG026007_14,non_idp,6,0,TRUE,6,not_started_other
non_idp_NG026007_15,non_idp,6,0,TRUE,6,not_started_other
non_idp_NG026007_16,non_idp,6,0,TRUE,6,not_started_other
non_idp_NG026007_17,non_idp,6,0,TRUE,6,not_started_other
non_idp_NG026007_2,non_idp,6,0,TRUE,6,not_started_other
non_idp_NG026007_3,non_idp,6,0,TRUE,6,not_started_other
non_idp_NG026007_4,non_idp,6,0,TRUE,6,not_started_other
non_idp_NG026007_5,non_idp,6,0,TRUE,6,not_started_other
non_idp_NG026007_6,non_idp,6,0,TRUE,6,not_started_other
non_idp_NG026007_7,non_idp,6,0,TRUE,6,not_started_other
non_idp_NG026007_8,non_idp,6,0,TRUE,6,not_started_other
non_idp_NG026007_9,non_idp,6,0,TRUE,6,not_started_other
non_idp_NG026008_1,non_idp,6,5,TRUE,6,not_started_other
non_idp_NG026008_13,non_idp,6,0,TRUE,6,not_started_other
non_idp_NG026008_14,non_idp,6,2,TRUE,6,not_started_other
non_idp_NG026008_15,non_idp,6,0,TRUE,6,not_started_other
non_idp_NG026008_16,non_idp,6,0,TRUE,6,not_started_other
non_idp_NG026008_17,non_idp,6,5,TRUE,6,not_started_other
non_idp_NG026008_2,non_idp,6,0,TRUE,6,not_started_other
non_idp_NG026008_3,non_idp,6,0,TRUE,6,not_started_other
non_idp_NG026008_4,non_idp,6,0,TRUE,6,not_started_other
non_idp_NG026008_5,non_idp,6,0,TRUE,6,not_started_other
non_idp_NG026008_6,non_idp,6,1,TRUE,6,not_started_other
non_idp_NG026008_7,non_idp,6,3,TRUE,6,not_started_other
non_idp_NG026008_8,non_idp,6,5,TRUE,6,not_started_other
non_idp_NG026008_9,non_idp,24,3,TRUE,24,not_started_other
non_idp_NG026010_1,non_idp,6,0,TRUE,6,not_started_other
non_idp_NG026010_10,non_idp,6,0,TRUE,6,not_started_other
non_idp_NG026010_11,non_idp,12,0,TRUE,12,not_started_other
non_idp_NG026010_13,non_idp,18,0,TRUE,18,not_started_other
non_idp_NG026010_16,non_idp,6,0,TRUE,6,not_started_other
non_idp_NG026010_17,non_idp,6,0,TRUE,6,not_started_other
non_idp_NG026010_2,non_idp,6,0,TRUE,6,not_started_other
non_idp_NG026010_3,non_idp,6,0,TRUE,6,not_started_other
non_idp_NG026010_4,non_idp,6,0,TRUE,6,not_started_other
non_idp_NG026010_5,non_idp,6,0,TRUE,6,not_started_other
non_idp_NG026010_6,non_idp,6,0,TRUE,6,not_started_other
non_idp_NG026010_7,non_idp,6,0,TRUE,6,not_started_other
non_idp_NG026010_8,non_idp,6,0,TRUE,6,not_started_other
non_idp_NG026010_9,non_idp,6,0,TRUE,6,not_started_other
non_idp_NG026011_1,non_idp,6,0,FALSE,0,not_started_access_lost
non_idp_NG026011_10,non_idp,6,0,TRUE,6,not_started_other
non_idp_NG026011_11,non_idp,6,0,TRUE,6,not_started_other
non_idp_NG026011_12,non_idp,6,0,TRUE,6,not_started_other
non_idp_NG026011_13,non_idp,12,0,TRUE,12,not_started_other
non_idp_NG026011_15,non_idp,6,0,TRUE,6,not_started_other
non_idp_NG026011_16,non_idp,6,0,TRUE,6,not_started_other
non_idp_NG026011_17,non_idp,6,0,TRUE,6,not_started_other
non_idp_NG026011_2,non_idp,6,0,TRUE,6,not_started_other
non_idp_NG026011_3,non_idp,6,0,TRUE,6,not_started_other
non_idp_NG026011_4,non_idp,12,0,TRUE,12,not_started_other
non_idp_NG026011_6,non_idp,6,0,TRUE,5,not_started_other
non_idp_NG026011_7,non_idp,6,0,FALSE,0,not_started_access_lost
non_idp_NG026011_8,non_idp,6,0,TRUE,6,not_started_other
non_idp_NG026011_9,non_idp,6,0,TRUE,6,not_started_other
non_idp_NG026011_supp1,non_idp,6,0,TRUE,6,not_started_other
non_idp_NG026011_supp2,non_idp,6,0,TRUE,6,not_started_other
non_idp_NG026011_supp3,non_idp,6,0,TRUE,6,not_started_other
non_idp_NG032001_1,non_idp,6,3,TRUE,6,not_started_other
non_idp_NG032001_10,non_idp,6,6,TRUE,6,completed
non_idp_NG032001_11,non_idp,6,5,TRUE,6,not_started_other
non_idp_NG032001_12,non_idp,6,3,TRUE,6,not_started_other
non_idp_NG032001_13,non_idp,6,2,TRUE,6,not_started_other
non_idp_NG032001_14,non_idp,6,0,TRUE,6,not_started_other
non_idp_NG032001_15,non_idp,6,0,TRUE,6,not_started_other
non_idp_NG032001_16,non_idp,6,0,TRUE,6,not_started_other
non_idp_NG032001_17,non_idp,6,0,TRUE,6,not_started_other
non_idp_NG032001_2,non_idp,6,0,TRUE,6,not_started_other
non_idp_NG032001_3,non_idp,6,4,TRUE,6,not_started_other
non_idp_NG032001_4,non_idp,6,0,TRUE,6,not_started_other
non_idp_NG032001_5,non_idp,12,10,TRUE,12,not_started_other
non_idp_NG032001_7,non_idp,6,5,TRUE,6,not_started_other
non_idp_NG032001_8,non_idp,6,4,TRUE,6,not_started_other
non_idp_NG032001_9,non_idp,6,6,TRUE,6,completed
non_idp_NG032002_1,non_idp,6,4,TRUE,6,not_started_other
non_idp_NG032002_10,non_idp,6,6,TRUE,6,completed
non_idp_NG032002_11,non_idp,6,2,TRUE,6,not_started_other
non_idp_NG032002_12,non_idp,6,0,TRUE,0,not_started_other
non_idp_NG032002_13,non_idp,6,6,TRUE,6,completed
non_idp_NG032002_14,non_idp,6,4,TRUE,6,not_started_other
non_idp_NG032002_15,non_idp,6,5,TRUE,6,not_started_other
non_idp_NG032002_16,non_idp,6,2,TRUE,6,not_started_other
non_idp_NG032002_17,non_idp,6,5,TRUE,6,not_started_other
non_idp_NG032002_2,non_idp,6,2,TRUE,6,not_started_other
non_idp_NG032002_3,non_idp,6,1,TRUE,6,not_started_other
non_idp_NG032002_4,non_idp,6,1,TRUE,6,not_started_other
non_idp_NG032002_5,non_idp,6,6,TRUE,6,completed
non_idp_NG032002_6,non_idp,6,6,TRUE,6,completed
non_idp_NG032002_7,non_idp,6,2,TRUE,6,not_started_other
non_idp_NG032002_8,non_idp,6,0,TRUE,6,not_started_other
non_idp_NG032002_9,non_idp,6,5,TRUE,6,not_started_other
non_idp_NG032003_1,non_idp,6,2,TRUE,6,not_started_other
non_idp_NG032003_10,non_idp,6,3,TRUE,6,not_started_other
non_idp_NG032003_11,non_idp,6,0,TRUE,0,not_started_other
non_idp_NG032003_12,non_idp,6,4,TRUE,6,not_started_other
non_idp_NG032003_13,non_idp,6,3,TRUE,6,not_started_other
non_idp_NG032003_14,non_idp,6,3,TRUE,6,not_started_other
non_idp_NG032003_15,non_idp,6,5,TRUE,6,not_started_other
non_idp_NG032003_16,non_idp,6,5,TRUE,6,not_started_other
non_idp_NG032003_17,non_idp,6,0,TRUE,6,not_started_other
non_idp_NG032003_2,non_idp,6,2,TRUE,6,not_started_other
non_idp_NG032003_3,non_idp,6,0,TRUE,6,not_started_other
non_idp_NG032003_4,non_idp,6,0,TRUE,6,not_started_other
non_idp_NG032003_5,non_idp,6,4,TRUE,6,not_started_other
non_idp_NG032003_6,non_idp,6,0,TRUE,6,not_started_other
non_idp_NG032003_7,non_idp,6,5,TRUE,6,not_started_other
non_idp_NG032003_8,non_idp,6,3,TRUE,6,not_started_other
non_idp_NG032003_9,non_idp,6,5,TRUE,6,not_started_other
non_idp_NG032011_1,non_idp,6,0,TRUE,6,not_started_other
non_idp_NG032011_10,non_idp,6,3,TRUE,6,not_started_other
non_idp_NG032011_11,non_idp,6,0,TRUE,6,not_started_other
non_idp_NG032011_12,non_idp,6,0,TRUE,6,not_started_other
non_idp_NG032011_13,non_idp,6,1,TRUE,6,not_started_other
non_idp_NG032011_14,non_idp,6,0,TRUE,6,not_started_other
non_idp_NG032011_15,non_idp,6,2,TRUE,6,not_started_other
non_idp_NG032011_16,non_idp,6,0,TRUE,6,not_started_other
non_idp_NG032011_17,non_idp,6,0,TRUE,6,not_started_other
non_idp_NG032011_2,non_idp,6,3,TRUE,6,not_started_other
non_idp_NG032011_3,non_idp,6,2,TRUE,6,not_started_other
non_idp_NG032011_4,non_idp,6,3,TRUE,6,not_started_other
non_idp_NG032011_5,non_idp,12,3,TRUE,12,not_started_other
non_idp_NG032011_7,non_idp,6,0,TRUE,6,not_started_other
non_idp_NG032011_8,non_idp,6,0,TRUE,6,not_started_other
non_idp_NG032011_9,non_idp,6,0,TRUE,6,not_started_other
non_idp_NG032015_1,non_idp,6,0,TRUE,6,not_started_other
non_idp_NG032015_10,non_idp,6,6,TRUE,6,completed
non_idp_NG032015_11,non_idp,6,0,TRUE,6,not_started_other
non_idp_NG032015_12,non_idp,6,5,TRUE,6,not_started_other
non_idp_NG032015_13,non_idp,6,0,TRUE,6,not_started_other
non_idp_NG032015_14,non_idp,6,0,TRUE,6,not_started_other
non_idp_NG032015_15,non_idp,6,4,TRUE,6,not_started_other
non_idp_NG032015_16,non_idp,6,3,TRUE,6,not_started_other
non_idp_NG032015_17,non_idp,6,3,TRUE,6,not_started_other
non_idp_NG032015_2,non_idp,6,4,TRUE,6,not_started_other
non_idp_NG032015_3,non_idp,6,0,TRUE,6,not_started_other
non_idp_NG032015_4,non_idp,12,10,TRUE,12,not_started_other
non_idp_NG032015_6,non_idp,6,5,TRUE,6,not_started_other
non_idp_NG032015_7,non_idp,6,4,TRUE,6,not_started_other
non_idp_NG032015_8,non_idp,6,2,TRUE,6,not_started_other
non_idp_NG032015_9,non_idp,6,5,TRUE,6,not_started_other
non_idp_NG034001_1,non_idp,6,5,FALSE,0,partially_completed_access_lost
non_idp_NG034001_11,non_idp,6,5,FALSE,0,partially_completed_access_lost
non_idp_NG034001_12,non_idp,6,1,FALSE,0,partially_completed_access_lost
non_idp_NG034001_13,non_idp,6,6,TRUE,6,completed
non_idp_NG034001_14,non_idp,6,3,FALSE,0,partially_completed_access_lost
non_idp_NG034001_15,non_idp,6,6,FALSE,0,completed
non_idp_NG034001_16,non_idp,6,5,FALSE,0,partially_completed_access_lost
non_idp_NG034001_17,non_idp,6,4,FALSE,0,partially_completed_access_lost
non_idp_NG034001_2,non_idp,6,5,FALSE,0,partially_completed_access_lost
non_idp_NG034001_3,non_idp,6,0,FALSE,0,not_started_access_lost
non_idp_NG034001_4,non_idp,6,0,FALSE,0,not_started_access_lost
non_idp_NG034001_5,non_idp,6,1,FALSE,0,partially_completed_access_lost
non_idp_NG034001_6,non_idp,6,0,FALSE,0,not_started_access_lost
non_idp_NG034001_7,non_idp,6,5,TRUE,6,not_started_other
non_idp_NG034001_8,non_idp,18,18,FALSE,0,completed
non_idp_NG034001_supp1,non_idp,6,0,FALSE,0,not_started_access_lost
non_idp_NG034001_supp2,non_idp,6,1,TRUE,6,not_started_other
non_idp_NG034001_supp3,non_idp,6,6,TRUE,6,completed
non_idp_NG034001_supp4,non_idp,12,0,FALSE,0,not_started_access_lost
non_idp_NG034001_supp5,non_idp,12,0,FALSE,0,not_started_access_lost
non_idp_NG034001_supp6,non_idp,6,0,TRUE,6,not_started_other
non_idp_NG034001_supp7,non_idp,6,0,TRUE,6,not_started_other
non_idp_NG034002_1,non_idp,6,0,TRUE,6,not_started_other
non_idp_NG034002_10,non_idp,6,0,FALSE,0,not_started_access_lost
non_idp_NG034002_11,non_idp,6,3,TRUE,6,not_started_other
non_idp_NG034002_12,non_idp,6,4,TRUE,6,not_started_other
non_idp_NG034002_13,non_idp,6,3,TRUE,6,not_started_other
non_idp_NG034002_14,non_idp,6,3,FALSE,0,partially_completed_access_lost
non_idp_NG034002_15,non_idp,6,0,TRUE,6,not_started_other
non_idp_NG034002_16,non_idp,6,0,FALSE,0,not_started_access_lost
non_idp_NG034002_17,non_idp,6,0,FALSE,0,not_started_access_lost
non_idp_NG034002_2,non_idp,6,0,FALSE,0,not_started_access_lost
non_idp_NG034002_3,non_idp,6,3,TRUE,6,not_started_other
non_idp_NG034002_4,non_idp,6,0,TRUE,6,not_started_other
non_idp_NG034002_5,non_idp,6,0,FALSE,0,not_started_access_lost
non_idp_NG034002_6,non_idp,6,0,FALSE,0,not_started_access_lost
non_idp_NG034002_7,non_idp,6,1,TRUE,6,not_started_other
non_idp_NG034002_8,non_idp,6,0,FALSE,0,not_started_access_lost
non_idp_NG034002_9,non_idp,6,0,TRUE,6,not_started_other
non_idp_NG034003_1,non_idp,6,6,TRUE,6,completed
non_idp_NG034003_10,non_idp,6,2,FALSE,0,partially_completed_access_lost
non_idp_NG034003_11,non_idp,6,5,FALSE,0,partially_completed_access_lost
non_idp_NG034003_12,non_idp,6,1,FALSE,0,partially_completed_access_lost
non_idp_NG034003_13,non_idp,6,6,TRUE,6,completed
non_idp_NG034003_14,non_idp,24,22,TRUE,24,not_started_other
non_idp_NG034003_2,non_idp,6,3,FALSE,4,partially_completed_access_lost
non_idp_NG034003_3,non_idp,6,2,FALSE,0,partially_completed_access_lost
non_idp_NG034003_4,non_idp,6,0,FALSE,0,not_started_access_lost
non_idp_NG034003_5,non_idp,6,4,FALSE,4,partially_completed_access_lost
non_idp_NG034003_6,non_idp,6,6,TRUE,6,completed
non_idp_NG034003_7,non_idp,6,2,FALSE,0,partially_completed_access_lost
non_idp_NG034003_8,non_idp,6,2,FALSE,0,partially_completed_access_lost
non_idp_NG034003_9,non_idp,6,6,FALSE,0,completed
non_idp_NG034003_supp1,non_idp,6,0,TRUE,6,not_started_other
non_idp_NG034003_supp10,non_idp,6,0,FALSE,0,not_started_access_lost
non_idp_NG034003_supp2,non_idp,6,0,FALSE,0,not_started_access_lost
non_idp_NG034003_supp3,non_idp,6,0,TRUE,6,not_started_other
non_idp_NG034003_supp4,non_idp,6,0,TRUE,6,not_started_other
non_idp_NG034003_supp5,non_idp,6,0,FALSE,4,not_started_access_lost
non_idp_NG034003_supp6,non_idp,6,0,FALSE,0,not_started_access_lost
non_idp_NG034003_supp7,non_idp,6,0,TRUE,6,not_started_other
non_idp_NG034003_supp8,non_idp,6,0,FALSE,0,not_started_access_lost
non_idp_NG034003_supp9,non_idp,6,0,FALSE,0,not_started_access_lost
non_idp_NG034004_1,non_idp,6,0,FALSE,0,not_started_access_lost
non_idp_NG034004_10,non_idp,6,3,FALSE,0,partially_completed_access_lost
non_idp_NG034004_11,non_idp,6,4,FALSE,4,partially_completed_access_lost
non_idp_NG034004_12,non_idp,6,5,TRUE,6,not_started_other
non_idp_NG034004_13,non_idp,6,6,TRUE,6,completed
non_idp_NG034004_14,non_idp,6,6,TRUE,6,completed
non_idp_NG034004_15,non_idp,6,5,FALSE,0,partially_completed_access_lost
non_idp_NG034004_16,non_idp,6,0,FALSE,0,not_started_access_lost
non_idp_NG034004_17,non_idp,6,0,FALSE,0,not_started_access_lost
non_idp_NG034004_2,non_idp,6,5,FALSE,0,partially_completed_access_lost
non_idp_NG034004_3,non_idp,6,0,FALSE,0,not_started_access_lost
non_idp_NG034004_4,non_idp,6,0,FALSE,0,not_started_access_lost
non_idp_NG034004_5,non_idp,6,0,FALSE,0,not_started_access_lost
non_idp_NG034004_6,non_idp,6,5,FALSE,0,partially_completed_access_lost
non_idp_NG034004_7,non_idp,6,6,TRUE,6,completed
non_idp_NG034004_8,non_idp,6,6,TRUE,6,completed
non_idp_NG034004_9,non_idp,6,6,FALSE,0,completed
non_idp_NG034004_supp1,non_idp,6,4,TRUE,6,not_started_other
non_idp_NG034004_supp2,non_idp,6,0,TRUE,6,not_started_other
non_idp_NG034004_supp3,non_idp,6,0,TRUE,6,not_started_other
non_idp_NG034004_supp4,non_idp,6,5,TRUE,6,not_started_other
non_idp_NG034004_supp5,non_idp,6,5,FALSE,5,partially_completed_access_lost
non_idp_NG034004_supp6,non_idp,6,4,TRUE,6,not_started_other
non_idp_NG034004_supp7,non_idp,6,0,TRUE,6,not_started_other
non_idp_NG034004_supp8,non_idp,6,6,TRUE,6,completed
non_idp_NG034005_1,non_idp,6,0,FALSE,0,not_started_access_lost
non_idp_NG034005_10,non_idp,6,0,FALSE,0,not_started_access_lost
non_idp_NG034005_11,non_idp,6,5,TRUE,6,not_started_other
non_idp_NG034005_12,non_idp,6,0,FALSE,0,not_started_access_lost
non_idp_NG034005_13,non_idp,6,0,FALSE,0,not_started_access_lost
non_idp_NG034005_14,non_idp,6,0,FALSE,0,not_started_access_lost
non_idp_NG034005_15,non_idp,6,0,FALSE,0,not_started_access_lost
non_idp_NG034005_16,non_idp,6,0,FALSE,0,not_started_access_lost
non_idp_NG034005_17,non_idp,6,0,FALSE,0,not_started_access_lost
non_idp_NG034005_2,non_idp,6,0,FALSE,0,not_started_access_lost
non_idp_NG034005_3,non_idp,6,6,TRUE,6,completed
non_idp_NG034005_4,non_idp,6,0,FALSE,0,not_started_access_lost
non_idp_NG034005_5,non_idp,6,2,TRUE,6,not_started_other
non_idp_NG034005_6,non_idp,6,0,TRUE,6,not_started_other
non_idp_NG034005_7,non_idp,6,4,TRUE,6,not_started_other
non_idp_NG034005_8,non_idp,6,0,FALSE,0,not_started_access_lost
non_idp_NG034005_9,non_idp,6,0,FALSE,0,not_started_access_lost
non_idp_NG034006_1,non_idp,6,0,TRUE,6,not_started_other
non_idp_NG034006_11,non_idp,6,0,TRUE,6,not_started_other
non_idp_NG034006_12,non_idp,6,5,TRUE,6,not_started_other
non_idp_NG034006_13,non_idp,6,0,TRUE,6,not_started_other
non_idp_NG034006_14,non_idp,6,1,TRUE,6,not_started_other
non_idp_NG034006_15,non_idp,6,2,TRUE,6,not_started_other
non_idp_NG034006_16,non_idp,6,6,TRUE,6,completed
non_idp_NG034006_17,non_idp,6,5,TRUE,6,not_started_other
non_idp_NG034006_2,non_idp,6,0,TRUE,6,not_started_other
non_idp_NG034006_3,non_idp,6,3,TRUE,6,not_started_other
non_idp_NG034006_4,non_idp,6,0,TRUE,6,not_started_other
non_idp_NG034006_5,non_idp,6,2,TRUE,6,not_started_other
non_idp_NG034006_6,non_idp,6,4,TRUE,6,not_started_other
non_idp_NG034006_7,non_idp,6,1,TRUE,6,not_started_other
non_idp_NG034006_8,non_idp,6,0,TRUE,6,not_started_other
non_idp_NG034006_9,non_idp,12,3,TRUE,12,not_started_other
non_idp_NG034007_1,non_idp,6,0,FALSE,0,not_started_access_lost
non_idp_NG034007_10,non_idp,6,0,FALSE,0,not_started_access_lost
non_idp_NG034007_11,non_idp,6,0,FALSE,0,not_started_access_lost
non_idp_NG034007_12,non_idp,6,0,FALSE,0,not_started_access_lost
non_idp_NG034007_13,non_idp,6,0,FALSE,0,not_started_access_lost
non_idp_NG034007_14,non_idp,6,0,FALSE,0,not_started_access_lost
non_idp_NG034007_15,non_idp,6,0,FALSE,0,not_started_access_lost
non_idp_NG034007_16,non_idp,6,0,FALSE,0,not_started_access_lost
non_idp_NG034007_17,non_idp,6,0,FALSE,0,not_started_access_lost
non_idp_NG034007_2,non_idp,6,0,FALSE,0,not_started_access_lost
non_idp_NG034007_3,non_idp,6,0,FALSE,0,not_started_access_lost
non_idp_NG034007_4,non_idp,6,0,TRUE,6,not_started_other
non_idp_NG034007_5,non_idp,6,5,TRUE,6,not_started_other
non_idp_NG034007_6,non_idp,12,12,TRUE,12,completed
non_idp_NG034007_8,non_idp,6,4,TRUE,6,not_started_other
non_idp_NG034007_9,non_idp,6,3,TRUE,6,not_started_other
non_idp_NG034007_supp1,non_idp,6,0,FALSE,0,not_started_access_lost
non_idp_NG034007_supp10,non_idp,6,0,TRUE,6,not_started_other
non_idp_NG034007_supp11,non_idp,6,0,FALSE,0,not_started_access_lost
non_idp_NG034007_supp12,non_idp,6,0,FALSE,0,not_started_access_lost
non_idp_NG034007_supp13,non_idp,6,0,FALSE,0,not_started_access_lost
non_idp_NG034007_supp14,non_idp,6,0,FALSE,0,not_started_access_lost
non_idp_NG034007_supp15,non_idp,6,0,FALSE,0,not_started_access_lost
non_idp_NG034007_supp16,non_idp,6,4,TRUE,6,not_started_other
non_idp_NG034007_supp17,non_idp,6,5,TRUE,6,not_started_other
non_idp_NG034007_supp18,non_idp,12,0,TRUE,12,not_started_other
non_idp_NG034007_supp2,non_idp,6,6,TRUE,6,completed
non_idp_NG034007_supp3,non_idp,6,0,FALSE,0,not_started_access_lost
non_idp_NG034007_supp4,non_idp,6,0,FALSE,0,not_started_access_lost
non_idp_NG034007_supp5,non_idp,6,0,FALSE,0,not_started_access_lost
non_idp_NG034007_supp6,non_idp,6,0,TRUE,6,not_started_other
non_idp_NG034007_supp7,non_idp,6,0,FALSE,0,not_started_access_lost
non_idp_NG034007_supp8,non_idp,6,0,TRUE,6,not_started_other
non_idp_NG034007_supp9,non_idp,6,0,TRUE,6,not_started_other
non_idp_NG034008_1,non_idp,6,5,TRUE,6,not_started_other
non_idp_NG034008_10,non_idp,6,5,TRUE,6,not_started_other
non_idp_NG034008_11,non_idp,6,5,TRUE,6,not_started_other
non_idp_NG034008_12,non_idp,6,2,TRUE,6,not_started_other
non_idp_NG034008_13,non_idp,6,3,TRUE,6,not_started_other
non_idp_NG034008_14,non_idp,6,6,TRUE,6,completed
non_idp_NG034008_15,non_idp,6,6,TRUE,6,completed
non_idp_NG034008_16,non_idp,6,5,TRUE,6,not_started_other
non_idp_NG034008_17,non_idp,6,4,TRUE,6,not_started_other
non_idp_NG034008_2,non_idp,6,5,TRUE,6,not_started_other
non_idp_NG034008_3,non_idp,6,5,TRUE,6,not_started_other
non_idp_NG034008_4,non_idp,6,5,TRUE,6,not_started_other
non_idp_NG034008_5,non_idp,6,5,TRUE,6,not_started_other
non_idp_NG034008_6,non_idp,6,5,TRUE,6,not_started_other
non_idp_NG034008_7,non_idp,6,1,TRUE,0,not_started_other
non_idp_NG034008_8,non_idp,6,4,TRUE,6,not_started_other
non_idp_NG034008_9,non_idp,6,5,TRUE,6,not_started_other
non_idp_NG034009_1,non_idp,6,0,FALSE,0,not_started_access_lost
non_idp_NG034009_10,non_idp,30,0,FALSE,0,not_started_access_lost
non_idp_NG034009_15,non_idp,6,0,FALSE,0,not_started_access_lost
non_idp_NG034009_16,non_idp,6,0,FALSE,0,not_started_access_lost
non_idp_NG034009_17,non_idp,6,0,FALSE,0,not_started_access_lost
non_idp_NG034009_2,non_idp,6,0,FALSE,0,not_started_access_lost
non_idp_NG034009_3,non_idp,6,0,FALSE,0,not_started_access_lost
non_idp_NG034009_4,non_idp,6,0,FALSE,0,not_started_access_lost
non_idp_NG034009_5,non_idp,6,0,FALSE,0,not_started_access_lost
non_idp_NG034009_6,non_idp,6,0,FALSE,0,not_started_access_lost
non_idp_NG034009_7,non_idp,6,0,FALSE,0,not_started_access_lost
non_idp_NG034009_8,non_idp,6,0,FALSE,0,not_started_access_lost
non_idp_NG034009_9,non_idp,6,0,FALSE,0,not_started_access_lost
non_idp_NG034011_1,non_idp,6,5,TRUE,6,not_started_other
non_idp_NG034011_10,non_idp,6,6,TRUE,6,completed
non_idp_NG034011_11,non_idp,6,3,FALSE,5,partially_completed_access_lost
non_idp_NG034011_12,non_idp,6,5,TRUE,6,not_started_other
non_idp_NG034011_13,non_idp,6,4,FALSE,0,partially_completed_access_lost
non_idp_NG034011_14,non_idp,6,6,TRUE,6,completed
non_idp_NG034011_15,non_idp,6,0,FALSE,0,not_started_access_lost
non_idp_NG034011_16,non_idp,6,0,FALSE,0,not_started_access_lost
non_idp_NG034011_17,non_idp,6,6,TRUE,6,completed
non_idp_NG034011_2,non_idp,6,6,TRUE,6,completed
non_idp_NG034011_3,non_idp,6,5,TRUE,6,not_started_other
non_idp_NG034011_4,non_idp,6,6,TRUE,6,completed
non_idp_NG034011_5,non_idp,12,10,TRUE,12,not_started_other
non_idp_NG034011_7,non_idp,6,6,TRUE,6,completed
non_idp_NG034011_8,non_idp,6,1,FALSE,0,partially_completed_access_lost
non_idp_NG034011_9,non_idp,6,3,FALSE,0,partially_completed_access_lost
non_idp_NG034011_supp1,non_idp,6,5,TRUE,6,not_started_other
non_idp_NG034011_supp2,non_idp,6,0,TRUE,6,not_started_other
non_idp_NG034011_supp3,non_idp,6,0,TRUE,6,not_started_other
non_idp_NG034011_supp4,non_idp,6,0,FALSE,4,not_started_access_lost
non_idp_NG034012_1,non_idp,6,0,TRUE,0,not_started_other
non_idp_NG034012_10,non_idp,6,2,TRUE,6,not_started_other
non_idp_NG034012_11,non_idp,6,0,TRUE,6,not_started_other
non_idp_NG034012_12,non_idp,6,6,TRUE,6,completed
non_idp_NG034012_13,non_idp,6,0,TRUE,6,not_started_other
non_idp_NG034012_14,non_idp,6,4,TRUE,6,not_started_other
non_idp_NG034012_15,non_idp,6,0,TRUE,6,not_started_other
non_idp_NG034012_16,non_idp,6,0,TRUE,6,not_started_other
non_idp_NG034012_17,non_idp,6,4,TRUE,6,not_started_other
non_idp_NG034012_2,non_idp,6,0,TRUE,6,not_started_other
non_idp_NG034012_3,non_idp,6,0,TRUE,6,not_started_other
non_idp_NG034012_4,non_idp,6,3,TRUE,6,not_started_other
non_idp_NG034012_5,non_idp,6,0,TRUE,6,not_started_other
non_idp_NG034012_6,non_idp,6,3,TRUE,6,not_started_other
non_idp_NG034012_7,non_idp,6,0,TRUE,6,not_started_other
non_idp_NG034012_8,non_idp,6,6,TRUE,6,completed
non_idp_NG034012_9,non_idp,6,0,TRUE,6,not_started_other
non_idp_NG034013_1,non_idp,6,0,FALSE,0,not_started_access_lost
non_idp_NG034013_10,non_idp,6,0,FALSE,0,not_started_access_lost
non_idp_NG034013_11,non_idp,6,0,FALSE,0,not_started_access_lost
non_idp_NG034013_12,non_idp,6,0,FALSE,0,not_started_access_lost
non_idp_NG034013_13,non_idp,6,0,FALSE,0,not_started_access_lost
non_idp_NG034013_14,non_idp,6,0,FALSE,0,not_started_access_lost
non_idp_NG034013_15,non_idp,6,0,FALSE,0,not_started_access_lost
non_idp_NG034013_16,non_idp,12,0,FALSE,0,not_started_access_lost
non_idp_NG034013_2,non_idp,6,0,FALSE,0,not_started_access_lost
non_idp_NG034013_3,non_idp,6,0,FALSE,0,not_started_access_lost
non_idp_NG034013_4,non_idp,6,0,FALSE,0,not_started_access_lost
non_idp_NG034013_5,non_idp,6,0,FALSE,0,not_started_access_lost
non_idp_NG034013_6,non_idp,6,0,FALSE,0,not_started_access_lost
non_idp_NG034013_7,non_idp,6,0,FALSE,0,not_started_access_lost
non_idp_NG034013_8,non_idp,6,0,FALSE,0,not_started_access_lost
non_idp_NG034013_9,non_idp,6,0,FALSE,0,not_started_access_lost
non_idp_NG034014_1,non_idp,6,4,TRUE,6,not_started_other
non_idp_NG034014_10,non_idp,6,2,TRUE,6,not_started_other
non_idp_NG034014_11,non_idp,6,5,TRUE,6,not_started_other
non_idp_NG034014_12,non_idp,6,0,TRUE,0,not_started_other
non_idp_NG034014_13,non_idp,6,0,TRUE,6,not_started_other
non_idp_NG034014_14,non_idp,6,0,TRUE,6,not_started_other
non_idp_NG034014_15,non_idp,6,0,TRUE,6,not_started_other
non_idp_NG034014_16,non_idp,6,0,TRUE,6,not_started_other
non_idp_NG034014_17,non_idp,6,0,TRUE,6,not_started_other
non_idp_NG034014_2,non_idp,6,2,TRUE,6,not_started_other
non_idp_NG034014_3,non_idp,6,5,TRUE,6,not_started_other
non_idp_NG034014_4,non_idp,6,6,TRUE,6,completed
non_idp_NG034014_5,non_idp,6,1,TRUE,6,not_started_other
non_idp_NG034014_6,non_idp,6,0,TRUE,6,not_started_other
non_idp_NG034014_7,non_idp,6,1,TRUE,6,not_started_other
non_idp_NG034014_8,non_idp,6,2,TRUE,6,not_started_other
non_idp_NG034014_9,non_idp,6,3,TRUE,6,not_started_other
non_idp_NG034015_1,non_idp,6,4,FALSE,0,partially_completed_access_lost
non_idp_NG034015_10,non_idp,6,6,TRUE,6,completed
non_idp_NG034015_11,non_idp,6,5,TRUE,6,not_started_other
non_idp_NG034015_12,non_idp,6,6,TRUE,6,completed
non_idp_NG034015_13,non_idp,6,6,TRUE,6,completed
non_idp_NG034015_14,non_idp,6,0,FALSE,0,not_started_access_lost
non_idp_NG034015_15,non_idp,6,0,FALSE,0,not_started_access_lost
non_idp_NG034015_16,non_idp,6,0,FALSE,0,not_started_access_lost
non_idp_NG034015_17,non_idp,6,5,FALSE,0,partially_completed_access_lost
non_idp_NG034015_2,non_idp,6,2,FALSE,0,partially_completed_access_lost
non_idp_NG034015_3,non_idp,6,1,FALSE,0,partially_completed_access_lost
non_idp_NG034015_4,non_idp,6,0,FALSE,0,not_started_access_lost
non_idp_NG034015_5,non_idp,6,0,FALSE,0,not_started_access_lost
non_idp_NG034015_6,non_idp,12,11,TRUE,12,not_started_other
non_idp_NG034015_8,non_idp,6,5,TRUE,6,not_started_other
non_idp_NG034015_9,non_idp,6,0,TRUE,6,not_started_other
non_idp_NG034015_supp1,non_idp,6,0,FALSE,0,not_started_access_lost
non_idp_NG034015_supp10,non_idp,6,0,TRUE,6,not_started_other
non_idp_NG034015_supp2,non_idp,6,2,FALSE,4,partially_completed_access_lost
non_idp_NG034015_supp3,non_idp,6,0,TRUE,6,not_started_other
non_idp_NG034015_supp4,non_idp,6,0,TRUE,6,not_started_other
non_idp_NG034015_supp5,non_idp,6,0,TRUE,6,not_started_other
non_idp_NG034015_supp6,non_idp,6,0,FALSE,0,not_started_access_lost
non_idp_NG034015_supp7,non_idp,6,0,TRUE,6,not_started_other
non_idp_NG034015_supp8,non_idp,6,0,FALSE,0,not_started_access_lost
non_idp_NG034015_supp9,non_idp,6,0,TRUE,6,not_started_other
non_idp_NG034016_1,non_idp,6,3,TRUE,6,not_started_other
non_idp_NG034016_10,non_idp,48,38,TRUE,48,not_started_other
non_idp_NG034016_2,non_idp,30,19,TRUE,30,not_started_other
non_idp_NG034016_7,non_idp,18,14,TRUE,18,not_started_other
non_idp_NG034017_1,non_idp,6,3,TRUE,6,not_started_other
non_idp_NG034017_12,non_idp,18,16,TRUE,18,not_started_other
non_idp_NG034017_15,non_idp,18,18,TRUE,18,completed
non_idp_NG034017_2,non_idp,60,47,TRUE,60,not_started_other
non_idp_NG034018_1,non_idp,6,0,FALSE,0,not_started_access_lost
non_idp_NG034018_10,non_idp,6,6,TRUE,6,completed
non_idp_NG034018_11,non_idp,6,0,TRUE,6,not_started_other
non_idp_NG034018_12,non_idp,6,5,TRUE,6,not_started_other
non_idp_NG034018_13,non_idp,6,0,TRUE,6,not_started_other
non_idp_NG034018_14,non_idp,6,6,TRUE,6,completed
non_idp_NG034018_15,non_idp,6,0,TRUE,6,not_started_other
non_idp_NG034018_16,non_idp,6,0,TRUE,6,not_started_other
non_idp_NG034018_17,non_idp,6,0,TRUE,6,not_started_other
non_idp_NG034018_2,non_idp,6,0,FALSE,0,not_started_access_lost
non_idp_NG034018_3,non_idp,6,0,FALSE,0,not_started_access_lost
non_idp_NG034018_4,non_idp,6,0,FALSE,0,not_started_access_lost
non_idp_NG034018_5,non_idp,6,0,TRUE,6,not_started_other
non_idp_NG034018_6,non_idp,12,8,TRUE,12,not_started_other
non_idp_NG034018_8,non_idp,6,0,TRUE,6,not_started_other
non_idp_NG034018_9,non_idp,6,4,TRUE,6,not_started_other
non_idp_NG034019_1,non_idp,6,0,FALSE,0,not_started_access_lost
non_idp_NG034019_10,non_idp,6,6,TRUE,6,completed
non_idp_NG034019_11,non_idp,6,0,FALSE,0,not_started_access_lost
non_idp_NG034019_12,non_idp,12,9,TRUE,12,not_started_other
non_idp_NG034019_14,non_idp,6,3,FALSE,4,partially_completed_access_lost
non_idp_NG034019_15,non_idp,6,6,TRUE,6,completed
non_idp_NG034019_16,non_idp,6,3,TRUE,6,not_started_other
non_idp_NG034019_17,non_idp,6,0,FALSE,0,not_started_access_lost
non_idp_NG034019_2,non_idp,6,0,TRUE,6,not_started_other
non_idp_NG034019_3,non_idp,6,0,FALSE,0,not_started_access_lost
non_idp_NG034019_4,non_idp,6,0,FALSE,0,not_started_access_lost
non_idp_NG034019_5,non_idp,6,0,FALSE,0,not_started_access_lost
non_idp_NG034019_6,non_idp,6,0,FALSE,0,not_started_access_lost
non_idp_NG034019_7,non_idp,6,4,TRUE,6,not_started_other
non_idp_NG034019_8,non_idp,6,0,FALSE,0,not_started_access_lost
non_idp_NG034019_9,non_idp,6,6,TRUE,6,completed
non_idp_NG034020_1,non_idp,6,0,FALSE,0,not_started_access_lost
non_idp_NG034020_10,non_idp,6,0,FALSE,0,not_started_access_lost
non_idp_NG034020_11,non_idp,6,0,FALSE,0,not_started_access_lost
non_idp_NG034020_12,non_idp,6,4,TRUE,6,not_started_other
non_idp_NG034020_13,non_idp,6,1,TRUE,6,not_started_other
non_idp_NG034020_14,non_idp,6,4,TRUE,6,not_started_other
non_idp_NG034020_15,non_idp,6,0,TRUE,6,not_started_other
non_idp_NG034020_16,non_idp,6,0,FALSE,0,not_started_access_lost
non_idp_NG034020_17,non_idp,6,0,FALSE,0,not_started_access_lost
non_idp_NG034020_2,non_idp,6,0,FALSE,0,not_started_access_lost
non_idp_NG034020_3,non_idp,6,0,FALSE,0,not_started_access_lost
non_idp_NG034020_4,non_idp,6,0,FALSE,0,not_started_access_lost
non_idp_NG034020_5,non_idp,6,0,FALSE,0,not_started_access_lost
non_idp_NG034020_6,non_idp,6,0,FALSE,0,not_started_access_lost
non_idp_NG034020_7,non_idp,6,0,FALSE,0,not_started_access_lost
non_idp_NG034020_8,non_idp,6,0,FALSE,0,not_started_access_lost
non_idp_NG034020_9,non_idp,6,0,FALSE,0,not_started_access_lost
non_idp_NG034020_supp1,non_idp,6,1,TRUE,6,not_started_other
non_idp_NG034020_supp10,non_idp,6,0,FALSE,0,not_started_access_lost
non_idp_NG034020_supp11,non_idp,6,0,FALSE,0,not_started_access_lost
non_idp_NG034020_supp12,non_idp,6,0,FALSE,0,not_started_access_lost
non_idp_NG034020_supp13,non_idp,6,0,TRUE,6,not_started_other
non_idp_NG034020_supp14,non_idp,6,0,TRUE,6,not_started_other
non_idp_NG034020_supp15,non_idp,6,0,FALSE,0,not_started_access_lost
non_idp_NG034020_supp16,non_idp,6,0,TRUE,6,not_started_other
non_idp_NG034020_supp17,non_idp,6,0,TRUE,6,not_started_other
non_idp_NG034020_supp18,non_idp,6,0,FALSE,0,not_started_access_lost
non_idp_NG034020_supp19,non_idp,6,0,TRUE,6,not_started_other
non_idp_NG034020_supp2,non_idp,6,1,FALSE,5,partially_completed_access_lost
non_idp_NG034020_supp20,non_idp,6,0,TRUE,5,not_started_other
non_idp_NG034020_supp21,non_idp,6,0,TRUE,6,not_started_other
non_idp_NG034020_supp22,non_idp,6,0,TRUE,6,not_started_other
non_idp_NG034020_supp23,non_idp,6,0,FALSE,0,not_started_access_lost
non_idp_NG034020_supp24,non_idp,6,0,FALSE,0,not_started_access_lost
non_idp_NG034020_supp25,non_idp,6,0,TRUE,6,not_started_other
non_idp_NG034020_supp3,non_idp,6,0,FALSE,0,not_started_access_lost
non_idp_NG034020_supp4,non_idp,6,3,TRUE,6,not_started_other
non_idp_NG034020_supp5,non_idp,6,0,FALSE,0,not_started_access_lost
non_idp_NG034020_supp6,non_idp,6,0,FALSE,0,not_started_access_lost
non_idp_NG034020_supp7,non_idp,6,0,FALSE,0,not_started_access_lost
non_idp_NG034020_supp8,non_idp,6,0,FALSE,0,not_started_access_lost
non_idp_NG034020_supp9,non_idp,6,0,FALSE,0,not_started_access_lost
non_idp_NG034021_1,non_idp,6,0,TRUE,6,not_started_other
non_idp_NG034021_11,non_idp,6,6,TRUE,6,completed
non_idp_NG034021_12,non_idp,6,5,TRUE,6,not_started_other
non_idp_NG034021_13,non_idp,18,6,TRUE,18,not_started_other
non_idp_NG034021_16,non_idp,6,6,TRUE,6,completed
non_idp_NG034021_17,non_idp,6,6,TRUE,6,completed
non_idp_NG034021_2,non_idp,6,3,TRUE,6,not_started_other
non_idp_NG034021_3,non_idp,6,6,TRUE,6,completed
non_idp_NG034021_4,non_idp,6,3,TRUE,6,not_started_other
non_idp_NG034021_5,non_idp,18,7,TRUE,18,not_started_other
non_idp_NG034021_8,non_idp,6,2,TRUE,6,not_started_other
non_idp_NG034021_9,non_idp,12,8,TRUE,12,not_started_other
non_idp_NG034022_1,non_idp,6,6,TRUE,6,completed
non_idp_NG034022_10,non_idp,6,0,FALSE,0,not_started_access_lost
non_idp_NG034022_11,non_idp,6,5,FALSE,0,partially_completed_access_lost
non_idp_NG034022_12,non_idp,6,4,FALSE,0,partially_completed_access_lost
non_idp_NG034022_13,non_idp,6,0,FALSE,0,not_started_access_lost
non_idp_NG034022_14,non_idp,6,0,FALSE,0,not_started_access_lost
non_idp_NG034022_15,non_idp,6,5,TRUE,6,not_started_other
non_idp_NG034022_16,non_idp,6,0,FALSE,0,not_started_access_lost
non_idp_NG034022_17,non_idp,6,3,FALSE,0,partially_completed_access_lost
non_idp_NG034022_2,non_idp,6,4,FALSE,0,partially_completed_access_lost
non_idp_NG034022_3,non_idp,12,7,TRUE,12,not_started_other
non_idp_NG034022_5,non_idp,6,5,TRUE,6,not_started_other
non_idp_NG034022_6,non_idp,18,14,TRUE,18,not_started_other
non_idp_NG034022_9,non_idp,6,5,TRUE,6,not_started_other
non_idp_NG034022_supp1,non_idp,6,0,TRUE,6,not_started_other
non_idp_NG034022_supp2,non_idp,6,0,FALSE,0,not_started_access_lost
non_idp_NG034022_supp3,non_idp,6,0,TRUE,6,not_started_other
non_idp_NG034022_supp4,non_idp,6,0,TRUE,6,not_started_other
non_idp_NG034022_supp5,non_idp,6,0,FALSE,0,not_started_access_lost
non_idp_NG034022_supp6,non_idp,6,0,TRUE,6,not_started_other
non_idp_NG034022_supp7,non_idp,6,0,TRUE,6,not_started_other
non_idp_NG034022_supp8,non_idp,6,0,TRUE,6,not_started_other
non_idp_NG034023_1,non_idp,6,3,FALSE,0,partially_completed_access_lost
non_idp_NG034023_10,non_idp,12,12,TRUE,12,completed
non_idp_NG034023_12,non_idp,6,2,FALSE,0,partially_completed_access_lost
non_idp_NG034023_13,non_idp,6,6,TRUE,6,completed
non_idp_NG034023_14,non_idp,6,6,TRUE,6,completed
non_idp_NG034023_15,non_idp,6,6,TRUE,6,completed
non_idp_NG034023_16,non_idp,6,6,FALSE,0,completed
non_idp_NG034023_17,non_idp,6,0,FALSE,0,not_started_access_lost
non_idp_NG034023_2,non_idp,6,5,FALSE,0,partially_completed_access_lost
non_idp_NG034023_3,non_idp,6,0,FALSE,0,not_started_access_lost
non_idp_NG034023_4,non_idp,6,6,FALSE,0,completed
non_idp_NG034023_5,non_idp,6,6,FALSE,0,completed
non_idp_NG034023_6,non_idp,6,6,FALSE,0,completed
non_idp_NG034023_7,non_idp,12,11,FALSE,11,partially_completed_access_lost
non_idp_NG034023_9,non_idp,6,4,FALSE,0,partially_completed_access_lost
non_idp_NG034023_supp1,non_idp,6,0,FALSE,0,not_started_access_lost
non_idp_NG034023_supp2,non_idp,6,0,TRUE,6,not_started_other
non_idp_NG034023_supp3,non_idp,6,0,TRUE,6,not_started_other
non_idp_NG034023_supp4,non_idp,6,0,TRUE,6,not_started_other
non_idp_NG034023_supp5,non_idp,6,6,TRUE,6,completed
non_idp_NG036001_1,non_idp,6,0,TRUE,6,not_started_other
non_idp_NG036001_13,non_idp,18,0,TRUE,18,not_started_other
non_idp_NG036001_16,non_idp,6,0,TRUE,6,not_started_other
non_idp_NG036001_17,non_idp,6,0,TRUE,6,not_started_other
non_idp_NG036001_2,non_idp,6,0,TRUE,6,not_started_other
non_idp_NG036001_3,non_idp,6,0,TRUE,6,not_started_other
non_idp_NG036001_4,non_idp,24,0,TRUE,24,not_started_other
non_idp_NG036001_8,non_idp,30,0,TRUE,30,not_started_other
non_idp_NG036002_1,non_idp,6,0,TRUE,6,not_started_other
non_idp_NG036002_10,non_idp,6,0,FALSE,0,not_started_access_lost
non_idp_NG036002_11,non_idp,6,0,FALSE,0,not_started_access_lost
non_idp_NG036002_12,non_idp,6,0,TRUE,6,not_started_other
non_idp_NG036002_13,non_idp,6,3,TRUE,6,not_started_other
non_idp_NG036002_14,non_idp,6,6,TRUE,6,completed
non_idp_NG036002_15,non_idp,6,5,TRUE,6,not_started_other
non_idp_NG036002_16,non_idp,6,0,FALSE,0,not_started_access_lost
non_idp_NG036002_17,non_idp,6,4,FALSE,0,partially_completed_access_lost
non_idp_NG036002_2,non_idp,6,6,TRUE,6,completed
non_idp_NG036002_3,non_idp,6,0,FALSE,0,not_started_access_lost
non_idp_NG036002_4,non_idp,6,2,TRUE,6,not_started_other
non_idp_NG036002_5,non_idp,6,5,TRUE,6,not_started_other
non_idp_NG036002_6,non_idp,6,6,TRUE,6,completed
non_idp_NG036002_7,non_idp,6,0,TRUE,6,not_started_other
non_idp_NG036002_8,non_idp,6,0,FALSE,0,not_started_access_lost
non_idp_NG036002_9,non_idp,6,6,TRUE,6,completed
non_idp_NG036002_supp1,non_idp,6,5,TRUE,6,not_started_other
non_idp_NG036002_supp2,non_idp,6,0,TRUE,6,not_started_other
non_idp_NG036002_supp3,non_idp,6,0,TRUE,6,not_started_other
non_idp_NG036002_supp4,non_idp,6,0,TRUE,6,not_started_other
non_idp_NG036002_supp5,non_idp,6,0,TRUE,6,not_started_other
non_idp_NG036002_supp6,non_idp,6,0,TRUE,0,not_started_other
non_idp_NG036003_1,non_idp,6,0,TRUE,6,not_started_other
non_idp_NG036003_15,non_idp,6,6,TRUE,6,completed
non_idp_NG036003_16,non_idp,6,5,TRUE,6,not_started_other
non_idp_NG036003_17,non_idp,6,0,TRUE,6,not_started_other
non_idp_NG036003_2,non_idp,6,0,TRUE,6,not_started_other
non_idp_NG036003_3,non_idp,6,6,TRUE,6,completed
non_idp_NG036003_4,non_idp,6,6,TRUE,6,completed
non_idp_NG036003_5,non_idp,6,6,TRUE,6,completed
non_idp_NG036003_6,non_idp,18,18,TRUE,18,completed
non_idp_NG036003_9,non_idp,36,35,TRUE,36,not_started_other
non_idp_NG036004_1,non_idp,12,8,TRUE,12,not_started_other
non_idp_NG036004_10,non_idp,6,0,TRUE,6,not_started_other
non_idp_NG036004_11,non_idp,6,0,TRUE,6,not_started_other
non_idp_NG036004_12,non_idp,6,0,TRUE,6,not_started_other
non_idp_NG036004_13,non_idp,6,5,TRUE,6,not_started_other
non_idp_NG036004_14,non_idp,12,9,TRUE,12,not_started_other
non_idp_NG036004_16,non_idp,6,0,FALSE,0,not_started_access_lost
non_idp_NG036004_17,non_idp,6,0,TRUE,6,not_started_other
non_idp_NG036004_3,non_idp,6,0,FALSE,0,not_started_access_lost
non_idp_NG036004_4,non_idp,6,0,TRUE,6,not_started_other
non_idp_NG036004_5,non_idp,6,0,FALSE,0,not_started_access_lost
non_idp_NG036004_6,non_idp,6,0,TRUE,6,not_started_other
non_idp_NG036004_7,non_idp,6,0,FALSE,0,not_started_access_lost
non_idp_NG036004_8,non_idp,6,0,TRUE,6,not_started_other
non_idp_NG036004_9,non_idp,6,0,FALSE,0,not_started_access_lost
non_idp_NG036004_supp1,non_idp,6,0,FALSE,4,not_started_access_lost
non_idp_NG036004_supp2,non_idp,6,0,FALSE,4,not_started_access_lost
non_idp_NG036004_supp3,non_idp,6,0,TRUE,6,not_started_other
non_idp_NG036004_supp4,non_idp,6,0,TRUE,6,not_started_other
non_idp_NG036004_supp5,non_idp,6,0,FALSE,0,not_started_access_lost
non_idp_NG036005_1,non_idp,6,0,TRUE,6,not_started_other
non_idp_NG036005_10,non_idp,6,0,FALSE,0,not_started_access_lost
non_idp_NG036005_11,non_idp,6,4,TRUE,6,not_started_other
non_idp_NG036005_12,non_idp,6,6,TRUE,6,completed
non_idp_NG036005_13,non_idp,6,4,TRUE,6,not_started_other
non_idp_NG036005_14,non_idp,6,6,TRUE,6,completed
non_idp_NG036005_15,non_idp,6,6,TRUE,6,completed
non_idp_NG036005_16,non_idp,6,0,FALSE,0,not_started_access_lost
non_idp_NG036005_17,non_idp,6,5,TRUE,6,not_started_other
non_idp_NG036005_2,non_idp,12,11,TRUE,12,not_started_other
non_idp_NG036005_4,non_idp,6,0,FALSE,0,not_started_access_lost
non_idp_NG036005_5,non_idp,6,2,TRUE,6,not_started_other
non_idp_NG036005_6,non_idp,6,6,TRUE,6,completed
non_idp_NG036005_7,non_idp,6,5,TRUE,6,not_started_other
non_idp_NG036005_8,non_idp,6,0,TRUE,6,not_started_other
non_idp_NG036005_9,non_idp,6,0,TRUE,6,not_started_other
non_idp_NG036005_supp1,non_idp,6,0,TRUE,6,not_started_other
non_idp_NG036006_1,non_idp,6,0,FALSE,0,not_started_access_lost
non_idp_NG036006_10,non_idp,6,0,TRUE,6,not_started_other
non_idp_NG036006_11,non_idp,6,0,FALSE,0,not_started_access_lost
non_idp_NG036006_12,non_idp,12,4,FALSE,0,partially_completed_access_lost
non_idp_NG036006_14,non_idp,6,0,TRUE,6,not_started_other
non_idp_NG036006_15,non_idp,12,2,FALSE,0,partially_completed_access_lost
non_idp_NG036006_17,non_idp,6,0,TRUE,6,not_started_other
non_idp_NG036006_2,non_idp,6,0,FALSE,0,not_started_access_lost
non_idp_NG036006_3,non_idp,6,0,FALSE,0,not_started_access_lost
non_idp_NG036006_4,non_idp,6,0,TRUE,6,not_started_other
non_idp_NG036006_5,non_idp,6,0,TRUE,6,not_started_other
non_idp_NG036006_6,non_idp,6,0,TRUE,6,not_started_other
non_idp_NG036006_7,non_idp,6,0,FALSE,0,not_started_access_lost
non_idp_NG036006_8,non_idp,6,0,TRUE,6,not_started_other
non_idp_NG036006_9,non_idp,6,0,FALSE,0,not_started_access_lost
non_idp_NG036006_supp1,non_idp,6,0,TRUE,6,not_started_other
non_idp_NG036006_supp10,non_idp,6,0,TRUE,6,not_started_other
non_idp_NG036006_supp2,non_idp,6,0,TRUE,6,not_started_other
non_idp_NG036006_supp3,non_idp,6,0,FALSE,0,not_started_access_lost
non_idp_NG036006_supp4,non_idp,6,0,TRUE,6,not_started_other
non_idp_NG036006_supp5,non_idp,6,0,FALSE,4,not_started_access_lost
non_idp_NG036006_supp6,non_idp,6,0,TRUE,6,not_started_other
non_idp_NG036006_supp7,non_idp,6,0,TRUE,6,not_started_other
non_idp_NG036006_supp8,non_idp,6,0,TRUE,6,not_started_other
non_idp_NG036006_supp9,non_idp,6,0,FALSE,4,not_started_access_lost
non_idp_NG036007_1,non_idp,6,0,FALSE,0,not_started_access_lost
non_idp_NG036007_10,non_idp,6,0,FALSE,0,not_started_access_lost
non_idp_NG036007_11,non_idp,6,0,FALSE,0,not_started_access_lost
non_idp_NG036007_12,non_idp,6,0,FALSE,0,not_started_access_lost
non_idp_NG036007_13,non_idp,6,0,FALSE,0,not_started_access_lost
non_idp_NG036007_14,non_idp,6,0,FALSE,0,not_started_access_lost
non_idp_NG036007_15,non_idp,6,0,FALSE,0,not_started_access_lost
non_idp_NG036007_16,non_idp,6,0,FALSE,0,not_started_access_lost
non_idp_NG036007_17,non_idp,6,0,FALSE,0,not_started_access_lost
non_idp_NG036007_2,non_idp,6,0,FALSE,0,not_started_access_lost
non_idp_NG036007_3,non_idp,18,0,FALSE,0,not_started_access_lost
non_idp_NG036007_6,non_idp,6,0,FALSE,0,not_started_access_lost
non_idp_NG036007_7,non_idp,6,0,FALSE,0,not_started_access_lost
non_idp_NG036007_8,non_idp,6,0,FALSE,0,not_started_access_lost
non_idp_NG036007_9,non_idp,6,0,FALSE,0,not_started_access_lost
non_idp_NG036007_supp1,non_idp,6,0,FALSE,0,not_started_access_lost
non_idp_NG036007_supp10,non_idp,6,0,FALSE,0,not_started_access_lost
non_idp_NG036007_supp11,non_idp,6,0,FALSE,0,not_started_access_lost
non_idp_NG036007_supp12,non_idp,6,0,FALSE,0,not_started_access_lost
non_idp_NG036007_supp13,non_idp,6,0,FALSE,0,not_started_access_lost
non_idp_NG036007_supp14,non_idp,6,0,FALSE,0,not_started_access_lost
non_idp_NG036007_supp15,non_idp,6,0,FALSE,0,not_started_access_lost
non_idp_NG036007_supp16,non_idp,6,0,FALSE,0,not_started_access_lost
non_idp_NG036007_supp17,non_idp,6,0,FALSE,0,not_started_access_lost
non_idp_NG036007_supp2,non_idp,6,0,FALSE,0,not_started_access_lost
non_idp_NG036007_supp3,non_idp,6,0,FALSE,0,not_started_access_lost
non_idp_NG036007_supp4,non_idp,6,0,FALSE,0,not_started_access_lost
non_idp_NG036007_supp5,non_idp,6,0,FALSE,0,not_started_access_lost
non_idp_NG036007_supp6,non_idp,6,0,FALSE,0,not_started_access_lost
non_idp_NG036007_supp7,non_idp,6,0,FALSE,0,not_started_access_lost
non_idp_NG036007_supp8,non_idp,6,0,FALSE,0,not_started_access_lost
non_idp_NG036007_supp9,non_idp,6,0,FALSE,0,not_started_access_lost
non_idp_NG036008_1,non_idp,6,1,TRUE,6,not_started_other
non_idp_NG036008_10,non_idp,6,0,TRUE,6,not_started_other
non_idp_NG036008_11,non_idp,6,0,TRUE,6,not_started_other
non_idp_NG036008_12,non_idp,6,0,TRUE,6,not_started_other
non_idp_NG036008_13,non_idp,6,3,TRUE,6,not_started_other
non_idp_NG036008_14,non_idp,6,6,TRUE,6,completed
non_idp_NG036008_15,non_idp,6,6,TRUE,6,completed
non_idp_NG036008_16,non_idp,6,4,TRUE,6,not_started_other
non_idp_NG036008_17,non_idp,6,5,TRUE,6,not_started_other
non_idp_NG036008_2,non_idp,6,6,TRUE,6,completed
non_idp_NG036008_3,non_idp,6,5,TRUE,6,not_started_other
non_idp_NG036008_4,non_idp,6,6,TRUE,6,completed
non_idp_NG036008_5,non_idp,6,6,TRUE,6,completed
non_idp_NG036008_6,non_idp,6,0,FALSE,0,not_started_access_lost
non_idp_NG036008_7,non_idp,6,3,TRUE,6,not_started_other
non_idp_NG036008_8,non_idp,6,0,TRUE,6,not_started_other
non_idp_NG036008_9,non_idp,6,4,TRUE,6,not_started_other
non_idp_NG036009_1,non_idp,6,0,TRUE,6,not_started_other
non_idp_NG036009_10,non_idp,6,0,TRUE,6,not_started_other
non_idp_NG036009_11,non_idp,6,0,TRUE,6,not_started_other
non_idp_NG036009_12,non_idp,6,1,TRUE,6,not_started_other
non_idp_NG036009_13,non_idp,6,4,FALSE,4,partially_completed_access_lost
non_idp_NG036009_14,non_idp,6,6,TRUE,6,completed
non_idp_NG036009_15,non_idp,6,5,TRUE,6,not_started_other
non_idp_NG036009_16,non_idp,6,6,TRUE,6,completed
non_idp_NG036009_17,non_idp,6,4,TRUE,6,not_started_other
non_idp_NG036009_2,non_idp,6,0,TRUE,6,not_started_other
non_idp_NG036009_3,non_idp,6,6,TRUE,6,completed
non_idp_NG036009_4,non_idp,6,3,TRUE,6,not_started_other
non_idp_NG036009_5,non_idp,6,0,TRUE,6,not_started_other
non_idp_NG036009_6,non_idp,6,2,TRUE,6,not_started_other
non_idp_NG036009_7,non_idp,6,0,TRUE,6,not_started_other
non_idp_NG036009_8,non_idp,6,3,TRUE,6,not_started_other
non_idp_NG036009_9,non_idp,6,6,TRUE,6,completed
non_idp_NG036009_supp1,non_idp,6,0,FALSE,0,not_started_access_lost
non_idp_NG036010_1,non_idp,6,0,FALSE,0,not_started_access_lost
non_idp_NG036010_10,non_idp,6,0,TRUE,6,not_started_other
non_idp_NG036010_11,non_idp,6,1,TRUE,6,not_started_other
non_idp_NG036010_12,non_idp,6,0,TRUE,6,not_started_other
non_idp_NG036010_13,non_idp,6,0,TRUE,6,not_started_other
non_idp_NG036010_14,non_idp,6,0,TRUE,6,not_started_other
non_idp_NG036010_15,non_idp,6,0,TRUE,6,not_started_other
non_idp_NG036010_16,non_idp,6,2,TRUE,6,not_started_other
non_idp_NG036010_17,non_idp,6,0,FALSE,0,not_started_access_lost
non_idp_NG036010_2,non_idp,6,0,TRUE,6,not_started_other
non_idp_NG036010_3,non_idp,6,0,TRUE,6,not_started_other
non_idp_NG036010_4,non_idp,6,6,TRUE,6,completed
non_idp_NG036010_5,non_idp,6,2,TRUE,6,not_started_other
non_idp_NG036010_6,non_idp,6,0,FALSE,0,not_started_access_lost
non_idp_NG036010_7,non_idp,6,0,FALSE,0,not_started_access_lost
non_idp_NG036010_8,non_idp,6,0,TRUE,6,not_started_other
non_idp_NG036010_9,non_idp,6,5,FALSE,5,partially_completed_access_lost
non_idp_NG036010_supp1,non_idp,6,0,TRUE,6,not_started_other
non_idp_NG036010_supp2,non_idp,6,0,TRUE,6,not_started_other
non_idp_NG036011_1,non_idp,6,0,TRUE,6,not_started_other
non_idp_NG036011_11,non_idp,6,1,TRUE,6,not_started_other
non_idp_NG036011_12,non_idp,6,0,TRUE,6,not_started_other
non_idp_NG036011_13,non_idp,12,1,FALSE,7,partially_completed_access_lost
non_idp_NG036011_15,non_idp,6,5,TRUE,6,not_started_other
non_idp_NG036011_16,non_idp,6,0,FALSE,5,not_started_access_lost
non_idp_NG036011_2,non_idp,6,0,TRUE,6,not_started_other
non_idp_NG036011_3,non_idp,12,0,TRUE,12,not_started_other
non_idp_NG036011_5,non_idp,18,18,TRUE,18,completed
non_idp_NG036011_8,non_idp,6,0,TRUE,6,not_started_other
non_idp_NG036011_9,non_idp,12,10,TRUE,12,not_started_other
non_idp_NG036011_supp1,non_idp,6,0,TRUE,6,not_started_other
non_idp_NG036012_1,non_idp,6,4,TRUE,6,not_started_other
non_idp_NG036012_10,non_idp,6,0,TRUE,6,not_started_other
non_idp_NG036012_11,non_idp,6,3,TRUE,6,not_started_other
non_idp_NG036012_12,non_idp,6,0,FALSE,0,not_started_access_lost
non_idp_NG036012_13,non_idp,6,0,FALSE,0,not_started_access_lost
non_idp_NG036012_14,non_idp,6,0,TRUE,6,not_started_other
non_idp_NG036012_15,non_idp,6,4,TRUE,6,not_started_other
non_idp_NG036012_16,non_idp,6,0,TRUE,6,not_started_other
non_idp_NG036012_17,non_idp,6,0,FALSE,4,not_started_access_lost
non_idp_NG036012_2,non_idp,6,2,TRUE,6,not_started_other
non_idp_NG036012_3,non_idp,6,4,TRUE,6,not_started_other
non_idp_NG036012_4,non_idp,6,1,TRUE,6,not_started_other
non_idp_NG036012_5,non_idp,6,0,FALSE,0,not_started_access_lost
non_idp_NG036012_6,non_idp,6,1,TRUE,6,not_started_other
non_idp_NG036012_7,non_idp,6,3,TRUE,6,not_started_other
non_idp_NG036012_8,non_idp,6,6,TRUE,6,completed
non_idp_NG036012_9,non_idp,6,0,TRUE,6,not_started_other
non_idp_NG036012_supp1,non_idp,6,0,TRUE,6,not_started_other
non_idp_NG036012_supp2,non_idp,6,0,FALSE,5,not_started_access_lost
non_idp_NG036012_supp3,non_idp,6,0,TRUE,6,not_started_other
non_idp_NG036013_1,non_idp,6,0,TRUE,6,not_started_other
non_idp_NG036013_10,non_idp,30,25,TRUE,30,not_started_other
non_idp_NG036013_15,non_idp,6,6,TRUE,6,completed
non_idp_NG036013_16,non_idp,6,0,TRUE,6,not_started_other
non_idp_NG036013_17,non_idp,6,0,FALSE,0,not_started_access_lost
non_idp_NG036013_2,non_idp,6,0,TRUE,6,not_started_other
non_idp_NG036013_3,non_idp,6,0,TRUE,6,not_started_other
non_idp_NG036013_4,non_idp,6,2,FALSE,0,partially_completed_access_lost
non_idp_NG036013_5,non_idp,6,0,TRUE,6,not_started_other
non_idp_NG036013_6,non_idp,24,15,TRUE,24,not_started_other
non_idp_NG036013_supp1,non_idp,6,0,TRUE,6,not_started_other
non_idp_NG036013_supp2,non_idp,6,0,TRUE,6,not_started_other
non_idp_NG036014_1,non_idp,18,17,FALSE,17,partially_completed_access_lost
non_idp_NG036014_12,non_idp,36,31,FALSE,31,partially_completed_access_lost
non_idp_NG036014_4,non_idp,6,5,TRUE,6,not_started_other
non_idp_NG036014_5,non_idp,6,0,FALSE,0,not_started_access_lost
non_idp_NG036014_6,non_idp,6,5,FALSE,0,partially_completed_access_lost
non_idp_NG036014_7,non_idp,12,11,FALSE,11,partially_completed_access_lost
non_idp_NG036014_9,non_idp,18,9,FALSE,9,partially_completed_access_lost
non_idp_NG036014_supp1,non_idp,6,0,TRUE,6,not_started_other
non_idp_NG036014_supp2,non_idp,6,5,TRUE,6,not_started_other
non_idp_NG036014_supp3,non_idp,6,0,FALSE,0,not_started_access_lost
non_idp_NG036014_supp4,non_idp,6,0,TRUE,6,not_started_other
non_idp_NG036015_1,non_idp,6,0,FALSE,0,not_started_access_lost
non_idp_NG036015_10,non_idp,6,0,FALSE,0,not_started_access_lost
non_idp_NG036015_11,non_idp,6,0,FALSE,0,not_started_access_lost
non_idp_NG036015_12,non_idp,6,0,FALSE,0,not_started_access_lost
non_idp_NG036015_13,non_idp,6,0,FALSE,0,not_started_access_lost
non_idp_NG036015_14,non_idp,6,0,FALSE,0,not_started_access_lost
non_idp_NG036015_15,non_idp,6,0,FALSE,0,not_started_access_lost
non_idp_NG036015_16,non_idp,6,0,FALSE,0,not_started_access_lost
non_idp_NG036015_17,non_idp,6,0,FALSE,0,not_started_access_lost
non_idp_NG036015_2,non_idp,6,0,TRUE,6,not_started_other
non_idp_NG036015_3,non_idp,6,0,TRUE,6,not_started_other
non_idp_NG036015_4,non_idp,6,2,FALSE,5,partially_completed_access_lost
non_idp_NG036015_5,non_idp,6,6,TRUE,6,completed
non_idp_NG036015_6,non_idp,6,1,TRUE,6,not_started_other
non_idp_NG036015_7,non_idp,6,0,TRUE,6,not_started_other
non_idp_NG036015_8,non_idp,6,0,FALSE,0,not_started_access_lost
non_idp_NG036015_9,non_idp,6,0,TRUE,6,not_started_other
non_idp_NG036015_supp1,non_idp,6,0,TRUE,6,not_started_other
non_idp_NG036015_supp10,non_idp,6,0,TRUE,4,not_started_other
non_idp_NG036015_supp11,non_idp,6,0,TRUE,6,not_started_other
non_idp_NG036015_supp12,non_idp,6,0,FALSE,5,not_started_access_lost
non_idp_NG036015_supp13,non_idp,6,0,TRUE,6,not_started_other
non_idp_NG036015_supp2,non_idp,6,0,FALSE,0,not_started_access_lost
non_idp_NG036015_supp3,non_idp,6,0,TRUE,6,not_started_other
non_idp_NG036015_supp4,non_idp,6,3,TRUE,6,not_started_other
non_idp_NG036015_supp5,non_idp,6,0,TRUE,6,not_started_other
non_idp_NG036015_supp6,non_idp,6,0,TRUE,6,not_started_other
non_idp_NG036015_supp7,non_idp,6,0,TRUE,6,not_started_other
non_idp_NG036015_supp8,non_idp,6,0,FALSE,0,not_started_access_lost
non_idp_NG036015_supp9,non_idp,6,0,TRUE,6,not_started_other
non_idp_NG036016_1,non_idp,6,0,TRUE,6,not_started_other
non_idp_NG036016_10,non_idp,6,0,FALSE,0,not_started_access_lost
non_idp_NG036016_11,non_idp,6,0,TRUE,6,not_started_other
non_idp_NG036016_12,non_idp,6,0,TRUE,6,not_started_other
non_idp_NG036016_13,non_idp,6,0,TRUE,6,not_started_other
non_idp_NG036016_14,non_idp,6,6,TRUE,6,completed
non_idp_NG036016_15,non_idp,6,0,TRUE,6,not_started_other
non_idp_NG036016_16,non_idp,6,5,TRUE,6,not_started_other
non_idp_NG036016_17,non_idp,6,0,TRUE,6,not_started_other
non_idp_NG036016_2,non_idp,6,0,TRUE,6,not_started_other
non_idp_NG036016_3,non_idp,6,0,TRUE,6,not_started_other
non_idp_NG036016_4,non_idp,6,0,TRUE,6,not_started_other
non_idp_NG036016_5,non_idp,6,0,TRUE,6,not_started_other
non_idp_NG036016_6,non_idp,6,5,TRUE,6,not_started_other
non_idp_NG036016_7,non_idp,6,0,FALSE,4,not_started_access_lost
non_idp_NG036016_8,non_idp,6,0,FALSE,0,not_started_access_lost
non_idp_NG036016_9,non_idp,6,0,FALSE,0,not_started_access_lost
non_idp_NG036016_supp1,non_idp,6,0,TRUE,6,not_started_other
non_idp_NG036016_supp2,non_idp,6,0,TRUE,6,not_started_other
non_idp_NG036016_supp3,non_idp,6,0,TRUE,6,not_started_other
non_idp_NG036017_1,non_idp,6,0,FALSE,0,not_started_access_lost
non_idp_NG036017_10,non_idp,6,0,TRUE,6,not_started_other
non_idp_NG036017_11,non_idp,6,4,TRUE,6,not_started_other
non_idp_NG036017_12,non_idp,6,1,TRUE,6,not_started_other
non_idp_NG036017_13,non_idp,6,6,TRUE,6,completed
non_idp_NG036017_14,non_idp,6,0,TRUE,6,not_started_other
non_idp_NG036017_15,non_idp,6,0,TRUE,6,not_started_other
non_idp_NG036017_16,non_idp,6,5,TRUE,6,not_started_other
non_idp_NG036017_17,non_idp,6,6,TRUE,6,completed
non_idp_NG036017_2,non_idp,6,4,TRUE,6,not_started_other
non_idp_NG036017_3,non_idp,6,5,TRUE,6,not_started_other
non_idp_NG036017_4,non_idp,6,4,TRUE,6,not_started_other
non_idp_NG036017_5,non_idp,6,5,TRUE,6,not_started_other
non_idp_NG036017_6,non_idp,6,4,TRUE,6,not_started_other
non_idp_NG036017_7,non_idp,6,6,TRUE,6,completed
non_idp_NG036017_8,non_idp,12,10,TRUE,12,not_started_other
non_idp_NG036017_supp1,non_idp,6,0,TRUE,6,not_started_other
non_idp_NG037001_1,non_idp,6,0,FALSE,0,not_started_access_lost
non_idp_NG037001_10,non_idp,6,0,TRUE,6,not_started_other
non_idp_NG037001_11,non_idp,12,5,TRUE,12,not_started_other
non_idp_NG037001_13,non_idp,6,0,FALSE,0,not_started_access_lost
non_idp_NG037001_14,non_idp,12,0,TRUE,12,not_started_other
non_idp_NG037001_16,non_idp,6,0,TRUE,6,not_started_other
non_idp_NG037001_17,non_idp,6,0,FALSE,0,not_started_access_lost
non_idp_NG037001_2,non_idp,6,0,FALSE,0,not_started_access_lost
non_idp_NG037001_3,non_idp,6,0,FALSE,0,not_started_access_lost
non_idp_NG037001_4,non_idp,6,0,FALSE,0,not_started_access_lost
non_idp_NG037001_5,non_idp,6,0,FALSE,0,not_started_access_lost
non_idp_NG037001_6,non_idp,6,0,FALSE,0,not_started_access_lost
non_idp_NG037001_7,non_idp,6,0,FALSE,0,not_started_access_lost
non_idp_NG037001_8,non_idp,6,0,FALSE,0,not_started_access_lost
non_idp_NG037001_9,non_idp,6,0,TRUE,6,not_started_other
non_idp_NG037001_supp1,non_idp,6,0,TRUE,6,not_started_other
non_idp_NG037001_supp2,non_idp,6,0,TRUE,6,not_started_other
non_idp_NG037002_1,non_idp,6,0,FALSE,0,not_started_access_lost
non_idp_NG037002_10,non_idp,6,1,TRUE,6,not_started_other
non_idp_NG037002_11,non_idp,6,0,TRUE,6,not_started_other
non_idp_NG037002_12,non_idp,12,7,TRUE,12,not_started_other
non_idp_NG037002_14,non_idp,6,2,TRUE,6,not_started_other
non_idp_NG037002_15,non_idp,6,1,TRUE,6,not_started_other
non_idp_NG037002_16,non_idp,6,3,TRUE,6,not_started_other
non_idp_NG037002_17,non_idp,6,0,TRUE,6,not_started_other
non_idp_NG037002_2,non_idp,6,0,FALSE,0,not_started_access_lost
non_idp_NG037002_3,non_idp,6,0,TRUE,6,not_started_other
non_idp_NG037002_4,non_idp,6,0,FALSE,0,not_started_access_lost
non_idp_NG037002_5,non_idp,12,10,TRUE,12,not_started_other
non_idp_NG037002_7,non_idp,6,0,FALSE,0,not_started_access_lost
non_idp_NG037002_8,non_idp,6,6,TRUE,6,completed
non_idp_NG037002_9,non_idp,6,4,TRUE,6,not_started_other
non_idp_NG037002_supp1,non_idp,6,0,TRUE,6,not_started_other
non_idp_NG037002_supp2,non_idp,6,4,TRUE,6,not_started_other
non_idp_NG037002_supp3,non_idp,6,6,TRUE,6,completed
non_idp_NG037002_supp4,non_idp,6,0,TRUE,6,not_started_other
non_idp_NG037002_supp5,non_idp,6,6,TRUE,6,completed
non_idp_NG037003_1,non_idp,6,5,TRUE,6,not_started_other
non_idp_NG037003_10,non_idp,6,0,FALSE,0,not_started_access_lost
non_idp_NG037003_11,non_idp,6,3,FALSE,4,partially_completed_access_lost
non_idp_NG037003_12,non_idp,6,0,FALSE,0,not_started_access_lost
non_idp_NG037003_13,non_idp,6,0,FALSE,0,not_started_access_lost
non_idp_NG037003_14,non_idp,6,0,FALSE,0,not_started_access_lost
non_idp_NG037003_15,non_idp,6,0,FALSE,0,not_started_access_lost
non_idp_NG037003_16,non_idp,6,0,FALSE,0,not_started_access_lost
non_idp_NG037003_17,non_idp,6,0,FALSE,0,not_started_access_lost
non_idp_NG037003_2,non_idp,6,0,FALSE,0,not_started_access_lost
non_idp_NG037003_3,non_idp,6,1,TRUE,6,not_started_other
non_idp_NG037003_4,non_idp,6,0,TRUE,6,not_started_other
non_idp_NG037003_5,non_idp,6,5,TRUE,6,not_started_other
non_idp_NG037003_6,non_idp,6,5,TRUE,6,not_started_other
non_idp_NG037003_7,non_idp,6,3,TRUE,6,not_started_other
non_idp_NG037003_8,non_idp,6,0,FALSE,0,not_started_access_lost
non_idp_NG037003_9,non_idp,6,5,TRUE,6,not_started_other
non_idp_NG037003_supp1,non_idp,6,0,FALSE,0,not_started_access_lost
non_idp_NG037003_supp10,non_idp,6,0,TRUE,6,not_started_other
non_idp_NG037003_supp11,non_idp,6,0,TRUE,6,not_started_other
non_idp_NG037003_supp12,non_idp,6,0,TRUE,6,not_started_other
non_idp_NG037003_supp13,non_idp,6,3,TRUE,6,not_started_other
non_idp_NG037003_supp2,non_idp,6,3,TRUE,6,not_started_other
non_idp_NG037003_supp3,non_idp,6,0,FALSE,0,not_started_access_lost
non_idp_NG037003_supp4,non_idp,6,0,FALSE,0,not_started_access_lost
non_idp_NG037003_supp5,non_idp,6,4,TRUE,6,not_started_other
non_idp_NG037003_supp6,non_idp,6,0,TRUE,6,not_started_other
non_idp_NG037003_supp7,non_idp,6,1,TRUE,6,not_started_other
non_idp_NG037003_supp8,non_idp,6,0,TRUE,6,not_started_other
non_idp_NG037003_supp9,non_idp,6,0,FALSE,4,not_started_access_lost
non_idp_NG037004_1,non_idp,6,0,FALSE,0,not_started_access_lost
non_idp_NG037004_10,non_idp,6,0,FALSE,0,not_started_access_lost
non_idp_NG037004_11,non_idp,6,0,TRUE,6,not_started_other
non_idp_NG037004_12,non_idp,6,0,TRUE,6,not_started_other
non_idp_NG037004_13,non_idp,6,0,TRUE,6,not_started_other
non_idp_NG037004_14,non_idp,6,0,TRUE,6,not_started_other
non_idp_NG037004_15,non_idp,6,0,TRUE,6,not_started_other
non_idp_NG037004_16,non_idp,6,0,TRUE,6,not_started_other
non_idp_NG037004_17,non_idp,6,0,TRUE,6,not_started_other
non_idp_NG037004_2,non_idp,6,0,TRUE,6,not_started_other
non_idp_NG037004_3,non_idp,6,0,TRUE,6,not_started_other
non_idp_NG037004_4,non_idp,6,0,TRUE,6,not_started_other
non_idp_NG037004_5,non_idp,6,0,TRUE,6,not_started_other
non_idp_NG037004_6,non_idp,6,0,FALSE,0,not_started_access_lost
non_idp_NG037004_7,non_idp,6,0,TRUE,6,not_started_other
non_idp_NG037004_8,non_idp,6,0,FALSE,0,not_started_access_lost
non_idp_NG037004_9,non_idp,6,0,FALSE,0,not_started_access_lost
non_idp_NG037004_supp1,non_idp,6,0,TRUE,6,not_started_other
non_idp_NG037004_supp2,non_idp,6,0,TRUE,6,not_started_other
non_idp_NG037004_supp3,non_idp,6,0,TRUE,6,not_started_other
non_idp_NG037004_supp4,non_idp,6,0,TRUE,6,not_started_other
non_idp_NG037004_supp5,non_idp,6,0,TRUE,0,not_started_other
non_idp_NG037005_1,non_idp,6,2,TRUE,6,not_started_other
non_idp_NG037005_10,non_idp,6,0,FALSE,0,not_started_access_lost
non_idp_NG037005_11,non_idp,6,0,FALSE,0,not_started_access_lost
non_idp_NG037005_12,non_idp,6,1,TRUE,6,not_started_other
non_idp_NG037005_13,non_idp,6,0,FALSE,0,not_started_access_lost
non_idp_NG037005_14,non_idp,6,4,TRUE,6,not_started_other
non_idp_NG037005_15,non_idp,6,0,FALSE,0,not_started_access_lost
non_idp_NG037005_16,non_idp,6,2,TRUE,6,not_started_other
non_idp_NG037005_17,non_idp,6,2,TRUE,6,not_started_other
non_idp_NG037005_2,non_idp,6,3,TRUE,6,not_started_other
non_idp_NG037005_3,non_idp,6,1,TRUE,6,not_started_other
non_idp_NG037005_4,non_idp,6,0,FALSE,0,not_started_access_lost
non_idp_NG037005_5,non_idp,6,0,TRUE,6,not_started_other
non_idp_NG037005_6,non_idp,6,5,TRUE,6,not_started_other
non_idp_NG037005_7,non_idp,6,0,FALSE,0,not_started_access_lost
non_idp_NG037005_8,non_idp,6,0,TRUE,6,not_started_other
non_idp_NG037005_9,non_idp,6,0,FALSE,0,not_started_access_lost
non_idp_NG037005_supp1,non_idp,6,0,TRUE,6,not_started_other
non_idp_NG037005_supp2,non_idp,6,0,TRUE,6,not_started_other
non_idp_NG037005_supp3,non_idp,6,0,TRUE,6,not_started_other
non_idp_NG037005_supp4,non_idp,6,0,FALSE,4,not_started_access_lost
non_idp_NG037005_supp5,non_idp,6,0,TRUE,6,not_started_other
non_idp_NG037005_supp6,non_idp,6,0,TRUE,6,not_started_other
non_idp_NG037005_supp7,non_idp,6,0,TRUE,6,not_started_other
non_idp_NG037005_supp8,non_idp,6,0,FALSE,0,not_started_access_lost
non_idp_NG037006_1,non_idp,6,0,FALSE,0,not_started_access_lost
non_idp_NG037006_10,non_idp,6,0,FALSE,0,not_started_access_lost
non_idp_NG037006_11,non_idp,6,0,FALSE,0,not_started_access_lost
non_idp_NG037006_12,non_idp,6,0,FALSE,0,not_started_access_lost
non_idp_NG037006_13,non_idp,6,0,FALSE,5,not_started_access_lost
non_idp_NG037006_14,non_idp,6,0,FALSE,0,not_started_access_lost
non_idp_NG037006_15,non_idp,12,0,TRUE,12,not_started_other
non_idp_NG037006_17,non_idp,6,0,TRUE,6,not_started_other
non_idp_NG037006_2,non_idp,6,0,FALSE,0,not_started_access_lost
non_idp_NG037006_3,non_idp,6,0,FALSE,4,not_started_access_lost
non_idp_NG037006_4,non_idp,6,0,TRUE,6,not_started_other
non_idp_NG037006_5,non_idp,6,0,TRUE,6,not_started_other
non_idp_NG037006_6,non_idp,6,0,TRUE,6,not_started_other
non_idp_NG037006_7,non_idp,6,0,FALSE,0,not_started_access_lost
non_idp_NG037006_8,non_idp,6,0,FALSE,0,not_started_access_lost
non_idp_NG037006_9,non_idp,6,0,FALSE,0,not_started_access_lost
non_idp_NG037006_supp1,non_idp,6,0,FALSE,0,not_started_access_lost
non_idp_NG037006_supp10,non_idp,6,0,TRUE,6,not_started_other
non_idp_NG037006_supp11,non_idp,6,0,TRUE,6,not_started_other
non_idp_NG037006_supp2,non_idp,6,0,TRUE,6,not_started_other
non_idp_NG037006_supp3,non_idp,6,0,TRUE,6,not_started_other
non_idp_NG037006_supp4,non_idp,6,0,FALSE,0,not_started_access_lost
non_idp_NG037006_supp5,non_idp,6,0,TRUE,6,not_started_other
non_idp_NG037006_supp6,non_idp,6,0,FALSE,0,not_started_access_lost
non_idp_NG037006_supp7,non_idp,6,0,TRUE,6,not_started_other
non_idp_NG037006_supp8,non_idp,6,0,FALSE,0,not_started_access_lost
non_idp_NG037006_supp9,non_idp,6,0,FALSE,0,not_started_access_lost
non_idp_NG037007_1,non_idp,6,6,TRUE,6,completed
non_idp_NG037007_13,non_idp,6,4,FALSE,4,partially_completed_access_lost
non_idp_NG037007_14,non_idp,6,6,TRUE,6,completed
non_idp_NG037007_15,non_idp,18,18,TRUE,18,completed
non_idp_NG037007_2,non_idp,6,0,FALSE,0,not_started_access_lost
non_idp_NG037007_3,non_idp,6,0,FALSE,0,not_started_access_lost
non_idp_NG037007_4,non_idp,6,4,TRUE,6,not_started_other
non_idp_NG037007_5,non_idp,6,0,FALSE,0,not_started_access_lost
non_idp_NG037007_6,non_idp,12,10,TRUE,12,not_started_other
non_idp_NG037007_8,non_idp,6,0,FALSE,0,not_started_access_lost
non_idp_NG037007_9,non_idp,24,23,TRUE,24,not_started_other
non_idp_NG037007_supp1,non_idp,6,0,TRUE,6,not_started_other
non_idp_NG037007_supp2,non_idp,6,0,TRUE,6,not_started_other
non_idp_NG037007_supp3,non_idp,6,0,TRUE,6,not_started_other
non_idp_NG037007_supp4,non_idp,6,0,TRUE,6,not_started_other
non_idp_NG037007_supp5,non_idp,6,0,TRUE,6,not_started_other
non_idp_NG037008_1,non_idp,6,0,TRUE,6,not_started_other
non_idp_NG037008_12,non_idp,6,1,TRUE,6,not_started_other
non_idp_NG037008_13,non_idp,6,0,TRUE,6,not_started_other
non_idp_NG037008_14,non_idp,6,0,TRUE,6,not_started_other
non_idp_NG037008_15,non_idp,6,0,TRUE,6,not_started_other
non_idp_NG037008_16,non_idp,6,0,TRUE,6,not_started_other
non_idp_NG037008_17,non_idp,6,0,TRUE,6,not_started_other
non_idp_NG037008_2,non_idp,6,0,TRUE,6,not_started_other
non_idp_NG037008_3,non_idp,6,0,TRUE,6,not_started_other
non_idp_NG037008_4,non_idp,12,7,TRUE,12,not_started_other
non_idp_NG037008_6,non_idp,6,0,TRUE,6,not_started_other
non_idp_NG037008_7,non_idp,6,1,TRUE,6,not_started_other
non_idp_NG037008_8,non_idp,6,2,TRUE,6,not_started_other
non_idp_NG037008_9,non_idp,18,15,TRUE,18,not_started_other
non_idp_NG037009_1,non_idp,6,0,FALSE,0,not_started_access_lost
non_idp_NG037009_10,non_idp,6,5,TRUE,6,not_started_other
non_idp_NG037009_11,non_idp,6,3,TRUE,6,not_started_other
non_idp_NG037009_12,non_idp,12,11,TRUE,12,not_started_other
non_idp_NG037009_14,non_idp,6,0,FALSE,0,not_started_access_lost
non_idp_NG037009_15,non_idp,6,0,TRUE,6,not_started_other
non_idp_NG037009_16,non_idp,6,0,FALSE,0,not_started_access_lost
non_idp_NG037009_17,non_idp,6,0,FALSE,0,not_started_access_lost
non_idp_NG037009_2,non_idp,6,0,TRUE,6,not_started_other
non_idp_NG037009_3,non_idp,6,0,FALSE,0,not_started_access_lost
non_idp_NG037009_4,non_idp,6,0,FALSE,0,not_started_access_lost
non_idp_NG037009_5,non_idp,6,0,FALSE,0,not_started_access_lost
non_idp_NG037009_6,non_idp,6,0,FALSE,0,not_started_access_lost
non_idp_NG037009_7,non_idp,6,0,FALSE,0,not_started_access_lost
non_idp_NG037009_8,non_idp,6,0,FALSE,0,not_started_access_lost
non_idp_NG037009_9,non_idp,6,0,FALSE,0,not_started_access_lost
non_idp_NG037009_supp1,non_idp,6,0,FALSE,0,not_started_access_lost
non_idp_NG037009_supp10,non_idp,6,0,TRUE,6,not_started_other
non_idp_NG037009_supp11,non_idp,6,0,TRUE,6,not_started_other
non_idp_NG037009_supp12,non_idp,6,0,TRUE,6,not_started_other
non_idp_NG037009_supp13,non_idp,6,0,FALSE,5,not_started_access_lost
non_idp_NG037009_supp14,non_idp,6,0,TRUE,6,not_started_other
non_idp_NG037009_supp2,non_idp,6,0,FALSE,4,not_started_access_lost
non_idp_NG037009_supp3,non_idp,6,0,FALSE,0,not_started_access_lost
non_idp_NG037009_supp4,non_idp,6,5,TRUE,6,not_started_other
non_idp_NG037009_supp5,non_idp,6,0,TRUE,6,not_started_other
non_idp_NG037009_supp6,non_idp,6,3,TRUE,6,not_started_other
non_idp_NG037009_supp7,non_idp,6,4,TRUE,6,not_started_other
non_idp_NG037009_supp8,non_idp,6,0,TRUE,6,not_started_other
non_idp_NG037009_supp9,non_idp,6,0,TRUE,6,not_started_other
non_idp_NG037010_1,non_idp,6,0,FALSE,0,not_started_access_lost
non_idp_NG037010_10,non_idp,6,0,FALSE,0,not_started_access_lost
non_idp_NG037010_11,non_idp,6,0,FALSE,0,not_started_access_lost
non_idp_NG037010_12,non_idp,6,0,FALSE,0,not_started_access_lost
non_idp_NG037010_13,non_idp,6,0,FALSE,0,not_started_access_lost
non_idp_NG037010_14,non_idp,6,0,FALSE,0,not_started_access_lost
non_idp_NG037010_15,non_idp,6,0,FALSE,0,not_started_access_lost
non_idp_NG037010_16,non_idp,6,0,FALSE,0,not_started_access_lost
non_idp_NG037010_17,non_idp,6,6,TRUE,6,completed
non_idp_NG037010_2,non_idp,6,0,FALSE,0,not_started_access_lost
non_idp_NG037010_3,non_idp,6,0,FALSE,0,not_started_access_lost
non_idp_NG037010_4,non_idp,6,4,FALSE,0,partially_completed_access_lost
non_idp_NG037010_5,non_idp,6,0,FALSE,0,not_started_access_lost
non_idp_NG037010_6,non_idp,6,0,FALSE,0,not_started_access_lost
non_idp_NG037010_7,non_idp,6,0,FALSE,0,not_started_access_lost
non_idp_NG037010_8,non_idp,6,0,FALSE,0,not_started_access_lost
non_idp_NG037010_9,non_idp,6,0,FALSE,0,not_started_access_lost
non_idp_NG037010_supp1,non_idp,6,0,FALSE,0,not_started_access_lost
non_idp_NG037010_supp10,non_idp,6,0,FALSE,5,not_started_access_lost
non_idp_NG037010_supp11,non_idp,6,6,TRUE,6,completed
non_idp_NG037010_supp12,non_idp,6,0,TRUE,6,not_started_other
non_idp_NG037010_supp13,non_idp,6,0,FALSE,0,not_started_access_lost
non_idp_NG037010_supp14,non_idp,6,0,TRUE,6,not_started_other
non_idp_NG037010_supp15,non_idp,6,0,FALSE,0,not_started_access_lost
non_idp_NG037010_supp16,non_idp,6,0,FALSE,0,not_started_access_lost
non_idp_NG037010_supp17,non_idp,6,0,FALSE,0,not_started_access_lost
non_idp_NG037010_supp18,non_idp,6,0,FALSE,0,not_started_access_lost
non_idp_NG037010_supp19,non_idp,6,0,TRUE,6,not_started_other
non_idp_NG037010_supp2,non_idp,6,0,TRUE,6,not_started_other
non_idp_NG037010_supp20,non_idp,6,0,TRUE,6,not_started_other
non_idp_NG037010_supp21,non_idp,6,0,TRUE,6,not_started_other
non_idp_NG037010_supp22,non_idp,6,0,TRUE,6,not_started_other
non_idp_NG037010_supp23,non_idp,6,0,TRUE,6,not_started_other
non_idp_NG037010_supp3,non_idp,6,0,TRUE,6,not_started_other
non_idp_NG037010_supp4,non_idp,6,0,TRUE,6,not_started_other
non_idp_NG037010_supp5,non_idp,6,0,FALSE,5,not_started_access_lost
non_idp_NG037010_supp6,non_idp,6,0,TRUE,6,not_started_other
non_idp_NG037010_supp7,non_idp,6,0,FALSE,0,not_started_access_lost
non_idp_NG037010_supp8,non_idp,6,0,TRUE,6,not_started_other
non_idp_NG037010_supp9,non_idp,6,0,TRUE,6,not_started_other
non_idp_NG037011_1,non_idp,6,0,FALSE,0,not_started_access_lost
non_idp_NG037011_14,non_idp,6,5,TRUE,6,not_started_other
non_idp_NG037011_15,non_idp,6,0,FALSE,0,not_started_access_lost
non_idp_NG037011_16,non_idp,6,0,FALSE,0,not_started_access_lost
non_idp_NG037011_17,non_idp,6,0,FALSE,0,not_started_access_lost
non_idp_NG037011_2,non_idp,6,0,FALSE,0,not_started_access_lost
non_idp_NG037011_3,non_idp,12,12,TRUE,12,completed
non_idp_NG037011_5,non_idp,6,0,FALSE,0,not_started_access_lost
non_idp_NG037011_6,non_idp,12,9,TRUE,12,not_started_other
non_idp_NG037011_8,non_idp,6,4,TRUE,6,not_started_other
non_idp_NG037011_9,non_idp,30,24,TRUE,30,not_started_other
non_idp_NG037011_supp1,non_idp,6,0,TRUE,6,not_started_other
non_idp_NG037011_supp2,non_idp,6,2,TRUE,6,not_started_other
non_idp_NG037011_supp3,non_idp,6,5,TRUE,6,not_started_other
non_idp_NG037011_supp4,non_idp,6,0,TRUE,6,not_started_other
non_idp_NG037011_supp5,non_idp,6,3,TRUE,6,not_started_other
non_idp_NG037011_supp6,non_idp,6,4,TRUE,6,not_started_other
non_idp_NG037012_1,non_idp,6,0,FALSE,0,not_started_access_lost
non_idp_NG037012_10,non_idp,6,0,FALSE,0,not_started_access_lost
non_idp_NG037012_11,non_idp,6,0,FALSE,0,not_started_access_lost
non_idp_NG037012_12,non_idp,6,0,FALSE,0,not_started_access_lost
non_idp_NG037012_13,non_idp,6,0,FALSE,0,not_started_access_lost
non_idp_NG037012_14,non_idp,6,0,FALSE,0,not_started_access_lost
non_idp_NG037012_15,non_idp,6,0,FALSE,0,not_started_access_lost
non_idp_NG037012_16,non_idp,6,0,FALSE,0,not_started_access_lost
non_idp_NG037012_17,non_idp,6,0,FALSE,0,not_started_access_lost
non_idp_NG037012_2,non_idp,6,0,FALSE,0,not_started_access_lost
non_idp_NG037012_3,non_idp,6,0,FALSE,0,not_started_access_lost
non_idp_NG037012_4,non_idp,6,0,FALSE,0,not_started_access_lost
non_idp_NG037012_5,non_idp,30,28,TRUE,30,not_started_other
non_idp_NG037012_supp1,non_idp,6,0,FALSE,0,not_started_access_lost
non_idp_NG037012_supp10,non_idp,6,0,TRUE,6,not_started_other
non_idp_NG037012_supp11,non_idp,6,0,FALSE,0,not_started_access_lost
non_idp_NG037012_supp12,non_idp,6,0,FALSE,0,not_started_access_lost
non_idp_NG037012_supp13,non_idp,6,0,TRUE,6,not_started_other
non_idp_NG037012_supp14,non_idp,6,0,TRUE,6,not_started_other
non_idp_NG037012_supp15,non_idp,6,0,TRUE,6,not_started_other
non_idp_NG037012_supp2,non_idp,6,0,TRUE,6,not_started_other
non_idp_NG037012_supp3,non_idp,6,0,TRUE,6,not_started_other
non_idp_NG037012_supp4,non_idp,6,4,TRUE,6,not_started_other
non_idp_NG037012_supp5,non_idp,6,0,FALSE,0,not_started_access_lost
non_idp_NG037012_supp6,non_idp,6,0,TRUE,6,not_started_other
non_idp_NG037012_supp7,non_idp,6,2,TRUE,6,not_started_other
non_idp_NG037012_supp8,non_idp,6,0,TRUE,6,not_started_other
non_idp_NG037012_supp9,non_idp,6,0,TRUE,6,not_started_other
non_idp_NG037013_1,non_idp,6,0,FALSE,0,not_started_access_lost
non_idp_NG037013_10,non_idp,6,0,FALSE,0,not_started_access_lost
non_idp_NG037013_11,non_idp,18,12,FALSE,14,partially_completed_access_lost
non_idp_NG037013_14,non_idp,6,0,FALSE,0,not_started_access_lost
non_idp_NG037013_15,non_idp,6,0,FALSE,0,not_started_access_lost
non_idp_NG037013_16,non_idp,6,0,FALSE,0,not_started_access_lost
non_idp_NG037013_17,non_idp,6,0,FALSE,0,not_started_access_lost
non_idp_NG037013_2,non_idp,6,0,FALSE,0,not_started_access_lost
non_idp_NG037013_3,non_idp,6,0,FALSE,0,not_started_access_lost
non_idp_NG037013_4,non_idp,6,0,FALSE,0,not_started_access_lost
non_idp_NG037013_5,non_idp,6,0,FALSE,0,not_started_access_lost
non_idp_NG037013_6,non_idp,6,0,FALSE,0,not_started_access_lost
non_idp_NG037013_7,non_idp,6,0,FALSE,0,not_started_access_lost
non_idp_NG037013_8,non_idp,6,4,FALSE,0,partially_completed_access_lost
non_idp_NG037013_9,non_idp,6,0,FALSE,0,not_started_access_lost
non_idp_NG037014_1,non_idp,6,5,TRUE,6,not_started_other
non_idp_NG037014_10,non_idp,6,4,TRUE,6,not_started_other
non_idp_NG037014_11,non_idp,6,0,FALSE,0,not_started_access_lost
non_idp_NG037014_12,non_idp,6,4,TRUE,6,not_started_other
non_idp_NG037014_13,non_idp,6,2,TRUE,6,not_started_other
non_idp_NG037014_14,non_idp,6,0,FALSE,0,not_started_access_lost
non_idp_NG037014_15,non_idp,6,0,FALSE,0,not_started_access_lost
non_idp_NG037014_16,non_idp,12,10,TRUE,12,not_started_other
non_idp_NG037014_2,non_idp,6,0,FALSE,0,not_started_access_lost
non_idp_NG037014_3,non_idp,6,0,FALSE,0,not_started_access_lost
non_idp_NG037014_4,non_idp,6,0,FALSE,0,not_started_access_lost
non_idp_NG037014_5,non_idp,6,6,FALSE,0,completed
non_idp_NG037014_6,non_idp,6,0,FALSE,0,not_started_access_lost
non_idp_NG037014_7,non_idp,6,0,FALSE,0,not_started_access_lost
non_idp_NG037014_8,non_idp,6,6,TRUE,6,completed
non_idp_NG037014_9,non_idp,6,6,TRUE,6,completed
non_idp_NG037014_supp1,non_idp,6,0,FALSE,0,not_started_access_lost
non_idp_NG037014_supp10,non_idp,6,3,TRUE,6,not_started_other
non_idp_NG037014_supp2,non_idp,6,0,FALSE,0,not_started_access_lost
non_idp_NG037014_supp3,non_idp,6,2,TRUE,6,not_started_other
non_idp_NG037014_supp4,non_idp,6,1,TRUE,6,not_started_other
non_idp_NG037014_supp5,non_idp,6,0,TRUE,6,not_started_other
non_idp_NG037014_supp6,non_idp,6,0,TRUE,6,not_started_other
non_idp_NG037014_supp7,non_idp,6,1,TRUE,6,not_started_other
non_idp_NG037014_supp8,non_idp,6,0,FALSE,0,not_started_access_lost
non_idp_NG037014_supp9,non_idp,6,4,TRUE,6,not_started_other
