cluster_id,iom_site_id,iom_site_name,iom_site_type,iom_site_ward,region,adm1_name,adm2_name,latitude,longitude,caseload_hh,n_other_sites_in_hex,certainty_stratum,buffer_radius_m,surrounding_pop,surrounding_pop_hh,density_pop_per_km2,density_hh_per_km2,density_flag_p90,density_flag_p95,caseload_flag_150,caseload_flag_200,density_flag_default,caseload_flag_default,combined_flag_default,combined_flag_both_p90_150,combined_flag_either_p95_200,combined_flag_both_p95_200
idp_NG008021_7,BO_H304,Goni Kolo,Host Community,Gwange Iii,NE,Borno,Maiduguri,11.822790010265011,13.176049964233457,310,41,FALSE,750,41036.15625,6839.359375,23221.71417841378,3870.2856964022967,TRUE,TRUE,TRUE,TRUE,TRUE,TRUE,TRUE,TRUE,TRUE,TRUE
idp_NG008021_5,BO_H511,Ngarannam,Host Community,Bolori Ii,NE,Borno,Maiduguri,11.876419010362572,13.139592964272255,3239,12,FALSE,750,38476.78515625,6412.797526041667,21773.406406762853,3628.901067793809,TRUE,TRUE,TRUE,TRUE,TRUE,TRUE,TRUE,TRUE,TRUE,TRUE
idp_NG020031_9,KN_H176,Hotoro Tinshama,IDPs dispersed in Host Communities,Hotoro North,NW,Kano,Nasarawa,11.986060008848424,8.584369968332528,15,2,FALSE,750,36725.875,6120.979166666667,20782.59394000022,3463.7656566667033,TRUE,TRUE,FALSE,FALSE,TRUE,FALSE,TRUE,FALSE,TRUE,FALSE
idp_NG002017_1,AD_H439,Anguwan Tula,Host Community,Shelleng,NE,Adamawa,Shelleng,9.897840005821491,12.008039965065407,518,3,FALSE,750,36334.6328125,6055.772135416667,20561.19615124747,3426.8660252079117,TRUE,TRUE,TRUE,TRUE,TRUE,TRUE,TRUE,TRUE,TRUE,TRUE
idp_NG020042_2,KN_H133,Gobirawa,IDPs dispersed in Host Communities,Gobirawa,NW,Kano,Ungogo,12.033574008894902,8.48059096843434,8,0,FALSE,750,36145.14453125,6024.190755208333,20453.967718824624,3408.994619804104,TRUE,TRUE,FALSE,FALSE,TRUE,FALSE,TRUE,FALSE,TRUE,FALSE
idp_NG008021_3,BO_H329,Kulolori,Host Community,Maisandari,NE,Borno,Maiduguri,11.807740010216744,13.13228996426897,888,9,FALSE,750,35552.55078125,5925.425130208333,20118.628253730003,3353.104708955,TRUE,TRUE,TRUE,TRUE,TRUE,TRUE,TRUE,TRUE,TRUE,TRUE
idp_NG020025_10,KN_H025,Chiranchi,IDPs dispersed in Host Communities,Chiranchi,NW,Kano,Kumbotso,11.95056100874524,8.475834968426513,10,0,FALSE,750,35406.3828125,5901.063802083333,20035.91410351395,3339.319017252325,TRUE,TRUE,FALSE,FALSE,TRUE,FALSE,TRUE,FALSE,TRUE,FALSE
idp_NG020012_1,KN_H042,Dan Rimi A,IDPs dispersed in Host Communities,Kwachiri,NW,Kano,Fagge,12.05403000893258,8.484099968434183,23,0,FALSE,750,35316.79296875,5886.132161458333,19985.21662268322,3330.86943711387,TRUE,TRUE,FALSE,FALSE,TRUE,FALSE,TRUE,FALSE,TRUE,FALSE
idp_NG020012_3,New HC,Anguwar Nata'ala,IDPs dispersed in Host Communities,Kwachiri,NW,Kano,Fagge,12.050040008927956,8.49075996842749,25,3,FALSE,750,35219.96484375,5869.994140625,19930.423112553195,3321.7371854255325,TRUE,TRUE,FALSE,FALSE,TRUE,FALSE,TRUE,FALSE,TRUE,FALSE
idp_NG008013_1,BO_H154,Bulumkutu Ajaganaram,Host Community,Gomari,NE,Borno,Jere,11.8324700102522,13.090719964308112,868,5,FALSE,750,34549.83984375,5758.306640625,19551.209934812905,3258.534989135484,TRUE,TRUE,TRUE,TRUE,TRUE,TRUE,TRUE,TRUE,TRUE,TRUE
idp_NG034017_1,SO_H151,Gidan Dallatu,IDPs dispersed in Host Communities,T/Wada 'A',NW,Sokoto,Sokoto South,13.054390009316096,5.247629971606213,83,6,FALSE,750,33754.54296875,5625.757161458333,19101.16396545544,3183.5273275759064,TRUE,TRUE,FALSE,FALSE,TRUE,FALSE,TRUE,FALSE,TRUE,FALSE
idp_NG020021_1,KN_H253,Kofar Mata,IDPs dispersed in Host Communities,Zango,NW,Kano,Kano Municipal,11.997128008847405,8.52784166838578,32,1,FALSE,750,33686.84765625,5614.474609375,19062.85625484735,3177.1427091412247,TRUE,TRUE,FALSE,FALSE,TRUE,FALSE,TRUE,FALSE,TRUE,FALSE
idp_NG020031_5,KN_H220,Hotoro Fulani,IDPs dispersed in Host Communities,Hotoro North,NW,Kano,Nasarawa,11.969090008822064,8.595289968320081,14,0,FALSE,750,33351.74609375,5558.624348958333,18873.227561123997,3145.537926853999,TRUE,TRUE,FALSE,FALSE,TRUE,FALSE,TRUE,FALSE,TRUE,FALSE
idp_NG020038_3,New HC,Kauyen Alu,IDPs dispersed in Host Communities,Kauyen  Alu,NW,Kano,Tarauni,11.954325008788835,8.57674996833487,28,3,FALSE,750,32326.34765625,5387.724609375,18292.970743464153,3048.8284572440257,TRUE,TRUE,FALSE,FALSE,TRUE,FALSE,TRUE,FALSE,TRUE,FALSE
idp_NG020025_1,KN_H105,Medele,IDPs dispersed in Host Communities,Kumbotso,NW,Kano,Kumbotso,11.943695008748104,8.51729096838764,7,1,FALSE,750,32305.064453125,5384.177408854167,18280.926914194206,3046.821152365701,TRUE,TRUE,FALSE,FALSE,TRUE,FALSE,TRUE,FALSE,TRUE,FALSE
idp_NG020031_1,KN_H205,Badawa,IDPs dispersed in Host Communities,Giginyu,NW,Kano,Nasarawa,12.003030008874257,8.572149968346178,38,1,FALSE,750,31443.79296875,5240.632161458333,17793.54695301243,2965.5911588354043,TRUE,TRUE,FALSE,FALSE,TRUE,FALSE,TRUE,FALSE,TRUE,FALSE
idp_NG008013_6,BO_H136,Galtimari,Host Community,Bale Galtimari,NE,Borno,Jere,11.807240010232311,13.175399964231868,1283,17,FALSE,750,29434.6171875,4905.76953125,16656.58603878502,2776.097673130837,TRUE,TRUE,TRUE,TRUE,TRUE,TRUE,TRUE,TRUE,TRUE,TRUE
idp_NG008021_10,BO_H339,Abuja Talakawa,Host Community,Maisandari,NE,Borno,Maiduguri,11.81755001023098,13.116199964284135,1417,15,FALSE,750,29350.25390625,4891.708984375,16608.846187313415,2768.1410312189023,TRUE,TRUE,TRUE,TRUE,TRUE,TRUE,TRUE,TRUE,TRUE,TRUE
idp_NG008021_1,BO_H311,Shuwari,Host Community,Lamisula/Jabba Mari,NE,Borno,Maiduguri,11.847194010294562,13.1210339642841,588,23,FALSE,750,28704.431640625,4784.071940104167,16243.38554399599,2707.2309239993315,TRUE,TRUE,TRUE,TRUE,TRUE,TRUE,TRUE,TRUE,TRUE,TRUE
idp_NG019004_5,KD_H007,Hayin Rigasa,IDPs dispersed in Host Communities,Rigasa,NW,Kaduna,Igabi,10.528820005844022,7.383809969271567,730,1,FALSE,750,28499.408203125,4749.9013671875,16127.36601145264,2687.8943352421065,TRUE,TRUE,TRUE,TRUE,TRUE,TRUE,TRUE,TRUE,TRUE,TRUE
idp_NG034017_9,SO_H161,Mana,IDPs dispersed in Host Communities,Gagi 'B',NW,Sokoto,Sokoto South,13.028840009285055,5.266449971583584,66,0,FALSE,750,26896.146484375,4482.691080729167,15220.10546884261,2536.684244807102,TRUE,TRUE,FALSE,FALSE,TRUE,FALSE,TRUE,FALSE,TRUE,FALSE
idp_NG019010_1,KD_H343,Amingo,IDPs dispersed in Host Communities,Sabon Gari South,NW,Kaduna,Kaduna South,10.520050005829406,7.388289969266749,39,1,FALSE,750,26720.404296875,4453.400716145833,15120.655734263382,2520.1092890438968,TRUE,TRUE,FALSE,FALSE,TRUE,FALSE,TRUE,FALSE,TRUE,FALSE
idp_NG034016_14,SO_H002,Anguwan Yola,IDPs dispersed in Host Communities,Waziri 'B',NW,Sokoto,Sokoto North,13.076810009351169,5.250509971607922,81,1,FALSE,750,26472.9375,4412.15625,14980.618173467741,2496.769695577957,TRUE,TRUE,FALSE,FALSE,TRUE,FALSE,TRUE,FALSE,TRUE,FALSE
idp_NG019004_15,KD_H008,Hayin Danmani,IDPs dispersed in Host Communities,Rigasa,NW,Kaduna,Igabi,10.541730005871306,7.398559969258956,95,0,FALSE,750,26460.64453125,4410.107421875,14973.661776163433,2495.6102960272387,TRUE,TRUE,FALSE,FALSE,TRUE,FALSE,TRUE,FALSE,TRUE,FALSE
idp_NG019009_15,KD_H012,Rafin Guza,IDPs dispersed in Host Communities,Kawo,NW,Kaduna,Kaduna North,10.585350005969277,7.468989969197428,45,1,FALSE,750,25702.701171875,4283.783528645833,14544.75357268536,2424.1255954475596,TRUE,TRUE,FALSE,FALSE,TRUE,FALSE,TRUE,FALSE,TRUE,FALSE
idp_NG034017_10,SO_H008,Nakasari Area,IDPs dispersed in Host Communities,Gagi 'A',NW,Sokoto,Sokoto South,13.045980009312894,5.271029971582629,157,1,FALSE,750,25162.833984375,4193.8056640625,14239.251238449824,2373.2085397416377,TRUE,TRUE,TRUE,FALSE,TRUE,TRUE,TRUE,TRUE,TRUE,FALSE
idp_NG037007_11,ZF_H035,Balbeji Garka,IDPs dispersed in Host Communities,Kungurki,NW,Zamfara,Gusau,12.172872408460291,6.649280070143391,449,5,FALSE,750,24211.625,4035.2708333333335,13700.97706324377,2283.496177207295,TRUE,TRUE,TRUE,TRUE,TRUE,TRUE,TRUE,TRUE,TRUE,TRUE
idp_NG036014_7,YB_INT053,Masallacin Bare Bari,Integrated Sites,Dogo Nini,NE,Yobe,Potiskum,11.722340009273264,11.0842899660453,88,14,FALSE,750,23300.115234375,3883.3525390625,13185.168050352202,2197.528008392034,TRUE,TRUE,FALSE,FALSE,TRUE,FALSE,TRUE,FALSE,TRUE,FALSE
idp_NG021021_9,KT_H105,Kofar Marusa,IDPs dispersed in Host Communities,Wakilin Gabas Ii,NW,Katsina,Katsina,12.984510010185163,7.612779969393031,262,6,FALSE,750,23184.673828125,3864.1123046875,13119.841577668942,2186.6402629448235,TRUE,TRUE,TRUE,TRUE,TRUE,TRUE,TRUE,TRUE,TRUE,TRUE
idp_NG036001_11,YB_H540,Lawan Fannami,Host Community,Lawan Fannami,NE,Yobe,Bade,12.87679001146896,11.041809966268753,323,4,FALSE,750,23174.421875,3862.4036458333335,13114.04015894471,2185.6733598241185,TRUE,TRUE,TRUE,TRUE,TRUE,TRUE,TRUE,TRUE,TRUE,TRUE
idp_NG021021_8,KT_H512,Yan Shanu,IDPs dispersed in Host Communities,Wakilin Yamma 1,NW,Katsina,Katsina,12.991210010187684,7.592414969413084,38,4,FALSE,750,23164.49609375,3860.7493489583335,13108.423315744758,2184.7372192907933,TRUE,TRUE,FALSE,FALSE,TRUE,FALSE,TRUE,FALSE,TRUE,FALSE
idp_NG020025_7,KN_H099,Kayi,IDPs dispersed in Host Communities,Panshekara,NW,Kano,Kumbotso,11.89472400863883,8.457442968435318,10,3,FALSE,750,23085.90234375,3847.650390625,13063.948351091856,2177.324725181976,TRUE,TRUE,FALSE,FALSE,TRUE,FALSE,TRUE,FALSE,TRUE,FALSE
idp_NG036003_15,YB_H072,Farin Masallaci,Host Community,Njiwaji/Gwange,NE,Yobe,Damaturu,11.752710009661232,11.967079965271935,104,5,FALSE,750,23015.564453125,3835.9274088541665,13024.145247164297,2170.6908745273827,TRUE,TRUE,FALSE,FALSE,TRUE,FALSE,TRUE,FALSE,TRUE,FALSE
idp_NG008021_13,BO_H267,Bayan Texaco,Host Community,Bolori Ii,NE,Borno,Maiduguri,11.879385010361103,13.120028964289483,2210,21,FALSE,750,23002.046875,3833.6744791666665,13016.495862711943,2169.4159771186573,TRUE,TRUE,TRUE,TRUE,TRUE,TRUE,TRUE,TRUE,TRUE,TRUE
idp_NG019023_5,KD_H262,Gyallesu,IDPs dispersed in Host Communities,Gyallesu,NW,Kaduna,Zaria,11.087350306945885,7.719551769012902,38,0,FALSE,750,22877.9921875,3812.9986979166665,12946.295269896493,2157.715878316082,TRUE,TRUE,FALSE,FALSE,TRUE,FALSE,TRUE,FALSE,TRUE,FALSE
idp_NG019023_2,KD_H284,Hangwa Magaji A,IDPs dispersed in Host Communities,"Kwarbai ""A""",NW,Kaduna,Zaria,11.06341000690104,7.713359969016112,25,1,FALSE,750,22825.447265625,3804.2412109375,12916.560926604818,2152.7601544341364,TRUE,TRUE,FALSE,FALSE,TRUE,FALSE,TRUE,FALSE,TRUE,FALSE
idp_NG037008_7,ZF_H033,Baichen,IDPs dispersed in Host Communities,S/Baura S/Mafara,NW,Zamfara,Kaura Namoda,12.597781009136058,6.591009970267501,230,1,FALSE,750,22723.46484375,3787.244140625,12858.8506810941,2143.14178018235,TRUE,TRUE,TRUE,TRUE,TRUE,TRUE,TRUE,TRUE,TRUE,TRUE
idp_NG021008_4,KT_H430,Tumburkai,IDPs dispersed in Host Communities,Tumburkai A,NW,Katsina,Dandume,11.4612960074159,7.120690969607936,128,3,FALSE,750,22602.015625,3767.0026041666665,12790.12448198757,2131.687413664595,TRUE,TRUE,FALSE,FALSE,TRUE,FALSE,TRUE,FALSE,TRUE,FALSE
idp_NG019002_11,KD_H340,Romi,IDPs dispersed in Host Communities,Ung. Yelwa,NW,Kaduna,Chikun,10.43348300568205,7.422512969228606,271,0,FALSE,750,22473.798828125,3745.6331380208335,12717.568617062892,2119.5947695104824,TRUE,TRUE,TRUE,TRUE,TRUE,TRUE,TRUE,TRUE,TRUE,TRUE
idp_NG008021_9,BO_H265,By-Pass,Host Community,Bolori I,NE,Borno,Maiduguri,11.852356010300952,13.109824964294464,914,5,FALSE,750,22264.1796875,3710.6966145833335,12598.948448539715,2099.824741423286,TRUE,TRUE,TRUE,TRUE,TRUE,TRUE,TRUE,TRUE,TRUE,TRUE
idp_NG019010_10,KD_H267,Ung. Kafin Zagbzagi,IDPs dispersed in Host Communities,Tudun Wada South,NW,Kaduna,Kaduna South,10.507080005813636,7.416659969239546,28,0,FALSE,750,21424.4375,3570.7395833333335,12123.751577203087,2020.6252628671814,TRUE,TRUE,FALSE,FALSE,TRUE,FALSE,TRUE,FALSE,TRUE,FALSE
idp_NG019009_12,New Integrated,Layin Marghi,IDPs Integrated,Badarawa,NW,Kaduna,Kaduna North,10.558965105916483,7.450248869212611,27,2,FALSE,750,21337.2734375,3556.2122395833335,12074.426807756525,2012.4044679594208,TRUE,TRUE,FALSE,FALSE,TRUE,FALSE,TRUE,FALSE,TRUE,FALSE
idp_NG019010_8,KD_H013,Kurmi Mashi,IDPs dispersed in Host Communities,Badiko,NW,Kaduna,Kaduna South,10.464680005736552,7.4150999692377555,49,2,FALSE,750,21330.353515625,3555.0589192708335,12070.510933010868,2011.7518221684782,TRUE,TRUE,FALSE,FALSE,TRUE,FALSE,TRUE,FALSE,TRUE,FALSE
idp_NG020025_5,KN_H010,Farawa,IDPs dispersed in Host Communities,Mariri,NW,Kano,Kumbotso,11.950034008795129,8.61497796829936,8,1,FALSE,750,21231.771484375,3538.6285807291665,12014.724914971837,2002.4541524953063,TRUE,TRUE,FALSE,FALSE,TRUE,FALSE,TRUE,FALSE,TRUE,FALSE
idp_NG021012_10,KT_H080,Unguwar Dabino,IDPs dispersed in Host Communities,Dutsin-Ma 'A',NW,Katsina,Dutsin-Ma,12.45055830924643,7.500536669400203,118,0,FALSE,750,20943.154296875,3490.5257161458335,11851.400996565064,1975.2334994275107,TRUE,TRUE,FALSE,FALSE,TRUE,FALSE,TRUE,FALSE,TRUE,FALSE
idp_NG036014_1,YB_INT055,Yandiski,Integrated Sites,Dogo Nini,NE,Yobe,Potiskum,11.724230009279534,11.091259966039386,50,5,FALSE,750,20892.267578125,3482.0445963541665,11822.605004292034,1970.4341673820056,TRUE,TRUE,FALSE,FALSE,TRUE,FALSE,TRUE,FALSE,TRUE,FALSE
idp_NG002021_14,AD_H424,Lamidos,Host Community,Makama 'A',NE,Adamawa,Yola South,9.212920004450664,12.4831099646291,143,5,FALSE,750,19973.998046875,3328.9996744791665,11302.970746552957,1883.8284577588263,TRUE,TRUE,FALSE,FALSE,TRUE,FALSE,TRUE,FALSE,TRUE,FALSE
idp_NG034016_9,SO_H027,Kalhu Area,IDPs dispersed in Host Communities,S/Zamfara 'B',NW,Sokoto,Sokoto North,13.05361000930491,5.223059971629095,152,1,FALSE,750,19872.353515625,3312.0589192708335,11245.451708022483,1874.2419513370805,TRUE,TRUE,TRUE,FALSE,TRUE,TRUE,TRUE,TRUE,TRUE,FALSE
idp_NG021019_2,KT_H169,Alhaji Zaiyana,IDPs dispersed in Host Communities,Kankara A&B,NW,Katsina,Kankara,11.934330008333916,7.41500996939867,382,9,FALSE,750,19862.05078125,3310.341796875,11239.621552989081,1873.2702588315135,TRUE,TRUE,TRUE,TRUE,TRUE,TRUE,TRUE,TRUE,TRUE,TRUE
idp_NG019010_7,New Integrated,Kurmin Mashi,IDPs Integrated,Badiko,NW,Kaduna,Kaduna South,10.553241005896874,7.416222969243557,25,0,FALSE,750,19724.583984375,3287.4306640625,11161.831258824937,1860.305209804156,TRUE,TRUE,FALSE,FALSE,TRUE,FALSE,TRUE,FALSE,TRUE,FALSE
idp_NG020031_6,KN_H201,Dawakin Dakata,IDPs dispersed in Host Communities,Dakata,NW,Kano,Nasarawa,12.02564400891685,8.578091968344093,34,1,FALSE,750,19559.17578125,3259.8626302083335,11068.229363161676,1844.7048938602795,TRUE,TRUE,FALSE,FALSE,TRUE,FALSE,TRUE,FALSE,TRUE,FALSE
idp_NG019010_4,KD_H342,Down Quarters,IDPs dispersed in Host Communities,Kakuri Hausa,NW,Kaduna,Kaduna South,10.469860005746174,7.416054769237274,46,2,FALSE,750,19401.3203125,3233.5533854166665,10978.90144086603,1829.8169068110049,TRUE,TRUE,FALSE,FALSE,TRUE,FALSE,TRUE,FALSE,TRUE,FALSE
idp_NG037002_6,ZF_H227,Tudun Wada,IDPs dispersed in Host Communities,Bakura,NW,Zamfara,Bakura,12.71083000903613,5.8738299709557,218,0,FALSE,750,19218.408203125,3203.0680338541665,10875.394360480619,1812.5657267467698,TRUE,TRUE,TRUE,TRUE,TRUE,TRUE,TRUE,TRUE,TRUE,TRUE
idp_NG002017_6,AD_H371,Anguwan Hakimi,Host Community,Kiri,NE,Adamawa,Shelleng,9.683590005361904,12.001189965062023,24,1,FALSE,750,18825.30078125,3137.5501302083335,10652.941064987224,1775.4901774978707,TRUE,TRUE,FALSE,FALSE,TRUE,FALSE,TRUE,FALSE,TRUE,FALSE
idp_NG019009_14,KD_H268,Ramat Close,IDPs dispersed in Host Communities,Gabasawa,NW,Kaduna,Kaduna North,10.541320005888712,7.4654099691972196,66,0,FALSE,750,18715.515625,3119.2526041666665,10590.815375048367,1765.1358958413944,TRUE,TRUE,FALSE,FALSE,TRUE,FALSE,TRUE,FALSE,TRUE,FALSE
idp_NG021029_2,KT_H034,Sabuwar Unguwa,IDPs dispersed in Host Communities,Musawa,NW,Katsina,Musawa,12.127234008760478,7.674290969188214,173,6,FALSE,750,18630.404296875,3105.0673828125,10542.652215637841,1757.108702606307,TRUE,FALSE,TRUE,FALSE,TRUE,TRUE,TRUE,TRUE,FALSE,FALSE
idp_NG019002_12,KD_H246,Angwan Mai Gero,IDPs dispersed in Host Communities,Narayi,NW,Kaduna,Chikun,10.480020005775332,7.456319969200874,70,1,FALSE,750,18454.53125,3075.7552083333335,10443.12842980037,1740.5214049667286,TRUE,FALSE,FALSE,FALSE,TRUE,FALSE,TRUE,FALSE,FALSE,FALSE
idp_NG021021_1,KT_H329,Garejin Haidu,IDPs dispersed in Host Communities,Wakilin Yamma 1I,NW,Katsina,Katsina,12.975349010156428,7.580495169421006,316,5,FALSE,750,18454.083984375,3075.6806640625,10442.875329231148,1740.4792215385246,TRUE,FALSE,TRUE,TRUE,TRUE,TRUE,TRUE,TRUE,TRUE,FALSE
idp_NG036003_11,YB_INT011,Unguwar Boka,Integrated Sites,Nayinawa,NE,Yobe,Damaturu,11.7427800096343,11.94857996528678,163,4,FALSE,750,18316.318359375,3052.7197265625,10364.915932939968,1727.485988823328,TRUE,FALSE,TRUE,FALSE,TRUE,TRUE,TRUE,TRUE,FALSE,FALSE
idp_NG019010_11,KD_H332,Babban Dodo,IDPs dispersed in Host Communities,Makera,NW,Kaduna,Kaduna South,10.467930565742954,7.417065204236196,86,0,FALSE,750,18299.40625,3049.9010416666665,10355.345636743907,1725.8909394573177,TRUE,FALSE,FALSE,FALSE,TRUE,FALSE,TRUE,FALSE,FALSE,FALSE
idp_NG019023_1,KD_H017,Unguwan Dankali,IDPs dispersed in Host Communities,Kufena,NW,Kaduna,Zaria,11.078760006919827,7.684789969044005,11,0,FALSE,750,18053.14453125,3008.857421875,10215.990010669708,1702.6650017782847,TRUE,FALSE,FALSE,FALSE,TRUE,FALSE,TRUE,FALSE,FALSE,FALSE
idp_NG036013_12,YB_H262,Yan Chiyawa,Host Community,Bulabulin,NE,Yobe,Nguru,12.87178001120765,10.464009966782134,76,7,FALSE,750,17714.80859375,2952.4680989583335,10024.5310351008,1670.7551725168,TRUE,FALSE,FALSE,FALSE,TRUE,FALSE,TRUE,FALSE,FALSE,FALSE
idp_NG019009_1,KD_H329,Zangoaya,IDPs dispersed in Host Communities,Kawo,NW,Kaduna,Kaduna North,10.517996305841187,7.445668169213608,228,1,FALSE,750,17616.53515625,2936.0891927083335,9968.919645402106,1661.4866075670177,TRUE,FALSE,TRUE,TRUE,TRUE,TRUE,TRUE,TRUE,TRUE,FALSE
idp_NG034021_9,SO_H207,Behind Alheri School,IDPs dispersed in Host Communities,Arkilla,NW,Sokoto,Wamako,13.010184009237689,5.21931697162416,97,3,FALSE,750,17530.462890625,2921.7438151041665,9920.212706602684,1653.3687844337805,TRUE,FALSE,FALSE,FALSE,TRUE,FALSE,TRUE,FALSE,FALSE,FALSE
idp_NG020017_2,KN_H227,Sararin Gezawa,IDPs dispersed in Host Communities,Sararin-Gezawa,NW,Kano,Gezawa,12.097440009112583,8.758627968190167,12,1,FALSE,750,17444.91015625,2907.4850260416665,9871.799762350918,1645.2999603918197,TRUE,FALSE,FALSE,FALSE,TRUE,FALSE,TRUE,FALSE,FALSE,FALSE
idp_NG008011_1,BO_H117,Wakane,Host Community,Gwoza Wakane / Bulabulin,NE,Borno,Gwoza,11.08893000889002,13.690859963704408,2917,7,FALSE,750,17434.138671875,2905.6897786458335,9865.704349079031,1644.2840581798387,TRUE,FALSE,TRUE,TRUE,TRUE,TRUE,TRUE,TRUE,TRUE,FALSE
idp_NG019002_9,KD_H215,Gonin Gora,IDPs dispersed in Host Communities,Kakau,NW,Kaduna,Chikun,10.421990005653814,7.39443996925367,342,1,FALSE,750,17049.986328125,2841.6643880208335,9648.318591183388,1608.0530985305647,TRUE,FALSE,TRUE,TRUE,TRUE,TRUE,TRUE,TRUE,TRUE,FALSE
idp_NG027006_3,NI_H034,Barinkin Sale,IDPs dispersed in Host Communities,Minna South,NC,Niger,Chanchaga,9.59122530395405,6.5353372700053045,33,1,FALSE,750,17043.630859375,2840.6051432291665,9644.722131566576,1607.4536885944292,TRUE,FALSE,FALSE,FALSE,TRUE,FALSE,TRUE,FALSE,FALSE,FALSE
idp_NG037007_14,ZF_H081,Gayari,IDPs dispersed in Host Communities,Gayariu,NW,Zamfara,Gusau,12.191026008502494,6.682219970115605,1825,0,FALSE,750,16992.12890625,2832.021484375,9615.577987855533,1602.5963313092554,TRUE,FALSE,TRUE,TRUE,TRUE,TRUE,TRUE,TRUE,TRUE,FALSE
idp_NG020044_11,KN_H255,Layinalhazai (New),IDPs dispersed in Host Communities,Sabon Gari,NW,Kano,Wudil,11.795793008597965,8.839662968072783,22,0,FALSE,750,16828.884765625,2804.8141276041665,9523.200701059952,1587.200116843325,TRUE,FALSE,FALSE,FALSE,TRUE,FALSE,TRUE,FALSE,FALSE,FALSE
idp_NG021006_5,KT_H234,Unguwar Mazaga,IDPs dispersed in Host Communities,Charanchi,NW,Katsina,Charanchi,12.67275000971346,7.732569969224862,70,4,FALSE,750,16674.619140625,2779.1031901041665,9435.904214774047,1572.650702462341,TRUE,FALSE,FALSE,FALSE,TRUE,FALSE,TRUE,FALSE,FALSE,FALSE
idp_NG037012_1,ZF_H147,Nrc,IDPs dispersed in Host Communities,Shiyar Kayaye/Matusgi,NW,Zamfara,Talata Mafara,12.563430008880408,6.074689970742237,526,0,FALSE,750,16640.11328125,2773.3522135416665,9416.37789269346,1569.39631544891,TRUE,FALSE,TRUE,TRUE,TRUE,TRUE,TRUE,TRUE,TRUE,FALSE
idp_NG020016_4,KN_H083,Tani,IDPs dispersed in Host Communities,Gaya Kudu,NW,Kano,Gaya,11.86090000877552,9.00349996793278,31,3,FALSE,750,16499.41796875,2749.9029947916665,9336.760632411739,1556.126772068623,TRUE,FALSE,FALSE,FALSE,TRUE,FALSE,TRUE,FALSE,FALSE,FALSE
idp_NG020017_10,KN_H159,Jogana,IDPs dispersed in Host Communities,Jogana,NW,Kano,Gezawa,12.023525008957195,8.69723096823507,14,0,FALSE,750,16416.966796875,2736.1611328125,9290.102813504625,1548.3504689174376,TRUE,FALSE,FALSE,FALSE,TRUE,FALSE,TRUE,FALSE,FALSE,FALSE
idp_NG036005_1,YB_H098,Bakkati,Host Community,Damagum Town,NE,Yobe,Fune,11.67555500927362,11.33674596581576,95,4,FALSE,750,16306.90234375,2717.8170572916665,9227.819073865337,1537.9698456442227,TRUE,FALSE,FALSE,FALSE,TRUE,FALSE,TRUE,FALSE,FALSE,FALSE
idp_NG021013_9,KT_H272,Sabon Pegi,IDPs dispersed in Host Communities,Yankara,NW,Katsina,Faskari,11.779020007949493,7.079409969687147,172,0,FALSE,750,16104.587890625,2684.0979817708335,9113.332512891906,1518.8887521486513,TRUE,FALSE,TRUE,FALSE,TRUE,TRUE,TRUE,TRUE,FALSE,FALSE
idp_NG008009_1,BO_H582,Goneri,Host Community,Gubio Town Ii,NE,Borno,Gubio,12.498860011489825,12.784059964675398,428,3,FALSE,750,16082.46875,2680.4114583333335,9100.815639763325,1516.802606627221,TRUE,FALSE,TRUE,TRUE,TRUE,TRUE,TRUE,TRUE,TRUE,FALSE
idp_NG032010_3,PL_H022,Dadin Kowa,IDPs dispersed in Host Communities,Dadin Kowa,NC,Plateau,Langtang South,8.727380002911136,9.788819967011504,15,2,FALSE,750,15939.5458984375,2656.5909830729165,9019.937850227463,1503.3229750379105,TRUE,FALSE,FALSE,FALSE,TRUE,FALSE,TRUE,FALSE,FALSE,FALSE
idp_NG008005_8,BO_H045,Galdimare,Host Community,Kenken,NE,Borno,Biu,10.613940007390465,12.192375964951292,1651,4,FALSE,750,15882.4833984375,2647.08056640625,8987.647080662375,1497.9411801103959,TRUE,FALSE,TRUE,TRUE,TRUE,TRUE,TRUE,TRUE,TRUE,FALSE
idp_NG019002_15,KD_H221,Kudansa,IDPs dispersed in Host Communities,Rido,NW,Kaduna,Chikun,10.427880005701551,7.534559969124793,690,0,FALSE,750,15761.724609375,2626.9541015625,8919.311584836283,1486.551930806047,TRUE,FALSE,TRUE,TRUE,TRUE,TRUE,TRUE,TRUE,TRUE,FALSE
idp_NG036001_3,YB_H017,Zango 2,Host Community,Zangon Musa/Zango Umaru,NE,Yobe,Bade,12.882590011475047,11.030969966279455,522,5,FALSE,750,15477.7802734375,2579.6300455729165,8758.63195949442,1459.77199324907,TRUE,FALSE,TRUE,TRUE,TRUE,TRUE,TRUE,TRUE,TRUE,FALSE
idp_NG036003_14,YB_INT012,Pompomari Jammaina,Integrated Sites,Njiwaji/Gwange,NE,Yobe,Damaturu,11.75789000967141,11.966389965273242,120,1,FALSE,750,15426.375,2571.0625,8729.542525295064,1454.9237542158442,TRUE,FALSE,FALSE,FALSE,TRUE,FALSE,TRUE,FALSE,FALSE,FALSE
idp_NG008007_13,BO_H091,Hausari H. Community,Host Community,Damboa,NE,Borno,Damboa,11.151170008703373,12.75503996451363,1557,9,FALSE,750,15303.5810546875,2550.5968424479165,8660.055366616878,1443.3425611028129,TRUE,FALSE,TRUE,TRUE,TRUE,TRUE,TRUE,TRUE,TRUE,FALSE
idp_NG020017_4,KN_H163,Gunduwawa,IDPs dispersed in Host Communities,Babawa,NW,Kano,Gezawa,12.01699050892054,8.629864968295552,64,2,FALSE,750,15202.115234375,2533.6858723958335,8602.637457789826,1433.7729096316377,TRUE,FALSE,FALSE,FALSE,TRUE,FALSE,TRUE,FALSE,FALSE,FALSE
idp_NG019007_3,KD_INT025,Emirate,IDPs Integrated,Kafanchan 'A',NW,Kaduna,Jema'a,9.583631004310678,8.289661968385506,116,0,FALSE,750,15174.205078125,2529.0341796875,8586.843540173275,1431.1405900288792,TRUE,FALSE,FALSE,FALSE,TRUE,FALSE,TRUE,FALSE,FALSE,FALSE
idp_NG037007_8,ZF_H080,Shiyar Rafi,IDPs dispersed in Host Communities,Shiyar Rafi,NW,Zamfara,Gusau,12.18616000848572,6.6585099701368735,914,3,FALSE,750,15008.11328125,2501.3522135416665,8492.854809578888,1415.4758015964815,TRUE,FALSE,TRUE,TRUE,TRUE,TRUE,TRUE,TRUE,TRUE,FALSE
idp_NG002020_17,AD_H400,Bakin Kogi,Host Community,Gwadabawa,NE,Adamawa,Yola North,9.281840004597758,12.4642899646467,94,0,FALSE,750,14980.109375,2496.6848958333335,8477.007840314642,1412.8346400524404,TRUE,FALSE,FALSE,FALSE,TRUE,FALSE,TRUE,FALSE,FALSE,FALSE
idp_NG002010_17,AD_H217,Sabon Layi,Host Community,Madagali,NE,Adamawa,Madagali,10.892290008441496,13.629529963737026,79,1,FALSE,750,14901.9462890625,2483.65771484375,8432.77658166835,1405.4627636113914,TRUE,FALSE,FALSE,FALSE,TRUE,FALSE,TRUE,FALSE,FALSE,FALSE
idp_NG021012_1,KT_H241,Kadangaru,IDPs dispersed in Host Communities,Dutsin-Ma 'B',NW,Katsina,Dutsin-Ma,12.46327000926391,7.4902582694118145,309,2,FALSE,750,14798.3671875,2466.39453125,8374.162800282787,1395.6938000471312,TRUE,FALSE,TRUE,TRUE,TRUE,TRUE,TRUE,TRUE,TRUE,FALSE
idp_NG002016_12,AD_H362,Green Village,Host Community,Sabon Pegi,NE,Adamawa,Numan,9.455210004879742,12.037669965022529,267,2,FALSE,750,14792.7734375,2465.4622395833335,8370.997385303515,1395.1662308839193,TRUE,FALSE,TRUE,TRUE,TRUE,TRUE,TRUE,TRUE,TRUE,FALSE
idp_NG027024_1,NI_H074,Pasali Katampe,IDPs dispersed in Host Communities,Wuse West,NC,Niger,Tafa,9.308194003580295,7.245468969338945,119,1,FALSE,750,14786.376953125,2464.3961588541665,8367.377715590834,1394.5629525984723,TRUE,FALSE,FALSE,FALSE,TRUE,FALSE,TRUE,FALSE,FALSE,FALSE
idp_NG002020_9,AD_H405,Rume-Baru,Host Community,Jambutu,NE,Adamawa,Yola North,9.272020004571903,12.44428996466387,241,12,FALSE,750,14701.0439453125,2450.1739908854165,8319.089111138359,1386.514851856393,TRUE,FALSE,TRUE,TRUE,TRUE,TRUE,TRUE,TRUE,TRUE,FALSE
idp_NG008016_4,BO_H201,Moromti,Host Community,Auno / Chabbol,NE,Borno,Konduga,11.846140010265232,13.05095996434422,611,5,FALSE,750,14539.26171875,2423.2102864583335,8227.539098474057,1371.256516412343,TRUE,FALSE,TRUE,TRUE,TRUE,TRUE,TRUE,TRUE,TRUE,FALSE
idp_NG021002_9,KT_H484,Barhim Village,IDPs dispersed in Host Communities,Ajiwa,NW,Katsina,Batagarawa,12.975310010184112,7.646499969360188,12,0,FALSE,750,14477.431640625,2412.9052734375,8192.55043157503,1365.4250719291715,TRUE,FALSE,FALSE,FALSE,TRUE,FALSE,TRUE,FALSE,FALSE,FALSE
idp_NG027022_12,NI_H021,Gwada,IDPs dispersed in Host Communities,Egwa/Wgada,NC,Niger,Shiroro,9.754285004306247,6.811962969754524,81,3,FALSE,750,14459.849609375,2409.9749348958335,8182.6010371464645,1363.766839524411,TRUE,FALSE,FALSE,FALSE,TRUE,FALSE,TRUE,FALSE,FALSE,FALSE
idp_NG008009_10,BO_H502,Mallam Suri,Host Community,Gubio Town I,NE,Borno,Gubio,12.492280011475469,12.781379964676583,568,2,FALSE,750,14457.8173828125,2409.63623046875,8181.451032158359,1363.5751720263934,TRUE,FALSE,TRUE,TRUE,TRUE,TRUE,TRUE,TRUE,TRUE,FALSE
idp_NG037011_6,ZF_H105,Alkalawa,IDPs dispersed in Host Communities,Shinkafi South,NW,Zamfara,Shinkafi,13.065850009851353,6.502139970436956,328,3,FALSE,750,14424.8955078125,2404.1492513020835,8162.8210618753255,1360.470176979221,TRUE,FALSE,TRUE,TRUE,TRUE,TRUE,TRUE,TRUE,TRUE,FALSE
idp_NG019003_13,KD_H326,Layin Marayu,IDPs dispersed in Host Communities,Giwa,NW,Kaduna,Giwa,11.255790007165851,7.46272996926783,24,0,FALSE,750,14256.7099609375,2376.1183268229165,8067.647511149032,1344.6079185248386,TRUE,FALSE,FALSE,FALSE,TRUE,FALSE,TRUE,FALSE,FALSE,FALSE
idp_NG021028_10,KT_H134,Unguwan Mallam Dahe,IDPs dispersed in Host Communities,Matazu 'B',NW,Katsina,Matazu,12.23722000895052,7.676659969203122,88,1,FALSE,750,14050.71484375,2341.7858072916665,7951.0781203821525,1325.1796867303588,TRUE,FALSE,FALSE,FALSE,TRUE,FALSE,TRUE,FALSE,FALSE,FALSE
idp_NG020044_1,KN_H049,Yan Kwaya,IDPs dispersed in Host Communities,Sabon Gari,NW,Kano,Wudil,11.79761000860568,8.8520079680618,18,1,FALSE,750,14011.7314453125,2335.28857421875,7929.018029502689,1321.5030049171148,TRUE,FALSE,FALSE,FALSE,TRUE,FALSE,TRUE,FALSE,FALSE,FALSE
idp_NG026006_9,NW_INT020,Yelwa Tofa,IDPs Integrated,Angwan Iya Ii,NC,Nasarawa,Keffi,8.83431000280273,7.873539968755104,14,0,FALSE,750,14000.3291015625,2333.38818359375,7922.565622851505,1320.4276038085843,TRUE,FALSE,FALSE,FALSE,TRUE,FALSE,TRUE,FALSE,FALSE,FALSE
idp_NG021025_10,KT_H162,Malumfashi 'A',IDPs dispersed in Host Communities,Malumfashi 'A',NW,Katsina,Malumfashi,11.78497000814782,7.620919969187818,115,1,FALSE,750,13950.0205078125,2325.00341796875,7894.096782405943,1315.682797067657,TRUE,FALSE,FALSE,FALSE,TRUE,FALSE,TRUE,FALSE,FALSE,FALSE
idp_NG034018_10,New HC,Illela Fako,IDPs dispersed in Host Communities,Tambuwal/Shinfiri,NW,Sokoto,Tambuwal,12.400870008090129,4.644919972054511,405,0,FALSE,750,13875.21484375,2312.5358072916665,7851.76543589281,1308.6275726488016,TRUE,FALSE,TRUE,TRUE,TRUE,TRUE,TRUE,TRUE,TRUE,FALSE
idp_NG032007_3,PL_H070,Angwan Galadima,IDPs dispersed in Host Communities,Dengi,NC,Plateau,Kanam,9.36824000424475,9.964419966859149,14,1,FALSE,750,13873.5537109375,2312.2589518229165,7850.825427010173,1308.4709045016955,TRUE,FALSE,FALSE,FALSE,TRUE,FALSE,TRUE,FALSE,FALSE,FALSE
idp_NG026008_10,NW_H058,Dunama,IDPs dispersed in Host Communities,Chiroma,NC,Nasarawa,Lafia,8.4984630022547325,8.520805968164854,30,1,FALSE,750,13838.1484375,2306.3580729166665,7830.79014068449,1305.1316901140817,TRUE,FALSE,FALSE,FALSE,TRUE,FALSE,TRUE,FALSE,FALSE,FALSE
idp_NG019002_6,KD_H245,Angwan Gimbiya,IDPs dispersed in Host Communities,Sabon Tasha,NW,Kaduna,Chikun,10.470120005734913,7.372099969277884,321,1,FALSE,750,13761.017578125,2293.5029296875,7787.143002784199,1297.8571671306997,TRUE,FALSE,TRUE,TRUE,TRUE,TRUE,TRUE,TRUE,TRUE,FALSE
idp_NG037007_1,ZF_H005,Damba,IDPs dispersed in Host Communities,Tudun Wada,NW,Zamfara,Gusau,12.14744000845079,6.7389399700562045,416,0,FALSE,750,13423.0576171875,2237.17626953125,7595.896786427409,1265.9827977379016,TRUE,FALSE,TRUE,TRUE,TRUE,TRUE,TRUE,TRUE,TRUE,FALSE
idp_NG021012_11,KT_H239,Hayin Gada,IDPs dispersed in Host Communities,Shema,NW,Katsina,Dutsin-Ma,12.459173309262392,7.504144969398318,346,0,FALSE,750,13314.4365234375,2219.07275390625,7534.429821114127,1255.7383035190212,TRUE,FALSE,TRUE,TRUE,TRUE,TRUE,TRUE,TRUE,TRUE,FALSE
idp_NG019019_4,KD_H100,Ruga Fulani,IDPs dispersed in Host Communities,Hanwa,NW,Kaduna,Sabon-Gari,11.114410006989267,7.702919969031047,13,2,FALSE,750,13197.21875,2199.5364583333335,7468.098130231268,1244.6830217052116,TRUE,FALSE,FALSE,FALSE,TRUE,FALSE,TRUE,FALSE,FALSE,FALSE
idp_NG002010_1,AD_H209,Market Square,Host Community,Gulak,NE,Adamawa,Madagali,10.804460008195038,13.46028996387322,279,3,FALSE,750,13024.3974609375,2170.73291015625,7370.30128605061,1228.3835476751017,TRUE,FALSE,TRUE,TRUE,TRUE,TRUE,TRUE,TRUE,TRUE,FALSE
idp_NG032005_10,PL_H132,Angwan Dong Izang Village,IDPs dispersed in Host Communities,Jos Jarawa,NC,Plateau,Jos North,9.922130005099502,8.901579967841032,186,8,FALSE,750,12781.1708984375,2130.1951497395835,7232.66320707061,1205.4438678451017,FALSE,FALSE,TRUE,FALSE,FALSE,TRUE,TRUE,FALSE,FALSE,FALSE
idp_NG036001_14,YB_H007,Malam Yakubu,Host Community,Lawan Musa,NE,Yobe,Bade,12.881070011480674,11.050279966262051,463,2,FALSE,750,12618.23046875,2103.0384114583335,7140.4577855087155,1190.0762975847858,FALSE,FALSE,TRUE,TRUE,FALSE,TRUE,TRUE,FALSE,TRUE,FALSE
idp_NG002005_5,AD_H080,Angwan Fulani,Host Community,Modire/ Vinikilang,NE,Adamawa,Girei,9.30444000465261,12.488749964625926,181,11,FALSE,750,12509.7802734375,2084.96337890625,7079.087528928214,1179.8479214880358,FALSE,FALSE,TRUE,FALSE,FALSE,TRUE,TRUE,FALSE,FALSE,FALSE
idp_NG019002_13,KD_H014,Kyauta Village,IDPs dispersed in Host Communities,Kujama,NW,Kaduna,Chikun,10.518300005854227,7.491879969170997,152,2,FALSE,750,12498.67578125,2083.1126302083335,7072.803671782735,1178.8006119637894,FALSE,FALSE,TRUE,FALSE,FALSE,TRUE,TRUE,FALSE,FALSE,FALSE
idp_NG021007_12,KT_H194,Tijjani Sanda,IDPs dispersed in Host Communities,Dan Musa A,NW,Katsina,Dan Musa,12.260550008862388,7.336879969520198,574,0,FALSE,750,12478.197265625,2079.6995442708335,7061.215202488856,1176.8692004148095,FALSE,FALSE,TRUE,TRUE,FALSE,TRUE,TRUE,FALSE,TRUE,FALSE
idp_NG034003_1,SO_H038,Sabon Gari,IDPs dispersed in Host Communities,Dange,NW,Sokoto,Dange-Shuni,12.85496900905098,5.343673971478099,255,3,FALSE,750,12258.669921875,2043.1116536458333,6936.98813794967,1156.1646896582783,FALSE,FALSE,TRUE,TRUE,FALSE,TRUE,TRUE,FALSE,TRUE,FALSE
idp_NG019001_2,KD_H354,Dadin Kowa,IDPs dispersed in Host Communities,Magajin Gari I,NW,Kaduna,Birnin-Gwari,10.66046000585083,6.550089970054851,179,10,FALSE,750,12182.58203125,2030.4303385416667,6893.93119963001,1148.9885332716685,FALSE,FALSE,TRUE,FALSE,FALSE,TRUE,TRUE,FALSE,FALSE,FALSE
idp_NG021014_6,KT_H064,Unguwar Wanzamai,IDPs dispersed in Host Communities,Mai Gamji,NW,Katsina,Funtua,11.508490007561011,7.312719969436162,158,9,FALSE,750,12157.2109375,2026.2018229166667,6879.574097471929,1146.5956829119882,FALSE,FALSE,TRUE,FALSE,FALSE,TRUE,TRUE,FALSE,FALSE,FALSE
idp_NG002015_10,AD_H319,Shuware,Host Community,Sabon Layi,NE,Adamawa,Mubi South,10.262710006952966,13.269890963993683,202,4,FALSE,750,12014.5166015625,2002.41943359375,6798.82562132733,1133.137603554555,FALSE,FALSE,TRUE,TRUE,FALSE,TRUE,TRUE,FALSE,TRUE,FALSE
idp_NG032005_1,PL_H137,Rikkos,IDPs dispersed in Host Communities,Jos Jarawa,NC,Plateau,Jos North,9.91091000507783,8.90152996784053,357,0,FALSE,750,11894.84375,1982.4739583333333,6731.104640420398,1121.8507734033997,FALSE,FALSE,TRUE,TRUE,FALSE,TRUE,TRUE,FALSE,TRUE,FALSE
idp_NG032003_3,PL_H311,Tudu Bokkos,IDPs dispersed in Host Communities,Bokkos,NC,Plateau,Bokkos,9.299870003908474,8.99265996773627,214,3,FALSE,750,11778.125,1963.0208333333333,6665.055339037262,1110.8425565062103,FALSE,FALSE,TRUE,TRUE,FALSE,TRUE,TRUE,FALSE,TRUE,FALSE
idp_NG002016_10,AD_H361,Gweda Mallam,Host Community,Sabon Pegi,NE,Adamawa,Numan,9.449830004867117,12.033099965026372,192,1,FALSE,750,11605.9052734375,1934.3175455729167,6567.598909595994,1094.5998182659991,FALSE,FALSE,TRUE,FALSE,FALSE,TRUE,TRUE,FALSE,FALSE,FALSE
idp_NG008005_2,BO_H047,Miringa,Host Community,Miringa,NE,Borno,Biu,10.733093007626978,12.147809965000278,673,1,FALSE,750,11580.1103515625,1930.0183919270833,6553.001969780615,1092.1669949634356,FALSE,FALSE,TRUE,TRUE,FALSE,TRUE,TRUE,FALSE,TRUE,FALSE
idp_NG002009_7,AD_H187,Lafiya,Host Community,Lafiya,NE,Adamawa,Lamurde,9.650660005248094,11.820219965219264,176,0,FALSE,750,11567.4990234375,1927.91650390625,6545.865417922668,1090.977569653778,FALSE,FALSE,TRUE,FALSE,FALSE,TRUE,TRUE,FALSE,FALSE,FALSE
idp_NG021032_10,KT_H305,Kofar Fada,IDPs dispersed in Host Communities,Safana,NW,Katsina,Safana,12.405980009138691,7.416669969470148,211,5,FALSE,750,11535.7529296875,1922.62548828125,6527.90080372117,1087.9834672868617,FALSE,FALSE,TRUE,TRUE,FALSE,TRUE,TRUE,FALSE,TRUE,FALSE
idp_NG021014_1,KT_H063,Jabiri,IDPs dispersed in Host Communities,Mai Gamji,NW,Katsina,Funtua,11.498300007542946,7.311809969435744,253,1,FALSE,750,11383.857421875,1897.3095703125,6441.9455294036125,1073.6575882339355,FALSE,FALSE,TRUE,TRUE,FALSE,TRUE,TRUE,FALSE,TRUE,FALSE
idp_NG032011_1,PL_H092,Rcc Cocin Mangu,IDPs dispersed in Host Communities,Mangu I,NC,Plateau,Mangu,9.485290004302705,9.138199967608683,537,8,FALSE,750,11268.837890625,1878.1396484375,6376.85778913499,1062.8096315224982,FALSE,FALSE,TRUE,TRUE,FALSE,TRUE,TRUE,FALSE,TRUE,FALSE
idp_NG027017_1,New HC,Tifi madza angwan hausawa,IDPs dispersed in Host Communities,Mokwa,NC,Niger,Mokwa,9.29470900314696,5.049902971385912,265,0,FALSE,750,11178.0712890625,1863.0118815104167,6325.494399601392,1054.249066600232,FALSE,FALSE,TRUE,TRUE,FALSE,TRUE,TRUE,FALSE,TRUE,FALSE
idp_NG037008_3,ZF_H230,Mother Cat,IDPs dispersed in Host Communities,S/Baura S/Mafara,NW,Zamfara,Kaura Namoda,12.604790009146068,6.587489970272002,550,2,FALSE,750,10967.08203125,1827.8470052083333,6206.098903351971,1034.3498172253285,FALSE,FALSE,TRUE,TRUE,FALSE,TRUE,TRUE,FALSE,TRUE,FALSE
idp_NG002021_9,AD_H430,Wuro Jabbe,Host Community,Namtari,NE,Adamawa,Yola South,9.257650004529658,12.394289964707044,159,1,FALSE,750,10848.6630859375,1808.1105143229167,6139.08748823299,1023.1812480388318,FALSE,FALSE,TRUE,FALSE,FALSE,TRUE,TRUE,FALSE,FALSE,FALSE
idp_NG037012_5,ZF_H197,Unguwa V Rogo,IDPs dispersed in Host Communities,Shiyar Galadima,NW,Zamfara,Talata Mafara,12.22272000833128,6.072639970687942,346,0,FALSE,750,10808.638671875,1801.4397786458333,6116.438303015555,1019.4063838359258,FALSE,FALSE,TRUE,TRUE,FALSE,TRUE,TRUE,FALSE,TRUE,FALSE
idp_NG034019_6,SO_H223,Sabon Gari,IDPs dispersed in Host Communities,Tangaza,NW,Sokoto,Tangaza,13.368620009657736,4.941459971957289,921,3,FALSE,750,10696.69921875,1782.783203125,6053.09353042232,1008.8489217370534,FALSE,FALSE,TRUE,TRUE,FALSE,TRUE,TRUE,FALSE,TRUE,FALSE
idp_NG037003_4,ZF_H094,Magaji Ii,IDPs dispersed in Host Communities,Nasarawa Godal West,NW,Zamfara,Birnin Magaji,12.546470009138506,6.812179970053259,554,3,FALSE,750,10632.62109375,1772.103515625,6016.832729221217,1002.8054548702028,FALSE,FALSE,TRUE,TRUE,FALSE,TRUE,TRUE,FALSE,TRUE,FALSE
idp_NG021022_2,KT_H046,Kofar Fada,IDPs dispersed in Host Communities,Kurfi 'A',NW,Katsina,Kurfi,12.668560009606477,7.484119969453048,205,1,FALSE,750,10628.9189453125,1771.4864908854167,6014.737741758504,1002.4562902930841,FALSE,FALSE,TRUE,TRUE,FALSE,TRUE,TRUE,FALSE,TRUE,FALSE
idp_NG037010_11,ZF_H165,Shiyar Fada,IDPs dispersed in Host Communities,Maru,NW,Zamfara,Maru,12.329080008625947,6.401869970398166,308,0,FALSE,750,10517.396484375,1752.8994140625,5951.628938473256,991.9381564122093,FALSE,FALSE,TRUE,TRUE,FALSE,TRUE,TRUE,FALSE,TRUE,FALSE
idp_NG008005_5,BO_H038,Dugja,Host Community,Dugja,NE,Borno,Biu,10.625075007408912,12.175977964966508,1427,0,FALSE,750,10091.2783203125,1681.8797200520833,5710.49538415578,951.74923069263,FALSE,FALSE,TRUE,TRUE,FALSE,TRUE,TRUE,FALSE,TRUE,FALSE
idp_NG008020_3,BO_H253,Dawale,Host Community,Gaji Ganna I,NE,Borno,Magumeri,12.111471010724149,12.82942996457382,845,7,FALSE,750,9922.982421875,1653.8304036458333,5615.2593872191765,935.8765645365294,FALSE,FALSE,TRUE,TRUE,FALSE,TRUE,TRUE,FALSE,TRUE,FALSE
idp_NG037011_4,ZF_H109,Ajiyawa,IDPs dispersed in Host Communities,Shinkafi North,NW,Zamfara,Shinkafi,13.076810009866488,6.496849970444025,182,1,FALSE,750,9900.4658203125,1650.07763671875,5602.517597209212,933.752932868202,FALSE,FALSE,TRUE,FALSE,FALSE,TRUE,TRUE,FALSE,FALSE,FALSE
idp_NG002015_3,AD_H339,Tikke,Host Community,Lamorde,NE,Adamawa,Mubi South,10.261930006949212,13.262769963999745,303,5,FALSE,750,9817.703125,1636.2838541666667,5555.683492097771,925.9472486829619,FALSE,FALSE,TRUE,TRUE,FALSE,TRUE,TRUE,FALSE,TRUE,FALSE
idp_NG034009_1,SO_H171,Yartulluwa,IDPs dispersed in Host Communities,Isa South,NW,Sokoto,Isa,13.203840010031058,6.412409970547951,681,5,FALSE,750,9548.6806640625,1591.44677734375,5403.447920681062,900.5746534468436,FALSE,FALSE,TRUE,TRUE,FALSE,TRUE,TRUE,FALSE,TRUE,FALSE
idp_NG008020_10,BO_H254,Lawanti Ajiri,Host Community,Gaji Ganna Ii,NE,Borno,Magumeri,12.259700011142424,13.111669964353723,856,6,FALSE,750,9520.87890625,1586.8131510416667,5387.715344032162,897.9525573386937,FALSE,FALSE,TRUE,TRUE,FALSE,TRUE,TRUE,FALSE,TRUE,FALSE
idp_NG037006_1,ZF_H098,Daki Takwas,IDPs dispersed in Host Communities,Birnin Tudu,NW,Zamfara,Gummi,11.987860007677922,5.295709971378997,2578,0,FALSE,750,9346.5283203125,1557.7547200520833,5289.053094848441,881.5088491414068,FALSE,FALSE,TRUE,TRUE,FALSE,TRUE,TRUE,FALSE,TRUE,FALSE
idp_NG021013_1,KT_H014,Tudun Markabu,IDPs dispersed in Host Communities,Faskari,NW,Katsina,Faskari,11.720590007830609,7.024479969730115,153,2,FALSE,750,9293.9853515625,1548.99755859375,5259.319856799426,876.553309466571,FALSE,FALSE,TRUE,FALSE,FALSE,TRUE,TRUE,FALSE,FALSE,FALSE
idp_NG008006_13,BO_INT006,Yobe,Integrated Sites,Chibok Garu,NE,Borno,Chibok,10.873130008147411,12.855399964398954,234,0,FALSE,750,9292.962890625,1548.8271484375,5258.741262266727,876.4568770444546,FALSE,FALSE,TRUE,TRUE,FALSE,TRUE,TRUE,FALSE,TRUE,FALSE
idp_NG007021_7,BN_H038,Zaki-Biam,IDPs dispersed in Host Communities,Uyam,NC,Benue,Ukum,7.5003430003774,9.596405967227986,6077,2,FALSE,750,8994.3720703125,1499.06201171875,5089.773422214823,848.2955703691371,FALSE,FALSE,TRUE,TRUE,FALSE,TRUE,TRUE,FALSE,TRUE,FALSE
idp_NG007013_4,BN_H352,Ward 2,IDPs dispersed in Host Communities,North Bank I,NC,Benue,Makurdi,7.749305000782624,8.54358996816991,510,0,FALSE,750,8811.6396484375,1468.6066080729167,4986.368024154165,831.0613373590276,FALSE,FALSE,TRUE,TRUE,FALSE,TRUE,TRUE,FALSE,TRUE,FALSE
idp_NG019009_6,KD_H272,Sea Breezer,IDPs dispersed in Host Communities,Gaji,NW,Kaduna,Kaduna North,10.496020005796892,7.428769969227523,164,2,FALSE,750,8726.2685546875,1454.3780924479167,4938.057867469813,823.0096445783022,FALSE,FALSE,TRUE,FALSE,FALSE,TRUE,TRUE,FALSE,FALSE,FALSE
idp_NG036010_8,YB_H538,Abujan Amare,Host Community,Lawan Fannami,NE,Yobe,Karasuwa,12.88942001149299,11.042779966270263,477,0,FALSE,750,8666.775390625,1444.4625651041667,4904.391623413905,817.3986039023176,FALSE,FALSE,TRUE,TRUE,FALSE,TRUE,TRUE,FALSE,TRUE,FALSE
idp_NG037008_9,ZF_H051,Tudun Jala,IDPs dispersed in Host Communities,Kyam Barawa,NW,Zamfara,Kaura Namoda,12.42781000886672,6.6118899702190905,421,0,FALSE,750,8458.7509765625,1409.7918294270833,4786.673885522911,797.7789809204852,FALSE,FALSE,TRUE,TRUE,FALSE,TRUE,TRUE,FALSE,TRUE,FALSE
idp_NG007007_3,BN_H289,Ikpayongo,IDPs dispersed in Host Communities,Mbasombo,NC,Benue,Gwer East,7.572825000438056,8.598703968129515,1034,0,FALSE,750,8443.4384765625,1407.23974609375,4778.008783065686,796.3347971776143,FALSE,FALSE,TRUE,TRUE,FALSE,TRUE,TRUE,FALSE,TRUE,FALSE
idp_NG037007_13,ZF_H065,Bulunku,IDPs dispersed in Host Communities,Rijiya,NW,Zamfara,Gusau,12.1444300084287,6.692149970099179,422,1,FALSE,750,8411.751953125,1401.9586588541667,4760.077878765329,793.3463131275549,FALSE,FALSE,TRUE,TRUE,FALSE,TRUE,TRUE,FALSE,TRUE,FALSE
idp_NG002021_12,AD_H421,Shagari Ii,Host Community,Bole Yolde Pate,NE,Adamawa,Yola South,9.19245000440288,12.469659964640456,201,2,FALSE,750,8398.6787109375,1399.77978515625,4752.679937018207,792.1133228363678,FALSE,FALSE,TRUE,TRUE,FALSE,TRUE,TRUE,FALSE,TRUE,FALSE
idp_NG034019_1,SO_H188,Massallachi Gongono,IDPs dispersed in Host Communities,Sakkwai,NW,Sokoto,Tangaza,13.368720009655938,4.9368799719615986,363,3,FALSE,750,8218.3427734375,1369.7237955729167,4650.630671701812,775.1051119503021,FALSE,FALSE,TRUE,TRUE,FALSE,TRUE,TRUE,FALSE,TRUE,FALSE
idp_NG034018_16,New HC,KAN-WURI,IDPs dispersed in Host Communities,Sanyinna,NW,Sokoto,Tambuwal,12.698460008623332,4.8597399719036805,246,0,FALSE,750,8154.06494140625,1359.0108235677083,4614.256859438687,769.0428099064477,FALSE,FALSE,TRUE,TRUE,FALSE,TRUE,TRUE,FALSE,TRUE,FALSE
idp_NG008019_17,BO_H247,Bulamari,Host Community,Mafa,NE,Borno,Mafa,11.926510010648602,13.601309963884304,187,2,FALSE,750,7833.5458984375,1305.5909830729167,4432.880183728251,738.8133639547085,FALSE,FALSE,TRUE,FALSE,FALSE,TRUE,TRUE,FALSE,FALSE,FALSE
idp_NG036006_3,YB_INT018,Kusurmari,Integrated Sites,Hausari,NE,Yobe,Geidam,12.876260011859111,11.928329965487372,244,8,FALSE,750,7778.49365234375,1296.4156087239583,4401.726985171337,733.6211641952228,FALSE,FALSE,TRUE,TRUE,FALSE,TRUE,TRUE,FALSE,TRUE,FALSE
idp_NG002005_11,AD_H071,Sabon Gari,Host Community,Girei I,NE,Adamawa,Girei,9.339380004733258,12.50726996461062,250,2,FALSE,750,7777.90771484375,1296.3179524739583,4401.395412373229,733.5659020622048,FALSE,FALSE,TRUE,TRUE,FALSE,TRUE,TRUE,FALSE,TRUE,FALSE
idp_NG008006_14,BO_H076,Yobe,Host Community,Mbalala,NE,Borno,Chibok,10.77409000794311,12.877879964370454,169,0,FALSE,750,7767.79052734375,1294.6317545572917,4395.6702553925625,732.6117092320939,FALSE,FALSE,TRUE,FALSE,FALSE,TRUE,TRUE,FALSE,FALSE,FALSE
idp_NG034012_1,SO_H059,Sabon Gari,IDPs dispersed in Host Communities,Rabah,NW,Sokoto,Rabah,13.126590009532372,5.507569971376927,183,2,FALSE,750,7711.59033203125,1285.2650553385417,4363.867450462023,727.3112417436705,FALSE,FALSE,TRUE,FALSE,FALSE,TRUE,TRUE,FALSE,FALSE,FALSE
idp_NG021001_1,KT_H375,Guga,IDPs dispersed in Host Communities,Guga,NW,Katsina,Bakori,11.533832907615242,7.343047569411296,153,3,FALSE,750,7618.16064453125,1269.6934407552083,4310.997062561023,718.4995104268372,FALSE,FALSE,TRUE,FALSE,FALSE,TRUE,TRUE,FALSE,FALSE,FALSE
idp_NG021007_17,KT_H009,Yan Tumaki,IDPs dispersed in Host Communities,Yan-Tumaki 'A',NW,Katsina,Dan Musa,12.19894000880956,7.4754859693825395,262,2,FALSE,750,7612.80615234375,1268.801025390625,4307.967039807645,717.9945066346075,FALSE,FALSE,TRUE,TRUE,FALSE,TRUE,TRUE,FALSE,TRUE,FALSE
idp_NG007012_13,BN_H052,Ugba,IDPs dispersed in Host Communities,Mbayam,NC,Benue,Logo,7.50814100037289,9.356528967444405,1051,1,FALSE,750,7612.43994140625,1268.739990234375,4307.759806808828,717.9599678014713,FALSE,FALSE,TRUE,TRUE,FALSE,TRUE,TRUE,FALSE,TRUE,FALSE
idp_NG037014_1,ZF_H144,Moriki,IDPs dispersed in Host Communities,Galadima/Yanruwa,NW,Zamfara,Zurmi,12.876490009547013,6.494909970407318,414,0,FALSE,750,7581.81494140625,1263.6358235677083,4290.429601894377,715.0716003157295,FALSE,FALSE,TRUE,TRUE,FALSE,TRUE,TRUE,FALSE,TRUE,FALSE
idp_NG037014_3,ZF_H142,Dauran,IDPs dispersed in Host Communities,Daura/Birnin-Tsaba,NW,Zamfara,Zurmi,12.727120009401764,6.731729970159791,680,1,FALSE,750,7521.0625,1253.5104166666667,4256.050752633202,709.3417921055337,FALSE,FALSE,TRUE,TRUE,FALSE,TRUE,TRUE,FALSE,TRUE,FALSE
idp_NG002020_6,AD_H522,Gadamayo,Host Community,Bole Yolde Pate,NE,Adamawa,Yola North,9.214430004445417,12.442839964664104,299,1,FALSE,750,7515.73583984375,1252.6226399739583,4253.036479587734,708.8394132646223,FALSE,FALSE,TRUE,TRUE,FALSE,TRUE,TRUE,FALSE,TRUE,FALSE
idp_NG027011_4,NI_H045,Unguwa Rafin-Karma,IDPs dispersed in Host Communities,Nagwamatse,NC,Niger,Kontagora,10.398462005123932,5.496666971017624,440,3,FALSE,750,7508.31591796875,1251.385986328125,4248.8376627210255,708.1396104535042,FALSE,FALSE,TRUE,TRUE,FALSE,TRUE,TRUE,FALSE,TRUE,FALSE
idp_NG008012_11,BO_H132,Shaffa,Host Community,Shaffa,NE,Borno,Hawul,10.508850007209473,12.32888996482399,1730,0,FALSE,750,7499.7255859375,1249.9542643229167,4243.976529190095,707.3294215316826,FALSE,FALSE,TRUE,TRUE,FALSE,TRUE,TRUE,FALSE,TRUE,FALSE
idp_NG002010_6,AD_H211,Gar Jalingo,Host Community,Gulak,NE,Adamawa,Madagali,10.81136000821122,13.463909963870762,237,0,FALSE,750,7492.798828125,1248.7998046875,4240.056786095127,706.6761310158545,FALSE,FALSE,TRUE,TRUE,FALSE,TRUE,TRUE,FALSE,TRUE,FALSE
idp_NG034019_16,New HC,Shiyar Hakimi A,IDPs dispersed in Host Communities,Gidan Madi,NW,Sokoto,Tangaza,13.299820009571446,4.977459971909115,304,0,FALSE,750,7408.39794921875,1234.7329915364583,4192.295658702309,698.7159431170514,FALSE,FALSE,TRUE,TRUE,FALSE,TRUE,TRUE,FALSE,TRUE,FALSE
idp_NG037010_14,ZF_H168,Shiyar Galadima (Kasuwa Karama),IDPs dispersed in Host Communities,Ruwan Dorawa,NW,Zamfara,Maru,12.23438000847963,6.425449970361078,326,0,FALSE,750,7348.3310546875,1224.7218424479167,4158.30474961492,693.0507916024868,FALSE,FALSE,TRUE,TRUE,FALSE,TRUE,TRUE,FALSE,TRUE,FALSE
idp_NG034019_5,SO_H055,Kan Wuri,IDPs dispersed in Host Communities,Gidan Madi,NW,Sokoto,Tangaza,13.292680009559325,4.973729971911149,209,0,FALSE,750,7297.3173828125,1216.2195638020833,4129.436916568968,688.2394860948278,FALSE,FALSE,TRUE,TRUE,FALSE,TRUE,TRUE,FALSE,TRUE,FALSE
idp_NG002021_11,AD_H521,Modire,Host Community,Bole Yolde Pate,NE,Adamawa,Yola South,9.205200004428054,12.456409964652153,152,0,FALSE,750,7227.14697265625,1204.5244954427083,4089.728587199535,681.6214311999224,FALSE,FALSE,TRUE,FALSE,FALSE,TRUE,TRUE,FALSE,FALSE,FALSE
idp_NG037011_12,ZF_H108,Gidan Sarki,IDPs dispersed in Host Communities,Badarawa,NW,Zamfara,Shinkafi,12.999670009756816,6.527489970400478,384,0,FALSE,750,7216.48486328125,1202.7474772135417,4083.6950675166277,680.6158445861046,FALSE,FALSE,TRUE,TRUE,FALSE,TRUE,TRUE,FALSE,TRUE,FALSE
idp_NG008006_4,BO_INT009,Lawan Benji,Integrated Sites,Chibok Wuntaku,NE,Borno,Chibok,10.866800008128816,12.839599964411988,204,10,FALSE,750,7192.90673828125,1198.8177897135417,4070.352578120757,678.3920963534596,FALSE,FALSE,TRUE,TRUE,FALSE,TRUE,TRUE,FALSE,TRUE,FALSE
idp_NG002021_4,AD_H431,Saminaka,Host Community,Namtari,NE,Adamawa,Yola South,9.275410004564607,12.376309964723015,230,1,FALSE,750,7100.064453125,1183.3440755208333,4017.814591949861,669.6357653249768,FALSE,FALSE,TRUE,TRUE,FALSE,TRUE,TRUE,FALSE,TRUE,FALSE
idp_NG007008_12,BN_H026,Antsa Community,IDPs dispersed in Host Communities,Ikyaghev,NC,Benue,Gwer West,7.582020000422183,8.201569968492269,2408,3,FALSE,750,7086.99072265625,1181.1651204427083,4010.416373892074,668.4027289820123,FALSE,FALSE,TRUE,TRUE,FALSE,TRUE,TRUE,FALSE,TRUE,FALSE
idp_NG037005_6,ZF_H120,Barkallahu,IDPs dispersed in Host Communities,Kwatarkwashi,NW,Zamfara,Bungudu,12.143580008472412,6.8157799699843125,900,0,FALSE,750,6992.0908203125,1165.3484700520833,3956.714014578488,659.4523357630814,FALSE,FALSE,TRUE,TRUE,FALSE,TRUE,TRUE,FALSE,TRUE,FALSE
idp_NG008013_13,BO_H465,Muna Asheri,Host Community,Dusuman,NE,Borno,Jere,11.87127001039044,13.238639964186529,714,20,FALSE,750,6904.82373046875,1150.803955078125,3907.330943581591,651.2218239302651,FALSE,FALSE,TRUE,TRUE,FALSE,TRUE,TRUE,FALSE,TRUE,FALSE
idp_NG037007_7,ZF_H160,Gidan Fulani,IDPs dispersed in Host Communities,Wanke,NW,Zamfara,Gusau,12.051080008255653,6.643519970130225,958,0,FALSE,750,6683.42578125,1113.904296875,3782.045332884444,630.340888814074,FALSE,FALSE,TRUE,TRUE,FALSE,TRUE,TRUE,FALSE,TRUE,FALSE
idp_NG002014_1,AD_H322,Yelwa,Host Community,Yelwa,NE,Adamawa,Mubi North,10.269940006963918,13.252739964008864,286,6,FALSE,750,6669.2138671875,1111.53564453125,3774.0030346663316,629.000505777722,FALSE,FALSE,TRUE,TRUE,FALSE,TRUE,TRUE,FALSE,TRUE,FALSE
idp_NG002005_13,AD_H082,Jabbore,Host Community,Modire/ Vinikilang,NE,Adamawa,Girei,9.2914700046254,12.494309964620824,188,0,FALSE,750,6646.76318359375,1107.7938639322917,3761.298546596154,626.883091099359,FALSE,FALSE,TRUE,FALSE,FALSE,TRUE,TRUE,FALSE,FALSE,FALSE
idp_NG008014_2,BO_H199,Ngamdu B,Host Community,Ngamdu,NE,Borno,Kaga,11.759490009783702,12.256459965020175,378,3,FALSE,750,6603.3251953125,1100.55419921875,3736.717673519074,622.7862789198457,FALSE,FALSE,TRUE,TRUE,FALSE,TRUE,TRUE,FALSE,TRUE,FALSE
idp_NG027025_6,NI_H062,Dako 2 Unit,IDPs dispersed in Host Communities,Zungeru,NC,Niger,Wushishi,9.811032004263344,6.152800070370193,187,2,FALSE,750,6564.48779296875,1094.081298828125,3714.740199528473,619.1233665880789,FALSE,FALSE,TRUE,FALSE,FALSE,TRUE,TRUE,FALSE,FALSE,FALSE
idp_NG037003_14,ZF_H044,Sabon Yala,IDPs dispersed in Host Communities,Birnin Magaji,NW,Zamfara,Birnin Magaji,12.627190009276006,6.825359970055099,409,0,FALSE,750,6385.6640625,1064.27734375,3613.546668341862,602.257778056977,FALSE,FALSE,TRUE,TRUE,FALSE,TRUE,TRUE,FALSE,TRUE,FALSE
idp_NG027025_4,NI_H063,Sabon Kasuwa,IDPs dispersed in Host Communities,Zungeru,NC,Niger,Wushishi,9.80120810424605,6.152849170369712,182,0,FALSE,750,6376.4658203125,1062.7443033854167,3608.341528032895,601.3902546721492,FALSE,FALSE,TRUE,FALSE,FALSE,TRUE,TRUE,FALSE,FALSE,FALSE
idp_NG002005_16,AD_H087,Jabbi Lamba,Host Community,Wuro Dole,NE,Adamawa,Girei,9.498880005098144,12.575999964555209,200,1,FALSE,750,6338.21728515625,1056.3695475260417,3586.6972847043926,597.7828807840655,FALSE,FALSE,TRUE,FALSE,FALSE,TRUE,TRUE,FALSE,FALSE,FALSE
idp_NG007013_8,BN_H353,Ward 1,IDPs dispersed in Host Communities,North Bank I,NC,Benue,Makurdi,7.759431000802564,8.542733968170165,809,5,FALSE,750,6175.4248046875,1029.2374674479167,3494.5755852740194,582.4292642123366,FALSE,FALSE,TRUE,TRUE,FALSE,TRUE,TRUE,FALSE,TRUE,FALSE
idp_NG027005_3,NI_H004,Ungwan Madaki,IDPs dispersed in Host Communities,Makunkele,NC,Niger,Bosso,9.683839004106147,6.470117970069336,230,0,FALSE,750,5986.91552734375,997.8192545572916,3387.901155734681,564.6501926224469,FALSE,FALSE,TRUE,TRUE,FALSE,TRUE,TRUE,FALSE,TRUE,FALSE
idp_NG034020_14,SO_H032,Lambar Tureta,IDPs dispersed in Host Communities,Lambar Tureta,NW,Sokoto,Tureta,12.660970008835676,5.559969971240252,170,0,FALSE,750,5881.00390625,980.1673177083334,3327.9674383019837,554.6612397169973,FALSE,FALSE,TRUE,FALSE,FALSE,TRUE,TRUE,FALSE,FALSE,FALSE
idp_NG037004_12,ZF_H061,Sabon Gari,IDPs dispersed in Host Communities,Bukkuyum,NW,Zamfara,Bukkuyum,12.13121000796591,5.466429971240414,397,1,FALSE,750,5818.71630859375,969.7860514322916,3292.719868309766,548.7866447182943,FALSE,FALSE,TRUE,TRUE,FALSE,TRUE,TRUE,FALSE,TRUE,FALSE
idp_NG027020_6,NI_H052,Angwan Makarahuta,IDPs dispersed in Host Communities,Sabon Gari,NC,Niger,Rafi,10.18743800495031,6.265497970285174,189,5,FALSE,750,5766.07861328125,961.0131022135416,3262.9330259917233,543.8221709986205,FALSE,FALSE,TRUE,FALSE,FALSE,TRUE,TRUE,FALSE,FALSE,FALSE
idp_NG034006_1,SO_H159,Sabon Gari,IDPs dispersed in Host Communities,Goronyo,NW,Sokoto,Goronyo,13.435860010069804,5.670649971288149,179,1,FALSE,750,5749.02001953125,958.1700032552084,3253.2798365961357,542.2133060993559,FALSE,FALSE,TRUE,FALSE,FALSE,TRUE,TRUE,FALSE,FALSE,FALSE
idp_NG027022_14,NI_H024,Palaita,IDPs dispersed in Host Communities,Gussoro,NC,Niger,Shiroro,9.919827004603135,6.80652696976712,261,0,FALSE,750,5745.11376953125,957.5189615885416,3251.0693512754146,541.8448918792358,FALSE,FALSE,TRUE,TRUE,FALSE,TRUE,TRUE,FALSE,TRUE,FALSE
idp_NG027025_2,NI_H076,Tudun Wada,IDPs dispersed in Host Communities,Sabon Gari,NC,Niger,Wushishi,9.733592004110957,6.078251970436435,170,0,FALSE,750,5636.6728515625,939.4454752604166,3189.7043445975505,531.6173907662584,FALSE,FALSE,TRUE,FALSE,FALSE,TRUE,TRUE,FALSE,FALSE,FALSE
idp_NG007019_10,New HC,Ogobia Host Community,IDPs dispersed in Host Communities,Ugboju-Ehaje,NC,Benue,Oturkpo,7.344449999945888,8.046689968649925,169,0,FALSE,750,5599.9189453125,933.31982421875,3168.905888214889,528.1509813691482,FALSE,FALSE,TRUE,FALSE,FALSE,TRUE,TRUE,FALSE,FALSE,FALSE
idp_NG007013_3,BN_H345,Agboughul Hc,IDPs dispersed in Host Communities,Modern Market,NC,Benue,Makurdi,7.73868000075682,8.49405996821571,468,5,FALSE,750,5544.10400390625,924.017333984375,3137.321092399105,522.8868487331843,FALSE,FALSE,TRUE,TRUE,FALSE,TRUE,TRUE,FALSE,TRUE,FALSE
idp_NG037011_1,ZF_H102,Galadi Prim Area,IDPs dispersed in Host Communities,Galadi,NW,Zamfara,Shinkafi,13.057980009804686,6.420109970511706,374,0,FALSE,750,5502.3134765625,917.05224609375,3113.672491506039,518.9454152510065,FALSE,FALSE,TRUE,TRUE,FALSE,TRUE,TRUE,FALSE,TRUE,FALSE
idp_NG037007_17,ZF_H188,Saminaka,IDPs dispersed in Host Communities,Tudun Wada,NW,Zamfara,Gusau,12.182970008500044,6.711979970086722,501,2,FALSE,750,5499.458984375,916.5764973958334,3112.0571793579225,518.6761965596537,FALSE,FALSE,TRUE,TRUE,FALSE,TRUE,TRUE,FALSE,TRUE,FALSE
idp_NG021019_13,KT_H289,Yar Goje,IDPs dispersed in Host Communities,Dan'Maidaki,NW,Katsina,Kankara,11.870540008244902,7.474279969334906,291,0,FALSE,750,5391.568359375,898.5947265625,3051.003574799615,508.5005957999358,FALSE,FALSE,TRUE,TRUE,FALSE,TRUE,TRUE,FALSE,TRUE,FALSE
idp_NG032011_15,PL_H301,Cocin Rcc Pushit,IDPs dispersed in Host Communities,Pushit,NC,Plateau,Mangu,9.403020004168622,9.27050996748643,386,0,FALSE,750,5324.3017578125,887.3836263020834,3012.938464955473,502.1564108259122,FALSE,FALSE,TRUE,TRUE,FALSE,TRUE,TRUE,FALSE,TRUE,FALSE
idp_NG007013_1,BN_H342,Tionsha Hc,IDPs dispersed in Host Communities,Bar,NC,Benue,Makurdi,7.699720000679163,8.486522968224696,989,2,FALSE,750,5314.93408203125,885.8223470052084,3007.6374448457195,501.2729074742866,FALSE,FALSE,TRUE,TRUE,FALSE,TRUE,TRUE,FALSE,TRUE,FALSE
idp_NG037012_11,ZF_H117,Sabon Gari,IDPs dispersed in Host Communities,Garbadu,NW,Zamfara,Talata Mafara,12.40596000864441,6.1183899706748175,412,0,FALSE,750,5252.75341796875,875.4589029947916,2972.450386889156,495.4083978148593,FALSE,FALSE,TRUE,TRUE,FALSE,TRUE,TRUE,FALSE,TRUE,FALSE
idp_NG007006_10,BN_H187,Daudu Host Community,IDPs dispersed in Host Communities,Mbawa,NC,Benue,Guma,7.915913001117113,8.592002968117676,1743,1,FALSE,750,5243.55615234375,873.926025390625,2967.2457992015193,494.5409665335865,FALSE,FALSE,TRUE,TRUE,FALSE,TRUE,TRUE,FALSE,TRUE,FALSE
idp_NG008002_9,BO_H019,Angwan Sarki,Host Community,Uba,NE,Borno,Askira/Uba,10.455296007357786,13.213240964055778,166,1,FALSE,750,5241.3037109375,873.5506184895834,2965.9711781034584,494.3285296839098,FALSE,FALSE,TRUE,FALSE,FALSE,TRUE,TRUE,FALSE,FALSE,FALSE
idp_NG036007_4,YB_H147,Kasatchia,Host Community,Buniyadi North / South,NE,Yobe,Gujba,11.284200008721816,12.003079965182163,1145,2,FALSE,750,5233.326171875,872.2210286458334,2961.4568144572163,493.57613574286944,FALSE,FALSE,TRUE,TRUE,FALSE,TRUE,TRUE,FALSE,TRUE,FALSE
idp_NG037009_7,New HC,Danbaza,IDPs dispersed in Host Communities,Birnin Kaya / Dosara,NW,Zamfara,Maradun,12.488900008794127,6.1612099706487955,422,0,FALSE,750,5222.634765625,870.4391276041666,2955.4067161344037,492.5677860224006,FALSE,FALSE,TRUE,TRUE,FALSE,TRUE,TRUE,FALSE,TRUE,FALSE
idp_NG037013_11,ZF_H193,Unguwar Hassan,IDPs dispersed in Host Communities,Bilbis,NW,Zamfara,Tsafe,11.81486000797877,6.987169969777494,219,1,FALSE,750,5140.73486328125,856.7891438802084,2909.060851968177,484.8434753280295,FALSE,FALSE,TRUE,TRUE,FALSE,TRUE,TRUE,FALSE,TRUE,FALSE
idp_NG008006_11,BO_H078,Bayan Kasuwa,Host Community,Mbalala,NE,Borno,Chibok,10.775547007944873,12.873600964374283,196,2,FALSE,750,4992.267578125,832.0445963541666,2825.045554830217,470.84092580503614,FALSE,FALSE,TRUE,FALSE,FALSE,TRUE,TRUE,FALSE,FALSE,FALSE
idp_NG019012_9,KD_H005,Mararaba Kajuru,IDPs dispersed in Host Communities,Kufana,NW,Kaduna,Kajuru,10.328920005567388,7.71211996895414,266,1,FALSE,750,4957.96875,826.328125,2805.6363884716284,467.6060647452714,FALSE,FALSE,TRUE,TRUE,FALSE,TRUE,TRUE,FALSE,TRUE,FALSE
idp_NG002021_3,AD_H525,Sangere Bode,Host Community,Namtari,NE,Adamawa,Yola South,9.28795000458475,12.342959964752277,298,0,FALSE,750,4938.5595703125,823.09326171875,2794.653039534297,465.7755065890495,FALSE,FALSE,TRUE,TRUE,FALSE,TRUE,TRUE,FALSE,TRUE,FALSE
idp_NG002007_12,AD_H165,Thabu,Host Community,Thilbang,NE,Adamawa,Hong,10.227550006779213,12.928839964284512,157,7,FALSE,750,4916.57568359375,819.4292805989584,2782.2127044599456,463.702117409991,FALSE,FALSE,TRUE,FALSE,FALSE,TRUE,TRUE,FALSE,FALSE,FALSE
idp_NG008007_4,BO_H389,Abachari,Host Community,Damboa,NE,Borno,Damboa,11.17156000874798,12.759889964511638,5261,7,FALSE,750,4855.78857421875,809.298095703125,2747.8142371415493,457.96903952359156,FALSE,FALSE,TRUE,TRUE,FALSE,TRUE,TRUE,FALSE,TRUE,FALSE
idp_NG034014_15,New HC,Dadin Mahe,IDPs dispersed in Host Communities,Dandin Mahe,NW,Sokoto,Shagari,12.725840008764076,5.116389971667569,212,0,FALSE,750,4791.81298828125,798.635498046875,2711.611461180115,451.93524353001914,FALSE,FALSE,TRUE,TRUE,FALSE,TRUE,TRUE,FALSE,TRUE,FALSE
idp_NG037009_15,ZF_H202,Janbako,IDPs dispersed in Host Communities,Janbako,NW,Zamfara,Maradun,12.711490009177703,6.230879970622744,162,0,FALSE,750,4783.7890625,797.2981770833334,2707.0708480206895,451.1784746701149,FALSE,FALSE,TRUE,FALSE,FALSE,TRUE,TRUE,FALSE,FALSE,FALSE
idp_NG037002_14,ZF_H203,Baiche,IDPs dispersed in Host Communities,Gora,NW,Zamfara,Bakura,12.656410229015302,6.04058017379033,282,1,FALSE,750,4704.673828125,784.1123046875,2662.300783577471,443.7167972629119,FALSE,FALSE,TRUE,TRUE,FALSE,TRUE,TRUE,FALSE,TRUE,FALSE
idp_NG034020_3,SO_H024,Bakin Kasuwa,IDPs dispersed in Host Communities,Tureta Gari,NW,Sokoto,Tureta,12.592830008722112,5.541489971245571,410,1,FALSE,750,4692.92919921875,782.1548665364584,2655.654683150059,442.6091138583432,FALSE,FALSE,TRUE,TRUE,FALSE,TRUE,TRUE,FALSE,TRUE,FALSE
idp_NG008012_6,BO_H129,Marama,Host Community,Marama/Kidang,NE,Borno,Hawul,10.45271900704108,12.160703964966268,210,0,FALSE,750,4682.498046875,780.4163411458334,2649.7518584117392,441.62530973528993,FALSE,FALSE,TRUE,TRUE,FALSE,TRUE,TRUE,FALSE,TRUE,FALSE
idp_NG034013_1,SO_H046,Sabon Fegi,IDPs dispersed in Host Communities,Gatawa,NW,Sokoto,Sabon Birni,13.404900010327609,6.373189970626183,169,0,FALSE,750,4647.73583984375,774.6226399739584,2630.0804732319802,438.3467455386634,FALSE,FALSE,TRUE,FALSE,FALSE,TRUE,TRUE,FALSE,FALSE,FALSE
idp_NG007006_17,BN_H326,Abinsi Host Community,IDPs dispersed in Host Communities,Abinsi,NC,Benue,Guma,7.750630000805389,8.74890196798249,426,0,FALSE,750,4620.0703125,770.01171875,2614.4249872586406,435.7374978764401,FALSE,FALSE,TRUE,TRUE,FALSE,TRUE,TRUE,FALSE,TRUE,FALSE
idp_NG007012_12,BN_H091,Abeda,IDPs dispersed in Host Communities,Mbavuur,NC,Benue,Logo,7.715786000791412,9.31757096746753,509,0,FALSE,750,4588.70556640625,764.7842610677084,2596.676171686578,432.77936194776305,FALSE,FALSE,TRUE,TRUE,FALSE,TRUE,TRUE,FALSE,TRUE,FALSE
idp_NG007021_15,BN_H319,Wuaze Hc,IDPs dispersed in Host Communities,Ugbaam,NC,Benue,Ukum,7.489690000357536,9.6199499672074,843,0,FALSE,750,4555.38037109375,759.2300618489584,2577.8179687941793,429.6363281323632,FALSE,FALSE,TRUE,TRUE,FALSE,TRUE,TRUE,FALSE,TRUE,FALSE
idp_NG037004_7,ZF_H154,Sabon Gari,IDPs dispersed in Host Communities,Nasarawa,NW,Zamfara,Bukkuyum,12.048680007929502,5.737299970974496,330,0,FALSE,750,4487.5283203125,747.92138671875,2539.421562462594,423.23692707709904,FALSE,FALSE,TRUE,TRUE,FALSE,TRUE,TRUE,FALSE,TRUE,FALSE
idp_NG008016_1,BO_H208,Auno South,Host Community,Auno / Chabbol,NE,Borno,Konduga,11.844450010217471,12.936529964442514,803,1,FALSE,750,4341.27734375,723.5462239583334,2456.6604394334786,409.44340657224643,FALSE,FALSE,TRUE,TRUE,FALSE,TRUE,TRUE,FALSE,TRUE,FALSE
idp_NG008016_9,BO_H501,Mashamari Kuluye,Host Community,Konduga,NE,Borno,Konduga,11.668810010024576,13.392549964027166,2671,4,FALSE,750,4330.1181640625,721.6863606770834,2450.3456354935092,408.39093924891824,FALSE,FALSE,TRUE,TRUE,FALSE,TRUE,TRUE,FALSE,TRUE,FALSE
idp_NG037013_4,ZF_H070,Bayan Asibiti,IDPs dispersed in Host Communities,Yandoton Daji,NW,Zamfara,Tsafe,12.0636100083612,6.878509969914009,378,0,FALSE,750,4289.81494140625,714.9691569010416,2427.5386768863077,404.58977948105127,FALSE,FALSE,TRUE,TRUE,FALSE,TRUE,TRUE,FALSE,TRUE,FALSE
idp_NG037011_15,ZF_H107,Kanwuri,IDPs dispersed in Host Communities,Kware,NW,Zamfara,Shinkafi,12.96448000974384,6.631959970296631,364,1,FALSE,750,4273.18310546875,712.1971842447916,2418.126983012009,403.0211638353348,FALSE,FALSE,TRUE,TRUE,FALSE,TRUE,TRUE,FALSE,TRUE,FALSE
idp_NG027020_1,NI_H011,Angwan Sarki,IDPs dispersed in Host Communities,Tegina Gari,NC,Niger,Rafi,10.071691004729812,6.191076970347671,234,0,FALSE,750,4055.817626953125,675.9696044921875,2295.123283942509,382.5205473237515,FALSE,FALSE,TRUE,TRUE,FALSE,TRUE,TRUE,FALSE,TRUE,FALSE
idp_NG008013_12,BO_H211,Veterinary,Host Community,Dalori / Wanori,NE,Borno,Jere,11.788750010205712,13.206649964202509,570,5,FALSE,750,4044.587890625,674.0979817708334,2288.7685531114344,381.4614255185724,FALSE,FALSE,TRUE,TRUE,FALSE,TRUE,TRUE,FALSE,TRUE,FALSE
idp_NG034012_6,SO_H205,Garin Kurya,IDPs dispersed in Host Communities,Kurya,NW,Sokoto,Rabah,13.002850009419223,5.6937099711785075,371,1,FALSE,750,3993.01611328125,665.502685546875,2259.5848969752833,376.5974828292139,FALSE,FALSE,TRUE,TRUE,FALSE,TRUE,TRUE,FALSE,TRUE,FALSE
idp_NG007021_1,BN_H124,Kyado Community,IDPs dispersed in Host Communities,Mbazun,NC,Benue,Ukum,7.647890000693104,9.733589967095291,783,1,FALSE,750,3934.66455078125,655.7774251302084,2226.5646672543567,371.09411120905946,FALSE,FALSE,TRUE,TRUE,FALSE,TRUE,TRUE,FALSE,TRUE,FALSE
idp_NG007008_11,BN_H028,Atsaha,IDPs dispersed in Host Communities,Ikyaghev,NC,Benue,Gwer West,7.57054610039934,8.197056168497092,488,1,FALSE,750,3890.51123046875,648.4185384114584,2201.5789990529197,366.92983317548664,FALSE,FALSE,TRUE,TRUE,FALSE,TRUE,TRUE,FALSE,TRUE,FALSE
idp_NG034006_13,SO_H028,Maba A,IDPs dispersed in Host Communities,Shinaka,NW,Sokoto,Goronyo,13.46653001014092,5.72806997124103,185,1,FALSE,750,3879.887451171875,646.6479085286459,2195.567169757222,365.92786162620365,FALSE,FALSE,TRUE,FALSE,FALSE,TRUE,TRUE,FALSE,FALSE,FALSE
idp_NG036007_1,YB_H152,Mairi/Ajiyari,Host Community,Gujba,NE,Yobe,Gujba,11.500810009140364,11.936389965266184,225,0,FALSE,750,3879.52294921875,646.587158203125,2195.360903845732,365.8934839742887,FALSE,FALSE,TRUE,TRUE,FALSE,TRUE,TRUE,FALSE,TRUE,FALSE
idp_NG036007_17,YB_H154,Katarko,Host Community,Gujba,NE,Yobe,Gujba,11.56296000925952,11.91725996529071,541,1,FALSE,750,3872.578369140625,645.4297281901041,2191.431075411488,365.2385125685813,FALSE,FALSE,TRUE,TRUE,FALSE,TRUE,TRUE,FALSE,TRUE,FALSE
idp_NG021003_2,KT_INT004,Wagini,IDPs Integrated,Wagini,NW,Katsina,Batsari,12.685950009519775,7.195639969722596,585,3,FALSE,750,3855.716796875,642.6194661458334,2181.8893773692644,363.6482295615441,FALSE,FALSE,TRUE,TRUE,FALSE,TRUE,TRUE,FALSE,TRUE,FALSE
idp_NG002020_2,AD_H404,Bye Pass,Host Community,Jambutu,NE,Adamawa,Yola North,9.234510004486864,12.430889964674812,381,1,FALSE,750,3661.650146484375,610.2750244140625,2072.0701179952034,345.34501966586726,FALSE,FALSE,TRUE,TRUE,FALSE,TRUE,TRUE,FALSE,TRUE,FALSE
idp_NG007006_1,BN_H043,Serev,IDPs dispersed in Host Communities,Nzorov,NC,Benue,Guma,7.822463000959548,8.856832967880546,2219,4,FALSE,750,3660.2802734375,610.0467122395834,2071.294928424293,345.2158214040489,FALSE,FALSE,TRUE,TRUE,FALSE,TRUE,TRUE,FALSE,TRUE,FALSE
idp_NG037003_3,ZF_H086,Shiyar Magaji,IDPs dispersed in Host Communities,Birnin Magaji,NW,Zamfara,Birnin Magaji,12.63768000929215,6.822769970059347,172,0,FALSE,750,3580.82958984375,596.804931640625,2026.335038554158,337.72250642569304,FALSE,FALSE,TRUE,FALSE,FALSE,TRUE,TRUE,FALSE,FALSE,FALSE
idp_NG037004_15,ZF_H060,Sabon Gari,IDPs dispersed in Host Communities,Masama,NW,Zamfara,Bukkuyum,12.108870007953836,5.532769971174899,451,0,FALSE,750,3534.85009765625,589.1416829427084,2000.3159684652842,333.38599474421403,FALSE,FALSE,TRUE,TRUE,FALSE,TRUE,TRUE,FALSE,TRUE,FALSE
idp_NG037005_2,New HC,Sabon Garin Gabas,IDPs dispersed in Host Communities,Rawayya/Bela,NW,Zamfara,Bungudu,12.245840008595488,6.687931970118908,175,0,FALSE,750,3530.527099609375,588.4211832682291,1997.869651991909,332.97827533198483,FALSE,FALSE,TRUE,FALSE,FALSE,TRUE,TRUE,FALSE,FALSE,FALSE
idp_NG021002_14,KT_H345,Bakiyawa,IDPs dispersed in Host Communities,Bakiyawa,NW,Katsina,Batagarawa,12.893460009976035,7.472889969504634,182,0,FALSE,750,3509.159423828125,584.8599039713541,1985.7780209769012,330.9630034961502,FALSE,FALSE,TRUE,FALSE,FALSE,TRUE,TRUE,FALSE,FALSE,FALSE
idp_NG027022_9,NI_H023,Erena Community,IDPs dispersed in Host Communities,Erena,NC,Niger,Shiroro,10.084133104882236,6.741438069836323,255,1,FALSE,750,3481.686279296875,580.2810465494791,1970.231401405607,328.3719002342678,FALSE,FALSE,TRUE,TRUE,FALSE,TRUE,TRUE,FALSE,TRUE,FALSE
idp_NG002006_5,AD_H509,Dumna Zerbu,Host Community,Dumna,NE,Adamawa,Guyuk,9.705780005380364,11.88147996516769,176,0,FALSE,750,3480.799072265625,580.1331787109375,1969.7293449271383,328.28822415452305,FALSE,FALSE,TRUE,FALSE,FALSE,TRUE,TRUE,FALSE,FALSE,FALSE
idp_NG037010_9,ZF_H191,Gobirawa,IDPs dispersed in Host Communities,Bindin,NW,Zamfara,Maru,11.68824000754242,6.334089970366994,186,0,FALSE,750,3475.80615234375,579.301025390625,1966.9039302212595,327.81732170354326,FALSE,FALSE,TRUE,FALSE,FALSE,TRUE,TRUE,FALSE,FALSE,FALSE
idp_NG032011_12,PL_H300,Cocin Rcc Panyam,IDPs dispersed in Host Communities,Panyam,NC,Plateau,Mangu,9.404540004159063,9.210479967540902,340,0,FALSE,750,3459.52978515625,576.5882975260416,1957.6933905111462,326.2822317518577,FALSE,FALSE,TRUE,TRUE,FALSE,TRUE,TRUE,FALSE,TRUE,FALSE
idp_NG008007_2,BO_H403,Kauji Kasugula,Host Community,Azur/Multe/Forfor,NE,Borno,Damboa,11.04303000845812,12.704169964546304,829,1,FALSE,750,3449.955078125,574.9925130208334,1952.2752146793946,325.3792024465658,FALSE,FALSE,TRUE,TRUE,FALSE,TRUE,TRUE,FALSE,TRUE,FALSE
idp_NG008012_3,BO_H535,Tashan Alede,Host Community,Kwajaffa/Hang,NE,Borno,Hawul,10.490140007196043,12.41746996474552,331,1,FALSE,750,3378.687255859375,563.1145426432291,1911.945877090172,318.6576461816953,FALSE,FALSE,TRUE,TRUE,FALSE,TRUE,TRUE,FALSE,TRUE,FALSE
idp_NG008013_15,BO_H496,Kofa,Host Community,Dalori / Wanori,NE,Borno,Jere,11.76352001016663,13.24238996416842,814,2,FALSE,750,3371.36181640625,561.8936360677084,1907.8005263371579,317.96675438952633,FALSE,FALSE,TRUE,TRUE,FALSE,TRUE,TRUE,FALSE,TRUE,FALSE
idp_NG008007_16,BO_H095,Wavi,Host Community,Gumsuri/Misakurbudu,NE,Borno,Damboa,10.999200008391869,12.783669964473145,1277,0,FALSE,750,3363.2236328125,560.5372721354166,1903.195256482101,317.1992094136835,FALSE,FALSE,TRUE,TRUE,FALSE,TRUE,TRUE,FALSE,TRUE,FALSE
idp_NG021007_2,KT_H005,Mara Zamfarawa,IDPs dispersed in Host Communities,Mara,NW,Katsina,Dan Musa,12.23849000879644,7.26058996958719,200,0,FALSE,750,3320.962646484375,553.4937744140625,1879.2804302632208,313.2134050438701,FALSE,FALSE,TRUE,FALSE,FALSE,TRUE,TRUE,FALSE,FALSE,FALSE
idp_NG008007_1,BO_H512,Azur,Host Community,Azur/Multe/Forfor,NE,Borno,Damboa,11.04656000844606,12.645719964597248,454,0,FALSE,750,3246.469482421875,541.0782470703125,1837.1259225757456,306.1876537626243,FALSE,FALSE,TRUE,TRUE,FALSE,TRUE,TRUE,FALSE,TRUE,FALSE
idp_NG019004_2,KD_H242,Fada Sarki,IDPs dispersed in Host Communities,Sabon Birnin Daji,NW,Kaduna,Igabi,10.814650006333878,7.301879969371476,190,0,FALSE,750,3212.322021484375,535.3870035807291,1817.8024125233349,302.9670687538891,FALSE,FALSE,TRUE,FALSE,FALSE,TRUE,TRUE,FALSE,FALSE,FALSE
idp_NG036001_2,YB_H015,Azam,Host Community,Usur/Dawayo,NE,Yobe,Bade,12.840710011343726,10.90927996637963,156,1,FALSE,750,3199.26171875,533.2102864583334,1810.4117930088375,301.73529883480626,FALSE,FALSE,TRUE,FALSE,FALSE,TRUE,TRUE,FALSE,FALSE,FALSE
idp_NG037004_10,ZF_H156,Gidan Zaima,IDPs dispersed in Host Communities,Kyaram,NW,Zamfara,Bukkuyum,11.752130007316516,5.342369971302142,310,0,FALSE,750,3190.74267578125,531.7904459635416,1805.5910008350106,300.93183347250175,FALSE,FALSE,TRUE,TRUE,FALSE,TRUE,TRUE,FALSE,TRUE,FALSE
idp_NG019017_5,KD_H109,Ungwan Bawa,IDPs Integrated,Saminaka,NW,Kaduna,Lere,10.42708800599895,8.648863968102422,165,0,FALSE,750,3188.86279296875,531.4771321614584,1804.5272047744136,300.754534129069,FALSE,FALSE,TRUE,FALSE,FALSE,TRUE,TRUE,FALSE,FALSE,FALSE
idp_NG019001_9,KD_H319,LAYIN DANA UTAKU YELLO,IDPs dispersed in Host Communities,Kuyelo,NW,Kaduna,Birnin-Gwari,11.248240006990828,6.9475199697434675,217,0,FALSE,750,3185.154052734375,530.8590087890625,1802.428487117722,300.4047478529536,FALSE,FALSE,TRUE,TRUE,FALSE,TRUE,TRUE,FALSE,TRUE,FALSE
idp_NG007002_9,BN_H140,Abeda Quarters,IDPs dispersed in Host Communities,Obagaji,NC,Benue,Agatu,7.886536700987959,7.917581668736848,1116,3,FALSE,750,3175.4755859375,529.2459309895834,1796.9515952696386,299.4919325449398,FALSE,FALSE,TRUE,TRUE,FALSE,TRUE,TRUE,FALSE,TRUE,FALSE
idp_NG037004_6,ZF_H059,Gurusu,IDPs dispersed in Host Communities,Nasarawa,NW,Zamfara,Bukkuyum,11.994890007849566,5.757159970947983,315,0,FALSE,750,3145.221435546875,524.2035725911459,1779.8312483053237,296.6385413842206,FALSE,FALSE,TRUE,TRUE,FALSE,TRUE,TRUE,FALSE,TRUE,FALSE
idp_NG007004_3,BN_H212,Ankunkpun,IDPs dispersed in Host Communities,Mbaapen,NC,Benue,Buruku,7.46077700026391,9.202786967586809,695,1,FALSE,750,3128.3583984375,521.39306640625,1770.2887213311046,295.04812022185075,FALSE,FALSE,TRUE,TRUE,FALSE,TRUE,TRUE,FALSE,TRUE,FALSE
idp_NG037008_2,ZF_H052,Shyar Maradun,IDPs dispersed in Host Communities,Sakajiki,NW,Zamfara,Kaura Namoda,12.516120008982934,6.538729970301994,216,0,FALSE,750,3120.458984375,520.0764973958334,1765.818567391277,294.30309456521286,FALSE,FALSE,TRUE,TRUE,FALSE,TRUE,TRUE,FALSE,TRUE,FALSE
idp_NG007023_9,BN_H303,Tongu Community,IDPs dispersed in Host Communities,Mbayegh/Mbaikyer,NC,Benue,Vandeikya,7.002878999325425,9.0203179677875,544,0,FALSE,750,3040.667236328125,506.7778727213542,1720.6656745215766,286.77761242026276,FALSE,FALSE,TRUE,TRUE,FALSE,TRUE,TRUE,FALSE,TRUE,FALSE
idp_NG019021_11,KD_INT038,Dinya,IDPs Integrated,Kwassallo,NW,Kaduna,Soba,11.145630007139536,8.005829968755831,155,0,FALSE,750,3035.779296875,505.9632161458333,1717.899666608692,286.3166111014487,FALSE,FALSE,TRUE,FALSE,FALSE,TRUE,TRUE,FALSE,FALSE,FALSE
idp_NG037002_3,ZF_H146,Sabon Fegi,IDPs dispersed in Host Communities,Damri,NW,Zamfara,Bakura,12.410610008546328,5.837169970938091,300,0,FALSE,750,2876.292724609375,479.3821207682292,1627.6487285363116,271.2747880893853,FALSE,FALSE,TRUE,TRUE,FALSE,TRUE,TRUE,FALSE,TRUE,FALSE
idp_NG036007_3,YB_H143,Yaga,Host Community,Bunigari/Lawanti,NE,Yobe,Gujba,11.208139008574811,12.029897965150225,250,3,FALSE,750,2872.30517578125,478.717529296875,1625.3922374898534,270.89870624830894,FALSE,FALSE,TRUE,TRUE,FALSE,TRUE,TRUE,FALSE,TRUE,FALSE
idp_NG036007_15,YB_H153,Fulatari,Host Community,Gujba,NE,Yobe,Gujba,11.499270009135516,11.931589965270197,335,2,FALSE,750,2828.32177734375,471.386962890625,1600.5027253998678,266.7504542333113,FALSE,FALSE,TRUE,TRUE,FALSE,TRUE,TRUE,FALSE,TRUE,FALSE
idp_NG021003_7,KT_INT001,Katsalle,IDPs Integrated,Darini/Magaji/Abu,NW,Katsina,Batsari,12.773890009692115,7.2625799696766205,1343,1,FALSE,750,2794.454345703125,465.7423909505208,1581.337679513886,263.55627991898103,FALSE,FALSE,TRUE,TRUE,FALSE,TRUE,TRUE,FALSE,TRUE,FALSE
idp_NG021007_8,KT_H120,Unguwan Ahmadi Kukoki,IDPs dispersed in Host Communities,Dan Musa A,NW,Katsina,Dan Musa,12.262580008861036,7.324139969532291,399,2,FALSE,750,2765.76708984375,460.961181640625,1565.1040134738455,260.8506689123076,FALSE,FALSE,TRUE,TRUE,FALSE,TRUE,TRUE,FALSE,TRUE,FALSE
idp_NG032015_1,PL_H019,Rahwol,IDPs dispersed in Host Communities,Sopp,NC,Plateau,Riyom,9.555379004335014,8.653470968052007,700,0,FALSE,750,2728.7490234375,454.79150390625,1544.15607302137,257.35934550356166,FALSE,FALSE,TRUE,TRUE,FALSE,TRUE,TRUE,FALSE,TRUE,FALSE
idp_NG027018_1,NI_H006,Jaifulu,IDPs dispersed in Host Communities,Sarkin Pawa,NC,Niger,Muya,10.012871904848968,7.140845669462124,639,0,FALSE,750,2694.0400390625,449.0066731770833,1524.5148057041056,254.08580095068424,FALSE,FALSE,TRUE,TRUE,FALSE,TRUE,TRUE,FALSE,TRUE,FALSE
idp_NG007013_16,BN_H008,Akuundu Ityough,IDPs dispersed in Host Communities,North Bank I,NC,Benue,Makurdi,7.777480000841993,8.580329968134903,371,3,FALSE,750,2691.919677734375,448.6532796223958,1523.3149266409519,253.8858211068253,FALSE,FALSE,TRUE,TRUE,FALSE,TRUE,TRUE,FALSE,TRUE,FALSE
idp_NG007001_1,BN_H234,Apa Community,IDPs dispersed in Host Communities,Apa,NC,Benue,Ado,6.757099298794158,7.918262468817803,974,0,FALSE,750,2652.435546875,442.0725911458333,1500.9714791744389,250.1619131957398,FALSE,FALSE,TRUE,TRUE,FALSE,TRUE,TRUE,FALSE,TRUE,FALSE
idp_NG002001_5,AD_INT001,Bajiye I,Integrated Sites,Kpasham,NE,Adamawa,Demsa,9.300660004486751,11.762389965259867,162,1,FALSE,750,2619.2490234375,436.54150390625,1482.1917485109254,247.03195808515423,FALSE,FALSE,TRUE,FALSE,FALSE,TRUE,TRUE,FALSE,FALSE,FALSE
idp_NG019008_10,KD_H133,Doka Town,IDPs dispersed in Host Communities,Doka,NW,Kaduna,Kachia,9.93083000476638,7.426549969193762,209,0,FALSE,750,2618.362060546875,436.3936767578125,1481.6898301877893,246.9483050312982,FALSE,FALSE,TRUE,TRUE,FALSE,TRUE,TRUE,FALSE,TRUE,FALSE
idp_NG037002_12,ZF_H136,Yar Geda Town,IDPs dispersed in Host Communities,Yar Geda,NW,Zamfara,Bakura,12.577960008874014,5.997949970816353,226,0,FALSE,750,2605.6796875,434.2799479166667,1474.5130751280717,245.75217918801195,FALSE,FALSE,TRUE,TRUE,FALSE,TRUE,TRUE,FALSE,TRUE,FALSE
idp_NG007004_13,BN_H083,Ugbema,IDPs dispersed in Host Communities,Mbaakura,NC,Benue,Buruku,7.116681999569873,9.272557967548916,159,2,FALSE,750,2602.389892578125,433.7316487630208,1472.6514320220272,245.4419053370045,FALSE,FALSE,TRUE,FALSE,FALSE,TRUE,TRUE,FALSE,FALSE,FALSE
idp_NG036007_13,YB_H160,Tsangayari,Host Community,Wagir,NE,Yobe,Gujba,11.348646008785376,11.806918965361383,313,0,FALSE,750,2580.6962890625,430.1160481770833,1460.3753636380718,243.39589393967861,FALSE,FALSE,TRUE,TRUE,FALSE,TRUE,TRUE,FALSE,TRUE,FALSE
idp_NG007021_16,BN_H125,Samco Village,IDPs dispersed in Host Communities,Borikyo,NC,Benue,Ukum,7.530618300443889,9.646348967180984,601,0,FALSE,750,2558.652099609375,426.4420166015625,1447.9009041965817,241.31681736609696,FALSE,FALSE,TRUE,TRUE,FALSE,TRUE,TRUE,FALSE,TRUE,FALSE
idp_NG002017_8,AD_H375,Anguwan Kasa,Host Community,Tallum,NE,Adamawa,Shelleng,9.773370005567054,12.05381996501968,151,0,FALSE,750,2534.24462890625,422.3741048177083,1434.0891011360557,239.01485018934258,FALSE,FALSE,TRUE,FALSE,FALSE,TRUE,TRUE,FALSE,FALSE,FALSE
idp_NG002016_14,AD_REL012,Bare,Relocated Sites,Bare,NE,Adamawa,Numan,9.596990005186443,12.044529965020969,550,1,FALSE,750,2533.812255859375,422.3020426432292,1433.8444280421184,238.97407134035308,FALSE,FALSE,TRUE,TRUE,FALSE,TRUE,TRUE,FALSE,TRUE,FALSE
idp_NG007002_8,BN_H060,Oshigbudu,IDPs dispersed in Host Communities,Oshigbudu,NC,Benue,Agatu,7.83283000087961,7.873117968780247,249,0,FALSE,750,2525.12451171875,420.8540852864583,1428.928170533503,238.15469508891712,FALSE,FALSE,TRUE,TRUE,FALSE,TRUE,TRUE,FALSE,TRUE,FALSE
idp_NG008012_9,BO_H125,Azare,Host Community,Hizhi,NE,Borno,Hawul,10.526900007235689,12.288539964860515,532,0,FALSE,750,2522.221923828125,420.3703206380208,1427.2856417848748,237.8809402974791,FALSE,FALSE,TRUE,TRUE,FALSE,TRUE,TRUE,FALSE,TRUE,FALSE
idp_NG008016_7,BO_H397,Dalori Village,Host Community,Dalori / Wanori,NE,Borno,Konduga,11.754859010155991,13.262015964150416,1021,0,FALSE,750,2488.5087890625,414.75146484375,1408.2079100690617,234.7013183448436,FALSE,FALSE,TRUE,TRUE,FALSE,TRUE,TRUE,FALSE,TRUE,FALSE
idp_NG002001_13,AD_H006,Borrong A,Host Community,Borrong,NE,Adamawa,Demsa,9.53686800508886,12.18086196489994,405,2,FALSE,750,2479.80419921875,413.3006998697917,1403.2821198425004,233.88035330708342,FALSE,FALSE,TRUE,TRUE,FALSE,TRUE,TRUE,FALSE,TRUE,FALSE
idp_NG019011_1,KD_H104,Hayin Hardo,IDPs dispersed in Host Communities,Iddah,NW,Kaduna,Kagarko,9.433083003829152,7.335849969258392,156,0,FALSE,750,2476.685546875,412.7809244791667,1401.51732362457,233.58622060409502,FALSE,FALSE,TRUE,FALSE,FALSE,TRUE,TRUE,FALSE,FALSE,FALSE
idp_NG002010_13,AD_H230,Shalmi,Host Community,Shelmi / Sukur/ Vapura,NE,Adamawa,Madagali,10.7735000081606,13.562939963782815,257,1,FALSE,750,2469.547607421875,411.5912679036458,1397.4780761669504,232.91301269449173,FALSE,FALSE,TRUE,TRUE,FALSE,TRUE,TRUE,FALSE,TRUE,FALSE
idp_NG008002_5,BO_H018,Jerusalem,Host Community,Uba,NE,Borno,Askira/Uba,10.45303000735077,13.206279964061588,218,0,FALSE,750,2467.16748046875,411.194580078125,1396.1311998299689,232.6885333049948,FALSE,FALSE,TRUE,TRUE,FALSE,TRUE,TRUE,FALSE,TRUE,FALSE
idp_NG036006_9,YB_INT014,Anguwar Area,Integrated Sites,Asheikri,NE,Yobe,Geidam,12.909561011919736,11.920751965500296,206,10,FALSE,750,2456.364013671875,409.3940022786458,1390.017688209518,231.6696147015863,FALSE,FALSE,TRUE,TRUE,FALSE,TRUE,TRUE,FALSE,TRUE,FALSE
idp_NG019001_8,New Integrated,ANGWAN SHEHU,IDPs Integrated,Kutemesi,NW,Kaduna,Birnin-Gwari,10.551220005551134,6.140769970427095,212,1,FALSE,750,2446.38232421875,407.7303873697917,1384.3692074384135,230.7282012397356,FALSE,FALSE,TRUE,TRUE,FALSE,TRUE,TRUE,FALSE,TRUE,FALSE
idp_NG007002_1,BN_H058,Ogwule Ogbaulu,IDPs dispersed in Host Communities,Ogwule Ogbaulu,NC,Benue,Agatu,7.883452000968097,7.783226968860563,325,5,FALSE,750,2437.5224609375,406.2537434895833,1379.3555504203537,229.89259173672562,FALSE,FALSE,TRUE,TRUE,FALSE,TRUE,TRUE,FALSE,TRUE,FALSE
idp_NG007012_2,BN_H094,Ayilamo,IDPs dispersed in Host Communities,Tombo,NC,Benue,Logo,7.77397100089023,9.129129967635384,1101,0,FALSE,750,2432.07861328125,405.346435546875,1376.2749628152642,229.37916046921072,FALSE,FALSE,TRUE,TRUE,FALSE,TRUE,TRUE,FALSE,TRUE,FALSE
idp_NG007007_13,BN_H331,Igbor Hc,IDPs dispersed in Host Communities,Mbaikyu,NC,Benue,Gwer East,7.450780000196188,8.604429968132004,289,1,FALSE,750,2416.893798828125,402.8156331380208,1367.6821155969599,227.94701926615997,FALSE,FALSE,TRUE,TRUE,FALSE,TRUE,TRUE,FALSE,TRUE,FALSE
idp_NG007011_3,BN_H333,Ikyogen,IDPs dispersed in Host Communities,Lieve Ii,NC,Benue,Kwande,6.690366998706307,9.441239967435337,179,0,FALSE,750,2388.806396484375,398.1343994140625,1351.7878972089823,225.29798286816373,FALSE,FALSE,TRUE,FALSE,FALSE,TRUE,TRUE,FALSE,FALSE,FALSE
idp_NG026005_1,BN_H238,Yelewata,IDPs dispersed in Host Communities,Nyiev,NC,Nasarawa,Keana,8.158922001596979,8.591449968108796,524,0,FALSE,750,2354.271240234375,392.3785400390625,1332.24499648849,222.04083274808167,FALSE,FALSE,TRUE,TRUE,FALSE,TRUE,TRUE,FALSE,TRUE,FALSE
idp_NG002016_7,AD_REL017,Imburu,Relocated Sites,Imburu,NE,Adamawa,Numan,9.48757000494421,12.014749965043483,307,7,FALSE,750,2286.693603515625,381.1156005859375,1294.0038767506858,215.66731279178097,FALSE,FALSE,TRUE,TRUE,FALSE,TRUE,TRUE,FALSE,TRUE,FALSE
idp_NG002014_14,AD_H321,Vimtim,Host Community,Vimtim,NE,Adamawa,Mubi North,10.329010007110512,13.31157996396243,179,0,FALSE,750,2250.78466796875,375.1307779947917,1273.6835759739624,212.28059599566043,FALSE,FALSE,TRUE,FALSE,FALSE,TRUE,TRUE,FALSE,FALSE,FALSE
idp_NG008007_15,BO_H093,Garjan,Host Community,Gumsuri/Misakurbudu,NE,Borno,Damboa,11.022950008445994,12.79514996446561,1216,0,FALSE,750,2232.26953125,372.044921875,1263.2061518644111,210.53435864406853,FALSE,FALSE,TRUE,TRUE,FALSE,TRUE,TRUE,FALSE,TRUE,FALSE
idp_NG032005_5,PL_H139,Babale,IDPs dispersed in Host Communities,Naraguta B,NC,Plateau,Jos North,10.021550005300682,8.940269967811009,200,0,FALSE,750,2195.563720703125,365.9272867838542,1242.4349120822608,207.07248534704348,FALSE,FALSE,TRUE,FALSE,FALSE,TRUE,TRUE,FALSE,FALSE,FALSE
idp_NG037003_1,ZF_H087,Shatsi,IDPs dispersed in Host Communities,Modomawa East,NW,Zamfara,Birnin Magaji,12.557380009156985,6.813629970053805,218,1,FALSE,750,2125.323486328125,354.2205810546875,1202.6870702877204,200.4478450479534,FALSE,FALSE,TRUE,TRUE,FALSE,TRUE,TRUE,FALSE,TRUE,FALSE
idp_NG037010_1,ZF_H128,Shiyar Dan Rimi,IDPs dispersed in Host Communities,Mayanchi,NW,Zamfara,Maru,12.358830008620004,6.256449970538402,283,0,FALSE,750,2110.725341796875,351.7875569661458,1194.4262103335218,199.07103505558695,FALSE,FALSE,TRUE,TRUE,FALSE,TRUE,TRUE,FALSE,TRUE,FALSE
idp_NG007021_17,BN_H318,Tinenune Hc,IDPs dispersed in Host Communities,Mbatian,NC,Benue,Ukum,7.567306000522361,9.680589967147814,978,0,FALSE,750,2103.024169921875,350.5040283203125,1190.0682385237208,198.34470642062013,FALSE,FALSE,TRUE,TRUE,FALSE,TRUE,TRUE,FALSE,TRUE,FALSE
idp_NG008012_2,BO_H127,Kwajaffa,Host Community,Kwajaffa/Hang,NE,Borno,Hawul,10.464320007141351,12.418263964742875,426,0,FALSE,750,2092.007080078125,348.6678466796875,1183.833840987293,197.3056401645488,FALSE,FALSE,TRUE,TRUE,FALSE,TRUE,TRUE,FALSE,TRUE,FALSE
idp_NG037001_1,ZF_H194,Hayin Bawa,IDPs dispersed in Host Communities,Sabon-Birni,NW,Zamfara,Anka,11.655770007458528,6.245249970445473,282,0,FALSE,750,2088.5400390625,348.0900065104167,1181.8718971098206,196.97864951830346,FALSE,FALSE,TRUE,TRUE,FALSE,TRUE,TRUE,FALSE,TRUE,FALSE
idp_NG007009_13,BN_H153,Amafu,IDPs dispersed in Host Communities,Iwar(Tongov I),NC,Benue,Katsina-Ala,7.300573299956107,9.442573267380702,151,1,FALSE,750,2069.89697265625,344.9828287760417,1171.3220796060157,195.22034660100263,FALSE,FALSE,TRUE,FALSE,FALSE,TRUE,TRUE,FALSE,FALSE,FALSE
idp_NG007001_10,BN_H233,Igumale Community,IDPs dispersed in Host Communities,Igumale I,NC,Benue,Ado,6.8023482988839135,7.96784326876782,989,0,FALSE,750,2061.877197265625,343.6461995442708,1166.7838150872435,194.46396918120723,FALSE,FALSE,TRUE,TRUE,FALSE,TRUE,TRUE,FALSE,TRUE,FALSE
idp_NG007002_16,BN_H322,Aila Hc,IDPs dispersed in Host Communities,Egba,NC,Benue,Agatu,7.87210530096931,8.007387968655001,225,0,FALSE,750,2012.2335205078125,335.37225341796875,1138.691240689867,189.7818734483112,FALSE,FALSE,TRUE,TRUE,FALSE,TRUE,TRUE,FALSE,TRUE,FALSE
idp_NG007012_11,BN_H096,Aga,IDPs dispersed in Host Communities,Mbagber,NC,Benue,Logo,7.76163000088019,9.275723967503044,373,0,FALSE,750,1991.999755859375,331.9999593098958,1127.2412721168648,187.8735453528108,FALSE,FALSE,TRUE,TRUE,FALSE,TRUE,TRUE,FALSE,TRUE,FALSE
idp_NG036007_14,YB_H159,Lawanti,Host Community,Wagir,NE,Yobe,Gujba,11.353812008796796,11.809534965359688,176,0,FALSE,750,1950.9710693359375,325.16184488932294,1104.0237849390057,184.00396415650096,FALSE,FALSE,TRUE,FALSE,FALSE,TRUE,TRUE,FALSE,FALSE,FALSE
idp_NG008006_16,BO_H073,Kuburmbula West,Host Community,Kuburmbula,NE,Borno,Chibok,10.88070000818549,12.923029964341332,163,2,FALSE,750,1946.4459228515625,324.40765380859375,1101.463075850283,183.57717930838052,FALSE,FALSE,TRUE,FALSE,FALSE,TRUE,TRUE,FALSE,FALSE,FALSE
idp_NG037002_1,ZF_H229,Shiyar Galadima,IDPs dispersed in Host Communities,Nasarawa,NW,Zamfara,Bakura,12.805260009156209,5.802649971039386,216,0,FALSE,750,1912.692138671875,318.7820231119792,1082.3623412716013,180.39372354526688,FALSE,FALSE,TRUE,TRUE,FALSE,TRUE,TRUE,FALSE,TRUE,FALSE
idp_NG007012_10,BN_H093,Iwanger,IDPs dispersed in Host Communities,Mbagber,NC,Benue,Logo,7.804201000964048,9.253021967521462,277,0,FALSE,750,1907.060791015625,317.8434651692708,1079.1756503711172,179.8626083951862,FALSE,FALSE,TRUE,TRUE,FALSE,TRUE,TRUE,FALSE,TRUE,FALSE
idp_NG007012_1,BN_H306,Abeda-Mbadyul,IDPs dispersed in Host Communities,Mbadyul,NC,Benue,Logo,7.481938000325209,9.424555967384505,506,0,FALSE,750,1831.8524169921875,305.30873616536456,1036.6164166369513,172.7694027728252,FALSE,FALSE,TRUE,TRUE,FALSE,TRUE,TRUE,FALSE,TRUE,FALSE
idp_NG008005_1,BO_H035,Buratai,Host Community,Buratai,NE,Borno,Biu,10.906950007971318,12.08900996506757,600,0,FALSE,750,1819.3546142578125,303.22576904296875,1029.5441070086376,171.59068450143963,FALSE,FALSE,TRUE,TRUE,FALSE,TRUE,TRUE,FALSE,TRUE,FALSE
idp_NG037005_4,ZF_H228,Samawa,IDPs dispersed in Host Communities,Samawa,NW,Zamfara,Bungudu,12.287470008693893,6.766979970052147,180,0,FALSE,750,1768.128662109375,294.6881103515625,1000.5561479010369,166.75935798350613,FALSE,FALSE,TRUE,FALSE,FALSE,TRUE,TRUE,FALSE,FALSE,FALSE
idp_NG007007_1,BN_H329,Mase Hc,IDPs dispersed in Host Communities,Mbaikyu,NC,Benue,Gwer East,7.422302000137875,8.581621968154732,203,0,FALSE,750,1760.5966796875,293.4327799479167,996.2939177366897,166.0489862894483,FALSE,FALSE,TRUE,TRUE,FALSE,TRUE,TRUE,FALSE,TRUE,FALSE
idp_NG019002_3,KD_H289,Dutse,IDPs dispersed in Host Communities,Gwagwada,NW,Kaduna,Chikun,10.27922000538458,7.353999969281061,257,0,FALSE,750,1730.579833984375,288.4299723307292,979.3078577556086,163.21797629260143,FALSE,FALSE,TRUE,TRUE,FALSE,TRUE,TRUE,FALSE,TRUE,FALSE
idp_NG034018_1,New HC,Jabo,IDPs dispersed in Host Communities,Jabo/Kagara,NW,Sokoto,Tambuwal,12.492580008352794,4.975859971758714,315,0,FALSE,750,1669.21142578125,278.201904296875,944.5804425904225,157.4300737650704,FALSE,FALSE,TRUE,TRUE,FALSE,TRUE,TRUE,FALSE,TRUE,FALSE
idp_NG007013_14,BN_H308,Demekpe,IDPs dispersed in Host Communities,Ankpa/Wadata,NC,Benue,Makurdi,7.677170000642349,8.569759968149885,291,1,FALSE,750,1662.4404296875,277.0734049479167,940.7488425976181,156.7914737662697,FALSE,FALSE,TRUE,TRUE,FALSE,TRUE,TRUE,FALSE,TRUE,FALSE
idp_NG037007_4,ZF_H066,Nasarawa,IDPs dispersed in Host Communities,Wanke,NW,Zamfara,Gusau,12.008060008177944,6.626879970139312,499,0,FALSE,750,1576.099609375,262.6832682291667,891.8899329323968,148.64832215539948,FALSE,FALSE,TRUE,TRUE,FALSE,TRUE,TRUE,FALSE,TRUE,FALSE
idp_NG007013_15,BN_H223,Agan Toll Gate,IDPs dispersed in Host Communities,Agan,NC,Benue,Makurdi,7.807574000899757,8.562589968149592,521,1,FALSE,750,1568.0445556640625,261.34075927734375,887.3317049680718,147.88861749467864,FALSE,FALSE,TRUE,TRUE,FALSE,TRUE,TRUE,FALSE,TRUE,FALSE
idp_NG007021_3,BN_H118,Melabu Community,IDPs dispersed in Host Communities,Mbayenge,NC,Benue,Ukum,7.721066000845363,9.750112967076356,2141,1,FALSE,750,1566.7838134765625,261.13063557942706,886.6182708308091,147.76971180513485,FALSE,FALSE,TRUE,TRUE,FALSE,TRUE,TRUE,FALSE,TRUE,FALSE
idp_NG007011_8,BN_H019,Jota Aka Township,IDPs dispersed in Host Communities,Yaav,NC,Benue,Kwande,6.912387229163587,9.489247087370446,597,2,FALSE,750,1533.1602783203125,255.5267130533854,867.5912421220401,144.59854035367334,FALSE,FALSE,TRUE,TRUE,FALSE,TRUE,TRUE,FALSE,TRUE,FALSE
idp_NG007009_14,BN_H042,Akata Kindred,IDPs dispersed in Host Communities,Katsina-Ala Town,NC,Benue,Katsina-Ala,7.191399999722428,9.280291667535923,583,0,FALSE,750,1523.2972412109375,253.88287353515625,862.0099048425526,143.66831747375878,FALSE,FALSE,TRUE,TRUE,FALSE,TRUE,TRUE,FALSE,TRUE,FALSE
idp_NG008016_3,BO_H405,Tungushe Ngur,Host Community,Auno / Chabbol,NE,Borno,Konduga,12.026710010643272,13.061879964360784,485,0,FALSE,750,1439.5126953125,239.91878255208334,814.5975505867442,135.76625843112404,FALSE,FALSE,TRUE,TRUE,FALSE,TRUE,TRUE,FALSE,TRUE,FALSE
idp_NG021003_6,KT_H023,Ruma,IDPs dispersed in Host Communities,Ruma,NW,Katsina,Batsari,12.863450009828602,7.235549969718167,166,0,FALSE,750,1436.3623046875,239.39371744791666,812.814794175583,135.46913236259715,FALSE,FALSE,TRUE,FALSE,FALSE,TRUE,TRUE,FALSE,FALSE,FALSE
idp_NG034018_13,New HC,Lukkingo,IDPs dispersed in Host Communities,Bagida/Lukkingo,NW,Sokoto,Tambuwal,12.304950007980365,4.747289971942585,237,0,FALSE,750,1410.5997314453125,235.0999552408854,798.2361599417655,133.03935999029426,FALSE,FALSE,TRUE,TRUE,FALSE,TRUE,TRUE,FALSE,TRUE,FALSE
idp_NG021007_1,KT_H006,Dandire,IDPs dispersed in Host Communities,Dandire A,NW,Katsina,Dan Musa,12.31819000892854,7.254139969605889,153,0,FALSE,750,1380.2353515625,230.03922526041666,781.0534358448066,130.17557264080108,FALSE,FALSE,TRUE,FALSE,FALSE,TRUE,TRUE,FALSE,FALSE,FALSE
idp_NG007002_4,BN_H048,Usha,IDPs dispersed in Host Communities,Usha,NC,Benue,Agatu,7.931013001064504,7.829007968816298,467,1,FALSE,750,1374.7196044921875,229.11993408203125,777.9321614942826,129.6553602490471,FALSE,FALSE,TRUE,TRUE,FALSE,TRUE,TRUE,FALSE,TRUE,FALSE
idp_NG037007_6,ZF_H068,Gidan Ango,IDPs dispersed in Host Communities,Wanke,NW,Zamfara,Gusau,11.974730008117712,6.61398997014641,600,0,FALSE,750,1288.7919921875,214.79866536458334,729.3070797293938,121.55117995489896,FALSE,FALSE,TRUE,TRUE,FALSE,TRUE,TRUE,FALSE,TRUE,FALSE
idp_NG034018_3,New HC,Kaura Faga,IDPs dispersed in Host Communities,Faga/Alasan,NW,Sokoto,Tambuwal,12.32297000795393,4.597339972086578,183,0,FALSE,750,1278.9752197265625,213.16253662109375,723.7519228854236,120.62532048090394,FALSE,FALSE,TRUE,FALSE,FALSE,TRUE,TRUE,FALSE,FALSE,FALSE
idp_NG007011_5,BN_H014,Rcm Prim Sch Nyihemba,IDPs dispersed in Host Communities,Mbaikyor,NC,Benue,Kwande,6.83273314599997,9.486186657380651,211,2,FALSE,750,1278.42822265625,213.07137044270834,723.4423858628564,120.57373097714274,FALSE,FALSE,TRUE,TRUE,FALSE,TRUE,TRUE,FALSE,TRUE,FALSE
idp_NG021025_12,KT_H480,Burdugau,IDPs dispersed in Host Communities,Burdugau,NW,Katsina,Malumfashi,11.78597000809925,7.476679969320948,390,0,FALSE,750,1270.6400146484375,211.7733357747396,719.0351616770031,119.83919361283387,FALSE,FALSE,TRUE,TRUE,FALSE,TRUE,TRUE,FALSE,TRUE,FALSE
idp_NG008002_6,BO_H015,Shishuwa,Host Community,Lassa,NE,Borno,Askira/Uba,10.747700007994764,13.219299964074429,158,1,FALSE,750,1266.7996826171875,211.1332804361979,716.8619782960695,119.47699638267825,FALSE,FALSE,TRUE,FALSE,FALSE,TRUE,TRUE,FALSE,FALSE,FALSE
idp_NG019002_2,KD_H285,Angwan Gado,IDPs dispersed in Host Communities,Gwagwada,NW,Kaduna,Chikun,10.258110005313524,7.224569969399298,390,0,FALSE,750,1250.3341064453125,208.3890177408854,707.5443682032338,117.92406136720564,FALSE,FALSE,TRUE,TRUE,FALSE,TRUE,TRUE,FALSE,TRUE,FALSE
idp_NG007008_2,BN_H025,Agagbe,IDPs dispersed in Host Communities,Mbachohon,NC,Benue,Gwer West,7.71572800067771,8.136130968544657,948,1,FALSE,750,1173.42333984375,195.570556640625,664.0217773352313,110.67029622253855,FALSE,FALSE,TRUE,TRUE,FALSE,TRUE,TRUE,FALSE,TRUE,FALSE
idp_NG037010_4,ZF_H206,Al-Labor Kanoma,IDPs dispersed in Host Communities,Kanoma,NW,Zamfara,Maru,12.245620008450588,6.296519970482875,206,1,FALSE,750,1171.8739013671875,195.31231689453125,663.1449745172341,110.52416241953902,FALSE,FALSE,TRUE,TRUE,FALSE,TRUE,TRUE,FALSE,TRUE,FALSE
idp_NG007010_1,BN_H232,Agidi,IDPs dispersed in Host Communities,Mbaiwarnyam,NC,Benue,Konshisha,7.197539999688487,8.536880968211955,159,0,FALSE,750,1104.5721435546875,184.0953572591146,625.0599703052059,104.17666171753432,FALSE,FALSE,TRUE,FALSE,FALSE,TRUE,TRUE,FALSE,FALSE,FALSE
idp_NG002005_17,AD_H086,Sangere Jabbilum,Host Community,Wuro Dole,NE,Adamawa,Girei,9.4833900050656,12.581909964549617,220,0,FALSE,750,1071.8758544921875,178.6459757486979,606.5576555494429,101.0929425915738,FALSE,FALSE,TRUE,TRUE,FALSE,TRUE,TRUE,FALSE,TRUE,FALSE
idp_NG007004_15,BN_H179,Jingnir - Mbaalagh,IDPs dispersed in Host Communities,Mbaatirkyaa,NC,Benue,Buruku,7.385583000120633,9.322361967483475,268,1,FALSE,750,1071.3170166015625,178.5528361002604,606.2414179932472,101.04023633220787,FALSE,FALSE,TRUE,TRUE,FALSE,TRUE,TRUE,FALSE,TRUE,FALSE
idp_NG034018_15,New HC,Saida Goshe,IDPs dispersed in Host Communities,Saida/Goshe,NW,Sokoto,Tambuwal,12.67424000858288,4.850089971908427,153,0,FALSE,750,1064.6051025390625,177.4341837565104,602.4432515909187,100.40720859848645,FALSE,FALSE,TRUE,FALSE,FALSE,TRUE,TRUE,FALSE,FALSE,FALSE
idp_NG007009_1,BN_H041,Inior Kindred,IDPs dispersed in Host Communities,Katsina-Ala Town,NC,Benue,Katsina-Ala,7.185649999711815,9.297548267520735,595,0,FALSE,750,1055.7093505859375,175.9515584309896,597.4092857389749,99.56821428982914,FALSE,FALSE,TRUE,TRUE,FALSE,TRUE,TRUE,FALSE,TRUE,FALSE
idp_NG008007_17,BO_H094,Gumsuri,Host Community,Gumsuri/Misakurbudu,NE,Borno,Damboa,11.054780008521588,12.819599964447743,1246,0,FALSE,750,991.43768310546875,165.23961385091147,561.0389618979963,93.50649364966604,FALSE,FALSE,TRUE,TRUE,FALSE,TRUE,TRUE,FALSE,TRUE,FALSE
idp_NG037002_8,ZF_H219,Tudun Wada Inec,IDPs dispersed in Host Communities,Bakura,NW,Zamfara,Bakura,12.66454000896278,5.872859970948342,230,1,FALSE,750,985.5465087890625,164.25775146484375,557.7052391848512,92.95087319747519,FALSE,FALSE,TRUE,TRUE,FALSE,TRUE,TRUE,FALSE,TRUE,FALSE
idp_NG007009_8,BN_H039,Ikowe,IDPs dispersed in Host Communities,Ikurav Tiev I,NC,Benue,Katsina-Ala,7.221829999789856,9.363959967457768,196,0,FALSE,750,973.53253173828125,162.25542195638022,550.9067188868087,91.81778648113479,FALSE,FALSE,TRUE,FALSE,FALSE,TRUE,TRUE,FALSE,FALSE,FALSE
idp_NG021002_5,KT_H311,Yammawa,IDPs dispersed in Host Communities,Wakilin Gabas I,NW,Katsina,Batagarawa,12.917020010073834,7.614179969378837,200,2,FALSE,750,971.15570068359375,161.85928344726563,549.5617076468164,91.59361794113606,FALSE,FALSE,TRUE,FALSE,FALSE,TRUE,TRUE,FALSE,FALSE,FALSE
idp_NG007017_2,BN_H207,Ikwumaye,IDPs dispersed in Host Communities,Ukpa/Ainu Ette,NC,Benue,Oju,7.004163999300178,8.450642968306754,469,2,FALSE,750,884.4451904296875,147.40753173828125,500.49359626928873,83.4155993782148,FALSE,FALSE,TRUE,TRUE,FALSE,TRUE,TRUE,FALSE,TRUE,FALSE
idp_NG034012_4,SO_H206,Marina,IDPs dispersed in Host Communities,Rara,NW,Sokoto,Rabah,13.022830009410384,5.596689971273119,157,0,FALSE,750,874.44061279296875,145.74010213216147,494.83216343575833,82.47202723929306,FALSE,FALSE,TRUE,FALSE,FALSE,TRUE,TRUE,FALSE,FALSE,FALSE
idp_NG036007_12,YB_H156,Chiromari,Host Community,Mutai,NE,Yobe,Gujba,11.266315008587954,11.719994965428228,330,1,FALSE,750,865.79571533203125,144.29928588867188,489.94015218800445,81.65669203133407,FALSE,FALSE,TRUE,TRUE,FALSE,TRUE,TRUE,FALSE,TRUE,FALSE
idp_NG002010_7,AD_H225,"Pallam ""B""",Host Community,Pallam,NE,Adamawa,Madagali,10.738920008059347,13.482339963848537,221,1,FALSE,750,863.8358154296875,143.9726359049479,488.83107571716596,81.47184595286099,FALSE,FALSE,TRUE,TRUE,FALSE,TRUE,TRUE,FALSE,TRUE,FALSE
idp_NG021003_16,KT_H283,Katsalle,IDPs dispersed in Host Communities,Darini/Magaji/Abu,NW,Katsina,Batsari,12.779210009699211,7.258419969681428,322,0,FALSE,750,861.8277587890625,143.6379597981771,487.6947481069829,81.28245801783049,FALSE,FALSE,TRUE,TRUE,FALSE,TRUE,TRUE,FALSE,TRUE,FALSE
idp_NG002005_2,AD_H520,K H O,Host Community,Gereng,NE,Adamawa,Girei,9.45632000495465,12.356249964744771,160,0,FALSE,750,831.9970703125,138.66617838541666,470.8140315669674,78.46900526116123,FALSE,FALSE,TRUE,FALSE,FALSE,TRUE,TRUE,FALSE,FALSE,FALSE
idp_NG019017_7,KD_H111,Mergeri,IDPs dispersed in Host Communities,Saminaka,NW,Kaduna,Lere,10.418439005986642,8.663724968088228,216,2,FALSE,750,822.9847412109375,137.16412353515625,465.71409654373326,77.61901609062221,FALSE,FALSE,TRUE,TRUE,FALSE,TRUE,TRUE,FALSE,TRUE,FALSE
idp_NG007002_6,BN_H061,Oweto,IDPs dispersed in Host Communities,Usha,NC,Benue,Agatu,7.967911001135103,7.824429968818934,353,0,FALSE,750,822.5770263671875,137.0961710611979,465.483377138383,77.58056285639717,FALSE,FALSE,TRUE,TRUE,FALSE,TRUE,TRUE,FALSE,TRUE,FALSE
idp_NG019012_6,KD_H258,Karami,IDPs dispersed in Host Communities,Maro,NW,Kaduna,Kajuru,10.036240005020442,7.679479968966066,189,0,FALSE,750,778.28790283203125,129.71465047200522,440.4208600332178,73.40347667220297,FALSE,FALSE,TRUE,FALSE,FALSE,TRUE,TRUE,FALSE,FALSE,FALSE
idp_NG032014_6,PL_H206,Aningo,IDPs dispersed in Host Communities,Namu,NC,Plateau,Qua'an Pan,8.63489800259147,8.966274967756908,203,1,FALSE,750,750.11077880859375,125.01846313476563,424.4758695605299,70.74597826008832,FALSE,FALSE,TRUE,TRUE,FALSE,TRUE,TRUE,FALSE,TRUE,FALSE
idp_NG007006_6,BN_H186,Udei Host Community,IDPs dispersed in Host Communities,Nyiev,NC,Benue,Guma,8.097475001467185,8.520420968175783,824,0,FALSE,750,730.3134765625,121.71891276041667,413.2728881832851,68.87881469721418,FALSE,FALSE,TRUE,TRUE,FALSE,TRUE,TRUE,FALSE,TRUE,FALSE
idp_NG027025_12,New HC,Akare Central,IDPs dispersed in Host Communities,Akare,NC,Niger,Wushishi,9.669427603963497,5.913019270588186,200,1,FALSE,750,667.20465087890625,111.20077514648438,377.56059819121856,62.92676636520309,FALSE,FALSE,TRUE,FALSE,FALSE,TRUE,TRUE,FALSE,FALSE,FALSE
idp_NG007023_1,BN_H301,Gbaya Community,IDPs dispersed in Host Communities,Mbayegh/Mbaikyer,NC,Benue,Vandeikya,6.805151998924044,8.97042996785102,315,1,FALSE,750,666.67669677734375,111.11278279622395,377.2618372845899,62.87697288076498,FALSE,FALSE,TRUE,TRUE,FALSE,TRUE,TRUE,FALSE,TRUE,FALSE
idp_NG037008_17,ZF_H239,Bayan Makarbata,IDPs dispersed in Host Communities,Maru,NW,Zamfara,Kaura Namoda,12.543210009006684,6.486209970355476,256,0,FALSE,750,654.75299072265625,109.12549845377605,370.51439992075603,61.752399986792675,FALSE,FALSE,TRUE,TRUE,FALSE,TRUE,TRUE,FALSE,TRUE,FALSE
idp_NG007009_9,BN_H090,Ayua,IDPs dispersed in Host Communities,Ikurav Tiev I,NC,Benue,Katsina-Ala,7.264630999880766,9.415973567407438,368,1,FALSE,750,639.7679443359375,106.62799072265625,362.03459830330667,60.33909971721778,FALSE,FALSE,TRUE,TRUE,FALSE,TRUE,TRUE,FALSE,TRUE,FALSE
idp_NG007021_6,BN_H195,Dyom,IDPs dispersed in Host Communities,Mbatian,NC,Benue,Ukum,7.567249000535497,9.826897967015936,190,0,FALSE,750,626.8125,104.46875,354.70331650413743,59.11721941735624,FALSE,FALSE,TRUE,FALSE,FALSE,TRUE,TRUE,FALSE,FALSE,FALSE
idp_NG037012_15,New HC,Gidan goma,IDPs dispersed in Host Communities,Maradun Norht,NW,Zamfara,Talata Mafara,12.356470008583798,6.169849970618723,312,0,FALSE,750,622.791015625,103.79850260416667,352.4276218664554,58.737936977742564,FALSE,FALSE,TRUE,TRUE,FALSE,TRUE,TRUE,FALSE,TRUE,FALSE
idp_NG002004_2,New Integrated,Alema Settlement,Integrated Sites,Tawa,NE,Adamawa,Gombi,10.09963400643198,12.67779096449351,183,0,FALSE,750,619.2518310546875,103.20863850911458,350.4248530882161,58.404142181369345,FALSE,FALSE,TRUE,FALSE,FALSE,TRUE,TRUE,FALSE,FALSE,FALSE
idp_NG007009_4,BN_H211,Gbanyam,IDPs dispersed in Host Communities,Binev,NC,Benue,Katsina-Ala,7.149183699638636,9.315526967507338,575,0,FALSE,750,618.18988037109375,103.03164672851563,349.8239119304783,58.30398532174638,FALSE,FALSE,TRUE,TRUE,FALSE,TRUE,TRUE,FALSE,TRUE,FALSE
idp_NG007004_2,BN_H080,Buruku Township,IDPs dispersed in Host Communities,Mbaapen,NC,Benue,Buruku,7.46003200026056,9.180150967607393,199,0,FALSE,750,598.15087890625,99.69181315104167,338.48415677401385,56.414026129002316,FALSE,FALSE,TRUE,FALSE,FALSE,TRUE,TRUE,FALSE,FALSE,FALSE
idp_NG007004_11,BN_H176,Gbor - Mbaalagh,IDPs dispersed in Host Communities,Binev,NC,Benue,Buruku,7.492853000335152,9.27765396751684,161,0,FALSE,750,587.63446044921875,97.93907674153645,332.5330812858028,55.42218021430046,FALSE,FALSE,TRUE,FALSE,FALSE,TRUE,TRUE,FALSE,FALSE,FALSE
idp_NG002001_8,AD_H013,Dong,Host Community,Dong,NE,Adamawa,Demsa,9.404980004748229,11.933619965112191,529,0,FALSE,750,574.8935546875,95.81559244791667,325.3232034851075,54.220533914184585,FALSE,FALSE,TRUE,TRUE,FALSE,TRUE,TRUE,FALSE,TRUE,FALSE
idp_NG002016_6,AD_REL018,Kikan,Relocated Sites,Kodomti,NE,Adamawa,Numan,9.475570004911216,11.98330996507064,261,0,FALSE,750,560.7269287109375,93.45448811848958,317.3065330811823,52.88442218019704,FALSE,FALSE,TRUE,TRUE,FALSE,TRUE,TRUE,FALSE,TRUE,FALSE
idp_NG002010_11,AD_H227,Sukur/Rul,Host Community,Shelmi / Sukur/ Vapura,NE,Adamawa,Madagali,10.759350008129717,13.563029963781474,241,0,FALSE,750,551.8095703125,91.96826171875,312.2603404823081,52.04339008038469,FALSE,FALSE,TRUE,TRUE,FALSE,TRUE,TRUE,FALSE,TRUE,FALSE
idp_NG007018_1,New HC,Ojapo Host Community,IDPs dispersed in Host Communities,Ojigo,NC,Benue,Okpokwu,7.036642099334386,7.831639468871675,503,0,FALSE,750,541.75457763671875,90.2924296061198,306.5703785726072,51.09506309543453,FALSE,FALSE,TRUE,TRUE,FALSE,TRUE,TRUE,FALSE,TRUE,FALSE
idp_NG002016_5,AD_REL019,Kodomti,Relocated Sites,Kodomti,NE,Adamawa,Numan,9.454700004854264,11.929979965116717,161,0,FALSE,750,507.1661682128906,84.52769470214844,286.99734272020345,47.83289045336725,FALSE,FALSE,TRUE,FALSE,FALSE,TRUE,TRUE,FALSE,FALSE,FALSE
idp_NG002002_11,AD_H043,Dulo Fulani,Host Community,Ribadu,NE,Adamawa,Fufore,9.295980004701477,12.796329964359424,167,0,FALSE,750,498.5943298339844,83.09905497233073,282.1466744557137,47.02444574261895,FALSE,FALSE,TRUE,FALSE,FALSE,TRUE,TRUE,FALSE,FALSE,FALSE
idp_NG021007_15,KT_H472,Tashan Maialewa,IDPs dispersed in Host Communities,Yan-Tumaki 'A',NW,Katsina,Dan Musa,12.235540008840898,7.392659969464724,343,0,FALSE,750,491.233642578125,81.87227376302083,277.98137752656334,46.330229587760556,FALSE,FALSE,TRUE,TRUE,FALSE,TRUE,TRUE,FALSE,TRUE,FALSE
idp_NG007008_1,BN_H074,Kula Community,IDPs dispersed in Host Communities,Merkyen,NC,Benue,Gwer West,7.653129000577617,8.38169296832316,183,0,FALSE,750,474.5311584472656,79.08852640787761,268.52970495290924,44.75495082548488,FALSE,FALSE,TRUE,FALSE,FALSE,TRUE,TRUE,FALSE,FALSE,FALSE
idp_NG002016_2,AD_REL022,Shaffaron,Relocated Sites,Kodomti,NE,Adamawa,Numan,9.45914000486076,11.916559965128585,341,2,FALSE,750,468.3103332519531,78.05172220865886,265.0094380019952,44.1682396669992,FALSE,FALSE,TRUE,TRUE,FALSE,TRUE,TRUE,FALSE,TRUE,FALSE
idp_NG019011_3,KD_INT034,Huri Fulani,IDPs Integrated,Kagarko South,NW,Kaduna,Kagarko,9.509880004042344,7.679929968943168,1412,4,FALSE,750,463.8824768066406,77.31374613444011,262.50378381329193,43.75063063554865,FALSE,FALSE,TRUE,TRUE,FALSE,TRUE,TRUE,FALSE,TRUE,FALSE
idp_NG019001_15,KD_H317,Ungwan Sarki,IDPs dispersed in Host Communities,Kakangi,NW,Kaduna,Birnin-Gwari,10.705880005834024,6.201381970383372,349,1,FALSE,750,459.6263122558594,76.60438537597656,260.09528736220096,43.349214560366825,FALSE,FALSE,TRUE,TRUE,FALSE,TRUE,TRUE,FALSE,TRUE,FALSE
idp_NG032011_10,PL_H091,Angwan Tsarki,IDPs dispersed in Host Communities,Mangun,NC,Plateau,Mangu,9.221420003793162,9.189759967555796,211,0,FALSE,750,441.6361389160156,73.60602315266927,249.9149317564546,41.65248862607576,FALSE,FALSE,TRUE,TRUE,FALSE,TRUE,TRUE,FALSE,TRUE,FALSE
idp_NG021007_7,KT_H387,Darawa,IDPs dispersed in Host Communities,Dabawa,NW,Katsina,Dan Musa,12.284700008886237,7.291699969565793,291,1,FALSE,750,353.330810546875,58.888468424479164,199.94433793849296,33.32405632308216,FALSE,FALSE,TRUE,TRUE,FALSE,TRUE,TRUE,FALSE,TRUE,FALSE
idp_NG037012_7,ZF_H183,Tsunami,IDPs dispersed in Host Communities,Rijiya,NW,Zamfara,Talata Mafara,12.138490008197255,6.080399970667633,485,0,FALSE,750,303.5897216796875,50.598286946614586,171.79663956343114,28.63277326057186,FALSE,FALSE,TRUE,TRUE,FALSE,TRUE,TRUE,FALSE,TRUE,FALSE
idp_NG037008_12,ZF_H205,Sabon Gari,IDPs dispersed in Host Communities,Nahuce Keku,NW,Zamfara,Kaura Namoda,12.37529000879625,6.653442970171806,673,0,FALSE,750,296.6898498535156,49.44830830891927,167.89211082445956,27.982018470743263,FALSE,FALSE,TRUE,TRUE,FALSE,TRUE,TRUE,FALSE,TRUE,FALSE
idp_NG021007_5,KT_H460,Maidabino,IDPs dispersed in Host Communities,Mai Dabino B,NW,Katsina,Dan Musa,12.2285000087961,7.304909969544666,300,0,FALSE,750,288.7544860839844,48.12574768066406,163.40161351191475,27.23360225198579,FALSE,FALSE,TRUE,TRUE,FALSE,TRUE,TRUE,FALSE,TRUE,FALSE
idp_NG037012_14,ZF_H200,Shiya Magaji,IDPs dispersed in Host Communities,Morai,NW,Zamfara,Talata Mafara,12.365820008584818,6.1321299706554075,213,0,FALSE,750,279.74798583984375,46.624664306640625,158.30497694724508,26.384162824540844,FALSE,FALSE,TRUE,TRUE,FALSE,TRUE,TRUE,FALSE,TRUE,FALSE
idp_NG021007_4,KT_H339,Dabawa,IDPs dispersed in Host Communities,Dabawa,NW,Katsina,Dan Musa,12.315100008935175,7.285399969576503,314,0,FALSE,750,262.5312805175781,43.75521341959635,148.562314704418,24.760385784069662,FALSE,FALSE,TRUE,TRUE,FALSE,TRUE,TRUE,FALSE,TRUE,FALSE
idp_NG026003_8,NW_H225,Ungwan-Ose,IDPs dispersed in Host Communities,Rukubi I,NC,Nasarawa,Doma,7.85984000097331,8.276979968408314,432,0,FALSE,750,239.9180145263672,39.98633575439453,135.76582381747374,22.62763730291229,FALSE,FALSE,TRUE,TRUE,FALSE,TRUE,TRUE,FALSE,TRUE,FALSE
idp_NG002001_2,AD_H016,Gwamba,Host Community,Gwamba,NE,Adamawa,Demsa,9.60258000523336,12.19186996489254,514,0,FALSE,750,222.06695556640625,37.01115926106771,125.66419084715321,20.944031807858867,FALSE,FALSE,TRUE,TRUE,FALSE,TRUE,TRUE,FALSE,TRUE,FALSE
idp_NG037007_5,ZF_H237,Asibitin Shagari,IDPs dispersed in Host Communities,Mayana,NW,Zamfara,Gusau,11.77302991778514,6.630718159102465,332,0,FALSE,750,172.42759704589844,28.737932840983074,97.57406007222126,16.26234334537021,FALSE,FALSE,TRUE,TRUE,FALSE,TRUE,TRUE,FALSE,TRUE,FALSE
idp_NG037003_13,ZF_H088,Billashe,IDPs dispersed in Host Communities,Modomawa East,NW,Zamfara,Birnin Magaji,12.341210008801058,6.815159970016127,156,0,FALSE,750,156.0557861328125,26.009297688802082,88.30951026179116,14.718251710298526,FALSE,FALSE,TRUE,FALSE,FALSE,TRUE,TRUE,FALSE,FALSE,FALSE
idp_NG002017_14,AD_H368,Ketembere,Host Community,Ketembere,NE,Adamawa,Shelleng,9.988490006035638,12.08853996499966,259,0,FALSE,750,151.7155303955078,25.285921732584637,85.85342793334672,14.308904655557786,FALSE,FALSE,TRUE,TRUE,FALSE,TRUE,TRUE,FALSE,TRUE,FALSE
idp_NG008020_1,BO_H252,Lawanti,Host Community,Gaji Ganna I,NE,Borno,Magumeri,12.114710010511608,12.28294296504822,837,0,FALSE,750,126.0075912475586,21.001265207926433,71.30571027254044,11.884285045423407,FALSE,FALSE,TRUE,TRUE,FALSE,TRUE,TRUE,FALSE,TRUE,FALSE
idp_NG002017_10,AD_H528,Gwagarap,Host Community,Jumbul,NE,Adamawa,Shelleng,9.821222005670062,12.056194965019714,186,3,FALSE,750,120.00499725341797,20.00083287556966,67.90893691950504,11.31815615325084,FALSE,FALSE,TRUE,FALSE,FALSE,TRUE,TRUE,FALSE,FALSE,FALSE
idp_NG019002_5,KD_H291,Sabon Gari Zikoriko,IDPs dispersed in Host Communities,S/Ggarin Arewa Tirkaniya,NW,Kaduna,Chikun,10.415800005636216,7.370149969275659,301,0,FALSE,750,107.46403503417969,17.910672505696613,60.81220401881001,10.135367336468335,FALSE,FALSE,TRUE,TRUE,FALSE,TRUE,TRUE,FALSE,TRUE,FALSE
idp_NG037008_16,ZF_H118,Kanwuri,IDPs dispersed in Host Communities,Sauna R/Gora,NW,Zamfara,Kaura Namoda,12.413590008857923,6.65005997018127,201,0,FALSE,750,94.71537780761719,15.785896301269531,53.59793978630642,8.932989964384403,FALSE,FALSE,TRUE,TRUE,FALSE,TRUE,TRUE,FALSE,TRUE,FALSE
idp_NG037009_3,ZF_H233,Bakin Tasha,IDPs dispersed in Host Communities,Galadima,NW,Zamfara,Maradun,12.854610009375284,6.156409970718364,317,0,FALSE,750,79.96752166748047,13.327920277913412,45.25236039177871,7.542060065296452,FALSE,FALSE,TRUE,TRUE,FALSE,TRUE,TRUE,FALSE,TRUE,FALSE
idp_NG027022_1,NI_H025,Zumba(Lapma),IDPs dispersed in Host Communities,Gussoro,NC,Niger,Shiroro,9.92077800455883,6.605118969954228,170,0,FALSE,750,72.77054595947266,12.128424326578775,41.17970524780809,6.8632842079680145,FALSE,FALSE,TRUE,FALSE,FALSE,TRUE,TRUE,FALSE,FALSE,FALSE
idp_NG019002_14,KD_H219,Udawa Town,IDPs dispersed in Host Communities,Kunai,NW,Kaduna,Chikun,10.326038085500436,7.4740092481734335,199,0,FALSE,750,53.962928771972656,8.993821461995443,30.53677104986777,5.089461841644629,FALSE,FALSE,TRUE,FALSE,FALSE,TRUE,TRUE,FALSE,FALSE,FALSE
idp_NG021007_3,KT_H282,Turare,IDPs dispersed in Host Communities,Makera,NW,Katsina,Dan Musa,12.19220000872374,7.275799969565874,158,1,FALSE,750,50.7999382019043,8.466656366984049,28.746884528340903,4.79114742139015,FALSE,FALSE,TRUE,FALSE,FALSE,TRUE,TRUE,FALSE,FALSE,FALSE
idp_NG021031_5,KT_H494,Kanon Hakki,IDPs dispersed in Host Communities,Daudawa,NW,Katsina,Sabuwa,11.385910007282728,7.113699969605367,172,0,FALSE,750,49.834651947021484,8.30577532450358,28.200644247582634,4.700107374597105,FALSE,FALSE,TRUE,FALSE,FALSE,TRUE,TRUE,FALSE,FALSE,FALSE
idp_NG037001_16,ZF_H155,Gidan Kwali,IDPs dispersed in Host Communities,Nasarawa,NW,Zamfara,Anka,12.085210007992494,5.748869970969154,427,0,FALSE,750,46.04673385620117,7.674455642700195,26.05712108960479,4.3428535149341325,FALSE,FALSE,TRUE,TRUE,FALSE,TRUE,TRUE,FALSE,TRUE,FALSE
idp_NG007019_1,BN_H225,Ogore,IDPs dispersed in Host Communities,Ogore,NC,Benue,Oturkpo,7.12799947953116,8.191680460533416,243,0,FALSE,750,26.54433250427246,4.424055417378743,15.02101948135051,2.5035032468917517,FALSE,FALSE,TRUE,TRUE,FALSE,TRUE,TRUE,FALSE,TRUE,FALSE
idp_NG019001_11,KT_H319,Unguwar Goga,IDPs dispersed in Host Communities,Ruwan Godiya,NW,Kaduna,Birnin-Gwari,11.000000006573469,6.999999969668553,276,0,FALSE,750,21.062847137451172,3.510474522908529,11.919133288939847,1.986522214823308,FALSE,FALSE,TRUE,TRUE,FALSE,TRUE,TRUE,FALSE,TRUE,FALSE
idp_NG019012_4,KD_H260,Dogo Noma,IDPs dispersed in Host Communities,Maro,NW,Kaduna,Kajuru,10.146870005223787,7.676759968974964,186,0,FALSE,750,16.343032836914063,2.7238388061523438,9.248264750606346,1.541377458434391,FALSE,FALSE,TRUE,FALSE,FALSE,TRUE,TRUE,FALSE,FALSE,FALSE
idp_NG002018_13,AD_H806,Garin Leda,Host Community,Zumo,NE,Adamawa,Song,9.986395006259205,12.951729964250706,188,0,FALSE,750,0.2348324954509735,0.03913874924182892,0.13288800870978654,0.022148001451631087,FALSE,FALSE,TRUE,FALSE,FALSE,TRUE,TRUE,FALSE,FALSE,FALSE
idp_NG007012_5,BN_H092,Gov,IDPs dispersed in Host Communities,Mbagber,NC,Benue,Logo,7.753360000857779,9.21964696755431,321,0,FALSE,750,0,0,0,0,FALSE,FALSE,TRUE,TRUE,FALSE,TRUE,TRUE,FALSE,TRUE,FALSE
idp_NG026009_1,NW_INT012,Kugbaru,IDPs Integrated,Gurku/Kabusu,NC,Nasarawa,Nasarawa,8.170112001506437,7.679153668945174,263,0,FALSE,750,0,0,0,0,FALSE,FALSE,TRUE,TRUE,FALSE,TRUE,TRUE,FALSE,TRUE,FALSE
idp_NG007002_17,BN_H321,Adagbo Hc,IDPs dispersed in Host Communities,Egba,NC,Benue,Agatu,7.842868600916223,8.043294868623414,242,0,FALSE,750,0,0,0,0,FALSE,FALSE,TRUE,TRUE,FALSE,TRUE,TRUE,FALSE,TRUE,FALSE
idp_NG037010_8,ZF_H149,Kasharuwa,IDPs dispersed in Host Communities,Bungudu,NW,Zamfara,Maru,12.162270008326868,6.331339970437417,200,0,FALSE,750,0,0,0,0,FALSE,FALSE,TRUE,FALSE,FALSE,TRUE,TRUE,FALSE,FALSE,FALSE
idp_NG027006_1,NI_H035,Fadikpe,IDPs dispersed in Host Communities,Limawa 'B',NC,Niger,Chanchaga,9.61883940400043,6.52033577002021,32,1,FALSE,750,12972.0166015625,2162.0027669270835,7340.659783142404,1223.443297190401,FALSE,FALSE,FALSE,FALSE,FALSE,FALSE,FALSE,FALSE,FALSE,FALSE
idp_NG019003_14,KD_H200,Ungwan Shehu,IDPs dispersed in Host Communities,Giwa,NW,Kaduna,Giwa,11.25133000715724,7.46041996926947,83,0,FALSE,750,12856.8251953125,2142.80419921875,7275.47478151967,1212.5791302532782,FALSE,FALSE,FALSE,FALSE,FALSE,FALSE,FALSE,FALSE,FALSE,FALSE
idp_NG019004_16,KD_H011,Barkallahu,IDPs dispersed in Host Communities,Rigachikun,NW,Kaduna,Igabi,10.620460006031774,7.465809969203232,35,0,FALSE,750,12682.72265625,2113.787109375,7176.952898153815,1196.1588163589693,FALSE,FALSE,FALSE,FALSE,FALSE,FALSE,FALSE,FALSE,FALSE,FALSE
idp_NG002006_14,AD_H122,Nasarawo,Host Community,Purokayo,NE,Adamawa,Guyuk,9.916350005847738,11.956599965111298,16,3,FALSE,750,12492.7314453125,2082.1219075520835,7069.439865745929,1178.2399776243215,FALSE,FALSE,FALSE,FALSE,FALSE,FALSE,FALSE,FALSE,FALSE,FALSE
idp_NG002020_16,AD_INT007,Karewa Pry Sch,Integrated Sites,Karena,NE,Adamawa,Yola North,9.247760004518756,12.444249964663454,135,1,FALSE,750,12355.55078125,2059.2584635416665,6991.8114896315265,1165.3019149385877,FALSE,FALSE,FALSE,FALSE,FALSE,FALSE,FALSE,FALSE,FALSE,FALSE
idp_NG021009_2,KT_H062,Gra,IDPs dispersed in Host Communities,Danja B,NW,Katsina,Danja,11.37377000740701,7.564759969187273,22,0,FALSE,750,12350.7861328125,2058.46435546875,6989.115250161577,1164.852541693596,FALSE,FALSE,FALSE,FALSE,FALSE,FALSE,FALSE,FALSE,FALSE,FALSE
idp_NG021015_1,KT_H259,G.R.A,IDPs dispersed in Host Communities,Ingawa,NW,Katsina,Ingawa,12.636030009781294,8.055319968921726,45,0,FALSE,750,12297.3896484375,2049.56494140625,6958.899021069985,1159.816503511664,FALSE,FALSE,FALSE,FALSE,FALSE,FALSE,FALSE,FALSE,FALSE,FALSE
idp_NG036014_12,YB_INT066,Nahuta Central,Integrated Sites,Ngojin/Alaraba,NE,Yobe,Potiskum,11.690350009207076,11.074979966049296,77,11,FALSE,750,12146.2294921875,2024.37158203125,6873.359870614053,1145.5599784356755,FALSE,FALSE,FALSE,FALSE,FALSE,FALSE,FALSE,FALSE,FALSE,FALSE
idp_NG034002_8,SO_H037,Shiyar Marina,IDPs dispersed in Host Communities,Bodinga/Tauma,NW,Sokoto,Bodinga,12.840330008951168,5.147909971658942,61,2,FALSE,750,12009.8896484375,2001.6482747395833,6796.207301464936,1132.7012169108227,FALSE,FALSE,FALSE,FALSE,FALSE,FALSE,FALSE,FALSE,FALSE,FALSE
idp_NG036013_16,YB_H296,Kantudu,Host Community,Nglaiwa,NE,Yobe,Nguru,12.88561001123262,10.463099966785553,25,0,FALSE,750,11974.8251953125,1995.80419921875,6776.364879983486,1129.3941466639144,FALSE,FALSE,FALSE,FALSE,FALSE,FALSE,FALSE,FALSE,FALSE,FALSE
idp_NG020025_6,KN_H024,Samegu,IDPs dispersed in Host Communities,Danbare,NW,Kano,Kumbotso,11.942940008723866,8.454520968444895,9,0,FALSE,750,11848.72265625,1974.787109375,6705.005440238648,1117.5009067064414,FALSE,FALSE,FALSE,FALSE,FALSE,FALSE,FALSE,FALSE,FALSE,FALSE
idp_NG026006_1,NW_REL002,Ecwa,IDPs Relocated,Ang.Rimi,NC,Nasarawa,Keffi,8.849450002834045,7.88827996874155,10,0,FALSE,750,11847.3505859375,1974.5584309895833,6704.229007269745,1117.371501211624,FALSE,FALSE,FALSE,FALSE,FALSE,FALSE,FALSE,FALSE,FALSE,FALSE
idp_NG021022_12,KT_H467,Yarmarke,IDPs dispersed in Host Communities,Barkiyya,NW,Katsina,Kurfi,12.66528000960296,7.489027969447931,57,0,FALSE,750,11812.45703125,1968.7428385416667,6684.4832945210765,1114.080549086846,FALSE,FALSE,FALSE,FALSE,FALSE,FALSE,FALSE,FALSE,FALSE,FALSE
idp_NG002001_11,AD_H024,Nasarawo Demsa,Host Community,Nassarawo Demsa,NE,Adamawa,Demsa,9.4502400048713,12.04766996501365,67,2,FALSE,750,11762.6044921875,1960.43408203125,6656.272528236708,1109.378754706118,FALSE,FALSE,FALSE,FALSE,FALSE,FALSE,FALSE,FALSE,FALSE,FALSE
idp_NG002020_1,AD_H406,Damilu,Host Community,Jambutu,NE,Adamawa,Yola North,9.271050004563158,12.413689964690446,144,1,FALSE,750,11626.7109375,1937.78515625,6579.372507035483,1096.5620845059138,FALSE,FALSE,FALSE,FALSE,FALSE,FALSE,FALSE,FALSE,FALSE,FALSE
idp_NG002003_8,AD_H047,Tsohan Kasuwa,Host Community,Ganye I,NE,Adamawa,Ganye,8.431600002655339,12.05311396500491,14,5,FALSE,750,11581.4765625,1930.24609375,6553.775087021537,1092.2958478369228,FALSE,FALSE,FALSE,FALSE,FALSE,FALSE,FALSE,FALSE,FALSE,FALSE
idp_NG021029_14,KT_H217,Kofar Fada,IDPs dispersed in Host Communities,Jikamshi,NW,Katsina,Musawa,12.17250800887526,7.772910969104392,85,0,FALSE,750,11539.962890625,1923.3271484375,6530.283154275577,1088.3805257125962,FALSE,FALSE,FALSE,FALSE,FALSE,FALSE,FALSE,FALSE,FALSE,FALSE
idp_NG021020_6,KT_H128,Sabuwar Abuja,IDPs dispersed in Host Communities,Galadima 'B',NW,Katsina,Kankia,12.545970009539742,7.835479969107958,96,4,FALSE,750,11511.423828125,1918.5706380208333,6514.13334852239,1085.6888914203985,FALSE,FALSE,FALSE,FALSE,FALSE,FALSE,FALSE,FALSE,FALSE,FALSE
idp_NG027006_5,NI_H037,Sauka Kahuta,IDPs dispersed in Host Communities,Tudun Wada South,NC,Niger,Chanchaga,9.59710890396763,6.5499780319918885,77,4,FALSE,750,11045.568359375,1840.9280598958333,6250.513079658553,1041.752179943092,FALSE,FALSE,FALSE,FALSE,FALSE,FALSE,FALSE,FALSE,FALSE,FALSE
idp_NG021018_3,KT_H059,Kawari,IDPs dispersed in Host Communities,Kaita,NW,Katsina,Kaita,13.079800010396584,7.739309969295108,32,0,FALSE,750,10896.6328125,1816.10546875,6166.232800592771,1027.705466765462,FALSE,FALSE,FALSE,FALSE,FALSE,FALSE,FALSE,FALSE,FALSE,FALSE
idp_NG021009_1,KT_H068,Fegin Yamma,IDPs dispersed in Host Communities,Danja B,NW,Katsina,Danja,11.372120007403844,7.563969969187812,24,0,FALSE,750,10880.736328125,1813.4560546875,6157.237230580098,1026.206205096683,FALSE,FALSE,FALSE,FALSE,FALSE,FALSE,FALSE,FALSE,FALSE,FALSE
idp_NG036009_10,YB_H206,Dakido,Host Community,Jakusko,NE,Yobe,Jakusko,12.37277001040838,10.776329966415808,65,0,FALSE,750,10856.2646484375,1809.37744140625,6143.389092667113,1023.8981821111855,FALSE,FALSE,FALSE,FALSE,FALSE,FALSE,FALSE,FALSE,FALSE,FALSE
idp_NG034021_7,SO_H048,Behind COE,IDPs dispersed in Host Communities,Arkilla,NW,Sokoto,Wamako,12.999680009218292,5.210719971630196,57,0,FALSE,750,10757.2470703125,1792.87451171875,6087.356605514822,1014.5594342524704,FALSE,FALSE,FALSE,FALSE,FALSE,FALSE,FALSE,FALSE,FALSE,FALSE
idp_NG027020_13,NI_H013,Pandogari,IDPs dispersed in Host Communities,Kongoma Central,NC,Niger,Rafi,10.409738735373717,6.402964770172096,97,0,FALSE,750,10745.2880859375,1790.88134765625,6080.589204705436,1013.4315341175726,FALSE,FALSE,FALSE,FALSE,FALSE,FALSE,FALSE,FALSE,FALSE,FALSE
idp_NG019015_11,New Integrated,Unguwan Magaji 2,IDPs Integrated,Pambegua,NW,Kaduna,Kubau,10.68692100638018,8.273157968466526,33,0,FALSE,750,10596.7724609375,1766.1287434895833,5996.546552811632,999.4244254686054,FALSE,FALSE,FALSE,FALSE,FALSE,FALSE,FALSE,FALSE,FALSE,FALSE
idp_NG002003_2,AD_H050,Ganye 1,Host Community,Ganye I,NE,Adamawa,Ganye,8.45166200269907,12.0512979650061,20,6,FALSE,750,10572.482421875,1762.0804036458333,5982.80120246606,997.1335337443434,FALSE,FALSE,FALSE,FALSE,FALSE,FALSE,FALSE,FALSE,FALSE,FALSE
idp_NG002018_6,AD_H384,Sangaya,Host Community,Song Gari,NE,Adamawa,Song,9.830900005832838,12.617699964531615,63,5,FALSE,750,10549.9189453125,1758.31982421875,5970.032886632247,995.0054811053745,FALSE,FALSE,FALSE,FALSE,FALSE,FALSE,FALSE,FALSE,FALSE,FALSE
idp_NG002019_8,AD_H392,Toungo Ii Phd,Host Community,Toungo Ii,NE,Adamawa,Toungo,8.11671000196234,12.049929965016297,11,0,FALSE,750,10364.5576171875,1727.42626953125,5865.139831950744,977.5233053251242,FALSE,FALSE,FALSE,FALSE,FALSE,FALSE,FALSE,FALSE,FALSE,FALSE
idp_NG032005_8,PL_H265,Angwa Yashi,IDPs dispersed in Host Communities,Tudun Wada - Kabong,NC,Plateau,Jos North,9.901090005050731,8.867509967871,94,0,FALSE,750,10364.0087890625,1727.3347981770833,5864.829258763183,977.4715431271972,FALSE,FALSE,FALSE,FALSE,FALSE,FALSE,FALSE,FALSE,FALSE,FALSE
idp_NG021030_3,KT_H076,Bakin Tasha,IDPs dispersed in Host Communities,Rimi,NW,Katsina,Rimi,12.84867400999745,7.704514969282774,29,2,FALSE,750,10356.4091796875,1726.0681966145833,5860.528759571721,976.7547932619535,FALSE,FALSE,FALSE,FALSE,FALSE,FALSE,FALSE,FALSE,FALSE,FALSE
idp_NG019002_1,KD_H275,Buruku,IDPs dispersed in Host Communities,Kunai,NW,Kaduna,Chikun,10.616920005962958,7.239399969412076,54,0,FALSE,750,10328.5576171875,1721.42626953125,5844.767999234982,974.1279998724971,FALSE,FALSE,FALSE,FALSE,FALSE,FALSE,FALSE,FALSE,FALSE,FALSE
idp_NG021005_13,KT_H037,Bindawa Gari,IDPs dispersed in Host Communities,Bindawa,NW,Katsina,Bindawa,12.668650009737323,7.808879969153922,94,2,FALSE,750,10260.3359375,1710.0559895833333,5806.1624257299245,967.693737621654,FALSE,FALSE,FALSE,FALSE,FALSE,FALSE,FALSE,FALSE,FALSE,FALSE
idp_NG034003_15,SO_H016,Runji Area,IDPs dispersed in Host Communities,Dange,NW,Sokoto,Dange-Shuni,12.857580009055258,5.344369971477934,115,0,FALSE,750,10203.099609375,1700.5166015625,5773.773289568063,962.2955482613438,FALSE,FALSE,FALSE,FALSE,FALSE,FALSE,FALSE,FALSE,FALSE,FALSE
idp_NG002004_10,AD_H095,Hur Gabun,Host Community,Gabun,NE,Adamawa,Gombi,10.182380006526756,12.373779964762212,64,1,FALSE,750,10054.5849609375,1675.76416015625,5689.73119029559,948.2885317159316,FALSE,FALSE,FALSE,FALSE,FALSE,FALSE,FALSE,FALSE,FALSE,FALSE
idp_NG002013_10,AD_H289,Sangare I,Host Community,Michika Ii,NE,Adamawa,Michika,10.62383000778,13.392429963915546,100,10,FALSE,750,10011.3779296875,1668.56298828125,5665.281012163097,944.2135020271828,FALSE,FALSE,FALSE,FALSE,FALSE,FALSE,FALSE,FALSE,FALSE,FALSE
idp_NG034021_8,SO_H230,Sabon Gari Girabshi,IDPs dispersed in Host Communities,Kalambaina/Girabshi,NW,Sokoto,Wamako,13.066259009310944,5.19101997166163,63,0,FALSE,750,9818.802734375,1636.4671223958333,5556.305743715554,926.0509572859256,FALSE,FALSE,FALSE,FALSE,FALSE,FALSE,FALSE,FALSE,FALSE,FALSE
idp_NG036017_6,YB_REL025,Ajari,Relocated Sites,Yusufari,NE,Yobe,Yusufari,13.06362401187608,11.173698966187816,37,5,FALSE,750,9807.3642578125,1634.5607096354167,5549.832890075153,924.972148345859,FALSE,FALSE,FALSE,FALSE,FALSE,FALSE,FALSE,FALSE,FALSE,FALSE
idp_NG021023_5,KT_H072,Tsohuwar Kasuwa,IDPs dispersed in Host Communities,Kusada,NW,Katsina,Kusada,12.464510009458266,7.982079968959352,41,1,FALSE,750,9754.07421875,1625.6790364583333,5519.67689670855,919.946149451425,FALSE,FALSE,FALSE,FALSE,FALSE,FALSE,FALSE,FALSE,FALSE,FALSE
idp_NG020025_2,KN_H009,Hayindae,IDPs dispersed in Host Communities,Hotoro (Nnpc),NW,Kano,Kumbotso,11.953845008794298,8.594032968319022,34,0,FALSE,750,9749.11328125,1624.8522135416667,5516.869580351235,919.4782633918725,FALSE,FALSE,FALSE,FALSE,FALSE,FALSE,FALSE,FALSE,FALSE,FALSE
idp_NG021026_1,KT_H089,Mani Gari,IDPs dispersed in Host Communities,Mani,NW,Katsina,Mani,12.857078010081052,7.872277969130017,60,2,FALSE,750,9694.8447265625,1615.8074544270833,5486.159860411792,914.3599767352986,FALSE,FALSE,FALSE,FALSE,FALSE,FALSE,FALSE,FALSE,FALSE,FALSE
idp_NG002010_16,AD_H216,Sabon Gari,Host Community,Madagali,NE,Adamawa,Madagali,10.895210008445035,13.6209599637446,125,0,FALSE,750,9622.8134765625,1603.80224609375,5445.3985110977,907.5664185162834,FALSE,FALSE,FALSE,FALSE,FALSE,FALSE,FALSE,FALSE,FALSE,FALSE
idp_NG034002_5,SO_H182,Shiyar Arewa,IDPs dispersed in Host Communities,Sifawa/Lukuyawa,NW,Sokoto,Bodinga,12.82228000891723,5.131569971670923,45,1,FALSE,750,9546.8798828125,1591.1466471354167,5402.42888694821,900.4048144913683,FALSE,FALSE,FALSE,FALSE,FALSE,FALSE,FALSE,FALSE,FALSE,FALSE
idp_NG019003_1,KD_H113,Hayin Madara,IDPs dispersed in Host Communities,Gangara,NW,Kaduna,Giwa,11.258270007171724,7.467419969263783,17,0,FALSE,750,9503.1748046875,1583.8624674479167,5377.696871937325,896.2828119895543,FALSE,FALSE,FALSE,FALSE,FALSE,FALSE,FALSE,FALSE,FALSE,FALSE
idp_NG020042_4,KN_H215,Rummawa,IDPs dispersed in Host Communities,Rangaza,NW,Kano,Ungogo,12.029930008932263,8.599019968325628,28,1,FALSE,750,9449.130859375,1574.8551432291667,5347.114254903823,891.1857091506372,FALSE,FALSE,FALSE,FALSE,FALSE,FALSE,FALSE,FALSE,FALSE,FALSE
idp_NG036004_1,YB_H076,Fukumari,Host Community,Fika/Anze,NE,Yobe,Fika,11.285000008484054,11.305699965795265,46,3,FALSE,750,9438.60546875,1573.1009114583333,5341.158102207141,890.1930170345235,FALSE,FALSE,FALSE,FALSE,FALSE,FALSE,FALSE,FALSE,FALSE,FALSE
idp_NG019016_1,KD_H209,Ungwan Sarki,IDPs dispersed in Host Communities,Hunkuyi,NW,Kaduna,Kudan,11.270190007251204,7.65145996909544,54,1,FALSE,750,9355.296875,1559.2161458333333,5294.015081772129,882.3358469620215,FALSE,FALSE,FALSE,FALSE,FALSE,FALSE,FALSE,FALSE,FALSE,FALSE
idp_NG019013_1,KD_H164,Uza Kpak,IDPs dispersed in Host Communities,Kpak,NW,Kaduna,Kaura,9.60993000438486,8.400299968285157,31,0,FALSE,750,9341.4755859375,1556.91259765625,5286.193832086089,881.0323053476815,FALSE,FALSE,FALSE,FALSE,FALSE,FALSE,FALSE,FALSE,FALSE,FALSE
idp_NG020001_5,KN_H055,Ajingi,IDPs dispersed in Host Communities,Ajingi,NW,Kano,Ajingi,11.96730900898262,9.040031967914784,48,0,FALSE,750,9332.46875,1555.4114583333333,5281.097005557837,880.1828342596394,FALSE,FALSE,FALSE,FALSE,FALSE,FALSE,FALSE,FALSE,FALSE,FALSE
idp_NG002008_8,AD_H175,Duta Gra,Host Community,Jada Ii,NE,Adamawa,Jada,8.75411000338023,12.15709996491011,23,2,FALSE,750,9294.087890625,1549.0146484375,5259.377882039095,876.5629803398492,FALSE,FALSE,FALSE,FALSE,FALSE,FALSE,FALSE,FALSE,FALSE,FALSE
idp_NG021025_8,KT_H269,Ungwar Mata,IDPs dispersed in Host Communities,Malumfashi 'B',NW,Katsina,Malumfashi,11.800650008178138,7.629439969182123,100,1,FALSE,750,9239.951171875,1539.9918619791667,5228.742765979226,871.4571276632043,FALSE,FALSE,FALSE,FALSE,FALSE,FALSE,FALSE,FALSE,FALSE,FALSE
idp_NG034022_1,SO_H062,Sabon Gari,IDPs dispersed in Host Communities,Achida,NW,Sokoto,Wurno,13.169330009551382,5.396949971489065,61,5,FALSE,750,9194.8154296875,1532.46923828125,5203.201160719627,867.2001934532713,FALSE,FALSE,FALSE,FALSE,FALSE,FALSE,FALSE,FALSE,FALSE,FALSE
idp_NG021012_16,KT_H078,Sabon Layi,IDPs dispersed in Host Communities,Karofi 'A',NW,Katsina,Dutsin-Ma,12.486798009341346,7.586808969326764,70,0,FALSE,750,9019.216796875,1503.2027994791667,5103.832661475937,850.6387769126562,FALSE,FALSE,FALSE,FALSE,FALSE,FALSE,FALSE,FALSE,FALSE,FALSE
idp_NG026009_9,NW_H042,Mangoro Goma,IDPs dispersed in Host Communities,Nasarawa East,NC,Nasarawa,Nasarawa,8.524520002186753,7.708329968909762,44,2,FALSE,750,8953.6650390625,1492.2775065104167,5066.737954687592,844.4563257812653,FALSE,FALSE,FALSE,FALSE,FALSE,FALSE,FALSE,FALSE,FALSE,FALSE
idp_NG026004_11,NW_INT011,Jankanwa,IDPs Integrated,Aso/Kodape,NC,Nasarawa,Karu,9.015801403116816,7.695973768919067,109,0,FALSE,750,8929.9814453125,1488.3302408854167,5053.335782188062,842.2226303646769,FALSE,FALSE,FALSE,FALSE,FALSE,FALSE,FALSE,FALSE,FALSE,FALSE
idp_NG036004_10,YB_H082,Tsohuwar Kasuwa,Host Community,Gadaka/Shembire,NE,Yobe,Fika,11.285760008456448,11.220259965870891,45,2,FALSE,750,8907.109375,1484.5182291666667,5040.392838013911,840.0654730023185,FALSE,FALSE,FALSE,FALSE,FALSE,FALSE,FALSE,FALSE,FALSE,FALSE
idp_NG019019_7,KD_H101,New Zabi,IDPs dispersed in Host Communities,Zabi,NW,Kaduna,Sabon-Gari,11.142610007050012,7.735929969003651,11,0,FALSE,750,8884.54296875,1480.7571614583333,5027.622864316108,837.9371440526845,FALSE,FALSE,FALSE,FALSE,FALSE,FALSE,FALSE,FALSE,FALSE,FALSE
idp_NG036014_5,YB_INT076,Lantewa,Integrated Sites,Lantaiwa,NE,Yobe,Potiskum,11.692640009206013,11.059769966063085,54,4,FALSE,750,8861.85546875,1476.9759114583333,5014.784365573361,835.7973942622268,FALSE,FALSE,FALSE,FALSE,FALSE,FALSE,FALSE,FALSE,FALSE,FALSE
idp_NG002008_1,AD_H183,Kojoli,Host Community,Yelli,NE,Adamawa,Jada,8.57151000301705,12.378849964718636,21,0,FALSE,750,8789.669921875,1464.9449869791667,4973.935702089101,828.989283681517,FALSE,FALSE,FALSE,FALSE,FALSE,FALSE,FALSE,FALSE,FALSE,FALSE
idp_NG032006_8,PL_H270,Rahsi Kak,IDPs dispersed in Host Communities,Gyel B,NC,Plateau,Jos South,9.786690004827411,8.85716996787514,50,2,FALSE,750,8681.294921875,1446.8824869791667,4912.607997351024,818.7679995585041,FALSE,FALSE,FALSE,FALSE,FALSE,FALSE,FALSE,FALSE,FALSE,FALSE
idp_NG036012_9,YB_REL005,Bakin Tasha,Relocated Sites,Dawasa/G.Baba,NE,Yobe,Nangere,11.976170009718356,10.952269966197909,33,1,FALSE,750,8556.9912109375,1426.1652018229167,4842.266486096379,807.0444143493964,FALSE,FALSE,FALSE,FALSE,FALSE,FALSE,FALSE,FALSE,FALSE,FALSE
idp_NG026004_8,NW_INT010,Jewun,IDPs Integrated,Aso/Kodape,NC,Nasarawa,Karu,9.0041131030959,7.702620668912855,91,2,FALSE,750,8471.734375,1411.9557291666667,4794.020986107657,799.0034976846096,FALSE,FALSE,FALSE,FALSE,FALSE,FALSE,FALSE,FALSE,FALSE,FALSE
idp_NG002009_5,AD_H190,Munateri,Host Community,Lamurde,NE,Adamawa,Lamurde,9.60631000514791,11.796489965238472,62,1,FALSE,750,8411.9130859375,1401.9855143229167,4760.169061284809,793.3615102141349,FALSE,FALSE,FALSE,FALSE,FALSE,FALSE,FALSE,FALSE,FALSE,FALSE
idp_NG021005_9,KT_H039,Bakin Mayanka,IDPs dispersed in Host Communities,Doro,NW,Katsina,Bindawa,12.772080009951884,7.906379969082954,32,0,FALSE,750,8380.259765625,1396.7099609375,4742.256946109678,790.3761576849464,FALSE,FALSE,FALSE,FALSE,FALSE,FALSE,FALSE,FALSE,FALSE,FALSE
idp_NG019011_2,KD_INT033,Ungwan Gidan Mai,IDPs Integrated,Jere South,NW,Kaduna,Kagarko,9.56562700409433,7.432261969173313,91,4,FALSE,750,8341.98828125,1390.3313802083333,4720.599716179917,786.7666193633194,FALSE,FALSE,FALSE,FALSE,FALSE,FALSE,FALSE,FALSE,FALSE,FALSE
idp_NG002021_17,AD_H427,Sabon Pegi,Host Community,Mbamba,NE,Adamawa,Yola South,9.191500004410566,12.515849964600346,85,0,FALSE,750,8331.140625,1388.5234375,4714.461198444275,785.7435330740459,FALSE,FALSE,FALSE,FALSE,FALSE,FALSE,FALSE,FALSE,FALSE,FALSE
idp_NG032011_9,PL_H090,Bungha,IDPs dispersed in Host Communities,Mangu Ii,NC,Plateau,Mangu,9.48145000429956,9.1587799675899,122,1,FALSE,750,8263.8994140625,1377.3165690104167,4676.410456754718,779.4017427924531,FALSE,FALSE,FALSE,FALSE,FALSE,FALSE,FALSE,FALSE,FALSE,FALSE
idp_NG002010_15,AD_H220,Mission,Host Community,Madagali,NE,Adamawa,Madagali,10.88990000843117,13.613989963750038,123,1,FALSE,750,8234.068359375,1372.3447265625,4659.529532981704,776.5882554969506,FALSE,FALSE,FALSE,FALSE,FALSE,FALSE,FALSE,FALSE,FALSE,FALSE
idp_NG026004_12,NW_INT018,Ungwan Shuwa,IDPs Integrated,Uke,NC,Nasarawa,Karu,8.90036400290157,7.713929468902006,98,0,FALSE,750,8208.9052734375,1368.15087890625,4645.290139166951,774.2150231944918,FALSE,FALSE,FALSE,FALSE,FALSE,FALSE,FALSE,FALSE,FALSE,FALSE
idp_NG026004_4,NW_INT013,Ungwan Hausa,IDPs Integrated,Karshi I,NC,Nasarawa,Karu,8.890485302873136,7.656079568955276,126,1,FALSE,750,8191.96484375,1365.3274739583333,4635.703816952315,772.6173028253858,FALSE,FALSE,FALSE,FALSE,FALSE,FALSE,FALSE,FALSE,FALSE,FALSE
idp_NG026009_12,NW_H041,Oversea,IDPs dispersed in Host Communities,Nasarawa Main Town,NC,Nasarawa,Nasarawa,8.55381000224237,7.707149968910411,72,0,FALSE,750,8155.14892578125,1359.1914876302083,4614.870269115187,769.1450448525311,FALSE,FALSE,FALSE,FALSE,FALSE,FALSE,FALSE,FALSE,FALSE,FALSE
idp_NG019008_14,KD_H132,Ungwan Maigona,IDPs dispersed in Host Communities,Katari,NW,Kaduna,Kachia,9.698210004343702,7.45172996916014,106,0,FALSE,750,8044.8291015625,1340.8048502604167,4552.442018998056,758.740336499676,FALSE,FALSE,FALSE,FALSE,FALSE,FALSE,FALSE,FALSE,FALSE,FALSE
idp_NG021011_4,KT_H130,Unguwan Gabas,IDPs dispersed in Host Communities,Dutsi 'A',NW,Katsina,Dutsi,12.829150010144746,8.139279968879688,101,0,FALSE,750,8027.16015625,1337.8600260416667,4542.443441271105,757.0739068785176,FALSE,FALSE,FALSE,FALSE,FALSE,FALSE,FALSE,FALSE,FALSE,FALSE
idp_NG034010_6,SO_H204,Kaura,IDPs dispersed in Host Communities,Margai - B,NW,Sokoto,Kebbe,12.173220007782856,4.763349971906749,116,0,FALSE,750,8026.001953125,1337.6669921875,4541.788032373512,756.964672062252,FALSE,FALSE,FALSE,FALSE,FALSE,FALSE,FALSE,FALSE,FALSE,FALSE
idp_NG019008_8,New Integrated,Gss Sabon Gari,IDPs Integrated,Kachia Urban,NW,Kaduna,Kachia,9.877213004790956,7.958753968701013,32,5,FALSE,750,8021.54736328125,1336.924560546875,4539.267250175895,756.5445416959825,FALSE,FALSE,FALSE,FALSE,FALSE,FALSE,FALSE,FALSE,FALSE,FALSE
idp_NG034005_1,SO_H031,Marina Kanwuri,IDPs dispersed in Host Communities,Gwadabawa,NW,Sokoto,Gwadabawa,13.36108000977167,5.2364699716788685,71,2,FALSE,750,7971.6142578125,1328.6023763020833,4511.010892631786,751.8351487719643,FALSE,FALSE,FALSE,FALSE,FALSE,FALSE,FALSE,FALSE,FALSE,FALSE
idp_NG036015_3,YB_REL016,Bulama Manu,Relocated Sites,Babangida,NE,Yobe,Tarmua,12.158210010395228,11.774449965499462,116,7,FALSE,750,7960.861328125,1326.8102213541667,4504.925979165172,750.8209965275288,FALSE,FALSE,FALSE,FALSE,FALSE,FALSE,FALSE,FALSE,FALSE,FALSE
idp_NG034005_11,SO_H218,Kofar Rini,IDPs dispersed in Host Communities,Salame,NW,Sokoto,Gwadabawa,13.373510009863075,5.407519971521182,126,3,FALSE,750,7927.9111328125,1321.3185221354167,4486.2799828635625,747.7133304772605,FALSE,FALSE,FALSE,FALSE,FALSE,FALSE,FALSE,FALSE,FALSE,FALSE
idp_NG020044_3,KN_H119,Zango Darki,IDPs dispersed in Host Communities,Darki,NW,Kano,Wudil,11.661811008382257,8.920903967980843,32,1,FALSE,750,7892.4921875,1315.4153645833333,4466.236959839257,744.3728266398762,FALSE,FALSE,FALSE,FALSE,FALSE,FALSE,FALSE,FALSE,FALSE,FALSE
idp_NG036010_2,YB_INT031,Jajimaji,Integrated Sites,Jaji  Maji,NE,Yobe,Karasuwa,12.899110011406828,10.8051999664831,40,4,FALSE,750,7856.3935546875,1309.39892578125,4445.809312369146,740.9682187281911,FALSE,FALSE,FALSE,FALSE,FALSE,FALSE,FALSE,FALSE,FALSE,FALSE
idp_NG021009_7,KT_H070,Bakin Asibiti,IDPs dispersed in Host Communities,Dabai,NW,Katsina,Danja,11.373850007430876,7.637969969119808,21,2,FALSE,750,7795.28515625,1299.2141927083333,4411.229032633121,735.2048387721868,FALSE,FALSE,FALSE,FALSE,FALSE,FALSE,FALSE,FALSE,FALSE,FALSE
idp_NG036016_9,YB_H382,Kanidi,Host Community,Ngirabo,NE,Yobe,Yunusari,13.151240012206024,11.539559965882187,25,3,FALSE,750,7628.12158203125,1271.3535970052083,4316.633800128861,719.4389666881435,FALSE,FALSE,FALSE,FALSE,FALSE,FALSE,FALSE,FALSE,FALSE,FALSE
idp_NG034006_16,SO_H054,Yari Danya,IDPs dispersed in Host Communities,Rimawa,NW,Sokoto,Goronyo,13.47679001023788,5.914969971068658,130,0,FALSE,750,7552.25390625,1258.708984375,4273.701477919158,712.2835796531929,FALSE,FALSE,FALSE,FALSE,FALSE,FALSE,FALSE,FALSE,FALSE,FALSE
idp_NG034010_1,SO_H085,Sabon Gari,IDPs dispersed in Host Communities,Kebbe West,NW,Sokoto,Kebbe,12.1220300076941,4.736359971924285,36,3,FALSE,750,7550.517578125,1258.4195963541667,4272.718917194097,712.1198195323495,FALSE,FALSE,FALSE,FALSE,FALSE,FALSE,FALSE,FALSE,FALSE,FALSE
idp_NG019015_12,KD_H208,Sabon Layi,IDPs dispersed in Host Communities,Anchau,NW,Kaduna,Kubau,10.96273000692232,8.384469968390006,28,3,FALSE,750,7539.2548828125,1256.54248046875,4266.345535393129,711.0575892321882,FALSE,FALSE,FALSE,FALSE,FALSE,FALSE,FALSE,FALSE,FALSE,FALSE
idp_NG019002_10,KD_H212,Angwan Sauri,IDPs dispersed in Host Communities,Kakau,NW,Kaduna,Chikun,10.412650005645848,7.42839996922164,76,2,FALSE,750,7515.79541015625,1252.632568359375,4253.070189488875,708.8450315814792,FALSE,FALSE,FALSE,FALSE,FALSE,FALSE,FALSE,FALSE,FALSE,FALSE
idp_NG021022_1,KT_H048,Sabon Anguwa,IDPs dispersed in Host Communities,Kurfi 'A',NW,Katsina,Kurfi,12.661970009594414,7.481539969454259,71,0,FALSE,750,7499.2080078125,1249.8680013020833,4243.6836398851,707.2806066475166,FALSE,FALSE,FALSE,FALSE,FALSE,FALSE,FALSE,FALSE,FALSE,FALSE
idp_NG032001_1,PL_H272,Tabwan,IDPs dispersed in Host Communities,Heigpang,NC,Plateau,Barikin Ladi,9.64223000455541,8.891809967837828,50,1,FALSE,750,7497.86962890625,1249.6449381510417,4242.926272352088,707.154378725348,FALSE,FALSE,FALSE,FALSE,FALSE,FALSE,FALSE,FALSE,FALSE,FALSE
idp_NG019014_5,KD_H363,Dandaura,IDPs dispersed in Host Communities,Makami,NW,Kaduna,Kauru,10.68251500631347,8.0674979686547,43,0,FALSE,750,7473.79541015625,1245.632568359375,4229.303051320486,704.8838418867476,FALSE,FALSE,FALSE,FALSE,FALSE,FALSE,FALSE,FALSE,FALSE,FALSE
idp_NG034014_17,New HC,Kajiji,IDPs dispersed in Host Communities,Kajiji,NW,Sokoto,Shagari,12.53826000840887,4.938279971801813,130,0,FALSE,750,7456.8701171875,1242.8116861979167,4219.725294736468,703.2875491227446,FALSE,FALSE,FALSE,FALSE,FALSE,FALSE,FALSE,FALSE,FALSE,FALSE
idp_NG002017_9,AD_H365,Yallo,Host Community,Gundo,NE,Adamawa,Shelleng,9.970120005986624,12.05088996503159,51,1,FALSE,750,7396.068359375,1232.6780598958333,4185.318538098119,697.5530896830197,FALSE,FALSE,FALSE,FALSE,FALSE,FALSE,FALSE,FALSE,FALSE,FALSE
idp_NG036003_16,YB_H061,Maisandari,Host Community,Maisandari/Waziri Ibrahim Estate,NE,Yobe,Damaturu,11.73870000964987,12.012209965230564,101,0,FALSE,750,7359.3583984375,1226.5597330729167,4164.544949675315,694.0908249458859,FALSE,FALSE,FALSE,FALSE,FALSE,FALSE,FALSE,FALSE,FALSE,FALSE
idp_NG023019_2,New HC,Sabon gari,IDPs dispersed in Host Communities,Abejukolo I,NC,Kogi,Omala,7.864722200903983,7.506111069116767,45,0,FALSE,750,7347.0126953125,1224.5021158854167,4157.558710819177,692.9264518031962,FALSE,FALSE,FALSE,FALSE,FALSE,FALSE,FALSE,FALSE,FALSE,FALSE
idp_NG034011_4,SO_H101,Ruggar Liman,IDPs dispersed in Host Communities,G. Rugga,NW,Sokoto,Kware,13.07615000935953,5.273409971586313,115,1,FALSE,750,7330.35107421875,1221.7251790364583,4148.130161994308,691.3550269990512,FALSE,FALSE,FALSE,FALSE,FALSE,FALSE,FALSE,FALSE,FALSE,FALSE
idp_NG021032_2,KT_H007,Guzurawa,IDPs dispersed in Host Communities,Runka 'A',NW,Katsina,Safana,12.449190009169628,7.308389969577333,86,1,FALSE,750,7315.7490234375,1219.29150390625,4139.867091554788,689.9778485924647,FALSE,FALSE,FALSE,FALSE,FALSE,FALSE,FALSE,FALSE,FALSE,FALSE
idp_NG008027_5,BO_H532,Kirkalla,Host Community,Bargu / Burashika,NE,Borno,Shani,10.087730006212183,11.95862996511872,31,3,FALSE,750,7312.26123046875,1218.710205078125,4137.89340447405,689.648900745675,FALSE,FALSE,FALSE,FALSE,FALSE,FALSE,FALSE,FALSE,FALSE,FALSE
idp_NG021006_1,KT_H331,Radda,IDPs dispersed in Host Communities,Radda,NW,Katsina,Charanchi,12.478205009351171,7.649149969267875,94,0,FALSE,750,7284.53564453125,1214.0892740885417,4122.203932288904,687.0339887148174,FALSE,FALSE,FALSE,FALSE,FALSE,FALSE,FALSE,FALSE,FALSE,FALSE
idp_NG036009_4,YB_H205,Lawan Unit,Host Community,Gidgid / Bayam,NE,Yobe,Jakusko,12.562840010829945,10.92703996631391,40,0,FALSE,750,7270.5791015625,1211.76318359375,4114.306144548634,685.7176907581056,FALSE,FALSE,FALSE,FALSE,FALSE,FALSE,FALSE,FALSE,FALSE,FALSE
idp_NG021020_13,KT_H126,Gwajawa,IDPs dispersed in Host Communities,Rimaye,NW,Katsina,Kankia,12.316840009158602,7.864159969043324,134,1,FALSE,750,7258.138671875,1209.6897786458333,4107.266301423469,684.544383570578,FALSE,FALSE,FALSE,FALSE,FALSE,FALSE,FALSE,FALSE,FALSE,FALSE
idp_NG034002_1,SO_H117,Shiyar Runjin Kudu,IDPs dispersed in Host Communities,Bodinga/Tauma,NW,Sokoto,Bodinga,12.84539000895758,5.14462997166295,45,1,FALSE,750,7234.91455078125,1205.819091796875,4094.124137259788,682.3540228766313,FALSE,FALSE,FALSE,FALSE,FALSE,FALSE,FALSE,FALSE,FALSE,FALSE
idp_NG037011_5,ZF_H103,Baithe,IDPs dispersed in Host Communities,Jangeru,NW,Zamfara,Shinkafi,12.989840009727027,6.493259970430412,127,0,FALSE,750,7162.7265625,1193.7877604166667,4053.2740922222033,675.5456820370339,FALSE,FALSE,FALSE,FALSE,FALSE,FALSE,FALSE,FALSE,FALSE,FALSE
idp_NG032002_2,PL_H191,Jebbu Bassa,IDPs dispersed in Host Communities,Buhit,NC,Plateau,Bassa,9.958820005135651,8.75893996797279,32,0,FALSE,750,7152.47607421875,1192.079345703125,4047.4735024299666,674.5789170716612,FALSE,FALSE,FALSE,FALSE,FALSE,FALSE,FALSE,FALSE,FALSE,FALSE
idp_NG036005_14,YB_H107,Bulamari,Host Community,Fune/Ngelzarma/Milbiyar/Lawan Kalam,NE,Yobe,Fune,11.68811000940386,11.623317965564862,41,2,FALSE,750,7144.19873046875,1190.6997884114583,4042.7894840353597,673.7982473392266,FALSE,FALSE,FALSE,FALSE,FALSE,FALSE,FALSE,FALSE,FALSE,FALSE
idp_NG027020_4,NI_H051,Kampani,IDPs dispersed in Host Communities,Sabon Gari,NC,Niger,Rafi,10.179616004933305,6.251811970297442,49,2,FALSE,750,7107.23095703125,1184.5384928385417,4021.870003581388,670.3116672635648,FALSE,FALSE,FALSE,FALSE,FALSE,FALSE,FALSE,FALSE,FALSE,FALSE
idp_NG036009_8,YB_H207,Lawanti,Host Community,Jakusko,NE,Yobe,Jakusko,12.366580010394747,10.771609966418994,26,1,FALSE,750,7068.84716796875,1178.1411946614583,4000.149222198656,666.6915370331093,FALSE,FALSE,FALSE,FALSE,FALSE,FALSE,FALSE,FALSE,FALSE,FALSE
idp_NG021010_1,KT_H183,Dan - Nakola,IDPs dispersed in Host Communities,Mazoji A,NW,Katsina,Daura,12.97553001042823,8.223239968830404,44,0,FALSE,750,7063.30517578125,1177.217529296875,3997.013096149883,666.1688493583139,FALSE,FALSE,FALSE,FALSE,FALSE,FALSE,FALSE,FALSE,FALSE,FALSE
idp_NG020017_1,KN_H241,Dausayi,IDPs dispersed in Host Communities,Jogana,NW,Kano,Gezawa,12.03217830898018,8.717351668218008,12,0,FALSE,750,7062.93603515625,1177.156005859375,3996.804205287075,666.1340342145126,FALSE,FALSE,FALSE,FALSE,FALSE,FALSE,FALSE,FALSE,FALSE,FALSE
idp_NG021013_13,KT_H318,Layin Zindimi,IDPs dispersed in Host Communities,Sheme,NW,Katsina,Faskari,11.703890007849235,7.163019969599663,94,0,FALSE,750,7048.89892578125,1174.8164876302083,3988.8608262870653,664.8101377145108,FALSE,FALSE,FALSE,FALSE,FALSE,FALSE,FALSE,FALSE,FALSE,FALSE
idp_NG019020_1,KD_H072,Angwan Nungu,IDPs dispersed in Host Communities,Bokana,NW,Kaduna,Sanga,9.350480003929349,8.607359968088398,59,0,FALSE,750,7044.21630859375,1174.0360514322917,3986.211007008851,664.3685011681418,FALSE,FALSE,FALSE,FALSE,FALSE,FALSE,FALSE,FALSE,FALSE,FALSE
idp_NG008018_5,BO_REL003,Biri,Relocated Sites,Kwaya Kusar,NE,Borno,Kwaya Kusar,10.495340007038044,11.84500996524557,24,0,FALSE,750,7031.52880859375,1171.9214680989583,3979.03135068715,663.1718917811917,FALSE,FALSE,FALSE,FALSE,FALSE,FALSE,FALSE,FALSE,FALSE,FALSE
idp_NG021009_4,KT_H286,Kantudu,IDPs dispersed in Host Communities,Dabai,NW,Katsina,Danja,11.371560007425922,7.63520996912208,31,1,FALSE,750,6999.4013671875,1166.56689453125,3960.850937856217,660.1418229760361,FALSE,FALSE,FALSE,FALSE,FALSE,FALSE,FALSE,FALSE,FALSE,FALSE
idp_NG020013_1,KN_H268,Sabon Gari,IDPs dispersed in Host Communities,Gabasawa,NW,Kano,Gabasawa,12.179140009316011,8.908969968065815,40,0,FALSE,750,6943.22998046875,1157.2049967447917,3929.0644352549175,654.8440725424863,FALSE,FALSE,FALSE,FALSE,FALSE,FALSE,FALSE,FALSE,FALSE,FALSE
idp_NG008005_4,BO_H039,Tabra,Host Community,Dugja,NE,Borno,Biu,10.621252007398107,12.166883964974115,143,1,FALSE,750,6885.90185546875,1147.6503092447917,3896.623352688019,649.4372254480032,FALSE,FALSE,FALSE,FALSE,FALSE,FALSE,FALSE,FALSE,FALSE,FALSE
idp_NG002006_15,AD_H513,Anguwan Jaun,Host Community,Banjiram,NE,Adamawa,Guyuk,9.792000005584148,11.962199965100613,63,0,FALSE,750,6794.88818359375,1132.4813639322917,3845.120149957886,640.8533583263144,FALSE,FALSE,FALSE,FALSE,FALSE,FALSE,FALSE,FALSE,FALSE,FALSE
idp_NG019020_15,KD_H226,Kan Kurmi,IDPs dispersed in Host Communities,Fadan Karshi,NW,Kaduna,Sanga,9.384450003990969,8.587309968107505,87,0,FALSE,750,6596.23486328125,1099.3724772135417,3732.705366351301,622.1175610585502,FALSE,FALSE,FALSE,FALSE,FALSE,FALSE,FALSE,FALSE,FALSE,FALSE
idp_NG002011_14,AD_H249,Toungo,Host Community,Mayonguli,NE,Adamawa,Maiha,10.060150006483696,13.18398996405501,71,0,FALSE,750,6572.5732421875,1095.4288736979167,3719.3156278317,619.88593797195006,FALSE,FALSE,FALSE,FALSE,FALSE,FALSE,FALSE,FALSE,FALSE,FALSE
idp_NG019004_1,KD_H248,Sabon Birnin Yero,IDPs dispersed in Host Communities,Birnin Yero,NW,Kaduna,Igabi,10.76793000631225,7.518229969167514,64,0,FALSE,750,6498.21240234375,1083.035400390625,3677.2360003344643,612.8726667224107,FALSE,FALSE,FALSE,FALSE,FALSE,FALSE,FALSE,FALSE,FALSE,FALSE
idp_NG002004_14,AD_H097,Possi A,Host Community,Garkida,NE,Adamawa,Gombi,10.406890007062158,12.566199964610234,77,3,FALSE,750,6477.177734375,1079.5296223958333,3665.332813193048,610.8888021988413,FALSE,FALSE,FALSE,FALSE,FALSE,FALSE,FALSE,FALSE,FALSE,FALSE
idp_NG032013_2,PL_H095,Pankshin Central,IDPs dispersed in Host Communities,Pankshin Central,NC,Plateau,Pankshin,9.328019304051214,9.421511667347906,24,0,FALSE,750,6394.35498046875,1065.725830078125,3618.4647218698005,603.0774536449668,FALSE,FALSE,FALSE,FALSE,FALSE,FALSE,FALSE,FALSE,FALSE,FALSE
idp_NG021013_14,KT_H390,Sabuwar Abuja,IDPs dispersed in Host Communities,Sheme,NW,Katsina,Faskari,11.70193000784655,7.165049969597515,150,0,FALSE,750,6309.3291015625,1051.5548502604167,3570.349916825667,595.0583194709445,FALSE,FALSE,FALSE,FALSE,FALSE,FALSE,FALSE,FALSE,FALSE,FALSE
idp_NG026003_4,NW_H212,Ungwan Guda Kube,IDPs dispersed in Host Communities,Ungwan Madaki,NC,Nasarawa,Doma,8.38563000201067,8.355999968317782,39,2,FALSE,750,6281.41015625,1046.9016927083333,3554.5510256171456,592.4251709361909,FALSE,FALSE,FALSE,FALSE,FALSE,FALSE,FALSE,FALSE,FALSE,FALSE
idp_NG021013_11,KT_H475,Daudawa,IDPs dispersed in Host Communities,Daudawa,NW,Katsina,Faskari,11.631620007722235,7.155849969596808,65,0,FALSE,750,6228.375,1038.0625,3524.53926641772,587.4232110696199,FALSE,FALSE,FALSE,FALSE,FALSE,FALSE,FALSE,FALSE,FALSE,FALSE
idp_NG002007_6,AD_H169,Mufachaka,Host Community,Uba,NE,Adamawa,Hong,10.450020007349014,13.222399964047526,85,2,FALSE,750,6215.7177734375,1035.9529622395833,3517.376741357254,586.2294568928756,FALSE,FALSE,FALSE,FALSE,FALSE,FALSE,FALSE,FALSE,FALSE,FALSE
idp_NG026007_1,NW_INT024,Garaku Pry School,IDPs Integrated,Garaku,NC,Nasarawa,Kokona,8.854851002885338,8.133141968516686,61,0,FALSE,750,6141.1953125,1023.5325520833334,3475.2056550298735,579.2009425049789,FALSE,FALSE,FALSE,FALSE,FALSE,FALSE,FALSE,FALSE,FALSE,FALSE
idp_NG032010_5,PL_H024,Talgwang,IDPs dispersed in Host Communities,Talgwang,NC,Plateau,Langtang South,8.770420003000755,9.80096996700034,12,0,FALSE,750,6080.6484375,1013.44140625,3440.9431325587016,573.490522093117,FALSE,FALSE,FALSE,FALSE,FALSE,FALSE,FALSE,FALSE,FALSE,FALSE
idp_NG008014_1,BO_H197,Lawanti Kura,Host Community,Mainok,NE,Borno,Kaga,11.831520010072412,12.6289199647065,117,1,FALSE,750,6068.09228515625,1011.3487141927084,3433.83780380591,572.3063006343183,FALSE,FALSE,FALSE,FALSE,FALSE,FALSE,FALSE,FALSE,FALSE,FALSE
idp_NG008018_14,BO_H236,Wandali,Host Community,Gondi,NE,Borno,Kwaya Kusar,10.566370007219824,11.957259965152822,59,0,FALSE,750,6013.97998046875,1002.3299967447916,3403.216503279295,567.2027505465492,FALSE,FALSE,FALSE,FALSE,FALSE,FALSE,FALSE,FALSE,FALSE,FALSE
idp_NG021006_13,KT_H147,Kuraye Town,IDPs dispersed in Host Communities,Kuraye,NW,Katsina,Charanchi,12.714590009740787,7.626019969330477,69,1,FALSE,750,5931.0224609375,988.5037434895834,3356.272150212483,559.3786917020806,FALSE,FALSE,FALSE,FALSE,FALSE,FALSE,FALSE,FALSE,FALSE,FALSE
idp_NG020001_8,KN_H209,Laraba Zango,IDPs dispersed in Host Communities,Toranke,NW,Kano,Ajingi,11.992740009075494,9.165624967804469,37,0,FALSE,750,5929.01025390625,988.1683756510416,3355.133473961647,559.1889123269411,FALSE,FALSE,FALSE,FALSE,FALSE,FALSE,FALSE,FALSE,FALSE,FALSE
idp_NG032009_1,PL_H107,Pallam,IDPs dispersed in Host Communities,Kuffen,NC,Plateau,Langtang North,9.131529003731837,9.794881967007385,16,0,FALSE,750,5810.10302734375,968.3505045572916,3287.8457481775763,547.9742913629294,FALSE,FALSE,FALSE,FALSE,FALSE,FALSE,FALSE,FALSE,FALSE,FALSE
idp_NG026008_15,NW_H068,Adogi,IDPs dispersed in Host Communities,Adogi,NC,Nasarawa,Lafia,8.525441002326515,8.648186968048106,45,0,FALSE,750,5809.41796875,968.236328125,3287.458084314455,547.9096807190758,FALSE,FALSE,FALSE,FALSE,FALSE,FALSE,FALSE,FALSE,FALSE,FALSE
idp_NG034021_1,SO_H202,Shiyar Gidan Bazanfare,IDPs dispersed in Host Communities,Wamakko,NW,Sokoto,Wamako,13.034570009234123,5.119579971722455,85,1,FALSE,750,5781.859375,963.6432291666666,3271.8631103767702,545.3105183961284,FALSE,FALSE,FALSE,FALSE,FALSE,FALSE,FALSE,FALSE,FALSE,FALSE
idp_NG002013_7,AD_H284,Lughui,Host Community,Michika I,NE,Adamawa,Michika,10.610920007750243,13.38729996391888,80,2,FALSE,750,5765.7666015625,960.9611002604166,3262.7564634767305,543.7927439127884,FALSE,FALSE,FALSE,FALSE,FALSE,FALSE,FALSE,FALSE,FALSE,FALSE
idp_NG021002_10,KT_H409,Abuja Quarters,IDPs dispersed in Host Communities,Wakilin Yamma 1I,NW,Katsina,Batagarawa,12.954675010151462,7.650276369352756,65,6,FALSE,750,5733.1748046875,955.5291341145834,3244.313279203297,540.7188798672162,FALSE,FALSE,FALSE,FALSE,FALSE,FALSE,FALSE,FALSE,FALSE,FALSE
idp_NG008005_15,BO_H514,Usman Dallah,Host Community,Yawi,NE,Borno,Biu,10.59156100734804,12.207920964935903,67,0,FALSE,750,5725.17041015625,954.195068359375,3239.783718470475,539.9639530784125,FALSE,FALSE,FALSE,FALSE,FALSE,FALSE,FALSE,FALSE,FALSE,FALSE
idp_NG026003_1,NW_H146,Ung Liman,IDPs dispersed in Host Communities,Sarkin Dawaki,NC,Nasarawa,Doma,8.385580002010265,8.353779968319813,26,1,FALSE,750,5716.0615234375,952.6769205729166,3234.629143013219,539.1048571688699,FALSE,FALSE,FALSE,FALSE,FALSE,FALSE,FALSE,FALSE,FALSE,FALSE
idp_NG034001_2,SO_H209,Makarantar Boko,IDPs dispersed in Host Communities,Maikulki,NW,Sokoto,Binji,13.164790009353869,4.9355799719209354,97,1,FALSE,750,5645.65576171875,940.942626953125,3194.787631903213,532.4646053172022,FALSE,FALSE,FALSE,FALSE,FALSE,FALSE,FALSE,FALSE,FALSE,FALSE
idp_NG019007_10,KD_INT020,Angwan Hausawa,IDPs Integrated,Gidan Waya,NW,Kaduna,Jema'a,9.464543004103149,8.38415696829531,78,2,FALSE,750,5595.2685546875,932.5447591145834,3166.274305440571,527.7123842400952,FALSE,FALSE,FALSE,FALSE,FALSE,FALSE,FALSE,FALSE,FALSE,FALSE
idp_NG019003_6,KD_H114,Kaya,IDPs dispersed in Host Communities,Idasu,NW,Kaduna,Giwa,11.25725000709813,7.239709969473998,58,0,FALSE,750,5523.912109375,920.6520182291666,3125.8948174656343,520.9824695776057,FALSE,FALSE,FALSE,FALSE,FALSE,FALSE,FALSE,FALSE,FALSE,FALSE
idp_NG032014_5,PL_H099,Kurgwi,IDPs dispersed in Host Communities,Kurgwi,NC,Plateau,Qua'an Pan,8.787410002949258,9.29636996745618,43,0,FALSE,750,5517.4091796875,919.5681966145834,3122.2149120279646,520.3691520046608,FALSE,FALSE,FALSE,FALSE,FALSE,FALSE,FALSE,FALSE,FALSE,FALSE
idp_NG036005_9,YB_H100,Limanti,Host Community,Dogon Kuka/Gishiwari/Gununu,NE,Yobe,Fune,11.670240009292394,11.41682996574438,55,3,FALSE,750,5499.95751953125,916.6595865885416,3112.3392925469793,518.7232154244965,FALSE,FALSE,FALSE,FALSE,FALSE,FALSE,FALSE,FALSE,FALSE,FALSE
idp_NG026012_1,NW_H189,Emir Palace Toto,IDPs dispersed in Host Communities,Toto,NC,Nasarawa,Toto,8.379750001827098,7.082949969490061,127,0,FALSE,750,5445.66796875,907.611328125,3081.6176912489373,513.6029485414895,FALSE,FALSE,FALSE,FALSE,FALSE,FALSE,FALSE,FALSE,FALSE,FALSE
idp_NG002008_2,AD_H171,Tundun Wada,Host Community,Jada I,NE,Adamawa,Jada,8.753010003376748,12.151169964915288,27,2,FALSE,750,5357.96630859375,892.994384765625,3031.9887037601097,505.33145062668495,FALSE,FALSE,FALSE,FALSE,FALSE,FALSE,FALSE,FALSE,FALSE,FALSE
idp_NG002006_12,AD_H535,Zeusigileye,Host Community,Guyuk,NE,Adamawa,Guyuk,9.902580005811894,11.93103996513301,20,3,FALSE,750,5337.6455078125,889.6075846354166,3020.489482811055,503.4149138018425,FALSE,FALSE,FALSE,FALSE,FALSE,FALSE,FALSE,FALSE,FALSE,FALSE
idp_NG026008_4,NW_H072,Assakio Community,IDPs dispersed in Host Communities,Assakio,NC,Nasarawa,Lafia,8.597382002499105,8.850635967862562,59,0,FALSE,750,5258.27001953125,876.3783365885416,2975.572144783344,495.92869079722396,FALSE,FALSE,FALSE,FALSE,FALSE,FALSE,FALSE,FALSE,FALSE,FALSE
idp_NG032001_11,PL_H277,Doruwa Babubje,IDPs dispersed in Host Communities,Lobiring,NC,Plateau,Barikin Ladi,9.525396404348404,8.985281467748823,14,0,FALSE,750,5214.8662109375,869.1443684895834,2951.01061345282,491.8351022421367,FALSE,FALSE,FALSE,FALSE,FALSE,FALSE,FALSE,FALSE,FALSE,FALSE
idp_NG021020_4,KT_H499,Kanti,IDPs dispersed in Host Communities,Galadima 'B',NW,Katsina,Kankia,12.550240009544147,7.828265969115328,88,1,FALSE,750,5208.7333984375,868.1222330729166,2947.5401514992886,491.2566919165481,FALSE,FALSE,FALSE,FALSE,FALSE,FALSE,FALSE,FALSE,FALSE,FALSE
idp_NG032006_5,PL_H269,Daloh,IDPs dispersed in Host Communities,Vwang,NC,Plateau,Jos South,9.744820004741412,8.83520996789336,32,0,FALSE,750,5153.0185546875,858.83642578125,2916.011999369848,486.00199989497474,FALSE,FALSE,FALSE,FALSE,FALSE,FALSE,FALSE,FALSE,FALSE,FALSE
idp_NG021028_1,KT_H447,Gwarjo,IDPs dispersed in Host Communities,Gwarjo,NW,Katsina,Matazu,12.142960008745346,7.560419969295539,101,0,FALSE,750,5117.07421875,852.845703125,2895.671666069906,482.61194434498435,FALSE,FALSE,FALSE,FALSE,FALSE,FALSE,FALSE,FALSE,FALSE,FALSE
idp_NG027022_2,NI_H019,Anguwan Kwakwa Kuta,IDPs dispersed in Host Communities,Bangajiya,NC,Niger,Shiroro,9.863852004479265,6.7034229698601475,59,0,FALSE,750,5093.33740234375,848.8895670572916,2882.239375707881,480.37322928464687,FALSE,FALSE,FALSE,FALSE,FALSE,FALSE,FALSE,FALSE,FALSE,FALSE
idp_NG019021_9,KD_INT036,Ungwan Liman,IDPs Integrated,Gimba,NW,Kaduna,Soba,11.071740006990368,7.955749968794054,42,0,FALSE,750,5073.33251953125,845.555419921875,2870.91892775914,478.4864879598567,FALSE,FALSE,FALSE,FALSE,FALSE,FALSE,FALSE,FALSE,FALSE,FALSE
idp_NG002011_5,AD_REL006,Mararaba,Relocated Sites,Konkol,NE,Adamawa,Maiha,9.650520005558349,13.104789964103894,101,2,FALSE,750,5046.8359375,841.1393229166666,2855.9249295180257,475.9874882530043,FALSE,FALSE,FALSE,FALSE,FALSE,FALSE,FALSE,FALSE,FALSE,FALSE
idp_NG019016_7,KD_H130,Ungwan Liman,IDPs dispersed in Host Communities,Kauran Wali South,NW,Kaduna,Kudan,11.309264007375782,7.82322196894178,9,0,FALSE,750,4980.07861328125,830.0131022135416,2818.148011697573,469.69133528292883,FALSE,FALSE,FALSE,FALSE,FALSE,FALSE,FALSE,FALSE,FALSE,FALSE
idp_NG037009_13,New HC,Gidankano,IDPs dispersed in Host Communities,Birnin Kaya / Dosara,NW,Zamfara,Maradun,12.46622000876528,6.181319970626227,126,0,FALSE,750,4877.76171875,812.9602864583334,2760.248493381269,460.04141556354483,FALSE,FALSE,FALSE,FALSE,FALSE,FALSE,FALSE,FALSE,FALSE,FALSE
idp_NG032012_9,PL_H038,Longkrom,IDPs dispersed in Host Communities,Garkawa Central,NC,Plateau,Mikang,8.943412003353487,9.808428966993604,11,0,FALSE,750,4845.79931640625,807.6332194010416,2742.161473555136,457.0269122591894,FALSE,FALSE,FALSE,FALSE,FALSE,FALSE,FALSE,FALSE,FALSE,FALSE
idp_NG036002_7,YB_H025,Dere,Host Community,Dapchi,NE,Yobe,Bursari,12.496260010941455,11.497459965797862,115,2,FALSE,750,4839.04296875,806.5071614583334,2738.3381628822845,456.38969381371413,FALSE,FALSE,FALSE,FALSE,FALSE,FALSE,FALSE,FALSE,FALSE,FALSE
idp_NG002017_7,AD_H366,Bobere,Host Community,Gundo,NE,Adamawa,Shelleng,9.6956600053944,12.028629965038505,101,0,FALSE,750,4797.67236328125,799.612060546875,2714.927189161196,452.48786486019935,FALSE,FALSE,FALSE,FALSE,FALSE,FALSE,FALSE,FALSE,FALSE,FALSE
idp_NG034011_9,SO_H100,Shiyar Galadima,IDPs dispersed in Host Communities,G. Rugga,NW,Sokoto,Kware,13.073560009356315,5.275119971584199,84,0,FALSE,750,4770.25244140625,795.0420735677084,2699.4106874523964,449.90178124206614,FALSE,FALSE,FALSE,FALSE,FALSE,FALSE,FALSE,FALSE,FALSE,FALSE
idp_NG036002_3,YB_H024,Bakin Tasha,Host Community,Bayamari,NE,Yobe,Bursari,12.76758001146665,11.508869965835686,52,4,FALSE,750,4767.14404296875,794.5240071614584,2697.651693758433,449.60861562640554,FALSE,FALSE,FALSE,FALSE,FALSE,FALSE,FALSE,FALSE,FALSE,FALSE
idp_NG026004_6,NW_INT007,Autabalefi,IDPs Integrated,Aso/Kodape,NC,Nasarawa,Karu,8.966829303019361,7.66758356894492,122,0,FALSE,750,4752.501953125,792.0836588541666,2689.365965844376,448.2276609740627,FALSE,FALSE,FALSE,FALSE,FALSE,FALSE,FALSE,FALSE,FALSE,FALSE
idp_NG034021_4,SO_H049,Dundayi Kulbe,IDPs dispersed in Host Communities,G/Bubu/G/Yaro,NW,Sokoto,Wamako,13.106474009380443,5.212682971649237,90,0,FALSE,750,4742.04931640625,790.341552734375,2683.4509834367927,447.2418305727988,FALSE,FALSE,FALSE,FALSE,FALSE,FALSE,FALSE,FALSE,FALSE,FALSE
idp_NG021022_7,KT_H209,Birchi Town,IDPs dispersed in Host Communities,Birchi,NW,Katsina,Kurfi,12.59146000948351,7.499799969424993,119,1,FALSE,750,4709.0029296875,784.8338216145834,2664.75055393416,444.12509232236005,FALSE,FALSE,FALSE,FALSE,FALSE,FALSE,FALSE,FALSE,FALSE,FALSE
idp_NG008027_10,BO_H382,Dungo Waja,Host Community,Kubo,NE,Borno,Shani,10.10237000626228,12.029519965057554,30,0,FALSE,750,4689.4912109375,781.5818684895834,2653.7091797571597,442.28486329286,FALSE,FALSE,FALSE,FALSE,FALSE,FALSE,FALSE,FALSE,FALSE,FALSE
idp_NG020036_11,KN_H033,Sabon Fegi,IDPs dispersed in Host Communities,Garfa,NW,Kano,Sumaila,11.533739008156015,8.946899967940794,6,0,FALSE,750,4664.56787109375,777.427978515625,2639.605454478966,439.934242413161,FALSE,FALSE,FALSE,FALSE,FALSE,FALSE,FALSE,FALSE,FALSE,FALSE
idp_NG021025_3,KT_H159,Marmara,IDPs dispersed in Host Communities,Dantutture,NW,Katsina,Malumfashi,11.8067900081587,7.543409969262251,141,0,FALSE,750,4658.71435546875,776.452392578125,2636.293042225866,439.382173704311,FALSE,FALSE,FALSE,FALSE,FALSE,FALSE,FALSE,FALSE,FALSE,FALSE
idp_NG032001_5,PL_H219,Gasa,IDPs dispersed in Host Communities,Gassa/Sho,NC,Plateau,Barikin Ladi,9.591060004457717,8.8996299678289,40,0,FALSE,750,4644.869140625,774.1448567708334,2628.458253317236,438.0763755528727,FALSE,FALSE,FALSE,FALSE,FALSE,FALSE,FALSE,FALSE,FALSE,FALSE
idp_NG019019_1,KD_H098,Anguwan Yerima,IDPs dispersed in Host Communities,Basawa,NW,Kaduna,Sabon-Gari,11.182800007101708,7.671199969067587,24,0,FALSE,750,4604.8505859375,767.47509765625,2605.812383827782,434.302063971297,FALSE,FALSE,FALSE,FALSE,FALSE,FALSE,FALSE,FALSE,FALSE,FALSE
idp_NG008018_2,BO_INT029,Kogu Chiri,Integrated Sites,Kwaya Kusar,NE,Borno,Kwaya Kusar,10.50244000705012,11.835629965254348,42,4,FALSE,750,4570.66357421875,761.7772623697916,2586.4664926114992,431.07774876858315,FALSE,FALSE,FALSE,FALSE,FALSE,FALSE,FALSE,FALSE,FALSE,FALSE
idp_NG002012_4,AD_H265,Anguwan Lccn,Host Community,Mayo-Belwa,NE,Adamawa,Mayo-Belwa,9.059690004027308,12.053910965000927,69,0,FALSE,750,4547.53955078125,757.9232584635416,2573.380972134162,428.896828689027,FALSE,FALSE,FALSE,FALSE,FALSE,FALSE,FALSE,FALSE,FALSE,FALSE
idp_NG021027_1,KT_H148,Kashe Naira,IDPs dispersed in Host Communities,Mashi,NW,Katsina,Mashi,12.970180010299302,7.940109969089129,15,0,FALSE,750,4538.587890625,756.4313151041666,2568.3153687110657,428.05256145184427,FALSE,FALSE,FALSE,FALSE,FALSE,FALSE,FALSE,FALSE,FALSE,FALSE
idp_NG023019_1,BN_H112,Olegentonu,IDPs dispersed in Host Communities,Ogwule-Kaduna,NC,Kogi,Omala,7.553400000306524,7.471299969165709,12,0,FALSE,750,4524.4716796875,754.07861328125,2560.327227383311,426.7212045638851,FALSE,FALSE,FALSE,FALSE,FALSE,FALSE,FALSE,FALSE,FALSE,FALSE
idp_NG019022_3,New Integrated,Ungwan Fulani,IDPs Integrated,Zango Urban,NW,Kaduna,Zango-Kataf,9.83213000481024,8.40762996828741,45,3,FALSE,750,4496.7578125,749.4596354166666,2544.644386654127,424.10739777568784,FALSE,FALSE,FALSE,FALSE,FALSE,FALSE,FALSE,FALSE,FALSE,FALSE
idp_NG034005_6,SO_H029,Kan Wuri,IDPs dispersed in Host Communities,Asara Kudu,NW,Sokoto,Gwadabawa,13.447250009917846,5.278889971657356,73,0,FALSE,750,4455.90478515625,742.6507975260416,2521.526302238034,420.254383706339,FALSE,FALSE,FALSE,FALSE,FALSE,FALSE,FALSE,FALSE,FALSE,FALSE
idp_NG034022_9,SO_H180,Yar Wurno Bagarinno,IDPs dispersed in Host Communities,Dankemu,NW,Sokoto,Wurno,13.286380009734131,5.41176997149904,69,1,FALSE,750,4424.59814453125,737.4330240885416,2503.8103676351175,417.30172793918626,FALSE,FALSE,FALSE,FALSE,FALSE,FALSE,FALSE,FALSE,FALSE,FALSE
idp_NG008004_8,BO_H027,Briyel,Host Community,Briyel,NE,Borno,Bayo,10.350580006668956,11.612239965439365,11,0,FALSE,750,4389.197265625,731.5328776041666,2483.7775681054204,413.96292801757005,FALSE,FALSE,FALSE,FALSE,FALSE,FALSE,FALSE,FALSE,FALSE,FALSE
idp_NG026008_14,NW_H144,Angwan Daurawa,IDPs dispersed in Host Communities,Bakin Rijiya/Akurba/Sarkin Pada,NC,Nasarawa,Lafia,8.53513900233429,8.5726589681169,27,0,FALSE,750,4371.18896484375,728.531494140625,2473.586954466233,412.26449241103876,FALSE,FALSE,FALSE,FALSE,FALSE,FALSE,FALSE,FALSE,FALSE,FALSE
idp_NG008018_9,BO_H242,Galdimare,Host Community,Peta,NE,Borno,Kwaya Kusar,10.343730006743217,11.924479965164888,37,1,FALSE,750,4358.7451171875,726.45751953125,2466.5451771664116,411.0908628610686,FALSE,FALSE,FALSE,FALSE,FALSE,FALSE,FALSE,FALSE,FALSE,FALSE
idp_NG036008_6,YB_H174,Lawanti/Ajari,Host Community,Bularafa,NE,Yobe,Gulani,11.071443008218491,11.804879965332663,20,4,FALSE,750,4345.7890625,724.2981770833334,2459.213549978911,409.8689249964852,FALSE,FALSE,FALSE,FALSE,FALSE,FALSE,FALSE,FALSE,FALSE,FALSE
idp_NG019016_8,KD_H117,Juga,IDPs dispersed in Host Communities,Kudan,NW,Kaduna,Kudan,11.308920007344623,7.728119969029244,65,0,FALSE,750,4335.0703125,722.51171875,2453.147978258853,408.8579963764755,FALSE,FALSE,FALSE,FALSE,FALSE,FALSE,FALSE,FALSE,FALSE,FALSE
idp_NG032007_7,PL_H071,Angwan Sarkin Kudu,IDPs dispersed in Host Communities,Dengi,NC,Plateau,Kanam,9.357575004221651,9.957177966865402,9,0,FALSE,750,4310.259765625,718.3766276041666,2439.1080807442954,406.5180134573825,FALSE,FALSE,FALSE,FALSE,FALSE,FALSE,FALSE,FALSE,FALSE,FALSE
idp_NG034011_1,SO_H098,Gidan Buzaye,IDPs dispersed in Host Communities,Kware,NW,Sokoto,Kware,13.209970009556802,5.262719971623063,66,1,FALSE,750,4303.82568359375,717.3042805989584,2435.467135110403,405.9111891850672,FALSE,FALSE,FALSE,FALSE,FALSE,FALSE,FALSE,FALSE,FALSE,FALSE
idp_NG021017_14,KT_H302,Mahuta,IDPs dispersed in Host Communities,Mahuta,NW,Katsina,Kafur,11.689250008061114,7.854889968959574,99,0,FALSE,750,4288.2939453125,714.7156575520834,2426.677969164552,404.4463281940921,FALSE,FALSE,FALSE,FALSE,FALSE,FALSE,FALSE,FALSE,FALSE,FALSE
idp_NG026008_11,NW_H055,Tudun Kwashim/Abu,IDPs dispersed in Host Communities,Wakwa,NC,Nasarawa,Lafia,8.566975002391057,8.53540696815046,17,0,FALSE,750,4256.84619140625,709.474365234375,2408.8821807794243,401.48036346323744,FALSE,FALSE,FALSE,FALSE,FALSE,FALSE,FALSE,FALSE,FALSE,FALSE
idp_NG036009_3,YB_H199,Lawan Buduwa,Host Community,Buduwa / Saminaka,NE,Yobe,Jakusko,12.2023900101253,10.879319966296896,28,1,FALSE,750,4256.23583984375,709.3726399739584,2408.536792448062,401.4227987413437,FALSE,FALSE,FALSE,FALSE,FALSE,FALSE,FALSE,FALSE,FALSE,FALSE
idp_NG032008_5,PL_INT001,Angwan Madaki,IDPs Integrated,Dawaki,NC,Plateau,Kanke,9.42852000428278,9.571849967214431,51,0,FALSE,750,4225.9296875,704.3216145833334,2391.3870183979147,398.56450306631916,FALSE,FALSE,FALSE,FALSE,FALSE,FALSE,FALSE,FALSE,FALSE,FALSE
idp_NG021031_1,KT_H016,Machika,IDPs dispersed in Host Communities,Machika,NW,Katsina,Sabuwa,11.472293007418896,7.071508969654803,65,1,FALSE,750,4222.3876953125,703.7312825520834,2389.3826608333516,398.23044347222526,FALSE,FALSE,FALSE,FALSE,FALSE,FALSE,FALSE,FALSE,FALSE,FALSE
idp_NG002005_15,AD_H070,Mai Turare,Host Community,Girei Ii,NE,Adamawa,Girei,9.372110004815006,12.552219964572386,90,2,FALSE,750,4147.98486328125,691.330810546875,2347.279270618918,391.2132117698196,FALSE,FALSE,FALSE,FALSE,FALSE,FALSE,FALSE,FALSE,FALSE,FALSE
idp_NG020020_1,KN_H276,Dugabo Hc,IDPs dispersed in Host Communities,Kabo,NW,Kano,Kabo,11.864039008483182,8.17641196868824,36,0,FALSE,750,4140.814453125,690.1357421875,2343.22164850207,390.53694141701163,FALSE,FALSE,FALSE,FALSE,FALSE,FALSE,FALSE,FALSE,FALSE,FALSE
idp_NG019003_8,KD_H257,Sabon Ungwan,IDPs dispersed in Host Communities,Galadimawa,NW,Kaduna,Giwa,11.056070006772687,7.33446996936481,62,0,FALSE,750,4112.56494140625,685.427490234375,2327.235694973282,387.8726158288804,FALSE,FALSE,FALSE,FALSE,FALSE,FALSE,FALSE,FALSE,FALSE,FALSE
idp_NG002013_2,AD_H268,Bazza,Host Community,Bazza Margi,NE,Adamawa,Michika,10.568250007638012,13.325239963968528,86,1,FALSE,750,4088.101806640625,681.3503011067709,2313.392392496936,385.5653987494893,FALSE,FALSE,FALSE,FALSE,FALSE,FALSE,FALSE,FALSE,FALSE,FALSE
idp_NG032010_8,PL_REL001,Gamakai,IDPs Relocated,Gamakai,NC,Plateau,Langtang South,8.666190002795599,9.84389996696236,14,0,FALSE,750,4079.501953125,679.9169921875,2308.5258709080367,384.7543118180061,FALSE,FALSE,FALSE,FALSE,FALSE,FALSE,FALSE,FALSE,FALSE,FALSE
idp_NG021026_14,KT_H412,Jani Gari,IDPs dispersed in Host Communities,Jani,NW,Katsina,Mani,12.833231010013584,7.806111969186415,10,2,FALSE,750,4050.986083984375,675.1643473307291,2292.3891899114424,382.0648649852404,FALSE,FALSE,FALSE,FALSE,FALSE,FALSE,FALSE,FALSE,FALSE,FALSE
idp_NG019001_1,KD_H323,Bagoma 2,IDPs dispersed in Host Communities,Magajin Gari Ii,NW,Kaduna,Birnin-Gwari,10.64845000582461,6.530829970071757,60,2,FALSE,750,4032.042236328125,672.0070393880209,2281.669165037942,380.27819417299037,FALSE,FALSE,FALSE,FALSE,FALSE,FALSE,FALSE,FALSE,FALSE,FALSE
idp_NG027018_15,NI_H008,Dangunu gari,IDPs dispersed in Host Communities,Dangunu,NC,Niger,Muya,10.021055004858749,7.1194889694823305,94,1,FALSE,750,4008.801513671875,668.1335856119791,2268.5176063116487,378.0862677186081,FALSE,FALSE,FALSE,FALSE,FALSE,FALSE,FALSE,FALSE,FALSE,FALSE
idp_NG026001_8,NW_H109,Tagwaye,IDPs dispersed in Host Communities,Akwanga East,NC,Nasarawa,Akwanga,8.918952003059648,8.42896396824584,20,0,FALSE,750,3953.738037109375,658.9563395182291,2237.3580526094383,372.8930087682397,FALSE,FALSE,FALSE,FALSE,FALSE,FALSE,FALSE,FALSE,FALSE,FALSE
idp_NG019021_6,KD_INT040,Ungwan Makama,IDPs Integrated,Richifa,NW,Kaduna,Soba,11.165490007157675,7.949189968809991,75,0,FALSE,750,3928.48095703125,654.746826171875,2223.0654689916555,370.5109114986093,FALSE,FALSE,FALSE,FALSE,FALSE,FALSE,FALSE,FALSE,FALSE,FALSE
idp_NG034015_1,SO_H229,Katami 2 Primary Sch,IDPs dispersed in Host Communities,Katami North,NW,Sokoto,Silame,12.944440008944898,4.735679972065715,119,0,FALSE,750,3890.186767578125,648.3644612630209,2201.3953906159672,366.8992317693279,FALSE,FALSE,FALSE,FALSE,FALSE,FALSE,FALSE,FALSE,FALSE,FALSE
idp_NG019003_3,KD_H249,Ungwan Foloti,IDPs dispersed in Host Communities,Kidandan,NW,Kaduna,Giwa,11.054370006728114,7.196979969491728,123,0,FALSE,750,3851.81982421875,641.969970703125,2179.68414195118,363.2806903251967,FALSE,FALSE,FALSE,FALSE,FALSE,FALSE,FALSE,FALSE,FALSE,FALSE
idp_NG032003_1,New HC,Central primary school Daffo,IDPs dispersed in Host Communities,Daffo,NC,Plateau,Bokkos,9.218440003718538,8.839089967874482,72,0,FALSE,750,3835.839599609375,639.3065999348959,2170.641184659444,361.77353077657403,FALSE,FALSE,FALSE,FALSE,FALSE,FALSE,FALSE,FALSE,FALSE,FALSE
idp_NG002013_9,AD_H294,Jiddel,Host Community,Minkisi/ Wuro Ngiki,NE,Adamawa,Michika,10.644700007826003,13.393939963916004,25,0,FALSE,750,3834.7421875,639.1236979166666,2170.0201764396543,361.67002940660905,FALSE,FALSE,FALSE,FALSE,FALSE,FALSE,FALSE,FALSE,FALSE,FALSE
idp_NG026002_1,NW_INT002,Ung. Buuka,IDPs Integrated,Azara,NC,Nasarawa,Awe,8.364810002094284,9.248119967505533,59,0,FALSE,750,3831.905029296875,638.6508382161459,2168.4146733201483,361.40244555335806,FALSE,FALSE,FALSE,FALSE,FALSE,FALSE,FALSE,FALSE,FALSE,FALSE
idp_NG021020_2,KT_H222,Kafin Soli,IDPs dispersed in Host Communities,Kafinsoli,NW,Katsina,Kankia,12.505830009433518,7.739459969189418,85,0,FALSE,750,3815.26416015625,635.8773600260416,2158.997867698545,359.8329779497575,FALSE,FALSE,FALSE,FALSE,FALSE,FALSE,FALSE,FALSE,FALSE,FALSE
idp_NG019003_10,KD_H112,Maraba Yakawada,IDPs dispersed in Host Communities,Gangara,NW,Kaduna,Giwa,11.283490007200012,7.41614996931395,105,0,FALSE,750,3794.9755859375,632.4959309895834,2147.516883253387,357.91948054223116,FALSE,FALSE,FALSE,FALSE,FALSE,FALSE,FALSE,FALSE,FALSE,FALSE
idp_NG002011_12,AD_H248,Nguli,Host Community,Mayonguli,NE,Adamawa,Maiha,10.065640006494736,13.1801699640586,70,1,FALSE,750,3789.791259765625,631.6318766276041,2144.5831547667926,357.4305257944654,FALSE,FALSE,FALSE,FALSE,FALSE,FALSE,FALSE,FALSE,FALSE,FALSE
idp_NG027020_15,NI_H057,Ungwan Zamparawa,IDPs dispersed in Host Communities,Tegina Gari,NC,Niger,Rafi,10.07843100473632,6.168550970369056,127,0,FALSE,750,3729.014892578125,621.5024820963541,2110.190766283028,351.69846104717135,FALSE,FALSE,FALSE,FALSE,FALSE,FALSE,FALSE,FALSE,FALSE,FALSE
idp_NG019012_14,KD_H229,Kallahi Town,IDPs dispersed in Host Communities,Kallah,NW,Kaduna,Kajuru,10.420623005759367,7.802217968877714,131,0,FALSE,750,3725.384033203125,620.8973388671875,2108.1361201774184,351.3560200295697,FALSE,FALSE,FALSE,FALSE,FALSE,FALSE,FALSE,FALSE,FALSE,FALSE
idp_NG021032_4,KT_H421,Zakka,IDPs dispersed in Host Communities,Zakka 'A',NW,Katsina,Safana,12.653753009527076,7.34754396957648,89,1,FALSE,750,3691.158447265625,615.1930745442709,2088.768400418593,348.12806673643223,FALSE,FALSE,FALSE,FALSE,FALSE,FALSE,FALSE,FALSE,FALSE,FALSE
idp_NG007010_10,BN_H152,Dio,IDPs dispersed in Host Communities,Ikyurav/Mbatwer,NC,Benue,Konshisha,7.07340999944922,8.674499968096367,108,2,FALSE,750,3689.029541015625,614.8382568359375,2087.5636859188003,347.9272809864667,FALSE,FALSE,FALSE,FALSE,FALSE,FALSE,FALSE,FALSE,FALSE,FALSE
idp_NG027021_2,NI_H077,Baduru Hc,IDPs dispersed in Host Communities,T/Magajiya,NC,Niger,Rijau,11.168200006346677,5.2753999712940995,27,0,FALSE,750,3684.9033203125,614.1505533854166,2085.2287226434564,347.53812044057605,FALSE,FALSE,FALSE,FALSE,FALSE,FALSE,FALSE,FALSE,FALSE,FALSE
idp_NG002011_15,AD_H252,Kwayace,Host Community,Pakka,NE,Adamawa,Maiha,10.110910006604426,13.216889964029686,45,1,FALSE,750,3679.893310546875,613.3155517578125,2082.3936370642996,347.06560617738324,FALSE,FALSE,FALSE,FALSE,FALSE,FALSE,FALSE,FALSE,FALSE,FALSE
idp_NG021026_8,KT_H086,Hayin Yamma,IDPs dispersed in Host Communities,Magami,NW,Katsina,Mani,12.85901201010873,7.931066969076354,50,1,FALSE,750,3649.027099609375,608.1711832682291,2064.9269346812944,344.154489113549,FALSE,FALSE,FALSE,FALSE,FALSE,FALSE,FALSE,FALSE,FALSE,FALSE
idp_NG036002_14,YB_INT002,Burum,Integrated Sites,Garun Dole / Garin Alkali,NE,Yobe,Bursari,12.81673001136181,11.053929966246804,39,4,FALSE,750,3648.125244140625,608.0208740234375,2064.416588882873,344.0694314804788,FALSE,FALSE,FALSE,FALSE,FALSE,FALSE,FALSE,FALSE,FALSE,FALSE
idp_NG026008_12,NW_INT029,Angwan Magaji,IDPs Integrated,Bakin Rijiya/Akurba/Sarkin Pada,NC,Nasarawa,Lafia,8.534351002332121,8.568540968120669,41,1,FALSE,750,3601.289794921875,600.2149658203125,2037.9131461980958,339.652191033016,FALSE,FALSE,FALSE,FALSE,FALSE,FALSE,FALSE,FALSE,FALSE,FALSE
idp_NG007003_3,BN_H183,Ugboko Township,IDPs dispersed in Host Communities,Ugbokpo,NC,Benue,Apa,7.662327700551126,7.886551468776792,51,1,FALSE,750,3591.794677734375,598.6324462890625,2032.5400090047538,338.756668167459,FALSE,FALSE,FALSE,FALSE,FALSE,FALSE,FALSE,FALSE,FALSE,FALSE
idp_NG002007_2,AD_H124,Kala'A,Host Community,Bangshika,NE,Adamawa,Hong,10.249670006855116,13.02681996420158,25,0,FALSE,750,3579.361572265625,596.5602620442709,2025.5043105395648,337.58405175659414,FALSE,FALSE,FALSE,FALSE,FALSE,FALSE,FALSE,FALSE,FALSE,FALSE
idp_NG019023_8,KD_H234,Ungwan Zeriki,IDPs dispersed in Host Communities,Dambo,NW,Kaduna,Zaria,11.07594000694414,7.780609968955512,29,0,FALSE,750,3560.7607421875,593.4601236979166,2014.9783939082902,335.82973231804834,FALSE,FALSE,FALSE,FALSE,FALSE,FALSE,FALSE,FALSE,FALSE,FALSE
idp_NG036008_2,YB_H176,Bulamari,Host Community,Bumsa,NE,Yobe,Gulani,11.03814000812659,11.73314996539218,25,3,FALSE,750,3556.4052734375,592.7342122395834,2012.5137027756864,335.4189504626144,FALSE,FALSE,FALSE,FALSE,FALSE,FALSE,FALSE,FALSE,FALSE,FALSE
idp_NG019022_11,New Integrated,Kamuru Ikulu North,IDPs Integrated,Kamuru Ikulu North,NW,Kaduna,Zango-Kataf,9.896880004880906,8.185339968494015,128,1,FALSE,750,3546.494873046875,591.0824788411459,2006.9055633616854,334.4842605602809,FALSE,FALSE,FALSE,FALSE,FALSE,FALSE,FALSE,FALSE,FALSE,FALSE
idp_NG032010_10,PL_H200,Fajul,IDPs dispersed in Host Communities,Fajul,NC,Plateau,Langtang South,8.619800002724734,9.991629966829937,79,0,FALSE,750,3536.09130859375,589.3485514322916,2001.0183501759432,333.50305836265716,FALSE,FALSE,FALSE,FALSE,FALSE,FALSE,FALSE,FALSE,FALSE,FALSE
idp_NG032017_1,PL_H199,Faya,IDPs dispersed in Host Communities,Fajul,NC,Plateau,Wase,8.644980002769987,9.95241996686492,45,0,FALSE,750,3467.16845703125,577.8614095052084,1962.0159945558157,327.00266575930266,FALSE,FALSE,FALSE,FALSE,FALSE,FALSE,FALSE,FALSE,FALSE,FALSE
idp_NG002004_5,AD_H106,Labarge,Host Community,Gombi North,NE,Adamawa,Gombi,10.17949000661711,12.722309964459797,145,2,FALSE,750,3466.0400390625,577.67333984375,1961.3774406087925,326.8962401014654,FALSE,FALSE,FALSE,FALSE,FALSE,FALSE,FALSE,FALSE,FALSE,FALSE
idp_NG002009_1,AD_H197,Tigno Dutse,Host Community,Waduku,NE,Adamawa,Lamurde,9.543000004988269,11.690209965329649,36,0,FALSE,750,3406.427734375,567.7379557291666,1927.6437767506031,321.27396279176713,FALSE,FALSE,FALSE,FALSE,FALSE,FALSE,FALSE,FALSE,FALSE,FALSE
idp_NG036008_5,YB_H169,Tudu Mubiyel,Host Community,Borno Kiji/Tetteba,NE,Yobe,Gulani,10.807760007651565,11.7290799653735,12,1,FALSE,750,3381.199462890625,563.5332438151041,1913.3674954620606,318.89458257701006,FALSE,FALSE,FALSE,FALSE,FALSE,FALSE,FALSE,FALSE,FALSE,FALSE
idp_NG032007_1,PL_H063,Angwan Galadima,IDPs dispersed in Host Communities,Jarmai,NC,Plateau,Kanam,9.361600004255454,10.0791499667559,12,0,FALSE,750,3376.944091796875,562.8240152994791,1910.9594480158003,318.4932413359667,FALSE,FALSE,FALSE,FALSE,FALSE,FALSE,FALSE,FALSE,FALSE,FALSE
idp_NG008027_11,BO_H385,Lejejewa,Host Community,Shani,NE,Borno,Shani,10.227399006533584,12.052202965045378,63,2,FALSE,750,3361.072021484375,560.1786702473959,1901.9776935363816,316.99628225606364,FALSE,FALSE,FALSE,FALSE,FALSE,FALSE,FALSE,FALSE,FALSE,FALSE
idp_NG032010_2,PL_H026,Bolgang,IDPs dispersed in Host Communities,Magama,NC,Plateau,Langtang South,8.496330002431478,9.73175996706561,18,0,FALSE,750,3359.3916015625,559.8986002604166,1901.026770382474,316.83779506374566,FALSE,FALSE,FALSE,FALSE,FALSE,FALSE,FALSE,FALSE,FALSE,FALSE
idp_NG020016_1,KN_H188,Shagogo,IDPs dispersed in Host Communities,Shagogo,NW,Kano,Gaya,11.844230008719457,8.932529967994972,50,0,FALSE,750,3344.037841796875,557.3396402994791,1892.3383196740485,315.38971994567476,FALSE,FALSE,FALSE,FALSE,FALSE,FALSE,FALSE,FALSE,FALSE,FALSE
idp_NG032011_8,PL_H312,Cocin Lahir,IDPs dispersed in Host Communities,Mangu I,NC,Plateau,Mangu,9.496960004329408,9.155819967593043,48,1,FALSE,750,3332.314453125,555.3857421875,1885.704238760568,314.284039793428,FALSE,FALSE,FALSE,FALSE,FALSE,FALSE,FALSE,FALSE,FALSE,FALSE
idp_NG020013_6,KN_H248,Mazan Gudu,IDPs dispersed in Host Communities,Mekiya,NW,Kano,Gabasawa,12.19470000934342,8.907649968069432,8,0,FALSE,750,3300.82958984375,550.1382649739584,1867.8874507648934,311.31457512748227,FALSE,FALSE,FALSE,FALSE,FALSE,FALSE,FALSE,FALSE,FALSE,FALSE
idp_NG021022_15,KT_H210,Rawayau,IDPs dispersed in Host Communities,Rawayau 'A',NW,Katsina,Kurfi,12.599550009530889,7.584779969348058,92,0,FALSE,750,3298.518310546875,549.7530517578125,1866.5795342316894,311.0965890386149,FALSE,FALSE,FALSE,FALSE,FALSE,FALSE,FALSE,FALSE,FALSE,FALSE
idp_NG032016_8,PL_REL007,Ung Nshar,IDPs Relocated,Yelwa,NC,Plateau,Shendam,8.813767503063385,9.653598767133085,15,0,FALSE,750,3254.758544921875,542.4597574869791,1841.8165724263151,306.96942873771917,FALSE,FALSE,FALSE,FALSE,FALSE,FALSE,FALSE,FALSE,FALSE,FALSE
idp_NG008006_17,BO_INT013,Karakau K,Integrated Sites,Kautikari,NE,Borno,Chibok,10.82493000808672,12.986639964281338,73,0,FALSE,750,3253.142333984375,542.1903889973959,1840.9019841248669,306.8169973541445,FALSE,FALSE,FALSE,FALSE,FALSE,FALSE,FALSE,FALSE,FALSE,FALSE
idp_NG026008_1,NW_H079,Ashige Community,IDPs dispersed in Host Communities,Ashigie,NC,Nasarawa,Lafia,8.576818002451299,8.80406096790525,122,0,FALSE,750,3242.823974609375,540.4706624348959,1835.0629871501828,305.8438311916972,FALSE,FALSE,FALSE,FALSE,FALSE,FALSE,FALSE,FALSE,FALSE,FALSE
idp_NG008002_2,BO_H023,Eyn Street,Host Community,Wamdeo / Giwi,NE,Borno,Askira/Uba,10.525570007485792,13.130409964132246,101,1,FALSE,750,3233.458251953125,538.9097086588541,1829.7630722830897,304.9605120471816,FALSE,FALSE,FALSE,FALSE,FALSE,FALSE,FALSE,FALSE,FALSE,FALSE
idp_NG034007_1,SO_H094,Shiyyar Runji,IDPs dispersed in Host Communities,Balle,NW,Sokoto,Gudu,13.467736009690183,4.677359972226543,85,4,FALSE,750,3222.986083984375,537.1643473307291,1823.8370374489025,303.97283957481704,FALSE,FALSE,FALSE,FALSE,FALSE,FALSE,FALSE,FALSE,FALSE,FALSE
idp_NG021017_1,KT_H122,Arewaci,IDPs dispersed in Host Communities,Yari Bori,NW,Katsina,Kafur,11.647649007900046,7.598414969190206,59,0,FALSE,750,3209.095947265625,534.8493245442709,1815.9768279590846,302.66280465984744,FALSE,FALSE,FALSE,FALSE,FALSE,FALSE,FALSE,FALSE,FALSE,FALSE
idp_NG007013_2,BN_H341,New City,IDPs dispersed in Host Communities,Bar,NC,Benue,Makurdi,7.685507000651446,8.490300968222028,59,0,FALSE,750,3203.265625,533.8776041666666,1812.6775404625762,302.11292341042935,FALSE,FALSE,FALSE,FALSE,FALSE,FALSE,FALSE,FALSE,FALSE,FALSE
idp_NG036015_16,YB_INT072,Ajari,Integrated Sites,Jumbam,NE,Yobe,Tarmua,12.474430010918615,11.543699965753442,34,2,FALSE,750,3201.1484375,533.5247395833334,1811.4794574187456,301.9132429031243,FALSE,FALSE,FALSE,FALSE,FALSE,FALSE,FALSE,FALSE,FALSE,FALSE
idp_NG037005_16,ZF_H204,Zango,IDPs dispersed in Host Communities,Bungudu,NW,Zamfara,Bungudu,12.271330008584336,6.5443999702563165,96,0,FALSE,750,3172.558837890625,528.7598063151041,1795.3010535117228,299.2168422519538,FALSE,FALSE,FALSE,FALSE,FALSE,FALSE,FALSE,FALSE,FALSE,FALSE
idp_NG021030_10,KT_H264,Unguwan Albasa,IDPs dispersed in Host Communities,Abukur,NW,Katsina,Rimi,12.876010010022943,7.655879969332676,100,1,FALSE,750,3137.787109375,522.9645182291666,1775.6242802739944,295.9373800456657,FALSE,FALSE,FALSE,FALSE,FALSE,FALSE,FALSE,FALSE,FALSE,FALSE
idp_NG032009_4,PL_H172,Dadur,IDPs dispersed in Host Communities,Reak,NC,Plateau,Langtang North,9.221528003919405,9.82404696698246,40,0,FALSE,750,3089.63330078125,514.9388834635416,1748.3747987934742,291.3957997989123,FALSE,FALSE,FALSE,FALSE,FALSE,FALSE,FALSE,FALSE,FALSE,FALSE
idp_NG034004_1,SO_H146,Gidan Hashimu,IDPs dispersed in Host Communities,Tsitse,NW,Sokoto,Gada,13.561340010289763,5.742289971248339,91,1,FALSE,750,3068.833251953125,511.4722086588542,1736.6043789266337,289.43406315443895,FALSE,FALSE,FALSE,FALSE,FALSE,FALSE,FALSE,FALSE,FALSE,FALSE
idp_NG027005_10,NI_H002,Rafin Yashi,IDPs dispersed in Host Communities,Bosso Central Ii,NC,Niger,Bosso,9.675152004097134,6.500838970040418,127,0,FALSE,750,3057.814453125,509.6357421875,1730.369014302878,288.39483571714635,FALSE,FALSE,FALSE,FALSE,FALSE,FALSE,FALSE,FALSE,FALSE,FALSE
idp_NG021001_13,KT_H095,Unguwar Yan Mashi,IDPs dispersed in Host Communities,Kabomo,NW,Katsina,Bakori,11.597120007761529,7.450309969320268,32,2,FALSE,750,3050.726318359375,508.4543863932292,1726.3579505330977,287.72632508884965,FALSE,FALSE,FALSE,FALSE,FALSE,FALSE,FALSE,FALSE,FALSE,FALSE
idp_NG020044_7,KN_H190,Hurumi A,IDPs dispersed in Host Communities,Lajawa,NW,Kano,Wudil,11.87361000876998,8.924509968006396,33,1,FALSE,750,3048.0849609375,508.01416015625,1724.8632479902928,287.47720799838214,FALSE,FALSE,FALSE,FALSE,FALSE,FALSE,FALSE,FALSE,FALSE,FALSE
idp_NG027022_3,NI_H026,Gunu Community,IDPs dispersed in Host Communities,She,NC,Niger,Shiroro,9.666160004127889,6.721821969834687,121,0,FALSE,750,3033.770751953125,505.6284586588542,1716.763062687844,286.1271771146407,FALSE,FALSE,FALSE,FALSE,FALSE,FALSE,FALSE,FALSE,FALSE,FALSE
idp_NG019022_15,KD_INT044,Ungwan Hausawa,IDPs Integrated,Unguwar Rimi,NW,Kaduna,Zango-Kataf,9.586580004302336,8.224969968444883,42,0,FALSE,750,3032.88720703125,505.481201171875,1716.2630785393635,286.04384642322725,FALSE,FALSE,FALSE,FALSE,FALSE,FALSE,FALSE,FALSE,FALSE,FALSE
idp_NG019020_14,KD_H076,Aboro,IDPs dispersed in Host Communities,Aboro,NW,Kaduna,Sanga,9.433420004081656,8.568439968125999,34,0,FALSE,750,3030.747802734375,505.1246337890625,1715.0524233602714,285.8420705600452,FALSE,FALSE,FALSE,FALSE,FALSE,FALSE,FALSE,FALSE,FALSE,FALSE
idp_NG036012_14,YB_INT042,Anguwan Sarki,Integrated Sites,Nangere,NE,Yobe,Nangere,11.84622500951176,11.073636966071703,26,1,FALSE,750,3025.29931640625,504.216552734375,1711.9692108038635,285.3282018006439,FALSE,FALSE,FALSE,FALSE,FALSE,FALSE,FALSE,FALSE,FALSE,FALSE
idp_NG020001_11,KN_H247,Gamarya,IDPs dispersed in Host Communities,Gamarya,NW,Kano,Ajingi,11.898450008815344,8.925179968009294,12,0,FALSE,750,3023.742431640625,503.9570719401042,1711.0881942482238,285.1813657080373,FALSE,FALSE,FALSE,FALSE,FALSE,FALSE,FALSE,FALSE,FALSE,FALSE
idp_NG037008_1,ZF_H092,Shiyar Magaji,IDPs dispersed in Host Communities,Yankaba,NW,Zamfara,Kaura Namoda,12.635142009185929,6.563529970299593,88,0,FALSE,750,3009.69580078125,501.615966796875,1703.1394271902443,283.85657119837407,FALSE,FALSE,FALSE,FALSE,FALSE,FALSE,FALSE,FALSE,FALSE,FALSE
idp_NG026006_10,NW_INT021,Jigwada,IDPs Integrated,Jigwada,NC,Nasarawa,Keffi,8.89833000292642,7.883589968745885,13,0,FALSE,750,3006.866455078125,501.1444091796875,1701.53834504138,283.5897241735633,FALSE,FALSE,FALSE,FALSE,FALSE,FALSE,FALSE,FALSE,FALSE,FALSE
idp_NG032015_13,PL_H015,Vwak,IDPs dispersed in Host Communities,Jol/Kwi,NC,Plateau,Riyom,9.553569004364329,8.805265967913561,130,1,FALSE,750,2990.967529296875,498.4945882161458,1692.5413934753813,282.09023224589686,FALSE,FALSE,FALSE,FALSE,FALSE,FALSE,FALSE,FALSE,FALSE,FALSE
idp_NG008004_3,BO_H033,Wuyo,Host Community,Wuyo,NE,Borno,Bayo,10.38255000675877,11.693769965369953,10,1,FALSE,750,2985.66552734375,497.6109212239583,1689.5410741185003,281.59017901975005,FALSE,FALSE,FALSE,FALSE,FALSE,FALSE,FALSE,FALSE,FALSE,FALSE
idp_NG019005_11,KD_H145,Anguwan Gardawa,IDPs dispersed in Host Communities,Auchan,NW,Kaduna,Ikara,11.406680007609696,8.006589968784649,8,0,FALSE,750,2967.423095703125,494.5705159505208,1679.2179695154018,279.8696615859003,FALSE,FALSE,FALSE,FALSE,FALSE,FALSE,FALSE,FALSE,FALSE,FALSE
idp_NG026009_14,NW_H262,Gunki,IDPs dispersed in Host Communities,Laminga,NC,Nasarawa,Nasarawa,8.583170002303802,7.744519968875603,52,0,FALSE,750,2952.2236328125,492.0372721354167,1670.6168329771447,278.4361388295241,FALSE,FALSE,FALSE,FALSE,FALSE,FALSE,FALSE,FALSE,FALSE,FALSE
idp_NG026011_1,NW_H280,Ungwan Tiv,IDPs dispersed in Host Communities,Gidan Ausa Ii,NC,Nasarawa,Obi,8.390530002048536,8.559129968131947,51,0,FALSE,750,2942.156494140625,490.3594156901042,1664.9199978396498,277.4866663066083,FALSE,FALSE,FALSE,FALSE,FALSE,FALSE,FALSE,FALSE,FALSE,FALSE
idp_NG008027_8,BO_H383,Kurara,Host Community,Kwaba,NE,Borno,Shani,10.184470006418069,11.962739965120903,25,0,FALSE,750,2919.798095703125,486.6330159505208,1652.2677324851743,275.3779554141957,FALSE,FALSE,FALSE,FALSE,FALSE,FALSE,FALSE,FALSE,FALSE,FALSE
idp_NG020011_3,KN_H211,Ririwai,IDPs dispersed in Host Communities,Ririwai,NW,Kano,Doguwa,10.743120006619256,8.73840996804629,28,0,FALSE,750,2917.44287109375,486.240478515625,1650.934947992112,275.15582466535204,FALSE,FALSE,FALSE,FALSE,FALSE,FALSE,FALSE,FALSE,FALSE,FALSE
idp_NG008012_5,BO_H123,Vinadam,Host Community,Dzar/ Vinadum/ Birni/ Dlandi,NE,Borno,Hawul,10.587520007292936,12.053319965070518,83,0,FALSE,750,2913.032470703125,485.5054117838542,1648.439171909686,274.73986198494765,FALSE,FALSE,FALSE,FALSE,FALSE,FALSE,FALSE,FALSE,FALSE,FALSE
idp_NG002006_9,AD_H511,Anguwan Sini,Host Community,Chikila,NE,Adamawa,Guyuk,9.784770005555911,11.910549965145512,114,0,FALSE,750,2893.230224609375,482.2050374348958,1637.233392886957,272.87223214782614,FALSE,FALSE,FALSE,FALSE,FALSE,FALSE,FALSE,FALSE,FALSE,FALSE
idp_NG008006_2,BO_H088,Tsathla,Host Community,Shikarkir,NE,Borno,Chibok,10.849140008070467,12.775299964465884,31,0,FALSE,750,2890.982666015625,481.8304443359375,1635.9615348955472,272.66025581592453,FALSE,FALSE,FALSE,FALSE,FALSE,FALSE,FALSE,FALSE,FALSE,FALSE
idp_NG008018_1,BO_REL006,Sabon Gari,Relocated Sites,Kwaya Kusar,NE,Borno,Kwaya Kusar,10.492910007030444,11.83642996525291,43,1,FALSE,750,2883.099365234375,480.5165608723958,1631.5004992076676,271.9167498679446,FALSE,FALSE,FALSE,FALSE,FALSE,FALSE,FALSE,FALSE,FALSE,FALSE
idp_NG002015_16,AD_H329,Muppa,Host Community,Gella,NE,Adamawa,Mubi South,10.155490006726357,13.302509963958975,19,3,FALSE,750,2877.1630859375,479.5271809895833,1628.1412522968349,271.3568753828058,FALSE,FALSE,FALSE,FALSE,FALSE,FALSE,FALSE,FALSE,FALSE,FALSE
idp_NG021009_10,KT_H348,Bakin Kasuwa,IDPs dispersed in Host Communities,Tandama,NW,Katsina,Danja,11.442080007486854,7.440479969310049,24,2,FALSE,750,2866.07666015625,477.679443359375,1621.8676186459643,270.31126977432734,FALSE,FALSE,FALSE,FALSE,FALSE,FALSE,FALSE,FALSE,FALSE,FALSE
idp_NG032013_1,PL_H098,Chip,IDPs dispersed in Host Communities,Chip,NC,Plateau,Pankshin,9.190555003766042,9.363403967397923,7,0,FALSE,750,2850.317626953125,475.0529378255208,1612.949830085514,268.82497168091896,FALSE,FALSE,FALSE,FALSE,FALSE,FALSE,FALSE,FALSE,FALSE,FALSE
idp_NG019008_5,KD_INT030,Ungwan Ate,IDPs Integrated,Kachia Urban,NW,Kaduna,Kachia,9.898519004829987,7.955189968705313,93,3,FALSE,750,2844.7216796875,474.1202799479167,1609.7831717082488,268.29719528470815,FALSE,FALSE,FALSE,FALSE,FALSE,FALSE,FALSE,FALSE,FALSE,FALSE
idp_NG027019_2,NI_H010,Anguwan Dan Galadima,IDPs dispersed in Host Communities,Adunu,NC,Niger,Paikoro,9.576733404057974,7.161227769424177,13,1,FALSE,750,2833.15869140625,472.193115234375,1603.2398588482504,267.206643141375,FALSE,FALSE,FALSE,FALSE,FALSE,FALSE,FALSE,FALSE,FALSE,FALSE
idp_NG020037_1,KN_H048,Huguma,IDPs dispersed in Host Communities,Kachako,NW,Kano,Takai,11.543641008302297,9.318957967604328,71,0,FALSE,750,2821.91552734375,470.3192545572917,1596.8775294738857,266.1462549123143,FALSE,FALSE,FALSE,FALSE,FALSE,FALSE,FALSE,FALSE,FALSE,FALSE
idp_NG021023_1,KT_H436,Gidan Mutum Daya,IDPs dispersed in Host Communities,Yashe 'B',NW,Katsina,Kusada,12.35621000924039,7.90066996901616,51,0,FALSE,750,2790.199951171875,465.0333251953125,1578.9301846889562,263.1550307814927,FALSE,FALSE,FALSE,FALSE,FALSE,FALSE,FALSE,FALSE,FALSE,FALSE
idp_NG026001_3,NW_H110,Ungwan Azare,IDPs dispersed in Host Communities,Moroa,NC,Nasarawa,Akwanga,9.024610003223517,8.201790968454382,5,2,FALSE,750,2783.76025390625,463.9600423177083,1575.2860614824156,262.54767691373587,FALSE,FALSE,FALSE,FALSE,FALSE,FALSE,FALSE,FALSE,FALSE,FALSE
idp_NG026001_7,NW_H105,Nunku Kasuwa,IDPs dispersed in Host Communities,Nunku,NC,Nasarawa,Akwanga,9.137286003477657,8.404246968270167,9,0,FALSE,750,2771.20556640625,461.8675944010417,1568.1815616616188,261.36359361026985,FALSE,FALSE,FALSE,FALSE,FALSE,FALSE,FALSE,FALSE,FALSE,FALSE
idp_NG008006_3,BO_INT010,Mboa,Integrated Sites,Chibok Wuntaku,NE,Borno,Chibok,10.90738000821269,12.831769964422604,85,0,FALSE,750,2767.2734375,461.2122395833333,1565.9564318756484,260.99273864594136,FALSE,FALSE,FALSE,FALSE,FALSE,FALSE,FALSE,FALSE,FALSE,FALSE
idp_NG002021_10,AD_INT006,Hullere,Integrated Sites,Jambutu,NE,Adamawa,Yola South,9.297870004619543,12.403239964700056,84,0,FALSE,750,2766.59619140625,461.099365234375,1565.5731889831684,260.9288648305281,FALSE,FALSE,FALSE,FALSE,FALSE,FALSE,FALSE,FALSE,FALSE,FALSE
idp_NG021025_1,KT_H160,Sabon Layi,IDPs dispersed in Host Communities,Karfi,NW,Katsina,Malumfashi,11.73350000803176,7.545129969250695,57,2,FALSE,750,2724.6962890625,454.1160481770833,1541.8626945011222,256.977115750187,FALSE,FALSE,FALSE,FALSE,FALSE,FALSE,FALSE,FALSE,FALSE,FALSE
idp_NG021029_13,KT_H438,Gabas 2,IDPs dispersed in Host Communities,Kurkujan 'A',NW,Katsina,Musawa,12.09409700873863,7.770090969094994,35,0,FALSE,750,2664.14111328125,444.0235188802083,1507.5954747486437,251.26591245810727,FALSE,FALSE,FALSE,FALSE,FALSE,FALSE,FALSE,FALSE,FALSE,FALSE
idp_NG019015_6,KD_INT035,Gajagaja,IDPs Integrated,Karreh,NW,Kaduna,Kubau,10.763430006565333,8.423389968335714,6,1,FALSE,750,2660.266845703125,443.3778076171875,1505.4030877764862,250.9005146294144,FALSE,FALSE,FALSE,FALSE,FALSE,FALSE,FALSE,FALSE,FALSE,FALSE
idp_NG002006_1,AD_H505,Anguwan Waja 1,Host Community,Dumna,NE,Adamawa,Guyuk,9.652210005255403,11.83701996520459,100,2,FALSE,750,2660.13916015625,443.3565266927083,1505.3308325375654,250.88847208959422,FALSE,FALSE,FALSE,FALSE,FALSE,FALSE,FALSE,FALSE,FALSE,FALSE
idp_NG002010_12,AD_H226,Vapura,Host Community,Shelmi / Sukur/ Vapura,NE,Adamawa,Madagali,10.874750008379666,13.557649963796626,60,1,FALSE,750,2660.0771484375,443.34619140625,1505.2957410830988,250.8826235138498,FALSE,FALSE,FALSE,FALSE,FALSE,FALSE,FALSE,FALSE,FALSE,FALSE
idp_NG021030_1,KT_H265,Unguwan Nambarimi,IDPs dispersed in Host Communities,Rimi,NW,Katsina,Rimi,12.837986009966798,7.673551969309288,30,0,FALSE,750,2650.83740234375,441.8062337239583,1500.067114367599,250.01118572793314,FALSE,FALSE,FALSE,FALSE,FALSE,FALSE,FALSE,FALSE,FALSE,FALSE
idp_NG002010_9,AD_H200,Kamburo,Host Community,Babel,NE,Adamawa,Madagali,10.862150008334517,13.503439963841702,86,1,FALSE,750,2649.18896484375,441.531494140625,1499.1342895622547,249.85571492704247,FALSE,FALSE,FALSE,FALSE,FALSE,FALSE,FALSE,FALSE,FALSE,FALSE
idp_NG008002_1,BO_H005,Rimirgo,Host Community,Chul / Rumirgo,NE,Borno,Askira/Uba,10.601390007619216,13.029499964225042,87,0,FALSE,750,2645.81591796875,440.9693196614583,1497.2255354878125,249.53758924796873,FALSE,FALSE,FALSE,FALSE,FALSE,FALSE,FALSE,FALSE,FALSE,FALSE
idp_NG027011_16,NI_INT006,Unguwa Talba,IDPs Integrated,Gabas,NC,Niger,Kontagora,10.407171005141674,5.50855797100711,40,0,FALSE,750,2638.828369140625,439.8047281901042,1493.2713917150406,248.8785652858401,FALSE,FALSE,FALSE,FALSE,FALSE,FALSE,FALSE,FALSE,FALSE,FALSE
idp_NG026012_9,NW_H187,Kudiri,IDPs dispersed in Host Communities,Umaisha,NC,Nasarawa,Toto,8.017950001161344,7.190819969401457,67,1,FALSE,750,2605.87890625,434.3131510416667,1474.6258098794283,245.77096831323806,FALSE,FALSE,FALSE,FALSE,FALSE,FALSE,FALSE,FALSE,FALSE,FALSE
idp_NG032015_11,PL_H017,Dalo,IDPs dispersed in Host Communities,Rim,NC,Plateau,Riyom,9.550369004346551,8.75175296796221,45,0,FALSE,750,2594.1953125,432.3658854166667,1468.0142482851525,244.66904138085877,FALSE,FALSE,FALSE,FALSE,FALSE,FALSE,FALSE,FALSE,FALSE,FALSE
idp_NG002018_3,AD_H801,Gada Mayo Bango,Host Community,Song Gari,NE,Adamawa,Song,9.829750005828968,12.612349964536197,81,0,FALSE,750,2564.2529296875,427.37548828125,1451.0703256804977,241.84505428008293,FALSE,FALSE,FALSE,FALSE,FALSE,FALSE,FALSE,FALSE,FALSE,FALSE
idp_NG019013_11,KD_H166,Agban Gida,IDPs dispersed in Host Communities,Agban,NW,Kaduna,Kaura,9.583073004328329,8.376321968306154,35,1,FALSE,750,2553.152099609375,425.5253499348958,1444.7885408650068,240.79809014416782,FALSE,FALSE,FALSE,FALSE,FALSE,FALSE,FALSE,FALSE,FALSE,FALSE
idp_NG002005_4,AD_H065,Tafare,Host Community,Damare,NE,Adamawa,Girei,9.318530004675344,12.45171996465838,141,2,FALSE,750,2551.34130859375,425.2235514322917,1443.7638427635202,240.62730712725337,FALSE,FALSE,FALSE,FALSE,FALSE,FALSE,FALSE,FALSE,FALSE,FALSE
idp_NG026007_9,NW_INT027,Sabon Gida,IDPs Integrated,Hadari,NC,Nasarawa,Kokona,8.847110002850586,8.014314968625744,29,0,FALSE,750,2549.863037109375,424.9771728515625,1442.92731222496,240.48788537082666,FALSE,FALSE,FALSE,FALSE,FALSE,FALSE,FALSE,FALSE,FALSE,FALSE
idp_NG036009_13,YB_H214,Amshi,Host Community,Zabudum / Dachia,NE,Yobe,Jakusko,12.696170011041078,10.83342996642062,56,0,FALSE,750,2532.262451171875,422.0437418619792,1432.9674179911224,238.82790299852041,FALSE,FALSE,FALSE,FALSE,FALSE,FALSE,FALSE,FALSE,FALSE,FALSE
idp_NG036005_16,YB_H108,Alijaji,Host Community,Gaba Tasha/Aigada/Dumbulwa,NE,Yobe,Fune,11.664660009227788,11.270359965872975,16,1,FALSE,750,2528.019775390625,421.3366292317708,1430.5665546221546,238.4277591036924,FALSE,FALSE,FALSE,FALSE,FALSE,FALSE,FALSE,FALSE,FALSE,FALSE
idp_NG002007_10,AD_H131,Wuro Bokki,Host Community,Daksiri,NE,Adamawa,Hong,10.178250006660704,12.888629964316092,50,0,FALSE,750,2519.5810546875,419.93017578125,1425.791215552735,237.63186925878915,FALSE,FALSE,FALSE,FALSE,FALSE,FALSE,FALSE,FALSE,FALSE,FALSE
idp_NG036016_2,YB_H387,Bukarti,Host Community,Wadi/Kafiya,NE,Yobe,Yunusari,13.09190001220279,11.777179965661457,30,0,FALSE,750,2518.0390625,419.6731770833333,1424.9186264723805,237.48643774539673,FALSE,FALSE,FALSE,FALSE,FALSE,FALSE,FALSE,FALSE,FALSE,FALSE
idp_NG026005_14,NW_INT019,Ugwan Tiv,IDPs Integrated,Kadarko,NC,Nasarawa,Keana,8.2353916017454,8.573637168122687,54,0,FALSE,750,2481.572265625,413.5953776041667,1404.2826407607918,234.0471067934653,FALSE,FALSE,FALSE,FALSE,FALSE,FALSE,FALSE,FALSE,FALSE,FALSE
idp_NG019013_3,KD_H170,Kadarko,IDPs dispersed in Host Communities,Kadarko,NW,Kaduna,Kaura,9.637870004443512,8.424189968264306,23,0,FALSE,750,2459.958740234375,409.9931233723958,1392.0518873259111,232.00864788765185,FALSE,FALSE,FALSE,FALSE,FALSE,FALSE,FALSE,FALSE,FALSE,FALSE
idp_NG036008_1,YB_H166,Liman Kagana,Host Community,Borno Kiji/Tetteba,NE,Yobe,Gulani,10.81015000765538,11.725519965376847,17,2,FALSE,750,2443.88525390625,407.314208984375,1382.956154697143,230.49269244952382,FALSE,FALSE,FALSE,FALSE,FALSE,FALSE,FALSE,FALSE,FALSE,FALSE
idp_NG008018_12,BO_H240,Kurba,Host Community,Kurba,NE,Borno,Kwaya Kusar,10.47027000696463,11.773019965306808,109,0,FALSE,750,2434.2890625,405.71484375,1377.5258211961273,229.5876368660212,FALSE,FALSE,FALSE,FALSE,FALSE,FALSE,FALSE,FALSE,FALSE,FALSE
idp_NG036008_10,YB_H194,Unguwan Kudu/Asibiti,Host Community,Njibulwa,NE,Yobe,Gulani,10.956460007917784,11.605309965496373,20,2,FALSE,750,2403.432373046875,400.5720621744792,1360.064506871091,226.67741781184853,FALSE,FALSE,FALSE,FALSE,FALSE,FALSE,FALSE,FALSE,FALSE,FALSE
idp_NG019021_1,KD_INT039,Ungwan Sarki Pada,IDPs Integrated,Rahama,NW,Kaduna,Soba,10.891640006715164,8.129529968616646,77,0,FALSE,750,2402.67041015625,400.445068359375,1359.633324078218,226.60555401303634,FALSE,FALSE,FALSE,FALSE,FALSE,FALSE,FALSE,FALSE,FALSE,FALSE
idp_NG032015_12,PL_H007,Kwallak,IDPs dispersed in Host Communities,Riyom,NC,Plateau,Riyom,9.636132004515032,8.763273967954673,41,1,FALSE,750,2393.765869140625,398.9609781901042,1354.5943846343025,225.76573077238376,FALSE,FALSE,FALSE,FALSE,FALSE,FALSE,FALSE,FALSE,FALSE,FALSE
idp_NG019001_14,KD_H318,SABON KUTEMESHI,IDPs dispersed in Host Communities,Kutemesi,NW,Kaduna,Birnin-Gwari,11.176530006899258,7.055039969635968,143,0,FALSE,750,2385.960693359375,397.6601155598958,1350.1775586528372,225.0295931088062,FALSE,FALSE,FALSE,FALSE,FALSE,FALSE,FALSE,FALSE,FALSE,FALSE
idp_NG002014_13,AD_H309,Betso,Host Community,Betso,NE,Adamawa,Mubi North,10.50132000749137,13.323509963964762,135,0,FALSE,750,2375.996337890625,395.9993896484375,1344.5388869103438,224.08981448505727,FALSE,FALSE,FALSE,FALSE,FALSE,FALSE,FALSE,FALSE,FALSE,FALSE
idp_NG019013_6,KD_H106,Sabon Gari,IDPs dispersed in Host Communities,Manchok,NW,Kaduna,Kaura,9.65295500449428,8.523356968174214,30,3,FALSE,750,2352.58203125,392.0970052083333,1331.289099742611,221.88151662376848,FALSE,FALSE,FALSE,FALSE,FALSE,FALSE,FALSE,FALSE,FALSE,FALSE
idp_NG002007_4,AD_H143,Guwu,Host Community,Hildi,NE,Adamawa,Hong,10.400500007226048,13.17200996408714,20,0,FALSE,750,2326.43505859375,387.7391764322917,1316.4929399377013,219.4154899896169,FALSE,FALSE,FALSE,FALSE,FALSE,FALSE,FALSE,FALSE,FALSE,FALSE
idp_NG036001_1,YB_H002,Dagona,Host Community,Dagona,NE,Yobe,Bade,12.84459001128688,10.761959966511355,102,1,FALSE,750,2322.5517578125,387.0919596354167,1314.2954412182398,219.04924020303997,FALSE,FALSE,FALSE,FALSE,FALSE,FALSE,FALSE,FALSE,FALSE,FALSE
idp_NG002001_7,AD_H001,Bille,Host Community,Bille,NE,Adamawa,Demsa,9.263147004435874,11.901161965137456,95,1,FALSE,750,2320.519287109375,386.7532145182292,1313.1452980748022,218.8575496791337,FALSE,FALSE,FALSE,FALSE,FALSE,FALSE,FALSE,FALSE,FALSE,FALSE
idp_NG007011_14,BN_H023,Agric Area,IDPs dispersed in Host Communities,Yaav,NC,Benue,Kwande,6.894161999126819,9.503526967359212,130,2,FALSE,750,2317.3447265625,386.22412109375,1311.348864285719,218.55814404761983,FALSE,FALSE,FALSE,FALSE,FALSE,FALSE,FALSE,FALSE,FALSE,FALSE
idp_NG032015_15,PL_H008,Logwon,IDPs dispersed in Host Communities,Jol/Kwi,NC,Plateau,Riyom,9.617526004500217,8.85918096786663,50,1,FALSE,750,2310.775634765625,385.1292724609375,1307.6315187529294,217.93858645882156,FALSE,FALSE,FALSE,FALSE,FALSE,FALSE,FALSE,FALSE,FALSE,FALSE
idp_NG019020_2,KD_H071,Agameti,IDPs dispersed in Host Communities,Bokana,NW,Kaduna,Sanga,9.167950003576903,8.61500996807799,81,0,FALSE,750,2304.348388671875,384.0580647786458,1303.9944414683484,217.3324069113914,FALSE,FALSE,FALSE,FALSE,FALSE,FALSE,FALSE,FALSE,FALSE,FALSE
idp_NG026003_2,NW_H149,Ung. Agatu,IDPs dispersed in Host Communities,Rukubi I,NC,Nasarawa,Doma,7.924170001102885,8.310889968374335,51,1,FALSE,750,2294.417724609375,382.4029541015625,1298.374835161746,216.395805860291,FALSE,FALSE,FALSE,FALSE,FALSE,FALSE,FALSE,FALSE,FALSE,FALSE
idp_NG034011_11,SO_H099,Maruda,IDPs dispersed in Host Communities,Tsaki/ Walake'E,NW,Sokoto,Kware,13.053610009340376,5.310079971547519,95,1,FALSE,750,2292.351806640625,382.0586344401042,1297.2057647377499,216.200960789625,FALSE,FALSE,FALSE,FALSE,FALSE,FALSE,FALSE,FALSE,FALSE,FALSE
idp_NG021003_17,KT_H380,Karare,IDPs dispersed in Host Communities,Karare,NW,Katsina,Batsari,12.718380009653444,7.394329969544829,128,0,FALSE,750,2285.553466796875,380.9255777994792,1293.3586913477004,215.55978189128342,FALSE,FALSE,FALSE,FALSE,FALSE,FALSE,FALSE,FALSE,FALSE,FALSE
idp_NG036015_15,YB_INT074,A Aska,Integrated Sites,Koriyel,NE,Yobe,Tarmua,12.164310010285902,11.469799965768352,21,2,FALSE,750,2267.189208984375,377.8648681640625,1282.966647233662,213.82777453894366,FALSE,FALSE,FALSE,FALSE,FALSE,FALSE,FALSE,FALSE,FALSE,FALSE
idp_NG021027_3,KT_H149,Katoge,IDPs dispersed in Host Communities,Mashi,NW,Katsina,Mashi,12.99686001034862,7.95102996908424,30,0,FALSE,750,2261.427001953125,376.9045003255208,1279.7059050749338,213.28431751248894,FALSE,FALSE,FALSE,FALSE,FALSE,FALSE,FALSE,FALSE,FALSE,FALSE
idp_NG002019_1,AD_H393,Toungo Iii Celtel,Host Community,Toungo Iii,NE,Adamawa,Toungo,8.13130000199386,12.045399965019758,35,1,FALSE,750,2258.271240234375,376.3785400390625,1277.9201092464564,212.9866848744094,FALSE,FALSE,FALSE,FALSE,FALSE,FALSE,FALSE,FALSE,FALSE,FALSE
idp_NG026002_12,NW_H238,Baure,IDPs dispersed in Host Communities,Tunga,NC,Nasarawa,Awe,8.126800001610302,9.209621967547292,60,0,FALSE,750,2255.0546875,375.8424479166667,1276.0999127401753,212.68331879002923,FALSE,FALSE,FALSE,FALSE,FALSE,FALSE,FALSE,FALSE,FALSE,FALSE
idp_NG032012_1,PL_H128,Baltep,IDPs dispersed in Host Communities,Baltep,NC,Plateau,Mikang,9.019586003470412,9.607356967175372,16,0,FALSE,750,2244.00927734375,374.0015462239583,1269.8494891851724,211.64158153086206,FALSE,FALSE,FALSE,FALSE,FALSE,FALSE,FALSE,FALSE,FALSE,FALSE
idp_NG002013_4,AD_H277,Jigalambu,Host Community,Jigalambu,NE,Adamawa,Michika,10.577540007661538,13.335859963960184,79,1,FALSE,750,2233.824951171875,372.3041585286458,1264.0863394880557,210.6810565813426,FALSE,FALSE,FALSE,FALSE,FALSE,FALSE,FALSE,FALSE,FALSE,FALSE
idp_NG032003_15,New HC,Horop,IDPs dispersed in Host Communities,Mushere West,NC,Plateau,Bokkos,9.141780003599932,9.003909967723365,31,0,FALSE,750,2227.357666015625,371.2262776692708,1260.4266047289373,210.0711007881562,FALSE,FALSE,FALSE,FALSE,FALSE,FALSE,FALSE,FALSE,FALSE,FALSE
idp_NG019012_3,KD_H252,Ungwan Daki,IDPs dispersed in Host Communities,Kajuru,NW,Kaduna,Kajuru,10.321520005547285,7.686949968976818,45,2,FALSE,750,2226.52734375,371.087890625,1259.9567384429517,209.99278974049193,FALSE,FALSE,FALSE,FALSE,FALSE,FALSE,FALSE,FALSE,FALSE,FALSE
idp_NG008004_6,BO_H026,Balbaya,Host Community,Balbaya,NE,Borno,Bayo,10.622690007270498,11.735139965352095,9,0,FALSE,750,2222.1142578125,370.3523763020833,1257.4594426518674,209.5765737753112,FALSE,FALSE,FALSE,FALSE,FALSE,FALSE,FALSE,FALSE,FALSE,FALSE
idp_NG037006_16,ZF_H100,Gyalenge,IDPs dispersed in Host Communities,Gyalange,NW,Zamfara,Gummi,12.066220007700156,5.00299997166526,40,0,FALSE,750,2204.7744140625,367.46240234375,1247.6470983131878,207.94118305219797,FALSE,FALSE,FALSE,FALSE,FALSE,FALSE,FALSE,FALSE,FALSE,FALSE
idp_NG019015_7,KD_H087,Masoba,IDPs dispersed in Host Communities,Damau,NW,Kaduna,Kubau,10.839190006708852,8.433739968333137,27,0,FALSE,750,2198.75390625,366.458984375,1244.240187812627,207.37336463543784,FALSE,FALSE,FALSE,FALSE,FALSE,FALSE,FALSE,FALSE,FALSE,FALSE
idp_NG002012_9,AD_H266,Nassarawo Jereng,Host Community,Nassarawo Jereng,NE,Adamawa,Mayo-Belwa,8.961540003784984,11.904729965130723,74,0,FALSE,750,2195.077880859375,365.8463134765625,1242.1599829704962,207.02666382841602,FALSE,FALSE,FALSE,FALSE,FALSE,FALSE,FALSE,FALSE,FALSE,FALSE
idp_NG019017_6,KD_H206,Ungwan Gero,IDPs dispersed in Host Communities,Sabon Birnin,NW,Kaduna,Lere,10.450400006042102,8.645689968107044,121,0,FALSE,750,2194.81982421875,365.8033040364583,1242.013952783996,207.00232546399934,FALSE,FALSE,FALSE,FALSE,FALSE,FALSE,FALSE,FALSE,FALSE,FALSE
idp_NG008027_2,BO_H529,Anguwan Hakimi,Host Community,Gora,NE,Borno,Shani,10.046980006114222,11.9149899651546,30,1,FALSE,750,2180.94873046875,363.491455078125,1234.1645194101166,205.69408656835276,FALSE,FALSE,FALSE,FALSE,FALSE,FALSE,FALSE,FALSE,FALSE,FALSE
idp_NG008004_5,BO_H032,Teli,Host Community,Teli,NE,Borno,Bayo,10.443560006889218,11.70515996536439,9,0,FALSE,750,2130.7666015625,355.1277669270833,1205.7672434268122,200.96120723780203,FALSE,FALSE,FALSE,FALSE,FALSE,FALSE,FALSE,FALSE,FALSE,FALSE
idp_NG036010_5,YB_INT036,Bakin Titi,Integrated Sites,Wachakal,NE,Yobe,Karasuwa,12.82462901114854,10.52772696671643,25,2,FALSE,750,2105.94921875,350.9915364583333,1191.723477562943,198.6205795938238,FALSE,FALSE,FALSE,FALSE,FALSE,FALSE,FALSE,FALSE,FALSE,FALSE
idp_NG036008_12,YB_H178,Bulumkutu/Tike,Host Community,Bumsa,NE,Yobe,Gulani,11.03850000812568,11.728129965396636,20,0,FALSE,750,2090.388427734375,348.3980712890625,1182.9178711325192,197.15297852208653,FALSE,FALSE,FALSE,FALSE,FALSE,FALSE,FALSE,FALSE,FALSE,FALSE
idp_NG036014_4,YB_INT062,Adaya,Integrated Sites,Mamudo,NE,Yobe,Potiskum,11.68401000923887,11.196079965941207,10,0,FALSE,750,2084.18310546875,347.3638509114583,1179.4063770452217,196.56772950753694,FALSE,FALSE,FALSE,FALSE,FALSE,FALSE,FALSE,FALSE,FALSE,FALSE
idp_NG027021_12,NI_H058,Mallam Tshoho,IDPs dispersed in Host Communities,Dukku,NC,Niger,Rijau,11.227800006281228,4.728999971813864,77,0,FALSE,750,2083.56787109375,347.2613118489583,1179.0582256072082,196.50970426786802,FALSE,FALSE,FALSE,FALSE,FALSE,FALSE,FALSE,FALSE,FALSE,FALSE
idp_NG019021_4,KD_INT037,Bagaldi,IDPs Integrated,Gimba,NW,Kaduna,Soba,11.104760007016338,7.846679968897738,65,0,FALSE,750,2082.16259765625,347.027099609375,1178.263003513079,196.37716725217982,FALSE,FALSE,FALSE,FALSE,FALSE,FALSE,FALSE,FALSE,FALSE,FALSE
idp_NG008018_8,BO_H238,Guwal,Host Community,Guwal,NE,Borno,Kwaya Kusar,10.544740007161751,11.91425996518874,38,0,FALSE,750,2082.02783203125,347.004638671875,1178.1867417695141,196.3644569615857,FALSE,FALSE,FALSE,FALSE,FALSE,FALSE,FALSE,FALSE,FALSE,FALSE
idp_NG036013_4,YB_H274,Quarters,Host Community,Garbi/Bambori,NE,Yobe,Nguru,12.888660011224877,10.432449966813513,63,11,FALSE,750,2076.839111328125,346.1398518880208,1175.2505264869342,195.87508774782233,FALSE,FALSE,FALSE,FALSE,FALSE,FALSE,FALSE,FALSE,FALSE,FALSE
idp_NG021011_10,KT_H196,Kogon Burtu,IDPs dispersed in Host Communities,Dan Aunai,NW,Katsina,Dutsi,12.89519001027946,8.193349968842488,30,0,FALSE,750,2065.547607421875,344.2579345703125,1168.8608423567257,194.81014039278762,FALSE,FALSE,FALSE,FALSE,FALSE,FALSE,FALSE,FALSE,FALSE,FALSE
idp_NG026002_8,NW_INT005,Kofan Sarki,IDPs Integrated,Ribi,NC,Nasarawa,Awe,8.369830002086799,9.123812967618193,68,1,FALSE,750,2055.2109375,342.53515625,1163.011483732101,193.8352472886835,FALSE,FALSE,FALSE,FALSE,FALSE,FALSE,FALSE,FALSE,FALSE,FALSE
idp_NG019012_15,KD_H003,Iburu,IDPs dispersed in Host Communities,Afogo,NW,Kaduna,Kajuru,10.273188005493513,7.82298596884835,85,1,FALSE,750,2048.21826171875,341.3697102864583,1159.0544386973456,193.17573978289093,FALSE,FALSE,FALSE,FALSE,FALSE,FALSE,FALSE,FALSE,FALSE,FALSE
idp_NG032010_9,PL_H145,Mabudi North,IDPs dispersed in Host Communities,Mabudi,NC,Plateau,Langtang South,8.752700002977456,9.876129966932744,7,0,FALSE,750,2026.226318359375,337.7043863932292,1146.6095444970204,191.10159074950337,FALSE,FALSE,FALSE,FALSE,FALSE,FALSE,FALSE,FALSE,FALSE,FALSE
idp_NG021002_1,KT_H118,Sabon Gari Alhaji Yahuza,IDPs dispersed in Host Communities,Jino,NW,Katsina,Batagarawa,12.945500010095753,7.553569969440103,54,1,FALSE,750,2025.7569580078125,337.62615966796875,1146.3439408702025,191.05732347836707,FALSE,FALSE,FALSE,FALSE,FALSE,FALSE,FALSE,FALSE,FALSE,FALSE
idp_NG032006_4,PL_H210,Trade Centre,IDPs dispersed in Host Communities,Kuru A,NC,Plateau,Jos South,9.719065004682143,8.793626967930184,22,0,FALSE,750,2025.320068359375,337.5533447265625,1146.096711902613,191.01611865043552,FALSE,FALSE,FALSE,FALSE,FALSE,FALSE,FALSE,FALSE,FALSE,FALSE
idp_NG007020_7,BN_H057,Igbetiv,IDPs dispersed in Host Communities,Mbaikyo/Mbayia,NC,Benue,Tarka,7.575481000469158,8.895811967858506,61,1,FALSE,750,2011.6510009765625,335.27516682942706,1138.3616020664147,189.72693367773576,FALSE,FALSE,FALSE,FALSE,FALSE,FALSE,FALSE,FALSE,FALSE,FALSE
idp_NG019012_13,KD_H253,Rimau Town,IDPs dispersed in Host Communities,Rimau,NW,Kaduna,Kajuru,10.412995005735162,7.763776968912534,66,0,FALSE,750,2002.91259765625,333.8187662760417,1133.416677326296,188.90277955438268,FALSE,FALSE,FALSE,FALSE,FALSE,FALSE,FALSE,FALSE,FALSE,FALSE
idp_NG019014_7,KD_H055,Dokan Karji,IDPs Integrated,Dawaki,NW,Kaduna,Kauru,10.5353160060573,8.122124968592525,116,1,FALSE,750,1997.585205078125,332.9308675130208,1130.4019898148306,188.40033163580506,FALSE,FALSE,FALSE,FALSE,FALSE,FALSE,FALSE,FALSE,FALSE,FALSE
idp_NG036012_13,YB_REL006,Dawa,Relocated Sites,Langawa / Darin,NE,Yobe,Nangere,11.598890009007183,11.019309966086729,23,1,FALSE,750,1988.4554443359375,331.40924072265625,1125.2356020766422,187.53926701277368,FALSE,FALSE,FALSE,FALSE,FALSE,FALSE,FALSE,FALSE,FALSE,FALSE
idp_NG032009_7,PL_H174,Zamko Central,IDPs dispersed in Host Communities,Mban/Zamko,NC,Plateau,Langtang North,8.999172003473888,9.847935966958326,47,0,FALSE,750,1983.3468017578125,330.55780029296875,1122.344701743137,187.05745029052284,FALSE,FALSE,FALSE,FALSE,FALSE,FALSE,FALSE,FALSE,FALSE,FALSE
idp_NG019012_12,KD_H297,Ungwan Rana,IDPs dispersed in Host Communities,Kufana,NW,Kaduna,Kajuru,10.29928100552118,7.743878968922879,123,1,FALSE,750,1982.611572265625,330.4352620442708,1121.9286469591775,186.98810782652959,FALSE,FALSE,FALSE,FALSE,FALSE,FALSE,FALSE,FALSE,FALSE,FALSE
idp_NG021032_3,KT_H489,Wakilin Kudu,IDPs dispersed in Host Communities,Tsanni,NW,Katsina,Safana,12.481500009233155,7.332399969560602,24,0,FALSE,750,1970.1832275390625,328.36387125651044,1114.895642522973,185.81594042049554,FALSE,FALSE,FALSE,FALSE,FALSE,FALSE,FALSE,FALSE,FALSE,FALSE
idp_NG021005_12,KT_H258,Shibdawa Gari,IDPs dispersed in Host Communities,Shibdawa,NW,Katsina,Bindawa,12.753720009885438,7.81980996915919,28,0,FALSE,750,1968.831787109375,328.1386311848958,1114.13088367967,185.68848061327833,FALSE,FALSE,FALSE,FALSE,FALSE,FALSE,FALSE,FALSE,FALSE,FALSE
idp_NG008018_16,BO_H237,Gusi/Billa,Host Community,Gusi / Billa,NE,Borno,Kwaya Kusar,10.401580006891006,12.015439965089389,37,0,FALSE,750,1949.718017578125,324.9530029296875,1103.314702694718,183.88578378245302,FALSE,FALSE,FALSE,FALSE,FALSE,FALSE,FALSE,FALSE,FALSE,FALSE
idp_NG026011_4,NW_H197,Gwande,IDPs dispersed in Host Communities,Deddere/Riri,NC,Nasarawa,Obi,8.45128000218305,8.664989968034057,69,1,FALSE,750,1946.4639892578125,324.41066487630206,1101.4732993448915,183.57888322414857,FALSE,FALSE,FALSE,FALSE,FALSE,FALSE,FALSE,FALSE,FALSE,FALSE
idp_NG021028_7,KT_H446,Dissi Gari,IDPs dispersed in Host Communities,Dissi,NW,Katsina,Matazu,12.17560000884409,7.675179969194836,61,0,FALSE,750,1937.6563720703125,322.94272867838544,1096.4892075679963,182.74820126133272,FALSE,FALSE,FALSE,FALSE,FALSE,FALSE,FALSE,FALSE,FALSE,FALSE
idp_NG002018_4,AD_H804,Sabon Pegi,Host Community,Song Gari,NE,Adamawa,Song,9.803650005775276,12.624609964524414,136,0,FALSE,750,1927.1529541015625,321.19215901692706,1090.5454888512434,181.75758147520722,FALSE,FALSE,FALSE,FALSE,FALSE,FALSE,FALSE,FALSE,FALSE,FALSE
idp_NG026001_1,NW_H101,Ungwan Ninzo,IDPs dispersed in Host Communities,Gudi,NC,Nasarawa,Akwanga,8.891163002977297,8.26302296839766,14,2,FALSE,750,1897.2802734375,316.21337890625,1073.64100959403,178.94016826567167,FALSE,FALSE,FALSE,FALSE,FALSE,FALSE,FALSE,FALSE,FALSE,FALSE
idp_NG019022_8,KD_INT041,Ungwan Hausawa,IDPs Integrated,Gidan Jatau,NW,Kaduna,Zango-Kataf,9.693822004492622,8.16484096850391,39,2,FALSE,750,1884.4197998046875,314.06996663411456,1066.3634702192207,177.7272450365368,FALSE,FALSE,FALSE,FALSE,FALSE,FALSE,FALSE,FALSE,FALSE,FALSE
idp_NG027021_6,New HC,Warari,IDPs dispersed in Host Communities,Warari,NC,Niger,Rijau,10.91984600595018,5.319761971227187,126,0,FALSE,750,1883.079833984375,313.8466389973958,1065.6052046765474,177.6008674460912,FALSE,FALSE,FALSE,FALSE,FALSE,FALSE,FALSE,FALSE,FALSE,FALSE
idp_NG019014_11,KD_H360,Sabon Gari,IDPs dispersed in Host Communities,Kauru West,NW,Kaduna,Kauru,10.573266006138942,8.1634959685576,109,2,FALSE,750,1880.4822998046875,313.41371663411456,1064.1353010159344,177.3558835026557,FALSE,FALSE,FALSE,FALSE,FALSE,FALSE,FALSE,FALSE,FALSE,FALSE
idp_NG021028_4,KT_H414,Rinjin Idi,IDPs dispersed in Host Communities,Rinjin Idi,NW,Katsina,Matazu,12.187166008849877,7.637432969231401,65,0,FALSE,750,1880.2410888671875,313.37351481119794,1063.9988035473798,177.3331339245633,FALSE,FALSE,FALSE,FALSE,FALSE,FALSE,FALSE,FALSE,FALSE,FALSE
idp_NG002018_15,AD_H390,Zumo Bakka,Host Community,Zumo,NE,Adamawa,Song,9.859750005980976,12.949729964246115,60,1,FALSE,750,1876.09716796875,312.682861328125,1061.6538240104264,176.94230400173774,FALSE,FALSE,FALSE,FALSE,FALSE,FALSE,FALSE,FALSE,FALSE,FALSE
idp_NG019020_12,KD_H294,Ajangwai,IDPs dispersed in Host Communities,Aboro,NW,Kaduna,Sanga,9.471190004154106,8.566579968128739,61,0,FALSE,750,1872.461181640625,312.0768636067708,1059.596276642833,176.59937944047215,FALSE,FALSE,FALSE,FALSE,FALSE,FALSE,FALSE,FALSE,FALSE,FALSE
idp_NG027011_1,NI_H038,Unguwa Gwambawa,IDPs dispersed in Host Communities,Arewa,NC,Niger,Kontagora,10.421101005155553,5.470114971044122,70,3,FALSE,750,1867.234619140625,311.2057698567708,1056.6386472837087,176.10644121395143,FALSE,FALSE,FALSE,FALSE,FALSE,FALSE,FALSE,FALSE,FALSE,FALSE
idp_NG026003_16,NW_H168,Igbabo,IDPs dispersed in Host Communities,Doka I,NC,Nasarawa,Doma,8.208870001658132,8.29851996837505,27,0,FALSE,750,1845.04052734375,307.5067545572917,1044.079360468036,174.01322674467266,FALSE,FALSE,FALSE,FALSE,FALSE,FALSE,FALSE,FALSE,FALSE,FALSE
idp_NG036008_13,YB_H190,Gala Bahama,Host Community,Gulani,NE,Yobe,Gulani,10.724340007466736,11.688489965401716,14,2,FALSE,750,1840.309326171875,306.7182210286458,1041.4020482786455,173.5670080464409,FALSE,FALSE,FALSE,FALSE,FALSE,FALSE,FALSE,FALSE,FALSE,FALSE
idp_NG007003_2,BN_H208,Asaba Ojantele,IDPs dispersed in Host Communities,Akpete/Ojantelle,NC,Benue,Apa,7.740571000702237,7.8832149687756115,22,0,FALSE,750,1838.3206787109375,306.38677978515625,1040.2767040173997,173.37945066956664,FALSE,FALSE,FALSE,FALSE,FALSE,FALSE,FALSE,FALSE,FALSE,FALSE
idp_NG019007_7,KD_INT022,Godogodo,IDPs Integrated,Godogodo,NW,Kaduna,Jema'a,9.434403004037891,8.34798696832757,84,0,FALSE,750,1833.9288330078125,305.65480550130206,1037.791427740247,172.9652379567078,FALSE,FALSE,FALSE,FALSE,FALSE,FALSE,FALSE,FALSE,FALSE,FALSE
idp_NG021018_1,KT_H060,Yandaki Gari,IDPs dispersed in Host Communities,Yandaki,NW,Katsina,Kaita,13.054930010339412,7.7017979693247325,19,0,FALSE,750,1829.255126953125,304.8758544921875,1035.1466511316708,172.52444185527847,FALSE,FALSE,FALSE,FALSE,FALSE,FALSE,FALSE,FALSE,FALSE,FALSE
idp_NG034004_8,SO_H145,Karangiya,IDPs dispersed in Host Communities,Tsitse,NW,Sokoto,Gada,13.54216001025708,5.733449971252397,64,0,FALSE,750,1805.664306640625,300.9440511067708,1021.7969776585079,170.29949627641795,FALSE,FALSE,FALSE,FALSE,FALSE,FALSE,FALSE,FALSE,FALSE,FALSE
idp_NG036017_15,YB_H398,Kumagannari,Host Community,Kumagannam,NE,Yobe,Yusufari,13.155210011802364,10.63687996668292,16,1,FALSE,750,1800.3675537109375,300.06125895182294,1018.7996286412767,169.79993810687947,FALSE,FALSE,FALSE,FALSE,FALSE,FALSE,FALSE,FALSE,FALSE,FALSE
idp_NG002002_6,AD_H798,Mararraban Wuro Ardo,Host Community,Beti,NE,Adamawa,Fufore,9.156180004350285,12.59883996452786,45,0,FALSE,750,1786.140869140625,297.6901448567708,1010.7489720255454,168.45816200425756,FALSE,FALSE,FALSE,FALSE,FALSE,FALSE,FALSE,FALSE,FALSE,FALSE
idp_NG037004_9,ZF_H141,Kan Wuri,IDPs dispersed in Host Communities,Gwashi,NW,Zamfara,Bukkuyum,11.90415000770588,5.7670799709256295,47,0,FALSE,750,1778.6656494140625,296.44427490234375,1006.5188629760149,167.7531438293358,FALSE,FALSE,FALSE,FALSE,FALSE,FALSE,FALSE,FALSE,FALSE,FALSE
idp_NG021005_1,KT_H041,Jibawa Gari,IDPs dispersed in Host Communities,"Jibawa/R,Bade",NW,Katsina,Bindawa,12.690790009792146,7.851789969118418,25,0,FALSE,750,1770.6622314453125,295.11037190755206,1001.9898548645232,166.9983091440872,FALSE,FALSE,FALSE,FALSE,FALSE,FALSE,FALSE,FALSE,FALSE,FALSE
idp_NG002009_10,AD_H184,Dubwangun,Host Community,Dubwangun,NE,Adamawa,Lamurde,9.565460005079489,11.876859965166622,78,1,FALSE,750,1759.8028564453125,293.30047607421875,995.8447056729194,165.97411761215324,FALSE,FALSE,FALSE,FALSE,FALSE,FALSE,FALSE,FALSE,FALSE,FALSE
idp_NG036009_7,YB_H213,Dachia,Host Community,Zabudum / Dachia,NE,Yobe,Jakusko,12.74893001111789,10.782569966475393,46,0,FALSE,750,1723.979248046875,287.3298746744792,975.5726901849206,162.59544836415344,FALSE,FALSE,FALSE,FALSE,FALSE,FALSE,FALSE,FALSE,FALSE,FALSE
idp_NG034015_15,SO_H121,Dankala,IDPs dispersed in Host Communities,Silame,NW,Sokoto,Silame,13.050980009153545,4.8598299719695595,56,0,FALSE,750,1722.1134033203125,287.01890055338544,974.5168380559451,162.41947300932418,FALSE,FALSE,FALSE,FALSE,FALSE,FALSE,FALSE,FALSE,FALSE,FALSE
idp_NG002009_2,AD_H196,Rigange,Host Community,Rigange,NE,Adamawa,Lamurde,9.572650005069756,11.76924996526122,74,0,FALSE,750,1719.82568359375,286.6376139322917,973.2222535123317,162.20370891872196,FALSE,FALSE,FALSE,FALSE,FALSE,FALSE,FALSE,FALSE,FALSE,FALSE
idp_NG036012_12,YB_INT044,Yamma,Integrated Sites,Pakarau Kare-Kare/ Pakarau Fulani,NE,Yobe,Nangere,11.804820009401643,10.99515596613554,15,1,FALSE,750,1709.64501953125,284.9408365885417,967.4611761452031,161.24352935753387,FALSE,FALSE,FALSE,FALSE,FALSE,FALSE,FALSE,FALSE,FALSE,FALSE
idp_NG008018_11,BO_H243,Wada,Host Community,Wada,NE,Borno,Kwaya Kusar,10.364080006798526,11.968329965127916,24,0,FALSE,750,1688.3150634765625,281.38584391276044,955.3908901290737,159.2318150215123,FALSE,FALSE,FALSE,FALSE,FALSE,FALSE,FALSE,FALSE,FALSE,FALSE
idp_NG026004_15,NW_INT017,Ankoma,IDPs Integrated,Panda / Kare,NC,Nasarawa,Karu,9.19408650346606,7.765350468857237,129,0,FALSE,750,1675.296630859375,279.2161051432292,948.0239642541078,158.0039940423513,FALSE,FALSE,FALSE,FALSE,FALSE,FALSE,FALSE,FALSE,FALSE,FALSE
idp_NG036006_2,YB_H126,Kwari,Host Community,Balle/Gallaba/Meleri,NE,Yobe,Geidam,12.832840011670848,11.690829965687604,38,2,FALSE,750,1655.34765625,275.8912760416667,936.7351538765195,156.1225256460866,FALSE,FALSE,FALSE,FALSE,FALSE,FALSE,FALSE,FALSE,FALSE,FALSE
idp_NG021017_11,KT_H158,Kofar Gabas,IDPs dispersed in Host Communities,Dantutture,NW,Katsina,Kafur,11.73992000812939,7.794379969021994,122,0,FALSE,750,1633.42138671875,272.2368977864583,924.3274234606487,154.05457057677475,FALSE,FALSE,FALSE,FALSE,FALSE,FALSE,FALSE,FALSE,FALSE,FALSE
idp_NG026001_5,NW_H100,Sambisa House,IDPs dispersed in Host Communities,Gwanje,NC,Nasarawa,Akwanga,8.982273003176777,8.39735296827502,10,2,FALSE,750,1625.491455078125,270.9152425130208,919.8400001042529,153.30666668404214,FALSE,FALSE,FALSE,FALSE,FALSE,FALSE,FALSE,FALSE,FALSE,FALSE
idp_NG021023_4,KT_H344,Da Ngamau,IDPs dispersed in Host Communities,Boko,NW,Katsina,Kusada,12.49945000949882,7.932889969010452,24,0,FALSE,750,1622.701171875,270.4501953125,918.2610228085956,153.0435038014326,FALSE,FALSE,FALSE,FALSE,FALSE,FALSE,FALSE,FALSE,FALSE,FALSE
idp_NG032002_13,PL_H286,Dong,IDPs dispersed in Host Communities,Tudun Wada - Kabong,NC,Plateau,Bassa,9.98837700521154,8.837479967902784,60,0,FALSE,750,1622.5338134765625,270.42230224609375,918.166317328136,153.02771955468933,FALSE,FALSE,FALSE,FALSE,FALSE,FALSE,FALSE,FALSE,FALSE,FALSE
idp_NG021030_5,KT_H417,Turaji,IDPs dispersed in Host Communities,Tsagero,NW,Katsina,Rimi,12.919430010121149,7.717919969283741,23,1,FALSE,750,1617.2108154296875,269.53513590494794,915.1541166126563,152.52568610210938,FALSE,FALSE,FALSE,FALSE,FALSE,FALSE,FALSE,FALSE,FALSE,FALSE
idp_NG021006_3,KT_H052,Salgoriyo,IDPs dispersed in Host Communities,Banye,NW,Katsina,Charanchi,12.660230009630208,7.578029969364979,81,0,FALSE,750,1612.1201171875,268.6866861979167,912.2733706960933,152.0455617826822,FALSE,FALSE,FALSE,FALSE,FALSE,FALSE,FALSE,FALSE,FALSE,FALSE
idp_NG002003_13,AD_H046,Gamu,Host Community,Gamu,NE,Adamawa,Ganye,8.26742700229687,12.068348964995492,14,0,FALSE,750,1610.2451171875,268.3741861979167,911.2123377421473,151.86872295702454,FALSE,FALSE,FALSE,FALSE,FALSE,FALSE,FALSE,FALSE,FALSE,FALSE
idp_NG020001_1,KN_H144,Agamawa,IDPs dispersed in Host Communities,Ungawar Bai,NW,Kano,Ajingi,12.043871009102755,8.989703967971803,26,1,FALSE,750,1606.5897216796875,267.76495361328125,909.1438070256165,151.52396783760275,FALSE,FALSE,FALSE,FALSE,FALSE,FALSE,FALSE,FALSE,FALSE,FALSE
idp_NG021025_4,KT_H343,Marabar Kankara,IDPs dispersed in Host Communities,Yaba,NW,Katsina,Malumfashi,11.75626000807381,7.552059969247378,92,1,FALSE,750,1603.096923828125,267.1828206380208,907.1672877605607,151.19454796009344,FALSE,FALSE,FALSE,FALSE,FALSE,FALSE,FALSE,FALSE,FALSE,FALSE
idp_NG019013_13,KD_H251,Mallagum 2,IDPs dispersed in Host Communities,Mallagum,NW,Kaduna,Kaura,9.681110004519564,8.394669968292929,18,0,FALSE,750,1600.62255859375,266.7704264322917,905.7670834652167,150.96118057753614,FALSE,FALSE,FALSE,FALSE,FALSE,FALSE,FALSE,FALSE,FALSE,FALSE
idp_NG036002_5,YB_INT008,Ajari,Integrated Sites,Kaliyari,NE,Yobe,Bursari,12.843210011617373,11.524229965836104,25,3,FALSE,750,1595.9881591796875,265.99802652994794,903.1445498651804,150.52409164419674,FALSE,FALSE,FALSE,FALSE,FALSE,FALSE,FALSE,FALSE,FALSE,FALSE
idp_NG036016_6,YB_H381,Fulatari,Host Community,Mozogun/Kujari,NE,Yobe,Yunusari,12.91626001191677,11.885319965532592,15,0,FALSE,750,1591.22607421875,265.204345703125,900.4497610262229,150.07496017103716,FALSE,FALSE,FALSE,FALSE,FALSE,FALSE,FALSE,FALSE,FALSE,FALSE
idp_NG036016_3,YB_INT079,Unguwar Arewa,Integrated Sites,Mozogun/Kujari,NE,Yobe,Yunusari,12.91774001191924,11.88448996553361,18,2,FALSE,750,1573.736328125,262.2893880208333,890.5525893133607,148.42543155222677,FALSE,FALSE,FALSE,FALSE,FALSE,FALSE,FALSE,FALSE,FALSE,FALSE
idp_NG002002_10,AD_H794,Nyibire,Host Community,Pariya,NE,Adamawa,Fufore,9.37723000486004,12.70281996444208,40,0,FALSE,750,1569.557861328125,261.5929768880208,888.1880607968523,148.03134346614203,FALSE,FALSE,FALSE,FALSE,FALSE,FALSE,FALSE,FALSE,FALSE,FALSE
idp_NG036012_11,YB_H504,Tashan Gire,Host Community,Degubi,NE,Yobe,Nangere,11.643747009083636,10.987021966121176,18,1,FALSE,750,1551.1123046875,258.5187174479167,877.7500109570763,146.29166849284604,FALSE,FALSE,FALSE,FALSE,FALSE,FALSE,FALSE,FALSE,FALSE,FALSE
idp_NG019020_10,KD_H064,Randa,IDPs dispersed in Host Communities,Ninzam West,NW,Kaduna,Sanga,9.120120003462164,8.498749968183535,31,0,FALSE,750,1547.4639892578125,257.91066487630206,875.6854867451893,145.9475811241982,FALSE,FALSE,FALSE,FALSE,FALSE,FALSE,FALSE,FALSE,FALSE,FALSE
idp_NG026007_7,NW_INT028,Kofar Gwari School,IDPs Integrated,Kofar Gwari,NC,Nasarawa,Kokona,8.691312002550454,8.005460968634539,8,0,FALSE,750,1545.447998046875,257.5746663411458,874.5446690866986,145.7574448477831,FALSE,FALSE,FALSE,FALSE,FALSE,FALSE,FALSE,FALSE,FALSE,FALSE
idp_NG020020_5,KN_H217,Gatta,IDPs dispersed in Host Communities,Hauwade,NW,Kano,Kabo,11.87967600854531,8.272333968602558,18,0,FALSE,750,1535.9925537109375,255.9987589518229,869.1939821348951,144.8656636891492,FALSE,FALSE,FALSE,FALSE,FALSE,FALSE,FALSE,FALSE,FALSE,FALSE
idp_NG034020_1,SO_H050,Shamaki Area,IDPs dispersed in Host Communities,Lambar Tureta,NW,Sokoto,Tureta,12.650250008837736,5.608579971192861,109,0,FALSE,750,1535.8486328125,255.97477213541666,869.1125395663598,144.85208992772664,FALSE,FALSE,FALSE,FALSE,FALSE,FALSE,FALSE,FALSE,FALSE,FALSE
idp_NG032012_3,PL_H034,Lifidi,IDPs dispersed in Host Communities,Koenoem  A,NC,Plateau,Mikang,9.029074003449566,9.39272796736948,14,0,FALSE,750,1535.4130859375,255.90218098958334,868.8660704530995,144.81101174218324,FALSE,FALSE,FALSE,FALSE,FALSE,FALSE,FALSE,FALSE,FALSE,FALSE
idp_NG021002_3,KT_H434,Filin Samji,IDPs dispersed in Host Communities,Wakilin Gabas I,NW,Katsina,Batagarawa,12.897420010036267,7.60215996938619,130,0,FALSE,750,1528.270751953125,254.7117919921875,864.824336199494,144.13738936658234,FALSE,FALSE,FALSE,FALSE,FALSE,FALSE,FALSE,FALSE,FALSE,FALSE
idp_NG002006_13,AD_H512,Gwalura,Host Community,Chikila,NE,Adamawa,Guyuk,9.79304000557686,11.923949965134137,50,0,FALSE,750,1514.8895263671875,252.4815877278646,857.2521115003663,142.8753519167277,FALSE,FALSE,FALSE,FALSE,FALSE,FALSE,FALSE,FALSE,FALSE,FALSE
idp_NG008005_17,BO_H044,Garubula,Host Community,Garubula,NE,Borno,Biu,10.779180007683314,12.01971996511626,37,0,FALSE,750,1507.55029296875,251.25838216145834,853.0989549710633,142.1831591618439,FALSE,FALSE,FALSE,FALSE,FALSE,FALSE,FALSE,FALSE,FALSE,FALSE
idp_NG026008_16,NW_H052,Agyaragu Koro,IDPs dispersed in Host Communities,Adogi,NC,Nasarawa,Lafia,8.525581002330002,8.66974496802843,21,0,FALSE,750,1490.42041015625,248.40340169270834,843.4054242183726,140.5675707030621,FALSE,FALSE,FALSE,FALSE,FALSE,FALSE,FALSE,FALSE,FALSE,FALSE
idp_NG008005_16,BO_H037,Gunda,Host Community,Dadin Kowa,NE,Borno,Biu,10.786680007646629,11.852619965263226,128,0,FALSE,750,1489.494384765625,248.24906412760416,842.8814010420292,140.48023350700487,FALSE,FALSE,FALSE,FALSE,FALSE,FALSE,FALSE,FALSE,FALSE,FALSE
idp_NG036002_12,YB_INT006,Bulamari,Integrated Sites,Guji / Metalari,NE,Yobe,Bursari,12.81824001159761,11.587529965775726,43,3,FALSE,750,1484.0498046875,247.34163411458334,839.8003989709421,139.9667331618237,FALSE,FALSE,FALSE,FALSE,FALSE,FALSE,FALSE,FALSE,FALSE,FALSE
idp_NG026008_7,NW_H070,Keffi Wambai Community,IDPs dispersed in Host Communities,Keffin/Wambai,NC,Nasarawa,Lafia,8.548273002341855,8.451365968227542,43,0,FALSE,750,1479.819091796875,246.63651529947916,837.406305213269,139.56771753554483,FALSE,FALSE,FALSE,FALSE,FALSE,FALSE,FALSE,FALSE,FALSE,FALSE
idp_NG036008_9,YB_H510,Kukuwa,Host Community,Bularafa,NE,Yobe,Gulani,11.103580008316516,11.901379965251436,25,0,FALSE,750,1460.349853515625,243.39164225260416,826.3889700641315,137.73149501068858,FALSE,FALSE,FALSE,FALSE,FALSE,FALSE,FALSE,FALSE,FALSE,FALSE
idp_NG020042_3,KN_H073,Bachirawa,IDPs dispersed in Host Communities,Bachirawa,NW,Kano,Ungogo,12.088980009018146,8.546929968382019,8,0,FALSE,750,1459.909423828125,243.3182373046875,826.1397378442202,137.68995630737004,FALSE,FALSE,FALSE,FALSE,FALSE,FALSE,FALSE,FALSE,FALSE,FALSE
idp_NG002006_16,AD_H514,Kwadadai,Host Community,Banjiram,NE,Adamawa,Guyuk,9.783930005572092,11.983049965082014,28,0,FALSE,750,1429.3258056640625,238.2209676106771,808.8329502586358,134.80549170977264,FALSE,FALSE,FALSE,FALSE,FALSE,FALSE,FALSE,FALSE,FALSE,FALSE
idp_NG019005_10,KD_H090,Charika,IDPs dispersed in Host Communities,Janfalan,NW,Kaduna,Ikara,11.177263227259084,8.203844287577587,8,0,FALSE,750,1426.8980712890625,237.81634521484375,807.4591336318078,134.57652227196797,FALSE,FALSE,FALSE,FALSE,FALSE,FALSE,FALSE,FALSE,FALSE,FALSE
idp_NG019008_1,KD_H357,Ungwan Shekarau,IDPs dispersed in Host Communities,Kachia Urban,NW,Kaduna,Kachia,9.859355004753532,7.941518968715999,97,3,FALSE,750,1388.1015625,231.35026041666666,785.504800659408,130.917466776568,FALSE,FALSE,FALSE,FALSE,FALSE,FALSE,FALSE,FALSE,FALSE,FALSE
idp_NG037013_2,ZF_H150,Gidan Dawa,IDPs dispersed in Host Communities,Yandoton Daji,NW,Zamfara,Tsafe,12.070390008370667,6.87320996991994,85,0,FALSE,750,1386.4998779296875,231.08331298828125,784.5984326002463,130.76640543337436,FALSE,FALSE,FALSE,FALSE,FALSE,FALSE,FALSE,FALSE,FALSE,FALSE
idp_NG019003_2,KD_H116,Dan Mahawayi,IDPs dispersed in Host Communities,Danmahawayi,NW,Kaduna,Giwa,11.309670007297946,7.57825996916739,15,0,FALSE,750,1370.5484619140625,228.42474365234375,775.5717776377504,129.26196293962508,FALSE,FALSE,FALSE,FALSE,FALSE,FALSE,FALSE,FALSE,FALSE,FALSE
idp_NG036004_8,YB_INT013,Godowoli,Integrated Sites,Gudi / Dozi / Godo Woli,NE,Yobe,Fika,11.31287000843002,10.984359966082964,33,0,FALSE,750,1369.63427734375,228.27237955729166,775.0544549950355,129.17574249917257,FALSE,FALSE,FALSE,FALSE,FALSE,FALSE,FALSE,FALSE,FALSE,FALSE
idp_NG002004_9,AD_H088,Jebbre,Host Community,Boga/ Dingai,NE,Adamawa,Gombi,10.101537006346454,12.34783996477992,19,0,FALSE,750,1364.8228759765625,227.4704793294271,772.3317587789039,128.721959796484,FALSE,FALSE,FALSE,FALSE,FALSE,FALSE,FALSE,FALSE,FALSE,FALSE
idp_NG021025_7,KT_H171,Sabon Unguwa,IDPs dispersed in Host Communities,Rawan Sanyi,NW,Katsina,Malumfashi,11.721750008025412,7.586099969211356,47,0,FALSE,750,1363.19287109375,227.19881184895834,771.409364701167,128.56822745019448,FALSE,FALSE,FALSE,FALSE,FALSE,FALSE,FALSE,FALSE,FALSE,FALSE
idp_NG021029_1,KT_H439,Tuge,IDPs dispersed in Host Communities,Tuge,NW,Katsina,Musawa,12.003434008511972,7.578896969257549,17,0,FALSE,750,1345.9736328125,224.32893880208334,761.6652690967647,126.94421151612745,FALSE,FALSE,FALSE,FALSE,FALSE,FALSE,FALSE,FALSE,FALSE,FALSE
idp_NG032012_6,PL_H129,Lalin,IDPs dispersed in Host Communities,Lalin,NC,Plateau,Mikang,9.073584003592302,9.677241967112773,19,2,FALSE,750,1344.7744140625,224.12906901041666,760.9866501033034,126.83110835055056,FALSE,FALSE,FALSE,FALSE,FALSE,FALSE,FALSE,FALSE,FALSE,FALSE
idp_NG019022_1,KD_H123,Ungwan Wakili,IDPs dispersed in Host Communities,Zonzon,NW,Kaduna,Zango-Kataf,9.808480004759122,8.381139968310576,12,0,FALSE,750,1339.576416015625,223.26273600260416,758.0451849180868,126.34086415301446,FALSE,FALSE,FALSE,FALSE,FALSE,FALSE,FALSE,FALSE,FALSE,FALSE
idp_NG002011_16,AD_H805,Holma Chalawa,Host Community,Zumo,NE,Adamawa,Maiha,9.90468400610729,13.055713964157029,95,0,FALSE,750,1319.0595703125,219.84326171875,746.4350252369986,124.40583753949977,FALSE,FALSE,FALSE,FALSE,FALSE,FALSE,FALSE,FALSE,FALSE,FALSE
idp_NG002018_9,AD_H382,Jauro Garta,Host Community,Sigire,NE,Adamawa,Song,10.034120006285535,12.661169964504191,68,2,FALSE,750,1312.947021484375,218.82450358072916,742.9760301760682,123.82933836267803,FALSE,FALSE,FALSE,FALSE,FALSE,FALSE,FALSE,FALSE,FALSE,FALSE
idp_NG032006_1,PL_H242,Turu Primary School,IDPs dispersed in Host Communities,Turu,NC,Plateau,Jos South,9.680936004603298,8.770715967949558,46,0,FALSE,750,1310.1241455078125,218.3540242513021,741.3786091435161,123.56310152391936,FALSE,FALSE,FALSE,FALSE,FALSE,FALSE,FALSE,FALSE,FALSE,FALSE
idp_NG019002_8,KD_H214,Kagurdna Kakau,IDPs dispersed in Host Communities,Kakau,NW,Kaduna,Chikun,10.38023000557251,7.372689969270759,96,2,FALSE,750,1301.931640625,216.98860677083334,736.7425997269683,122.79043328782804,FALSE,FALSE,FALSE,FALSE,FALSE,FALSE,FALSE,FALSE,FALSE,FALSE
idp_NG032009_2,PL_H221,Bapkwai North,IDPs dispersed in Host Communities,Kuffen,NC,Plateau,Langtang North,9.08072600363371,9.818883966985176,20,0,FALSE,750,1301.9091796875,216.98486328125,736.729889436374,122.78831490606234,FALSE,FALSE,FALSE,FALSE,FALSE,FALSE,FALSE,FALSE,FALSE,FALSE
idp_NG008012_7,BO_H131,Sakwa,Host Community,Sakwa/Hema,NE,Borno,Hawul,10.501638007156885,12.203092964933017,105,0,FALSE,750,1300.5284423828125,216.7547403971354,735.9485519531655,122.65809199219426,FALSE,FALSE,FALSE,FALSE,FALSE,FALSE,FALSE,FALSE,FALSE,FALSE
idp_NG002001_12,AD_H022,Nasarawo Demsa B,Host Community,Nassarawo Demsa,NE,Adamawa,Demsa,9.433010004852838,12.130549964940794,62,0,FALSE,750,1299.895263671875,216.64921061197916,735.59024609821,122.59837434970166,FALSE,FALSE,FALSE,FALSE,FALSE,FALSE,FALSE,FALSE,FALSE,FALSE
idp_NG032008_4,PL_H168,Kalepa,IDPs dispersed in Host Communities,Ampang East,NC,Plateau,Kanke,9.35461000413506,9.570929967213424,10,0,FALSE,750,1287.1322021484375,214.52203369140625,728.3678307010862,121.39463845018103,FALSE,FALSE,FALSE,FALSE,FALSE,FALSE,FALSE,FALSE,FALSE,FALSE
idp_NG002016_1,AD_REL016,Shafan,Relocated Sites,Gamadio,NE,Adamawa,Numan,9.465680004820753,11.67767996533832,94,2,FALSE,750,1285.484619140625,214.2474365234375,727.435489439406,121.239248239901,FALSE,FALSE,FALSE,FALSE,FALSE,FALSE,FALSE,FALSE,FALSE,FALSE
idp_NG026003_6,NW_H170,Ung Sama,IDPs dispersed in Host Communities,Alagye I,NC,Nasarawa,Doma,8.357100001941946,8.26036996840599,32,1,FALSE,750,1284.9486083984375,214.1581013997396,727.1321694068033,121.18869490113389,FALSE,FALSE,FALSE,FALSE,FALSE,FALSE,FALSE,FALSE,FALSE,FALSE
idp_NG002007_11,AD_H164,Ngalbi,Host Community,Thilbang,NE,Adamawa,Hong,10.175599006663717,12.920137964288752,30,0,FALSE,750,1277.7613525390625,212.9602254231771,723.0650145720097,120.51083576200162,FALSE,FALSE,FALSE,FALSE,FALSE,FALSE,FALSE,FALSE,FALSE,FALSE
idp_NG008006_1,BO_INT014,Korongilum A,Integrated Sites,Korongilim,NE,Borno,Chibok,10.867200008087604,12.709359964524582,31,0,FALSE,750,1272.61181640625,212.10196940104166,720.1509732203032,120.02516220338387,FALSE,FALSE,FALSE,FALSE,FALSE,FALSE,FALSE,FALSE,FALSE,FALSE
idp_NG036010_7,YB_INT027,Zango Gasma,Integrated Sites,Gasma,NE,Yobe,Karasuwa,12.878060011450073,10.993289966312028,10,0,FALSE,750,1267.94873046875,211.32478841145834,717.5122063686928,119.58536772811547,FALSE,FALSE,FALSE,FALSE,FALSE,FALSE,FALSE,FALSE,FALSE,FALSE
idp_NG019007_1,KD_INT024,Jagindi Gari,IDPs Integrated,Jagindi,NW,Kaduna,Jema'a,9.35725300386829,8.24007496842445,39,1,FALSE,750,1265.440673828125,210.90677897135416,716.0929366374576,119.34882277290959,FALSE,FALSE,FALSE,FALSE,FALSE,FALSE,FALSE,FALSE,FALSE,FALSE
idp_NG036015_1,YB_REL022,Wanzamari,Relocated Sites,Shekau,NE,Yobe,Tarmua,12.14734001033815,11.684929965576403,31,2,FALSE,750,1250.5101318359375,208.4183553059896,707.6439781979989,117.94066303299981,FALSE,FALSE,FALSE,FALSE,FALSE,FALSE,FALSE,FALSE,FALSE,FALSE
idp_NG032016_1,PL_H029,Rafin Makarata,IDPs dispersed in Host Communities,Kalong,NC,Plateau,Shendam,8.712818002835068,9.50927646726387,79,1,FALSE,750,1242.8134765625,207.13557942708334,703.28856226185,117.214760376975,FALSE,FALSE,FALSE,FALSE,FALSE,FALSE,FALSE,FALSE,FALSE,FALSE
idp_NG032013_6,PL_H094,Jibik,IDPs dispersed in Host Communities,Jiblik,NC,Plateau,Pankshin,9.272198603905927,9.251459167500771,6,0,FALSE,750,1241.7275390625,206.95458984375,702.6740473426895,117.1123412237816,FALSE,FALSE,FALSE,FALSE,FALSE,FALSE,FALSE,FALSE,FALSE,FALSE
idp_NG021006_12,KT_H257,Safana,IDPs dispersed in Host Communities,Safana,NW,Katsina,Charanchi,12.699330009762232,7.742339969220621,50,0,FALSE,750,1239.90771484375,206.65128580729166,701.6442374938988,116.94070624898312,FALSE,FALSE,FALSE,FALSE,FALSE,FALSE,FALSE,FALSE,FALSE,FALSE
idp_NG021005_10,KT_H425,Yangora,IDPs dispersed in Host Communities,Yangora,NW,Katsina,Bindawa,12.820610010050276,7.946259969055246,13,0,FALSE,750,1235.6156005859375,205.9359334309896,699.2153976700905,116.53589961168177,FALSE,FALSE,FALSE,FALSE,FALSE,FALSE,FALSE,FALSE,FALSE,FALSE
idp_NG021002_13,KT_H254,Ajiwa Town,IDPs dispersed in Host Communities,Ajiwa,NW,Katsina,Batagarawa,12.970200010216264,7.743099969270271,139,0,FALSE,750,1234.60546875,205.767578125,698.6437799816854,116.44062999694756,FALSE,FALSE,FALSE,FALSE,FALSE,FALSE,FALSE,FALSE,FALSE,FALSE
idp_NG007013_17,BN_H311,Tyo-Mu,IDPs dispersed in Host Communities,Fildi,NC,Benue,Makurdi,7.7126970007213265,8.660096968065488,132,0,FALSE,750,1202.7783203125,200.46305338541666,680.6332982097828,113.4388830349638,FALSE,FALSE,FALSE,FALSE,FALSE,FALSE,FALSE,FALSE,FALSE,FALSE
idp_NG021029_16,KT_H440,Tabanni Yarradau,IDPs dispersed in Host Communities,Yaradau/Tabanni,NW,Katsina,Musawa,12.138054208846398,7.855372469023235,36,0,FALSE,750,1201.5736083984375,200.26226806640625,679.9515707213392,113.32526178688987,FALSE,FALSE,FALSE,FALSE,FALSE,FALSE,FALSE,FALSE,FALSE,FALSE
idp_NG002014_17,AD_H316,Mayo Bani,Host Community,Mayo Bani,NE,Adamawa,Mubi North,10.439590007331391,13.239669964031952,117,0,FALSE,750,1198.3853759765625,199.73089599609375,678.1474002336334,113.02456670560558,FALSE,FALSE,FALSE,FALSE,FALSE,FALSE,FALSE,FALSE,FALSE,FALSE
idp_NG032007_6,PL_H293,Tuttung,IDPs dispersed in Host Communities,Kunkyam,NC,Plateau,Kanam,9.285410004078347,9.970639966851728,8,0,FALSE,750,1197.9871826171875,199.6645304361979,677.9220688862525,112.98701148104207,FALSE,FALSE,FALSE,FALSE,FALSE,FALSE,FALSE,FALSE,FALSE,FALSE
idp_NG007004_1,BN_H082,Adogo,IDPs dispersed in Host Communities,Mbaya,NC,Benue,Buruku,7.513842000356353,9.02429996774544,98,0,FALSE,750,1185.228515625,197.5380859375,670.7021402851145,111.78369004751909,FALSE,FALSE,FALSE,FALSE,FALSE,FALSE,FALSE,FALSE,FALSE,FALSE
idp_NG002007_3,AD_H126,Kwambla,Host Community,Bangshika,NE,Adamawa,Hong,10.26665000691183,13.095849964143316,125,0,FALSE,750,1182.7459716796875,197.12432861328125,669.2973077861302,111.54955129768837,FALSE,FALSE,FALSE,FALSE,FALSE,FALSE,FALSE,FALSE,FALSE,FALSE
idp_NG026013_1,NW_H125,Wayo Matti,IDPs dispersed in Host Communities,Wayo,NC,Nasarawa,Wamba,8.93942000312011,8.5474499681376,22,1,FALSE,750,1173.907470703125,195.6512451171875,664.2957393596681,110.71595655994469,FALSE,FALSE,FALSE,FALSE,FALSE,FALSE,FALSE,FALSE,FALSE,FALSE
idp_NG026013_4,NW_H126,Gbata,IDPs dispersed in Host Communities,Nakere,NC,Nasarawa,Wamba,8.93160000310765,8.563259968123127,12,0,FALSE,750,1162.9249267578125,193.8208211263021,658.0808908027954,109.68014846713257,FALSE,FALSE,FALSE,FALSE,FALSE,FALSE,FALSE,FALSE,FALSE,FALSE
idp_NG032010_1,PL_H027,Karkashi (Magama),IDPs dispersed in Host Communities,Magama,NC,Plateau,Langtang South,8.5323300025008475,9.70598996708827,16,0,FALSE,750,1155.3056640625,192.55094401041666,653.7692701070632,108.96154501784387,FALSE,FALSE,FALSE,FALSE,FALSE,FALSE,FALSE,FALSE,FALSE,FALSE
idp_NG026003_7,NW_H252,Ung. Brumbrum Annah,IDPs dispersed in Host Communities,Alagye I,NC,Nasarawa,Doma,8.52680000228004,8.316959968350844,33,0,FALSE,750,1154.943359375,192.49055989583334,653.5642475935664,108.92737459892774,FALSE,FALSE,FALSE,FALSE,FALSE,FALSE,FALSE,FALSE,FALSE,FALSE
idp_NG002013_16,AD_H271,Vwakaghe,Host Community,Futudou / Futules,NE,Adamawa,Michika,10.598720007746108,13.46014996385562,13,0,FALSE,750,1154.416015625,192.40266927083334,653.2658320752691,108.87763867921153,FALSE,FALSE,FALSE,FALSE,FALSE,FALSE,FALSE,FALSE,FALSE,FALSE
idp_NG002004_11,AD_H093,Galunda,Host Community,Ga'Anda,NE,Adamawa,Gombi,10.162440006500349,12.4330299647095,42,0,FALSE,750,1124.098388671875,187.3497314453125,636.1095647244925,106.01826078741541,FALSE,FALSE,FALSE,FALSE,FALSE,FALSE,FALSE,FALSE,FALSE,FALSE
idp_NG019022_6,KD_H279,Kurmin Masara,IDPs dispersed in Host Communities,Zaman Dabo,NW,Kaduna,Zango-Kataf,9.862840004883427,8.470729968231137,107,0,FALSE,750,1123.780517578125,187.2967529296875,635.9296864815188,105.98828108025315,FALSE,FALSE,FALSE,FALSE,FALSE,FALSE,FALSE,FALSE,FALSE,FALSE
idp_NG026007_8,NW_INT026,Marke,IDPs Integrated,Hadari,NC,Nasarawa,Kokona,8.845210002842643,7.988509968649446,8,0,FALSE,750,1122.697509765625,187.11625162760416,635.316829426349,105.88613823772484,FALSE,FALSE,FALSE,FALSE,FALSE,FALSE,FALSE,FALSE,FALSE,FALSE
idp_NG008006_10,BO_INT005,Shiki,Integrated Sites,Chibok Garu,NE,Borno,Chibok,10.841870008080448,12.85446996439683,30,0,FALSE,750,1122.551513671875,187.0919189453125,635.2342125374871,105.87236875624785,FALSE,FALSE,FALSE,FALSE,FALSE,FALSE,FALSE,FALSE,FALSE,FALSE
idp_NG007020_5,BN_H107,Tongov,IDPs dispersed in Host Communities,Tongov,NC,Benue,Tarka,7.682343000676183,8.821296967920183,34,0,FALSE,750,1116.50927734375,186.08487955729166,631.8150062123296,105.30250103538827,FALSE,FALSE,FALSE,FALSE,FALSE,FALSE,FALSE,FALSE,FALSE,FALSE
idp_NG021017_4,KT_H121,Kofar Fada,IDPs dispersed in Host Communities,Gamzago,NW,Katsina,Kafur,11.802762008239393,7.793509969031349,79,3,FALSE,750,1111.4886474609375,185.24810791015625,628.973910876207,104.82898514603451,FALSE,FALSE,FALSE,FALSE,FALSE,FALSE,FALSE,FALSE,FALSE,FALSE
idp_NG036003_8,YB_H056,Shuwari,Host Community,Kalallawa/Gabai,NE,Yobe,Damaturu,11.932410009980236,11.858439965392147,118,1,FALSE,750,1101.3582763671875,183.5597127278646,623.2412935075828,103.87354891793048,FALSE,FALSE,FALSE,FALSE,FALSE,FALSE,FALSE,FALSE,FALSE,FALSE
idp_NG021003_1,KT_H382,Batsarin Alhaji,IDPs dispersed in Host Communities,Manawa,NW,Katsina,Batsari,12.679520009500052,7.172889969742483,70,0,FALSE,750,1100.2783203125,183.37972005208334,622.6301633940698,103.77169389901164,FALSE,FALSE,FALSE,FALSE,FALSE,FALSE,FALSE,FALSE,FALSE,FALSE
idp_NG036017_2,YB_INT086,Maimalari,Integrated Sites,Mai-Malari,NE,Yobe,Yusufari,13.06383001182224,11.053229966294586,22,1,FALSE,750,1094.157958984375,182.35965983072916,619.166747362498,103.19445789374966,FALSE,FALSE,FALSE,FALSE,FALSE,FALSE,FALSE,FALSE,FALSE,FALSE
idp_NG026008_13,NW_H056,Wakwan Alhaji Com,IDPs dispersed in Host Communities,Wakwa,NC,Nasarawa,Lafia,8.49656800225905,8.575501968114924,27,0,FALSE,750,1093.4715576171875,182.2452596028646,618.7783236450476,103.12972060750793,FALSE,FALSE,FALSE,FALSE,FALSE,FALSE,FALSE,FALSE,FALSE,FALSE
idp_NG021022_13,KT_H277,Sabon Layi,IDPs dispersed in Host Communities,Barkiyya,NW,Katsina,Kurfi,12.646909709599294,7.556680169382289,73,0,FALSE,750,1090.95703125,181.826171875,617.3553927974999,102.89256546624998,FALSE,FALSE,FALSE,FALSE,FALSE,FALSE,FALSE,FALSE,FALSE,FALSE
idp_NG026004_14,NW_INT016,Koso,IDPs Integrated,Panda / Kare,NC,Nasarawa,Karu,9.217890303505682,7.737443768883312,150,0,FALSE,750,1085.6158447265625,180.93597412109375,614.3328995097456,102.3888165849576,FALSE,FALSE,FALSE,FALSE,FALSE,FALSE,FALSE,FALSE,FALSE,FALSE
idp_NG036004_7,YB_H074,Anzai,Host Community,Fika/Anze,NE,Yobe,Fika,11.244870008412224,11.331439965768023,42,0,FALSE,750,1078.9395751953125,179.8232625325521,610.5549037859687,101.75915063099478,FALSE,FALSE,FALSE,FALSE,FALSE,FALSE,FALSE,FALSE,FALSE,FALSE
idp_NG002009_14,AD_H195,Opalo,Host Community,Opalo,NE,Adamawa,Lamurde,9.511430004976646,11.932599965116085,110,1,FALSE,750,1073.15625,178.859375,607.2822111909753,101.21370186516255,FALSE,FALSE,FALSE,FALSE,FALSE,FALSE,FALSE,FALSE,FALSE,FALSE
idp_NG021025_6,KT_H172,Layin Masallaci,IDPs dispersed in Host Communities,Yaba,NW,Katsina,Malumfashi,11.815980008180562,7.560219969248033,36,1,FALSE,750,1072.2724609375,178.71207682291666,606.7820888871622,101.13034814786037,FALSE,FALSE,FALSE,FALSE,FALSE,FALSE,FALSE,FALSE,FALSE,FALSE
idp_NG036016_7,YB_H529,Kalgi Lawandi,Host Community,Dilala/Kalgi,NE,Yobe,Yunusari,13.066020012012348,11.465579965930448,18,1,FALSE,750,1068.357666015625,178.05961100260416,604.5667681298024,100.76112802163372,FALSE,FALSE,FALSE,FALSE,FALSE,FALSE,FALSE,FALSE,FALSE,FALSE
idp_NG019020_8,KD_H070,Gwantu Kurmi,IDPs dispersed in Host Communities,Gwantu,NW,Kaduna,Sanga,9.25850000372464,8.472119968210016,42,0,FALSE,750,1068.2275390625,178.03792317708334,604.493131337556,100.74885522292598,FALSE,FALSE,FALSE,FALSE,FALSE,FALSE,FALSE,FALSE,FALSE,FALSE
idp_NG021026_11,KT_H413,Walawa,IDPs dispersed in Host Communities,Magami,NW,Katsina,Mani,12.85908401013603,7.996391969016373,11,0,FALSE,750,1062.48193359375,177.080322265625,601.2417837414407,100.20696395690679,FALSE,FALSE,FALSE,FALSE,FALSE,FALSE,FALSE,FALSE,FALSE,FALSE
idp_NG008004_1,BO_H031,Jara Gol,Host Community,Jara Gol,NE,Borno,Bayo,10.223010006405596,11.622209965422062,13,0,FALSE,750,1056.478271484375,176.0797119140625,597.8444059588254,99.6407343264709,FALSE,FALSE,FALSE,FALSE,FALSE,FALSE,FALSE,FALSE,FALSE,FALSE
idp_NG008027_1,BO_H398,Labiri,Host Community,Gasi / Salifawa,NE,Borno,Shani,10.220870006456028,11.821669965246777,16,0,FALSE,750,1050.16064453125,175.02677408854166,594.2693604185572,99.04489340309287,FALSE,FALSE,FALSE,FALSE,FALSE,FALSE,FALSE,FALSE,FALSE,FALSE
idp_NG021030_7,KT_H449,Kogari,IDPs dispersed in Host Communities,Kogari,NW,Katsina,Rimi,12.723820009807003,7.750989969217079,91,0,FALSE,750,1048.0452880859375,174.6742146809896,593.0723135397207,98.84538558995345,FALSE,FALSE,FALSE,FALSE,FALSE,FALSE,FALSE,FALSE,FALSE,FALSE
idp_NG036009_15,YB_H197,Saminaka,Host Community,Buduwa / Saminaka,NE,Yobe,Jakusko,12.270280010242828,10.848809966334745,13,0,FALSE,750,1047.927490234375,174.65458170572916,593.0056535917677,98.83427559862794,FALSE,FALSE,FALSE,FALSE,FALSE,FALSE,FALSE,FALSE,FALSE,FALSE
idp_NG021031_13,KT_H495,Mairuwa,IDPs dispersed in Host Communities,Mairuwa,NW,Katsina,Sabuwa,11.35520000723519,7.132109969584724,48,0,FALSE,750,1030.00927734375,171.668212890625,582.866019270289,97.14433654504816,FALSE,FALSE,FALSE,FALSE,FALSE,FALSE,FALSE,FALSE,FALSE,FALSE
idp_NG032016_9,PL_H244,Angwan Baptist,IDPs dispersed in Host Communities,Poeship,NC,Plateau,Shendam,8.81545200303136,9.448047967318786,25,1,FALSE,750,1029.0863037109375,171.5143839518229,582.3437230356025,97.0572871726004,FALSE,FALSE,FALSE,FALSE,FALSE,FALSE,FALSE,FALSE,FALSE,FALSE
idp_NG021028_6,KT_H448,Yar Tsamiya,IDPs dispersed in Host Communities,Karaduwa,NW,Katsina,Matazu,12.327050009099471,7.663839969229307,26,0,FALSE,750,1007.216552734375,167.86942545572916,569.9679755792158,94.99466259653597,FALSE,FALSE,FALSE,FALSE,FALSE,FALSE,FALSE,FALSE,FALSE,FALSE
idp_NG008018_7,BO_REL007,Wawa,Relocated Sites,Wawa,NE,Borno,Kwaya Kusar,10.47104000700738,11.913839965183424,24,0,FALSE,750,1003.7993774414063,167.29989624023438,568.034249928416,94.67237498806932,FALSE,FALSE,FALSE,FALSE,FALSE,FALSE,FALSE,FALSE,FALSE,FALSE
idp_NG034015_13,SO_H083,Gunki,IDPs dispersed in Host Communities,Marafa East,NW,Sokoto,Silame,13.04704000912036,4.79220997203234,87,0,FALSE,750,997.54095458984375,166.25682576497397,564.4927070562899,94.082117842715,FALSE,FALSE,FALSE,FALSE,FALSE,FALSE,FALSE,FALSE,FALSE,FALSE
idp_NG019015_10,KD_H083,Dutsen Wai,IDPs dispersed in Host Communities,Dutsen Wai,NW,Kaduna,Kubau,10.870230006709832,8.243769968509907,6,0,FALSE,750,995.583251953125,165.9305419921875,563.3848739834443,93.89747899724071,FALSE,FALSE,FALSE,FALSE,FALSE,FALSE,FALSE,FALSE,FALSE,FALSE
idp_NG019020_6,KD_H068,Numbia Sarki,IDPs dispersed in Host Communities,Nandu,NW,Kaduna,Sanga,9.211060003626264,8.436999968241292,66,1,FALSE,750,987.7275390625,164.62125651041666,558.9394498481423,93.15657497469037,FALSE,FALSE,FALSE,FALSE,FALSE,FALSE,FALSE,FALSE,FALSE,FALSE
idp_NG036004_14,YB_H084,Babaji,Host Community,Gudi / Dozi / Godo Woli,NE,Yobe,Fika,11.314520008517382,11.2302999658653,45,1,FALSE,750,980.408203125,163.4013671875,554.7975529784418,92.4662588297403,FALSE,FALSE,FALSE,FALSE,FALSE,FALSE,FALSE,FALSE,FALSE,FALSE
idp_NG021019_17,KT_H408,Ketare,IDPs dispersed in Host Communities,Hurya,NW,Katsina,Kankara,11.89470000832557,7.583799969237325,98,0,FALSE,750,969.6109619140625,161.6018269856771,548.6875643189708,91.44792738649512,FALSE,FALSE,FALSE,FALSE,FALSE,FALSE,FALSE,FALSE,FALSE,FALSE
idp_NG008012_1,BO_H388,Hyera,Host Community,Puba/Vidau/Lokoja,NE,Borno,Hawul,10.40643000700476,12.372609964778295,121,0,FALSE,750,957.4130859375,159.56884765625,541.7849785166887,90.29749641944812,FALSE,FALSE,FALSE,FALSE,FALSE,FALSE,FALSE,FALSE,FALSE,FALSE
idp_NG021023_10,KT_H372,Nasarawa,IDPs dispersed in Host Communities,Jobe/Kandawa,NW,Katsina,Kusada,12.57295000965317,8.004849968957007,59,0,FALSE,750,955.96807861328125,159.32801310221353,540.9672716421878,90.16121194036462,FALSE,FALSE,FALSE,FALSE,FALSE,FALSE,FALSE,FALSE,FALSE,FALSE
idp_NG008018_10,BO_H239,Kubuku,Host Community,Kubuku,NE,Borno,Kwaya Kusar,10.420420006905294,11.927819965167416,35,0,FALSE,750,952.7220458984375,158.7870076497396,539.130392879502,89.855065479917,FALSE,FALSE,FALSE,FALSE,FALSE,FALSE,FALSE,FALSE,FALSE,FALSE
idp_NG019017_13,KD_H194,Jama'A Iya Wurogidi,IDPs dispersed in Host Communities,Lere,NW,Kaduna,Lere,10.146640005435124,8.521969968199524,103,0,FALSE,750,942.2852783203125,157.04754638671875,533.2243905685336,88.87073176142228,FALSE,FALSE,FALSE,FALSE,FALSE,FALSE,FALSE,FALSE,FALSE,FALSE
idp_NG002001_1,AD_REL004,Mugarang,Relocated Sites,Demsa,NE,Adamawa,Demsa,9.459728004921386,12.177997964900127,128,0,FALSE,750,942.2506103515625,157.0417683919271,533.2047725113123,88.86746208521872,FALSE,FALSE,FALSE,FALSE,FALSE,FALSE,FALSE,FALSE,FALSE,FALSE
idp_NG021019_1,KT_H433,Matsiga,IDPs dispersed in Host Communities,Kankara A&B,NW,Katsina,Kankara,11.966910008387169,7.407239969410557,125,0,FALSE,750,932.4229736328125,155.4038289388021,527.643467755044,87.940577959173993,FALSE,FALSE,FALSE,FALSE,FALSE,FALSE,FALSE,FALSE,FALSE,FALSE
idp_NG019020_13,KD_H065,Zakpaji,IDPs dispersed in Host Communities,Ninzam South,NW,Kaduna,Sanga,9.057860003351507,8.553459968132884,52,0,FALSE,750,931.65557861328125,155.27592976888022,527.2092110060217,87.86820183433696,FALSE,FALSE,FALSE,FALSE,FALSE,FALSE,FALSE,FALSE,FALSE,FALSE
idp_NG007023_16,BN_H103,Nkst Abwa,IDPs dispersed in Host Communities,Mbanyumangbagh,NC,Benue,Vandeikya,6.678117998671762,9.117252967730238,31,0,FALSE,750,928.4462890625,154.74104817708334,525.3931246208839,87.56552077014733,FALSE,FALSE,FALSE,FALSE,FALSE,FALSE,FALSE,FALSE,FALSE,FALSE
idp_NG019012_2,KD_H261,Ungwan Sarki,IDPs dispersed in Host Communities,Tantatu,NW,Kaduna,Kajuru,10.259240005415265,7.617429969036699,67,0,FALSE,750,926.17132568359375,154.36188761393228,524.1057586933961,87.35095978223266,FALSE,FALSE,FALSE,FALSE,FALSE,FALSE,FALSE,FALSE,FALSE,FALSE
idp_NG036010_1,YB_INT033,Bakin Tasha,Integrated Sites,Karasuwa Galu,NE,Yobe,Karasuwa,12.913556011342047,10.596319966671896,30,2,FALSE,750,922.96307373046875,153.82717895507813,522.2902594684216,87.04837657807026,FALSE,FALSE,FALSE,FALSE,FALSE,FALSE,FALSE,FALSE,FALSE,FALSE
idp_NG002015_1,AD_H340,Sabon Gari Ungwan Hakimi,Host Community,Mugulbu/ Yadafa,NE,Adamawa,Mubi South,10.213530006833109,13.228115964026324,59,1,FALSE,750,919.17138671875,153.19523111979166,520.1446035374976,86.69076725624959,FALSE,FALSE,FALSE,FALSE,FALSE,FALSE,FALSE,FALSE,FALSE,FALSE
idp_NG002007_9,AD_H133,Mojili,Host Community,Garaha,NE,Adamawa,Hong,10.367590007063688,12.861649964351882,106,0,FALSE,750,918.97357177734375,153.16226196289063,520.0326631793029,86.67211052988382,FALSE,FALSE,FALSE,FALSE,FALSE,FALSE,FALSE,FALSE,FALSE,FALSE
idp_NG021005_5,KT_H281,Makera,IDPs dispersed in Host Communities,Makera,NW,Katsina,Bindawa,12.812700010012698,7.887599969107685,137,0,FALSE,750,915.35784912109375,152.55964152018228,517.9865827043108,86.33109711738511,FALSE,FALSE,FALSE,FALSE,FALSE,FALSE,FALSE,FALSE,FALSE,FALSE
idp_NG021030_2,KT_H416,Gunau,IDPs dispersed in Host Communities,Rimi,NW,Katsina,Rimi,12.876234010045858,7.710211969282689,18,0,FALSE,750,915.0272216796875,152.5045369466146,517.7994858452116,86.29991430753527,FALSE,FALSE,FALSE,FALSE,FALSE,FALSE,FALSE,FALSE,FALSE,FALSE
idp_NG008012_8,BO_H130,Whitam Baya,Host Community,Pama/Whitambaya,NE,Borno,Hawul,10.392690006940011,12.250029964884,124,0,FALSE,750,914.7879638671875,152.46466064453125,517.6640936193174,86.27734893655291,FALSE,FALSE,FALSE,FALSE,FALSE,FALSE,FALSE,FALSE,FALSE,FALSE
idp_NG019020_5,KD_H063,Janda,IDPs dispersed in Host Communities,Arak,NW,Kaduna,Sanga,9.28491000374686,8.326289968343922,63,0,FALSE,750,909.46502685546875,151.57750447591147,514.651927442671,85.77532124044517,FALSE,FALSE,FALSE,FALSE,FALSE,FALSE,FALSE,FALSE,FALSE,FALSE
idp_NG026013_10,NW_H117,Uguri,IDPs dispersed in Host Communities,Konvah,NC,Nasarawa,Wamba,8.87173000300792,8.6620999680328,21,0,FALSE,750,901.69793701171875,150.28298950195313,510.25665369308274,85.04277561551379,FALSE,FALSE,FALSE,FALSE,FALSE,FALSE,FALSE,FALSE,FALSE,FALSE
idp_NG032014_1,PL_H204,Chim,IDPs dispersed in Host Communities,Kwalla Yitlar,NC,Plateau,Qua'an Pan,8.944387003258987,9.27473696747583,45,0,FALSE,750,898.425048828125,149.73750813802084,508.404577843817,84.73409630730283,FALSE,FALSE,FALSE,FALSE,FALSE,FALSE,FALSE,FALSE,FALSE,FALSE
idp_NG036017_14,YB_H394,Lawanti,Host Community,Guya,NE,Yobe,Yusufari,12.979020011798262,11.35300996601284,28,0,FALSE,750,895.9154052734375,149.3192342122396,506.98441010292015,84.49740168382003,FALSE,FALSE,FALSE,FALSE,FALSE,FALSE,FALSE,FALSE,FALSE,FALSE
idp_NG008027_15,BO_H399,Kashim,Host Community,Gwalasho,NE,Borno,Shani,10.13379000633793,12.062589965030512,24,0,FALSE,750,892.75921630859375,148.79320271809897,505.19837250261094,84.19972875043516,FALSE,FALSE,FALSE,FALSE,FALSE,FALSE,FALSE,FALSE,FALSE,FALSE
idp_NG036005_13,YB_H713,Kayeri,Host Community,Kayeri,NE,Yobe,Fune,11.527890009023242,11.456889965690808,9,0,FALSE,750,888.82171630859375,148.13695271809897,502.9702032993244,83.82836721655407,FALSE,FALSE,FALSE,FALSE,FALSE,FALSE,FALSE,FALSE,FALSE,FALSE
idp_NG002011_9,AD_REL010,Kongoli,Relocated Sites,Sorau 'B',NE,Adamawa,Maiha,9.789649005866853,13.10709096410754,104,0,FALSE,750,879.95538330078125,146.65923055013022,497.95288516495214,82.99214752749204,FALSE,FALSE,FALSE,FALSE,FALSE,FALSE,FALSE,FALSE,FALSE,FALSE
idp_NG034001_1,SO_H165,Kan-Wuri,IDPs dispersed in Host Communities,Jammali,NW,Sokoto,Binji,13.265760009483497,4.887459971986634,12,0,FALSE,750,859.49957275390625,143.24992879231772,486.3772643170002,81.0628773861667,FALSE,FALSE,FALSE,FALSE,FALSE,FALSE,FALSE,FALSE,FALSE,FALSE
idp_NG007010_4,BN_H231,Adoka,IDPs dispersed in Host Communities,Mbaiwarnyam,NC,Benue,Konshisha,7.178381999651154,8.548742968202621,96,0,FALSE,750,850.91607666015625,141.81934611002603,481.5199991353814,80.25333318923023,FALSE,FALSE,FALSE,FALSE,FALSE,FALSE,FALSE,FALSE,FALSE,FALSE
idp_NG026013_5,NW_H128,Mararaba Gongon,IDPs dispersed in Host Communities,Gitta,NC,Nasarawa,Wamba,9.018750003283827,8.5995099680905,13,0,FALSE,750,844.79205322265625,140.79867553710938,478.05451077382145,79.6757517956369,FALSE,FALSE,FALSE,FALSE,FALSE,FALSE,FALSE,FALSE,FALSE,FALSE
idp_NG002014_16,AD_H318,Muchala,Host Community,Muchalla,NE,Adamawa,Mubi North,10.359531007192324,13.362308963921128,91,1,FALSE,750,840.81829833984375,140.13638305664063,475.80582550365193,79.30097091727532,FALSE,FALSE,FALSE,FALSE,FALSE,FALSE,FALSE,FALSE,FALSE,FALSE
idp_NG036017_4,YB_INT082,Kachallari,Integrated Sites,Alanjirori,NE,Yobe,Yusufari,12.977760011687938,11.110789966226822,52,0,FALSE,750,838.73883056640625,139.78980509440103,474.62908745869953,79.10484790978325,FALSE,FALSE,FALSE,FALSE,FALSE,FALSE,FALSE,FALSE,FALSE,FALSE
idp_NG032015_10,PL_H013,Sharrubutu,IDPs dispersed in Host Communities,Sharubutu,NC,Plateau,Riyom,9.514054004263606,8.692791968014832,30,0,FALSE,750,835.00286865234375,139.16714477539063,472.5149654824289,78.75249424707148,FALSE,FALSE,FALSE,FALSE,FALSE,FALSE,FALSE,FALSE,FALSE,FALSE
idp_NG036009_5,YB_H201,Dumbari,Host Community,Dumbari,NE,Yobe,Jakusko,12.584810010791752,10.736969966486749,30,0,FALSE,750,829.2232666015625,138.2038777669271,469.2443797562569,78.20739662604281,FALSE,FALSE,FALSE,FALSE,FALSE,FALSE,FALSE,FALSE,FALSE,FALSE
idp_NG036011_1,YB_H240,K/Fada,Host Community,Kuka-Yasku,NE,Yobe,Machina,13.049600011399033,10.163089967085632,50,2,FALSE,750,821.9857177734375,136.99761962890625,465.1487649229589,77.52479415382648,FALSE,FALSE,FALSE,FALSE,FALSE,FALSE,FALSE,FALSE,FALSE,FALSE
idp_NG019013_4,KD_H108,Anturung,IDPs dispersed in Host Communities,Kaura,NW,Kaduna,Kaura,9.655860004489504,8.476639968217013,40,0,FALSE,750,814.93450927734375,135.82241821289063,461.158597147226,76.85976619120433,FALSE,FALSE,FALSE,FALSE,FALSE,FALSE,FALSE,FALSE,FALSE,FALSE
idp_NG007011_1,BN_H020,Mbachom,IDPs dispersed in Host Communities,Yaav,NC,Benue,Kwande,6.907511999154571,9.511149967351091,141,1,FALSE,750,803.77508544921875,133.96251424153647,454.8436550519244,75.8072758419874,FALSE,FALSE,FALSE,FALSE,FALSE,FALSE,FALSE,FALSE,FALSE,FALSE
idp_NG020016_12,KN_H149,Maimakawa,IDPs dispersed in Host Communities,Maimakawa,NW,Kano,Gaya,11.872640008857632,9.170219967783028,29,0,FALSE,750,802.16693115234375,133.69448852539063,453.93362587645015,75.65560431274169,FALSE,FALSE,FALSE,FALSE,FALSE,FALSE,FALSE,FALSE,FALSE,FALSE
idp_NG008027_4,BO_H380,Anguwan Liman,Host Community,Gora,NE,Borno,Shani,10.059860006148712,11.942089965131604,20,0,FALSE,750,801.16644287109375,133.52774047851563,453.3674653236805,75.56124422061342,FALSE,FALSE,FALSE,FALSE,FALSE,FALSE,FALSE,FALSE,FALSE,FALSE
idp_NG021011_1,KT_H132,Dankemu,IDPs dispersed in Host Communities,Dutsi 'B',NW,Katsina,Dutsi,12.864090010189209,8.103699968918828,28,1,FALSE,750,795.85174560546875,132.64195760091147,450.35996188950736,75.05999364825124,FALSE,FALSE,FALSE,FALSE,FALSE,FALSE,FALSE,FALSE,FALSE,FALSE
idp_NG007020_14,BN_H174,Tyotsa Mbadeta,IDPs dispersed in Host Communities,Mbaayo,NC,Benue,Tarka,7.590588000502895,8.93487696782206,15,0,FALSE,750,795.84613037109375,132.64102172851563,450.3567843168588,75.0594640528098,FALSE,FALSE,FALSE,FALSE,FALSE,FALSE,FALSE,FALSE,FALSE,FALSE
idp_NG019008_9,KD_INT027,Walijo,IDPs Integrated,Gidan Tagwai,NW,Kaduna,Kachia,9.690948004460726,8.04546996861332,57,0,FALSE,750,794.36236572265625,132.39372762044272,449.5171452833163,74.91952421388605,FALSE,FALSE,FALSE,FALSE,FALSE,FALSE,FALSE,FALSE,FALSE,FALSE
idp_NG027025_1,NI_H075,Angwan Chadu,IDPs dispersed in Host Communities,Kwata,NC,Niger,Wushishi,9.741860004123687,6.069778970444683,62,0,FALSE,750,786.44580078125,131.07430013020834,445.0372859313774,74.17288098856291,FALSE,FALSE,FALSE,FALSE,FALSE,FALSE,FALSE,FALSE,FALSE,FALSE
idp_NG002004_1,AD_H114,Tela Bala,Host Community,Guyaku,NE,Adamawa,Gombi,10.323930006915337,12.674319964510737,59,0,FALSE,750,786.12384033203125,131.02064005533853,444.8550935865837,74.14251559776393,FALSE,FALSE,FALSE,FALSE,FALSE,FALSE,FALSE,FALSE,FALSE,FALSE
idp_NG008002_4,BO_H008,Durmushu,Host Community,Dille / Huyum,NE,Borno,Askira/Uba,10.75610000801166,13.215299964078596,30,0,FALSE,750,784.471435546875,130.7452392578125,443.92002375708563,73.98667062618094,FALSE,FALSE,FALSE,FALSE,FALSE,FALSE,FALSE,FALSE,FALSE,FALSE
idp_NG008018_6,BO_H245,Yimirthlang,Host Community,Yimirthalang,NE,Borno,Kwaya Kusar,10.382020006805128,11.859709965224305,68,0,FALSE,750,784.075439453125,130.67923990885416,443.6959358076976,73.94932263461625,FALSE,FALSE,FALSE,FALSE,FALSE,FALSE,FALSE,FALSE,FALSE,FALSE
idp_NG002013_6,AD_H304,Virakwa,Host Community,Tumbara / Ngabili,NE,Adamawa,Michika,10.6420000078081,13.355399963948738,18,0,FALSE,750,771.159912109375,128.52665201822916,436.38724240539943,72.73120706756657,FALSE,FALSE,FALSE,FALSE,FALSE,FALSE,FALSE,FALSE,FALSE,FALSE
idp_NG036003_1,YB_H450,Usmanti,Host Community,Maisandari/Waziri Ibrahim Estate,NE,Yobe,Damaturu,11.71751000964962,12.126209965128115,128,2,FALSE,750,769.64666748046875,128.27444458007813,435.5309211154521,72.58848685257534,FALSE,FALSE,FALSE,FALSE,FALSE,FALSE,FALSE,FALSE,FALSE,FALSE
idp_NG032008_7,PL_H161,Lebwit,IDPs dispersed in Host Communities,Kabwir Pada,NC,Plateau,Kanke,9.385190004201704,9.597531967190127,18,0,FALSE,750,766.24688720703125,127.7078145345052,433.60703903209605,72.26783983868266,FALSE,FALSE,FALSE,FALSE,FALSE,FALSE,FALSE,FALSE,FALSE,FALSE
idp_NG036016_13,YB_H372,Dilala,Host Community,Dilala/Kalgi,NE,Yobe,Yunusari,13.114740012165615,11.60117996582066,10,0,FALSE,750,756.439208984375,126.07320149739583,428.05702847426323,71.34283807904387,FALSE,FALSE,FALSE,FALSE,FALSE,FALSE,FALSE,FALSE,FALSE,FALSE
idp_NG002009_16,AD_H452,Anguwan Overseer,Host Community,Gyawana,NE,Adamawa,Lamurde,9.542600005046951,11.94749996510402,38,0,FALSE,750,737.3974609375,122.89957682291667,417.2816033124122,69.54693388540204,FALSE,FALSE,FALSE,FALSE,FALSE,FALSE,FALSE,FALSE,FALSE,FALSE
idp_NG034022_13,SO_H061,Shiyar Galadima,IDPs dispersed in Host Communities,Achida,NW,Sokoto,Wurno,13.23694000969382,5.493159971412662,42,0,FALSE,750,734.77117919921875,122.4618631998698,415.795431861392,69.29923864356533,FALSE,FALSE,FALSE,FALSE,FALSE,FALSE,FALSE,FALSE,FALSE,FALSE
idp_NG036002_2,YB_H035,Guba,Host Community,Guba,NE,Yobe,Bursari,12.794650011468285,11.39430996594166,21,1,FALSE,750,726.560546875,121.09342447916667,411.1491644114026,68.52486073523377,FALSE,FALSE,FALSE,FALSE,FALSE,FALSE,FALSE,FALSE,FALSE,FALSE
idp_NG002011_1,New relocated,KORONSA,Relocated Sites,Sorau 'B',NE,Adamawa,Maiha,9.879610006062004,13.093809964123064,105,0,FALSE,750,725.33697509765625,120.88949584960938,410.45676442352,68.40946073725333,FALSE,FALSE,FALSE,FALSE,FALSE,FALSE,FALSE,FALSE,FALSE,FALSE
idp_NG021013_7,KT_H271,Unguwar Tudu,IDPs dispersed in Host Communities,Faskari,NW,Katsina,Faskari,11.751740007890795,7.044549969715728,70,1,FALSE,750,725.00250244140625,120.83375040690105,410.2674916179333,68.37791526965555,FALSE,FALSE,FALSE,FALSE,FALSE,FALSE,FALSE,FALSE,FALSE,FALSE
idp_NG032014_14,PL_H103,Bwall,IDPs dispersed in Host Communities,Bwall,NC,Plateau,Qua'an Pan,8.933980003219414,9.169287967571428,39,0,FALSE,750,721.8699951171875,120.31166585286458,408.4948550848809,68.08247584748014,FALSE,FALSE,FALSE,FALSE,FALSE,FALSE,FALSE,FALSE,FALSE,FALSE
idp_NG036002_1,YB_H037,Aisaganari,Host Community,Guba,NE,Yobe,Bursari,12.794260011467058,11.39317996594258,32,0,FALSE,750,720.5430908203125,120.09051513671875,407.7439808524985,67.9573301420831,FALSE,FALSE,FALSE,FALSE,FALSE,FALSE,FALSE,FALSE,FALSE,FALSE
idp_NG027019_5,NI_H067,Gwam,IDPs dispersed in Host Communities,Gwam,NC,Niger,Paikoro,9.406630003663258,6.744789969805158,44,0,FALSE,750,715.99908447265625,119.3331807454427,405.17259926433695,67.52876654405615,FALSE,FALSE,FALSE,FALSE,FALSE,FALSE,FALSE,FALSE,FALSE,FALSE
idp_NG032008_9,PL_H053,Shiwer,IDPs dispersed in Host Communities,Amper Seri,NC,Plateau,Kanke,9.343480004138543,9.69500996710117,62,2,FALSE,750,710.21356201171875,118.36892700195313,401.8986632713507,66.98311054522512,FALSE,FALSE,FALSE,FALSE,FALSE,FALSE,FALSE,FALSE,FALSE,FALSE
idp_NG032008_1,PL_H159,Myelche,IDPs dispersed in Host Communities,Kabwir Pada,NC,Plateau,Kanke,9.396180004213337,9.548449967234731,14,0,FALSE,750,707.9571533203125,117.99285888671875,400.6217971491362,66.77029952485604,FALSE,FALSE,FALSE,FALSE,FALSE,FALSE,FALSE,FALSE,FALSE,FALSE
idp_NG008007_12,BO_H552,Nzuda Sumsuma,Host Community,Nguda / Wuyaram,NE,Borno,Damboa,11.062330008514964,12.75223996450671,63,0,FALSE,750,692.5791015625,115.42985026041667,391.91959998512243,65.31993333085374,FALSE,FALSE,FALSE,FALSE,FALSE,FALSE,FALSE,FALSE,FALSE,FALSE
idp_NG002018_10,AD_H496,Lainde,Host Community,Song Waje,NE,Adamawa,Song,9.751997005670775,12.656798964494318,33,1,FALSE,750,685.29473876953125,114.21578979492188,387.797493866809,64.63291564446817,FALSE,FALSE,FALSE,FALSE,FALSE,FALSE,FALSE,FALSE,FALSE,FALSE
idp_NG019015_9,KD_H337,Anguwan Waziri,IDPs dispersed in Host Communities,Kubau,NW,Kaduna,Kubau,10.786320006529625,8.15552996858305,9,1,FALSE,750,683.87408447265625,113.97901407877605,386.9935679867294,64.49892799778823,FALSE,FALSE,FALSE,FALSE,FALSE,FALSE,FALSE,FALSE,FALSE,FALSE
idp_NG002018_11,AD_H378,Wuro Dauda,Host Community,Kilange Hirna,NE,Adamawa,Song,9.69220000555775,12.728199964430116,57,1,FALSE,750,683.7017822265625,113.95029703776042,386.8960648607857,64.48267747679762,FALSE,FALSE,FALSE,FALSE,FALSE,FALSE,FALSE,FALSE,FALSE,FALSE
idp_NG007017_1,BN_H206,Etu Ochodu Iukpa,IDPs dispersed in Host Communities,Ukpa/Ainu Ette,NC,Benue,Oju,6.939455999171433,8.43953596832265,73,0,FALSE,750,682.51263427734375,113.75210571289063,386.2231447747919,64.37052412913198,FALSE,FALSE,FALSE,FALSE,FALSE,FALSE,FALSE,FALSE,FALSE,FALSE
idp_NG021027_7,KT_H150,Malgar Marne Garo,IDPs dispersed in Host Communities,Karau,NW,Katsina,Mashi,12.974630010329202,7.993189969041227,7,0,FALSE,750,678.24786376953125,113.0413106282552,383.80977834822875,63.96829639137145,FALSE,FALSE,FALSE,FALSE,FALSE,FALSE,FALSE,FALSE,FALSE,FALSE
idp_NG007003_9,BN_H182,Oiji Township,IDPs dispersed in Host Communities,Oiji,NC,Benue,Apa,7.5707450003766414,7.921304668750193,81,0,FALSE,750,674.130126953125,112.35502115885417,381.4796159706908,63.579935995115136,FALSE,FALSE,FALSE,FALSE,FALSE,FALSE,FALSE,FALSE,FALSE,FALSE
idp_NG002005_1,AD_H519,Gereng,Host Community,Gereng,NE,Adamawa,Girei,9.485960005007753,12.306869964788596,130,0,FALSE,750,673.97857666015625,112.3297627766927,381.3938560480135,63.56564267466891,FALSE,FALSE,FALSE,FALSE,FALSE,FALSE,FALSE,FALSE,FALSE,FALSE
idp_NG026010_1,NW_INT042,Angwan Sarki,IDPs Integrated,Lizzin Keffi/Ezzen,NC,Nasarawa,Nasarawa-Eggon,8.689720002602657,8.35623996831297,10,0,FALSE,750,667.5740966796875,111.26234944661458,377.7696617481924,62.96161029136539,FALSE,FALSE,FALSE,FALSE,FALSE,FALSE,FALSE,FALSE,FALSE,FALSE
idp_NG019017_15,KD_H201,Ungwan Madugu,IDPs dispersed in Host Communities,Ramin Kura,NW,Kaduna,Lere,10.332800005795056,8.552349968183812,82,0,FALSE,750,661.02587890625,110.17097981770833,374.06412849633534,62.34402141605589,FALSE,FALSE,FALSE,FALSE,FALSE,FALSE,FALSE,FALSE,FALSE,FALSE
idp_NG032012_5,PL_H126,Lakai,IDPs dispersed in Host Communities,Lalin,NC,Plateau,Mikang,9.04901300353754,9.64943896713762,17,1,FALSE,750,659.83966064453125,109.97327677408855,373.3928662743321,62.232144379055356,FALSE,FALSE,FALSE,FALSE,FALSE,FALSE,FALSE,FALSE,FALSE,FALSE
idp_NG019017_14,KD_H239,Piti,IDPs dispersed in Host Communities,Garu,NW,Kaduna,Lere,10.0598200052769,8.548099968170604,71,0,FALSE,750,657.7735595703125,109.62892659505208,372.2236922338365,62.03728203897275,FALSE,FALSE,FALSE,FALSE,FALSE,FALSE,FALSE,FALSE,FALSE,FALSE
idp_NG027005_14,NI_H003,Butu,IDPs dispersed in Host Communities,Matumbi,NC,Niger,Bosso,9.618756004015763,6.594522969951228,64,1,FALSE,750,655.55914306640625,109.25985717773438,370.97058882881976,61.82843147146996,FALSE,FALSE,FALSE,FALSE,FALSE,FALSE,FALSE,FALSE,FALSE,FALSE
idp_NG019014_1,KD_H290,Kisari,IDPs dispersed in Host Communities,Damakasuwa,NW,Kaduna,Kauru,9.942977005061888,8.578863968136261,129,2,FALSE,750,655.1561279296875,109.19268798828125,370.742528913621,61.79042148560351,FALSE,FALSE,FALSE,FALSE,FALSE,FALSE,FALSE,FALSE,FALSE,FALSE
idp_NG019017_16,KD_H193,Bayan Day,IDPs Integrated,Lere,NW,Kaduna,Lere,10.386300005898915,8.563389968177496,133,1,FALSE,750,653.54888916015625,108.92481486002605,369.8330178206439,61.63883630344065,FALSE,FALSE,FALSE,FALSE,FALSE,FALSE,FALSE,FALSE,FALSE,FALSE
idp_NG026013_6,NW_H120,Angwa Ukaya,IDPs dispersed in Host Communities,Wamba West,NC,Nasarawa,Wamba,8.915290003084747,8.614179968076597,18,0,FALSE,750,650.39654541015625,108.39942423502605,368.0491561668222,61.3415260278037,FALSE,FALSE,FALSE,FALSE,FALSE,FALSE,FALSE,FALSE,FALSE,FALSE
idp_NG021005_4,KT_H040,Rugar Bade,IDPs dispersed in Host Communities,"Jibawa/R,Bade",NW,Katsina,Bindawa,12.703060009815983,7.859369969113648,30,0,FALSE,750,641.86138916015625,106.97689819335938,363.2192457410473,60.53654095684122,FALSE,FALSE,FALSE,FALSE,FALSE,FALSE,FALSE,FALSE,FALSE,FALSE
idp_NG027019_1,New Integrated,Angwar Dan Hassan,IDPs Integrated,Kwangana,NC,Niger,Paikoro,9.566557004036197,7.146317969437645,9,0,FALSE,750,639.316162109375,106.55269368489583,361.77894186043204,60.29649031007201,FALSE,FALSE,FALSE,FALSE,FALSE,FALSE,FALSE,FALSE,FALSE,FALSE
idp_NG021019_16,KT_H165,Bayan Police Station,IDPs dispersed in Host Communities,Kankara A&B,NW,Katsina,Kankara,11.922010008325683,7.451459969363269,125,0,FALSE,750,632.12457275390625,105.35409545898438,357.7093347684857,59.618222461414284,FALSE,FALSE,FALSE,FALSE,FALSE,FALSE,FALSE,FALSE,FALSE,FALSE
idp_NG002011_11,AD_H238,Kilange,Host Community,Humbutudi,NE,Adamawa,Maiha,10.123710006615063,13.153569964084785,35,1,FALSE,750,623.5357666015625,103.92262776692708,352.84906470838405,58.80817745139734,FALSE,FALSE,FALSE,FALSE,FALSE,FALSE,FALSE,FALSE,FALSE,FALSE
idp_NG007020_11,BN_H110,Gwarche,IDPs dispersed in Host Communities,Mbaikyaa,NC,Benue,Tarka,7.601988000522385,8.89699796785585,43,1,FALSE,750,622.218994140625,103.70316569010417,352.10392392230233,58.68398732038373,FALSE,FALSE,FALSE,FALSE,FALSE,FALSE,FALSE,FALSE,FALSE,FALSE
idp_NG032016_12,PL_REL005,Ung Church,IDPs Relocated,Shimankar,NC,Plateau,Shendam,8.632154002672577,9.51109396726295,57,0,FALSE,750,619.35430908203125,103.22571818033855,350.48284378905186,58.413807298175314,FALSE,FALSE,FALSE,FALSE,FALSE,FALSE,FALSE,FALSE,FALSE,FALSE
idp_NG002015_17,AD_H330,Hostel A,Host Community,Gude,NE,Adamawa,Mubi South,10.197661006820926,13.30849996395644,97,0,FALSE,750,606.1595458984375,101.02659098307292,343.0161352251554,57.16935587085923,FALSE,FALSE,FALSE,FALSE,FALSE,FALSE,FALSE,FALSE,FALSE,FALSE
idp_NG020013_7,KN_H056,Mango,IDPs dispersed in Host Communities,Ungawar Bai,NW,Kano,Gabasawa,12.047813009102386,8.969646967990622,12,0,FALSE,750,600.150634765625,100.02510579427083,339.61578710289035,56.602631183815056,FALSE,FALSE,FALSE,FALSE,FALSE,FALSE,FALSE,FALSE,FALSE,FALSE
idp_NG032016_7,PL_REL006,Angwan Workshop,IDPs Relocated,Shimankar,NC,Plateau,Shendam,8.617781002646938,9.532405967243834,20,0,FALSE,750,599.0882568359375,99.84804280598958,339.0146041733206,56.50243402888676,FALSE,FALSE,FALSE,FALSE,FALSE,FALSE,FALSE,FALSE,FALSE,FALSE
idp_NG019001_13,KT_H013,Unguwar Mata Furoja,IDPs dispersed in Host Communities,Faskari,NW,Kaduna,Birnin-Gwari,11.072321006713343,7.043539969635583,135,0,FALSE,750,598.38079833984375,99.730133056640625,338.61426455843815,56.43571075973969,FALSE,FALSE,FALSE,FALSE,FALSE,FALSE,FALSE,FALSE,FALSE,FALSE
idp_NG019012_1,KD_H015,Hanya Idon,IDPs dispersed in Host Communities,Idon,NW,Kaduna,Kajuru,10.11403500521953,7.904642968763327,80,0,FALSE,750,597.22845458984375,99.53807576497395,337.96217138882554,56.32702856480425,FALSE,FALSE,FALSE,FALSE,FALSE,FALSE,FALSE,FALSE,FALSE,FALSE
idp_NG007010_15,BN_H248,Bonta,IDPs dispersed in Host Communities,Mbagusa/Mbatser,NC,Benue,Konshisha,7.041698999375463,8.468564968287126,139,0,FALSE,750,591.29638671875,98.54939778645833,334.6053076574791,55.767551276246515,FALSE,FALSE,FALSE,FALSE,FALSE,FALSE,FALSE,FALSE,FALSE,FALSE
idp_NG019017_4,KD_H191,Tilden Kargiji,IDPs dispersed in Host Communities,Garu,NW,Kaduna,Lere,10.11317000539267,8.60557996812118,91,0,FALSE,750,590.068115234375,98.34468587239583,333.910248179445,55.65170802990749,FALSE,FALSE,FALSE,FALSE,FALSE,FALSE,FALSE,FALSE,FALSE,FALSE
idp_NG026004_13,NW_INT008,Koya,IDPs Integrated,Aso/Kodape,NC,Nasarawa,Karu,8.993093803082939,7.74757376887141,45,0,FALSE,750,587.52349853515625,97.9205830891927,332.4702896871611,55.411714947860176,FALSE,FALSE,FALSE,FALSE,FALSE,FALSE,FALSE,FALSE,FALSE,FALSE
idp_NG021017_3,KT_H333,Hayin Kara,IDPs dispersed in Host Communities,Kafur,NW,Katsina,Kafur,11.656420007962163,7.735239969065331,63,0,FALSE,750,582.65771484375,97.109619140625,329.71681937070514,54.952803228450854,FALSE,FALSE,FALSE,FALSE,FALSE,FALSE,FALSE,FALSE,FALSE,FALSE
idp_NG032014_2,PL_H205,Kodfogom,IDPs dispersed in Host Communities,Kwalla Yitlar,NC,Plateau,Qua'an Pan,8.93595550324164,9.271742767478516,37,1,FALSE,750,573.7698974609375,95.62831624348958,324.6873435670689,54.11455726117815,FALSE,FALSE,FALSE,FALSE,FALSE,FALSE,FALSE,FALSE,FALSE,FALSE
idp_NG032006_7,PL_H232,Kuru B Dakurang,IDPs dispersed in Host Communities,Kuru B,NC,Plateau,Jos South,9.701230004656631,8.833219967893402,20,0,FALSE,750,568.47900390625,94.74650065104167,321.6933102778189,53.61555171296982,FALSE,FALSE,FALSE,FALSE,FALSE,FALSE,FALSE,FALSE,FALSE,FALSE
idp_NG019012_16,KD_H312,Afogo Town,IDPs dispersed in Host Communities,Afogo,NW,Kaduna,Kajuru,10.37037900567204,7.821118968856715,16,1,FALSE,750,565.9342041015625,94.32236735026042,320.2532481690356,53.37554136150594,FALSE,FALSE,FALSE,FALSE,FALSE,FALSE,FALSE,FALSE,FALSE,FALSE
idp_NG019012_8,KD_H259,Ungwan Aku,IDPs dispersed in Host Communities,Maro,NW,Kaduna,Kajuru,10.252630005422835,7.69472996896504,82,0,FALSE,750,559.66436767578125,93.2773946126302,316.7052465351131,52.78420775585218,FALSE,FALSE,FALSE,FALSE,FALSE,FALSE,FALSE,FALSE,FALSE,FALSE
idp_NG021005_2,KT_H042,Rugar Tsara,IDPs dispersed in Host Communities,Kamri,NW,Katsina,Bindawa,12.66846000975715,7.858789969107991,49,1,FALSE,750,559.45416259765625,93.2423604329427,316.5862947937918,52.76438246563196,FALSE,FALSE,FALSE,FALSE,FALSE,FALSE,FALSE,FALSE,FALSE,FALSE
idp_NG021026_7,KT_H198,Samawa,IDPs dispersed in Host Communities,Mani,NW,Katsina,Mani,12.82868701005155,7.916391969084184,15,1,FALSE,750,558.176513671875,93.0294189453125,315.86329339975043,52.64388223329174,FALSE,FALSE,FALSE,FALSE,FALSE,FALSE,FALSE,FALSE,FALSE,FALSE
idp_NG026002_4,NW_H242,Tsoho Tunga,IDPs dispersed in Host Communities,Tunga,NC,Nasarawa,Awe,8.063390001495382,9.315069967453978,86,0,FALSE,750,557.353271484375,92.8922119140625,315.3974336184085,52.56623893640142,FALSE,FALSE,FALSE,FALSE,FALSE,FALSE,FALSE,FALSE,FALSE,FALSE
idp_NG032010_6,PL_H198,Gina,IDPs dispersed in Host Communities,Lashel,NC,Plateau,Langtang South,8.78953000304783,9.84869996695728,53,0,FALSE,750,557.24932861328125,92.87488810221355,315.33861398557747,52.556435664262914,FALSE,FALSE,FALSE,FALSE,FALSE,FALSE,FALSE,FALSE,FALSE,FALSE
idp_NG036017_1,YB_REL024,Fujiganari,Relocated Sites,Jebuwa,NE,Yobe,Yusufari,13.038490011726212,10.94376996638674,30,0,FALSE,750,555.54693603515625,92.591156005859375,314.37525685174086,52.39587614195681,FALSE,FALSE,FALSE,FALSE,FALSE,FALSE,FALSE,FALSE,FALSE,FALSE
idp_NG036016_1,YB_INT081,Kafiya,Integrated Sites,Wadi/Kafiya,NE,Yobe,Yunusari,13.07362001212106,11.673699965748742,19,0,FALSE,750,551.04290771484375,91.840484619140625,311.82649819928355,51.97108303321392,FALSE,FALSE,FALSE,FALSE,FALSE,FALSE,FALSE,FALSE,FALSE,FALSE
idp_NG026005_15,NW_H211,Kalachi,IDPs dispersed in Host Communities,Giza Madaki,NC,Nasarawa,Keana,8.176210001642062,8.678639968028655,31,0,FALSE,750,550.0123291015625,91.66872151692708,311.24331000177773,51.87388500029629,FALSE,FALSE,FALSE,FALSE,FALSE,FALSE,FALSE,FALSE,FALSE,FALSE
idp_NG036004_9,YB_H085,Gashinge,Host Community,Gudi / Dozi / Godo Woli,NE,Yobe,Fika,11.290440008430473,11.116579965963188,45,0,FALSE,750,547.5250244140625,91.25417073567708,309.8357834738088,51.6392972456348,FALSE,FALSE,FALSE,FALSE,FALSE,FALSE,FALSE,FALSE,FALSE,FALSE
idp_NG021023_9,KT_H071,Agantar Fulani,IDPs dispersed in Host Communities,Kaikai,NW,Katsina,Kusada,12.479870009499106,8.018829968928205,25,0,FALSE,750,546.05291748046875,91.008819580078125,309.0027413573953,51.500456892899216,FALSE,FALSE,FALSE,FALSE,FALSE,FALSE,FALSE,FALSE,FALSE,FALSE
idp_NG032016_11,PL_REL003,Ung Wana,IDPs Relocated,Pangshom,NC,Plateau,Shendam,8.96850510334181,9.466192467302609,20,1,FALSE,750,542.25518798828125,90.37586466471355,306.8536660819908,51.1422776803318,FALSE,FALSE,FALSE,FALSE,FALSE,FALSE,FALSE,FALSE,FALSE,FALSE
idp_NG019017_1,KD_H192,Ungwan Adam,IDPs Integrated,Lere,NW,Kaduna,Lere,10.36245000586727,8.613329968130204,137,2,FALSE,750,541.3411865234375,90.22353108723958,306.3364470557753,51.056074509295875,FALSE,FALSE,FALSE,FALSE,FALSE,FALSE,FALSE,FALSE,FALSE,FALSE
idp_NG032002_1,PL_H192,Fiskan Mata,IDPs dispersed in Host Communities,Zabolo,NC,Plateau,Bassa,10.191730005618044,8.901669967856067,15,0,FALSE,750,538.0352783203125,89.67254638671875,304.46568569778276,50.744280949630465,FALSE,FALSE,FALSE,FALSE,FALSE,FALSE,FALSE,FALSE,FALSE,FALSE
idp_NG019005_3,TR_INT003,Dampami 1,Integrated Sites,Lamido Borno,NW,Kaduna,Ikara,11.29887000746433,8.156049968634937,95,0,FALSE,750,535.78533935546875,89.2975565592448,303.19248069188075,50.53208011531346,FALSE,FALSE,FALSE,FALSE,FALSE,FALSE,FALSE,FALSE,FALSE,FALSE
idp_NG021026_12,KT_H457,Gomba,IDPs dispersed in Host Communities,Gwamba,NW,Katsina,Mani,12.913010010249453,8.050029968977288,35,0,FALSE,750,531.27252197265625,88.54542032877605,300.6387484474518,50.10645807457531,FALSE,FALSE,FALSE,FALSE,FALSE,FALSE,FALSE,FALSE,FALSE,FALSE
idp_NG019015_8,KN_H005,Sauwa Kawaji,IDPs dispersed in Host Communities,Kawaji,NW,Kaduna,Kubau,11.01477000708136,8.590219968207155,18,0,FALSE,750,525.93426513671875,87.6557108561198,297.61791302368806,49.60298550394801,FALSE,FALSE,FALSE,FALSE,FALSE,FALSE,FALSE,FALSE,FALSE,FALSE
idp_NG019020_4,KD_H066,Ungwan Wambai,IDPs dispersed in Host Communities,Arak,NW,Kaduna,Sanga,9.236030003650024,8.31103996835698,40,0,FALSE,750,524.6031494140625,87.43385823567708,296.86465561181933,49.477442601969884,FALSE,FALSE,FALSE,FALSE,FALSE,FALSE,FALSE,FALSE,FALSE,FALSE
idp_NG037006_17,ZF_H169,Falale,IDPs dispersed in Host Communities,Falale,NW,Zamfara,Gummi,12.217040007987617,5.147309971552861,128,0,FALSE,750,514.26458740234375,85.7107645670573,291.0142262833673,48.50237104722789,FALSE,FALSE,FALSE,FALSE,FALSE,FALSE,FALSE,FALSE,FALSE,FALSE
idp_NG007010_6,BN_H158,Azem,IDPs dispersed in Host Communities,Mbatsen,NC,Benue,Konshisha,7.009825999319231,8.612302968158561,92,0,FALSE,750,513.63433837890625,85.60572306315105,290.65757829240226,48.44292971540038,FALSE,FALSE,FALSE,FALSE,FALSE,FALSE,FALSE,FALSE,FALSE,FALSE
idp_NG002018_1,AD_REL023,Dauchi,Relocated Sites,Song Gari,NE,Adamawa,Song,9.732833005605636,12.562787964574962,59,0,FALSE,750,512.99029541015625,85.498382568359375,290.2931245251484,48.382187420858074,FALSE,FALSE,FALSE,FALSE,FALSE,FALSE,FALSE,FALSE,FALSE,FALSE
idp_NG036009_1,YB_H200,Katan Gana,Host Community,Dumbari,NE,Yobe,Jakusko,12.586050010859282,10.892569966348573,21,0,FALSE,750,509.9074401855469,84.98457336425781,288.54858533285244,48.09143088880874,FALSE,FALSE,FALSE,FALSE,FALSE,FALSE,FALSE,FALSE,FALSE,FALSE
idp_NG002018_2,AD_H807,Dauchi Baushi,Host Community,Song Gari,NE,Adamawa,Song,9.760806005670258,12.577809964563096,80,0,FALSE,750,507.5395202636719,84.58992004394531,287.20861676249797,47.868102793749664,FALSE,FALSE,FALSE,FALSE,FALSE,FALSE,FALSE,FALSE,FALSE,FALSE
idp_NG034018_14,New HC,Barkeji,IDPs dispersed in Host Communities,Barkeji/Nabaguda,NW,Sokoto,Tambuwal,12.374600008095934,4.770939971931656,55,0,FALSE,750,497.5916748046875,82.93194580078125,281.57928777436774,46.92988129572796,FALSE,FALSE,FALSE,FALSE,FALSE,FALSE,FALSE,FALSE,FALSE,FALSE
idp_NG019017_10,KD_H197,Kururuwa,IDPs dispersed in Host Communities,Lazuru,NW,Kaduna,Lere,10.309250005801935,8.74688996800469,78,0,FALSE,750,494.9520263671875,82.49200439453125,280.0855523188907,46.68092538648178,FALSE,FALSE,FALSE,FALSE,FALSE,FALSE,FALSE,FALSE,FALSE,FALSE
idp_NG007020_1,BN_H109,Market Square Area,IDPs dispersed in Host Communities,Shitile,NC,Benue,Tarka,7.724205000756233,8.78474196795122,125,0,FALSE,750,493.56036376953125,82.2600606282552,279.29803238455077,46.549672064091794,FALSE,FALSE,FALSE,FALSE,FALSE,FALSE,FALSE,FALSE,FALSE,FALSE
idp_NG007017_16,BN_H315,Obibagwu,IDPs dispersed in Host Communities,Ukpa/Ainu Ette,NC,Benue,Oju,6.966790999226162,8.451884968308903,47,0,FALSE,750,489.5118713378906,81.58531188964844,277.00705431320597,46.16784238553433,FALSE,FALSE,FALSE,FALSE,FALSE,FALSE,FALSE,FALSE,FALSE,FALSE
idp_NG027005_1,NI_H001,Sha-Kwata,IDPs dispersed in Host Communities,Matumbi,NC,Niger,Bosso,9.660270004095503,6.619129969929868,50,0,FALSE,750,481.5851745605469,80.26419576009114,272.52146151496646,45.42024358582774,FALSE,FALSE,FALSE,FALSE,FALSE,FALSE,FALSE,FALSE,FALSE,FALSE
idp_NG032012_4,PL_H125,Loham,IDPs dispersed in Host Communities,Tunkus,NC,Plateau,Mikang,9.033857003502924,9.627657967157148,13,0,FALSE,750,469.9486999511719,78.32478332519531,265.9365638998718,44.32276064997864,FALSE,FALSE,FALSE,FALSE,FALSE,FALSE,FALSE,FALSE,FALSE,FALSE
idp_NG019011_17,KD_H105,Maganda,IDPs Integrated,Kagarko North,NW,Kaduna,Kagarko,9.47424000398482,7.724349968901206,64,0,FALSE,750,468.3526916503906,78.05878194173177,265.03340795219174,44.17223465869862,FALSE,FALSE,FALSE,FALSE,FALSE,FALSE,FALSE,FALSE,FALSE,FALSE
idp_NG021029_15,KT_H036,Kira,IDPs dispersed in Host Communities,Kira,NW,Katsina,Musawa,12.178337008902105,7.8177589690640445,71,0,FALSE,750,464.4530334472656,77.40883890787761,262.8266528254497,43.80444213757495,FALSE,FALSE,FALSE,FALSE,FALSE,FALSE,FALSE,FALSE,FALSE,FALSE
idp_NG036003_13,YB_H720,Abbari Abuja,Host Community,Damaturu Central,NE,Yobe,Damaturu,11.707430009561053,11.943229965286728,135,2,FALSE,750,461.7055969238281,76.95093282063802,261.271921790654,43.54532029844233,FALSE,FALSE,FALSE,FALSE,FALSE,FALSE,FALSE,FALSE,FALSE,FALSE
idp_NG008002_3,BO_H407,Wamtu,Host Community,Mussa,NE,Borno,Askira/Uba,10.729750007926322,13.125689964153192,51,1,FALSE,750,455.8023681640625,75.96706136067708,257.93137765796445,42.98856294299407,FALSE,FALSE,FALSE,FALSE,FALSE,FALSE,FALSE,FALSE,FALSE,FALSE
idp_NG002001_17,AD_H021,Bajifang,Host Community,Mbula Kuli,NE,Adamawa,Demsa,9.511820005039477,12.201429964881235,63,1,FALSE,750,450.3846435546875,75.06410725911458,254.86557267345728,42.477595445576206,FALSE,FALSE,FALSE,FALSE,FALSE,FALSE,FALSE,FALSE,FALSE,FALSE
idp_NG026008_5,NW_H220,Ung. Eyagodeye,IDPs dispersed in Host Communities,Deddere/Riri,NC,Nasarawa,Lafia,8.558530002353772,8.397369968276783,51,0,FALSE,750,448.6632995605469,74.77721659342448,253.89149123193184,42.31524853865531,FALSE,FALSE,FALSE,FALSE,FALSE,FALSE,FALSE,FALSE,FALSE,FALSE
idp_NG002009_4,AD_H193,Mbakowo,Host Community,Ngbakowo,NE,Adamawa,Lamurde,9.518790004962067,11.800649965231942,67,0,FALSE,750,448.5967712402344,74.76612854003906,253.85384390381333,42.30897398396888,FALSE,FALSE,FALSE,FALSE,FALSE,FALSE,FALSE,FALSE,FALSE,FALSE
idp_NG002011_10,AD_H246,Wuro Saldi,Host Community,Manjekin,NE,Adamawa,Maiha,10.03752000642027,13.133759964096868,42,0,FALSE,750,445.7724609375,74.29541015625,252.2556112086825,42.04260186811375,FALSE,FALSE,FALSE,FALSE,FALSE,FALSE,FALSE,FALSE,FALSE,FALSE
idp_NG007003_1,BN_H184,Ikampo,IDPs dispersed in Host Communities,Igah-Okpaya,NC,Benue,Apa,7.607955000444788,7.874266968791217,6,0,FALSE,750,445.6982727050781,74.28304545084636,252.21362925700538,42.03560487616756,FALSE,FALSE,FALSE,FALSE,FALSE,FALSE,FALSE,FALSE,FALSE,FALSE
idp_NG002007_5,AD_H142,Jalingo Dadawa,Host Community,Hildi,NE,Adamawa,Hong,10.389400007213204,13.210649964053175,35,1,FALSE,750,438.594970703125,73.09916178385417,248.19398258719062,41.365663764531774,FALSE,FALSE,FALSE,FALSE,FALSE,FALSE,FALSE,FALSE,FALSE,FALSE
idp_NG032012_10,PL_H127,Pangsot,IDPs dispersed in Host Communities,Koenoem B,NC,Plateau,Mikang,9.032234003461324,9.422013967342991,19,0,FALSE,750,437.7541198730469,72.95901997884114,247.71815835248893,41.28635972541482,FALSE,FALSE,FALSE,FALSE,FALSE,FALSE,FALSE,FALSE,FALSE,FALSE
idp_NG002007_8,AD_H494,Shashau,Host Community,Garaha,NE,Adamawa,Hong,10.322720006964902,12.85577996435384,139,0,FALSE,750,436.9456481933594,72.82427469889323,247.260656968766,41.21010949479433,FALSE,FALSE,FALSE,FALSE,FALSE,FALSE,FALSE,FALSE,FALSE,FALSE
idp_NG002007_7,AD_H132,Dabna,Host Community,Garaha,NE,Adamawa,Hong,10.383840007086675,12.820029964388976,76,0,FALSE,750,436.7030944824219,72.78384908040364,247.12339964588247,41.18723327431375,FALSE,FALSE,FALSE,FALSE,FALSE,FALSE,FALSE,FALSE,FALSE,FALSE
idp_NG019015_1,New Integrated,Unguwan Ishaku Karreh 1,IDPs Relocated,Karreh,NW,Kaduna,Kubau,10.762055006559669,8.412697968345375,96,0,FALSE,750,425.0755615234375,70.84592692057292,240.54356196984233,40.09059366164039,FALSE,FALSE,FALSE,FALSE,FALSE,FALSE,FALSE,FALSE,FALSE,FALSE
idp_NG036009_6,YB_H202,Tidiniya,Host Community,Dumbari,NE,Yobe,Jakusko,12.58626001081395,10.783519966445567,11,0,FALSE,750,423.87646484375,70.64607747395833,239.86501205404733,39.977502009007885,FALSE,FALSE,FALSE,FALSE,FALSE,FALSE,FALSE,FALSE,FALSE,FALSE
idp_NG027021_10,NI_H014,Inana Primary School,IDPs dispersed in Host Communities,Warari,NC,Niger,Rijau,10.987900006083992,5.3938999711643385,48,0,FALSE,750,418.49298095703125,69.7488301595052,236.8185833549296,39.46976389248827,FALSE,FALSE,FALSE,FALSE,FALSE,FALSE,FALSE,FALSE,FALSE,FALSE
idp_NG032004_5,New Host Communities,Angwan Magaji,Host Community,Durr,NC,Plateau,Jos East,9.88230000510424,9.24303996752893,25,0,FALSE,750,416.9947204589844,69.49912007649739,235.9707413485172,39.328456891419535,FALSE,FALSE,FALSE,FALSE,FALSE,FALSE,FALSE,FALSE,FALSE,FALSE
idp_NG023012_3,KO_H014,Otupe/Karara,IDPs dispersed in Host Communities,Lokoja E,NC,Kogi,Lokoja,7.934057000959456,6.764984969799576,39,0,FALSE,750,411.3166809082031,68.55278015136719,232.75762824068389,38.79293804011398,FALSE,FALSE,FALSE,FALSE,FALSE,FALSE,FALSE,FALSE,FALSE,FALSE
idp_NG032002_4,PL_H197,Zambang,IDPs dispersed in Host Communities,Lashel,NC,Plateau,Bassa,9.8748900049749,8.76089996796685,83,2,FALSE,750,411.0365295410156,68.50608825683594,232.59909499658843,38.76651583276474,FALSE,FALSE,FALSE,FALSE,FALSE,FALSE,FALSE,FALSE,FALSE,FALSE
idp_NG007011_4,BN_H304,Ayaga,IDPs dispersed in Host Communities,Mbadura,NC,Benue,Kwande,7.014181999371076,9.463212967384932,53,0,FALSE,750,397.1806335449219,66.19677225748698,224.7582617921599,37.459710298693324,FALSE,FALSE,FALSE,FALSE,FALSE,FALSE,FALSE,FALSE,FALSE,FALSE
idp_NG027021_5,NI_H016,Rafin Kada,IDPs dispersed in Host Communities,Warari,NC,Niger,Rijau,10.967359926021263,5.293249088256668,43,0,FALSE,750,396.4525146484375,66.07541910807292,224.34623078226088,37.39103846371015,FALSE,FALSE,FALSE,FALSE,FALSE,FALSE,FALSE,FALSE,FALSE,FALSE
idp_NG019020_9,KD_H067,Zange,IDPs dispersed in Host Communities,Gwantu,NW,Kaduna,Sanga,9.308501003818764,8.46035396822177,45,0,FALSE,750,394.10833740234375,65.684722900390625,223.01969781799647,37.169949636332746,FALSE,FALSE,FALSE,FALSE,FALSE,FALSE,FALSE,FALSE,FALSE,FALSE
idp_NG036006_1,YB_H138,Gurobomaye,Host Community,Ma'Anna/Dagambi,NE,Yobe,Geidam,12.76145001160207,11.846679965537666,28,3,FALSE,750,375.5841979980469,62.59736633300781,212.5371792305575,35.42286320509292,FALSE,FALSE,FALSE,FALSE,FALSE,FALSE,FALSE,FALSE,FALSE,FALSE
idp_NG019017_11,KD_H204,Kobon-Ka,IDPs dispersed in Host Communities,Abadawa,NW,Kaduna,Lere,10.3219010058363,8.785753967970152,131,0,FALSE,750,366.7882385253906,61.1313730875651,207.5596843707914,34.59328072846523,FALSE,FALSE,FALSE,FALSE,FALSE,FALSE,FALSE,FALSE,FALSE,FALSE
idp_NG021029_12,KT_H035,Unguwar Wanzamai,IDPs dispersed in Host Communities,Kurkujan 'B',NW,Katsina,Musawa,12.09502000872939,7.740690969122181,58,0,FALSE,750,366.0958251953125,61.015970865885414,207.16785857827708,34.527976429712844,FALSE,FALSE,FALSE,FALSE,FALSE,FALSE,FALSE,FALSE,FALSE,FALSE
idp_NG036017_13,YB_INT084,Usmanti,Integrated Sites,Guya,NE,Yobe,Yusufari,13.03552401186715,11.270347966096828,15,0,FALSE,750,365.6708679199219,60.94514465332031,206.92738195256584,34.487896992094306,FALSE,FALSE,FALSE,FALSE,FALSE,FALSE,FALSE,FALSE,FALSE,FALSE
idp_NG019022_2,KD_H264,Chibob,IDPs dispersed in Host Communities,Gora,NW,Kaduna,Zango-Kataf,9.926450004986426,8.394879968303588,19,1,FALSE,750,353.39923095703125,58.899871826171875,199.9830559704387,33.33050932840645,FALSE,FALSE,FALSE,FALSE,FALSE,FALSE,FALSE,FALSE,FALSE,FALSE
idp_NG008004_7,BO_H493,Nahuta,Host Community,Zara,NE,Borno,Bayo,10.68131000740958,11.79263996530656,7,0,FALSE,750,352.3680725097656,58.72801208496094,199.39953965401813,33.23325660900302,FALSE,FALSE,FALSE,FALSE,FALSE,FALSE,FALSE,FALSE,FALSE,FALSE
idp_NG036009_12,YB_H212,Zabudum,Host Community,Zabudum / Dachia,NE,Yobe,Jakusko,12.72388001110044,10.851049966409942,27,0,FALSE,750,343.00128173828125,57.16688028971354,194.09902035734513,32.34983672622418,FALSE,FALSE,FALSE,FALSE,FALSE,FALSE,FALSE,FALSE,FALSE,FALSE
idp_NG019014_15,KD_H134,Mai-Atile,IDPs Integrated,Kwassam,NW,Kaduna,Kauru,10.334298005714814,8.237811968471648,113,0,FALSE,750,341.0773010253906,56.8462168375651,193.01026998980728,32.16837833163455,FALSE,FALSE,FALSE,FALSE,FALSE,FALSE,FALSE,FALSE,FALSE,FALSE
idp_NG037004_5,ZF_H152,Sabon Pedi,IDPs dispersed in Host Communities,Gwashi,NW,Zamfara,Bukkuyum,11.85852000761774,5.7262199709573975,59,0,FALSE,750,341.0767517089844,56.84612528483073,193.00995914030906,32.16832652338484,FALSE,FALSE,FALSE,FALSE,FALSE,FALSE,FALSE,FALSE,FALSE,FALSE
idp_NG008006_15,BO_H085,Pemi B,Host Community,Pemi,NE,Borno,Chibok,10.777218007961949,12.916087964337796,39,1,FALSE,750,340.663330078125,56.7772216796875,192.7760103540606,32.1293350590101,FALSE,FALSE,FALSE,FALSE,FALSE,FALSE,FALSE,FALSE,FALSE,FALSE
idp_NG026001_9,NW_H103,Numa Sariki,IDPs dispersed in Host Communities,Ancho Nighaan,NC,Nasarawa,Akwanga,9.04381800330343,8.439206968237185,7,0,FALSE,750,330.345703125,55.0576171875,186.93742784537432,31.156237974229054,FALSE,FALSE,FALSE,FALSE,FALSE,FALSE,FALSE,FALSE,FALSE,FALSE
idp_NG002004_12,AD_H094,Chichera,Host Community,Ga'Anda,NE,Adamawa,Gombi,10.184170006547909,12.43640996470789,31,0,FALSE,750,329.81121826171875,54.968536376953125,186.63497128360007,31.10582854726668,FALSE,FALSE,FALSE,FALSE,FALSE,FALSE,FALSE,FALSE,FALSE,FALSE
idp_NG032008_2,PL_H224,Tor,IDPs dispersed in Host Communities,Nemel,NC,Plateau,Kanke,9.46599000435006,9.537239967246732,60,0,FALSE,750,310.79541015625,51.799235026041664,175.87422512583197,29.312370854305325,FALSE,FALSE,FALSE,FALSE,FALSE,FALSE,FALSE,FALSE,FALSE,FALSE
idp_NG007010_8,BN_H045,Tyotsar,IDPs dispersed in Host Communities,Mbaikyase,NC,Benue,Konshisha,7.097210999494729,8.638099968127598,79,0,FALSE,750,309.0220031738281,51.50366719563802,174.8706820596413,29.145113676606886,FALSE,FALSE,FALSE,FALSE,FALSE,FALSE,FALSE,FALSE,FALSE,FALSE
idp_NG026010_10,NW_INT046,Asko Lagba,IDPs Integrated,Nasarawa Eggon,NC,Nasarawa,Nasarawa-Eggon,8.68673000263212,8.578429968109864,7,1,FALSE,750,303.53509521484375,50.58918253580729,171.7657273077742,28.627621217962364,FALSE,FALSE,FALSE,FALSE,FALSE,FALSE,FALSE,FALSE,FALSE,FALSE
idp_NG002010_10,AD_H229,Market Square,Host Community,Shelmi / Sukur/ Vapura,NE,Adamawa,Madagali,10.755750008105675,13.512449963824311,88,1,FALSE,750,301.8120422363281,50.30200703938802,170.79067877892095,28.46511312982016,FALSE,FALSE,FALSE,FALSE,FALSE,FALSE,FALSE,FALSE,FALSE,FALSE
idp_NG008004_2,BO_H560,Gamajiko Sulbawa,Host Community,Briyel,NE,Borno,Bayo,10.370710006724607,11.660539965398309,10,0,FALSE,750,294.890380859375,49.148396809895836,166.87381967651973,27.812303279419954,FALSE,FALSE,FALSE,FALSE,FALSE,FALSE,FALSE,FALSE,FALSE,FALSE
idp_NG037013_1,ZF_H077,Sabuwar unguwa,IDPs dispersed in Host Communities,Danjibga/Kunchin-Kalgo,NW,Zamfara,Tsafe,11.898290008065857,6.831169969933796,59,0,FALSE,750,293.7338562011719,48.95564270019531,166.21936059683725,27.703226766139544,FALSE,FALSE,FALSE,FALSE,FALSE,FALSE,FALSE,FALSE,FALSE,FALSE
idp_NG007011_17,BN_H054,Phc Boagundu,IDPs dispersed in Host Communities,Mbadura,NC,Benue,Kwande,7.028631999403179,9.50973396734162,55,2,FALSE,750,284.104248046875,47.3507080078125,160.7701170846795,26.79501951411325,FALSE,FALSE,FALSE,FALSE,FALSE,FALSE,FALSE,FALSE,FALSE,FALSE
idp_NG002018_12,AD_H388,Lamurde,Host Community,Zumo,NE,Adamawa,Song,9.814970005867467,12.890419964295178,40,0,FALSE,750,279.68707275390625,46.61451212565104,158.27050719177507,26.378417865295845,FALSE,FALSE,FALSE,FALSE,FALSE,FALSE,FALSE,FALSE,FALSE,FALSE
idp_NG019014_6,New Integrated,Wuro-Jauro,IDPs Integrated,Kauru West,NW,Kaduna,Kauru,10.530243006043886,8.107476968605564,99,0,FALSE,750,261.5365905761719,43.58943176269531,147.99943534079634,24.666572556799387,FALSE,FALSE,FALSE,FALSE,FALSE,FALSE,FALSE,FALSE,FALSE,FALSE
idp_NG037005_1,ZF_H122,Barakalahu,IDPs dispersed in Host Communities,Rawayya/Bela,NW,Zamfara,Bungudu,12.299740008671838,6.653619970159371,136,0,FALSE,750,255.91908264160156,42.65318044026693,144.8205761207259,24.13676268678765,FALSE,FALSE,FALSE,FALSE,FALSE,FALSE,FALSE,FALSE,FALSE,FALSE
idp_NG032008_8,PL_H051,Dongha,IDPs dispersed in Host Communities,Kabwir/Gyangyang,NC,Plateau,Kanke,9.443690004332892,9.664769967130958,15,0,FALSE,750,248.76162719726563,41.46027119954427,140.770284871211,23.461714145201835,FALSE,FALSE,FALSE,FALSE,FALSE,FALSE,FALSE,FALSE,FALSE,FALSE
idp_NG036009_2,YB_H209,Jawur Lamba,Host Community,Jawur/Katamma,NE,Yobe,Jakusko,12.740280011161714,10.922389966349527,12,2,FALSE,750,248.11741638183594,41.35290273030599,140.40573612216605,23.400956020361008,FALSE,FALSE,FALSE,FALSE,FALSE,FALSE,FALSE,FALSE,FALSE,FALSE
idp_NG002014_12,AD_H311,Sabon Layi,Host Community,Digil,NE,Adamawa,Mubi North,10.328600007098215,13.272369963995995,148,0,FALSE,750,244.84329223632813,40.80721537272135,138.55296086152924,23.09216014358821,FALSE,FALSE,FALSE,FALSE,FALSE,FALSE,FALSE,FALSE,FALSE,FALSE
idp_NG021020_1,KT_H008,Runka,IDPs dispersed in Host Communities,Runka 'A',NW,Katsina,Kankia,12.45063000933616,7.730724969188121,65,0,FALSE,750,242.29537963867188,40.38256327311198,137.111137272256,22.851856212042666,FALSE,FALSE,FALSE,FALSE,FALSE,FALSE,FALSE,FALSE,FALSE,FALSE
idp_NG026013_7,NW_H124,Wayo Mare,IDPs dispersed in Host Communities,Wayo,NC,Nasarawa,Wamba,8.881260003016406,8.603099968086651,22,0,FALSE,750,234.20887756347656,39.034812927246094,132.5351131741575,22.08918552902625,FALSE,FALSE,FALSE,FALSE,FALSE,FALSE,FALSE,FALSE,FALSE,FALSE
idp_NG026008_6,NW_H071,Dungu Khaki,IDPs dispersed in Host Communities,Keffin/Wambai,NC,Nasarawa,Lafia,8.525063002295813,8.446531968232307,16,0,FALSE,750,229.61883544921875,38.269805908203125,129.9376806711029,21.656280111850485,FALSE,FALSE,FALSE,FALSE,FALSE,FALSE,FALSE,FALSE,FALSE,FALSE
idp_NG002002_13,AD_H484,Kohi Manga,Host Community,Mayo Ine,NE,Adamawa,Fufore,9.145980004276538,12.35286996474127,94,0,FALSE,750,225.1724853515625,37.52874755859375,127.42156121595934,21.23692686932656,FALSE,FALSE,FALSE,FALSE,FALSE,FALSE,FALSE,FALSE,FALSE,FALSE
idp_NG008004_9,BO_H460,Banbarkar,Host Community,Zara,NE,Borno,Bayo,10.668540007388136,11.8092499652909,8,0,FALSE,750,223.41317749023438,37.23552958170573,126.42599662022316,21.07099943670386,FALSE,FALSE,FALSE,FALSE,FALSE,FALSE,FALSE,FALSE,FALSE,FALSE
idp_NG026001_10,NW_H095,Anguwar Gbure,IDPs dispersed in Host Communities,Gudi,NC,Nasarawa,Akwanga,8.963449003111979,8.236137968422524,10,0,FALSE,750,210.30726623535156,35.05121103922526,119.00956796266475,19.834927993777455,FALSE,FALSE,FALSE,FALSE,FALSE,FALSE,FALSE,FALSE,FALSE,FALSE
idp_NG002011_3,AD_H247,Salma Galdi,Host Community,Manjekin,NE,Adamawa,Maiha,10.01804000636989,13.105799964119822,95,1,FALSE,750,209.20977783203125,34.86829630533854,118.38851656933333,19.73141942822222,FALSE,FALSE,FALSE,FALSE,FALSE,FALSE,FALSE,FALSE,FALSE,FALSE
idp_NG019012_17,KD_H254,Doka Avong,IDPs dispersed in Host Communities,Idon,NW,Kaduna,Kajuru,10.119236005229274,7.904989968763313,85,0,FALSE,750,207.1521759033203,34.52536265055338,117.22415206135196,19.53735867689199,FALSE,FALSE,FALSE,FALSE,FALSE,FALSE,FALSE,FALSE,FALSE,FALSE
idp_NG032001_8,PL_H276,Doruwa,IDPs dispersed in Host Communities,Bukuru,NC,Plateau,Barikin Ladi,9.77641000483463,8.974209967768214,33,0,FALSE,750,201.54803466796875,33.591339111328125,114.05285684573836,19.008809474289727,FALSE,FALSE,FALSE,FALSE,FALSE,FALSE,FALSE,FALSE,FALSE,FALSE
idp_NG002012_13,AD_H267,Tola,Host Community,Tola,NE,Adamawa,Mayo-Belwa,8.765940003364484,11.926819965111324,56,0,FALSE,750,194.8209228515625,32.47015380859375,110.24609027395898,18.37434837899316,FALSE,FALSE,FALSE,FALSE,FALSE,FALSE,FALSE,FALSE,FALSE,FALSE
idp_NG026013_9,NW_H123,Gbereji Konvah,IDPs dispersed in Host Communities,Konvah,NC,Nasarawa,Wamba,8.890970003041607,8.639279968053632,26,0,FALSE,750,187.59811401367188,31.26635233561198,106.15881656886343,17.693136094810573,FALSE,FALSE,FALSE,FALSE,FALSE,FALSE,FALSE,FALSE,FALSE,FALSE
idp_NG019017_12,KD_H352,Hayin Gada,IDPs dispersed in Host Communities,Abadawa,NW,Kaduna,Lere,10.259302805622086,8.421112768298807,63,0,FALSE,750,184.4583282470703,30.74305470784505,104.38206127995956,17.397010213326592,FALSE,FALSE,FALSE,FALSE,FALSE,FALSE,FALSE,FALSE,FALSE,FALSE
idp_NG026011_13,NW_REL005,Odobu,IDPs Relocated,Tudun Adabu,NC,Nasarawa,Obi,8.394340002097042,8.850609967866042,20,0,FALSE,750,172.1178436279297,28.686307271321613,97.39877549405472,16.23312924900912,FALSE,FALSE,FALSE,FALSE,FALSE,FALSE,FALSE,FALSE,FALSE,FALSE
idp_NG019020_11,PL_H310,COCIN LCC Kworos,IDPs dispersed in Host Communities,Barkin Ladin,NW,Kaduna,Sanga,9.325400003866418,8.535699968153278,39,0,FALSE,750,171.24252319335938,28.540420532226563,96.9034454533393,16.150574242223218,FALSE,FALSE,FALSE,FALSE,FALSE,FALSE,FALSE,FALSE,FALSE,FALSE
idp_NG027020_14,NI_H055,Angwan Bello,IDPs dispersed in Host Communities,Tegina Gari,NC,Niger,Rafi,10.346157855188787,6.111285965439383,65,0,FALSE,750,168.38607788085938,28.064346313476563,95.28702806256224,15.881171343760373,FALSE,FALSE,FALSE,FALSE,FALSE,FALSE,FALSE,FALSE,FALSE,FALSE
idp_NG026008_8,NW_H198,Ungwan Kasuwa Mada,IDPs dispersed in Host Communities,Deddere/Riri,NC,Nasarawa,Lafia,8.616110002485062,8.521529968162525,92,0,FALSE,750,161.080810546875,26.8468017578125,91.15309239389961,15.192182065649936,FALSE,FALSE,FALSE,FALSE,FALSE,FALSE,FALSE,FALSE,FALSE,FALSE
idp_NG002002_12,AD_H486,Rumde Shamki,Host Community,Bole Yolde Pate,NE,Adamawa,Fufore,9.11140210419608,12.32977036476092,101,0,FALSE,750,155.44320678710938,25.907201131184895,87.96286126301906,14.660476877169843,FALSE,FALSE,FALSE,FALSE,FALSE,FALSE,FALSE,FALSE,FALSE,FALSE
idp_NG019005_1,KD_H092,Unguwan Falke,IDPs dispersed in Host Communities,Rumi,NW,Kaduna,Ikara,11.402400257624064,8.073670544722566,12,2,FALSE,750,150.3982391357422,25.066373189290363,85.10799356718334,14.184665594530557,FALSE,FALSE,FALSE,FALSE,FALSE,FALSE,FALSE,FALSE,FALSE,FALSE
idp_NG036015_14,YB_INT071,Biriri,Integrated Sites,Biriri/Churokusko,NE,Yobe,Tarmua,12.06951001023285,11.807209965457217,29,0,FALSE,750,147.93475341796875,24.655792236328125,83.71394581884581,13.95232430314097,FALSE,FALSE,FALSE,FALSE,FALSE,FALSE,FALSE,FALSE,FALSE,FALSE
idp_NG002004_4,AD_H116,Sangere Garkuwa,Host Community,Tawa,NE,Adamawa,Gombi,10.071880006371137,12.675139964494225,51,0,FALSE,750,145.2506103515625,24.20843505859375,82.19503155401243,13.699171925668738,FALSE,FALSE,FALSE,FALSE,FALSE,FALSE,FALSE,FALSE,FALSE,FALSE
idp_NG002012_1,AD_H264,Anguwan Liman,Host Community,Mayo-Belwa,NE,Adamawa,Mayo-Belwa,9.089720004093104,12.05671996499878,64,0,FALSE,750,144.4510040283203,24.075167338053387,81.74254693580254,13.623757822633758,FALSE,FALSE,FALSE,FALSE,FALSE,FALSE,FALSE,FALSE,FALSE,FALSE
idp_NG002021_2,AD_H433,Kwanan Waya,Host Community,Namtari,NE,Adamawa,Yola South,9.327120004666064,12.324079964769538,142,0,FALSE,750,126.90391540527344,21.150652567545574,71.81292598920886,11.96882099820148,FALSE,FALSE,FALSE,FALSE,FALSE,FALSE,FALSE,FALSE,FALSE,FALSE
idp_NG020036_1,TR_INT005,Mallum,Integrated Sites,Sarkin Dutse,NW,Kano,Sumaila,11.29812000770018,8.88564496796833,118,1,FALSE,750,108.1572494506836,18.026208241780598,61.20448313350925,10.200747188918207,FALSE,FALSE,FALSE,FALSE,FALSE,FALSE,FALSE,FALSE,FALSE,FALSE
idp_NG020011_1,KN_H167,Tokarawa,IDPs dispersed in Host Communities,Kawaji,NW,Kano,Doguwa,11.08529000721593,8.603379968202372,9,0,FALSE,750,99.13969421386719,16.523282368977863,56.10159072268778,9.350265120447963,FALSE,FALSE,FALSE,FALSE,FALSE,FALSE,FALSE,FALSE,FALSE,FALSE
idp_NG027021_15,NI_H070,Jama Are,IDPs dispersed in Host Communities,Jama'Ake,NC,Niger,Rijau,11.097602506165714,5.052393071495902,42,0,FALSE,750,95.36885833740234,15.89480972290039,53.96773412063395,8.994622353438992,FALSE,FALSE,FALSE,FALSE,FALSE,FALSE,FALSE,FALSE,FALSE,FALSE
idp_NG002004_13,AD_H103,Anguwan Huji,Host Community,Gombi North,NE,Adamawa,Gombi,10.180950006484773,12.232639964884983,97,0,FALSE,750,94.18180847167969,15.696968078613281,53.296001307029215,8.88266688450487,FALSE,FALSE,FALSE,FALSE,FALSE,FALSE,FALSE,FALSE,FALSE,FALSE
idp_NG002007_1,AD_H127,Fadama Rake,Host Community,Bangshika,NE,Adamawa,Hong,10.227990006799432,12.997079964225776,7,0,FALSE,750,92.14678955078125,15.357798258463541,52.14441616730825,8.690736027884709,FALSE,FALSE,FALSE,FALSE,FALSE,FALSE,FALSE,FALSE,FALSE,FALSE
idp_NG034002_14,SO_H122,Anguwan Illela,IDPs dispersed in Host Communities,Bagarawa,NW,Sokoto,Bodinga,12.837080008984472,5.244859971567409,22,0,FALSE,750,84.24961853027344,14.041603088378906,47.67553152959844,7.945921921599739,FALSE,FALSE,FALSE,FALSE,FALSE,FALSE,FALSE,FALSE,FALSE,FALSE
idp_NG026011_9,NW_REL004,Tse-Agan,IDPs Relocated,Obi,NC,Nasarawa,Obi,8.341100001979934,8.767199967943263,59,0,FALSE,750,83.66991424560547,13.944985707600912,47.347486009824365,7.891247668304061,FALSE,FALSE,FALSE,FALSE,FALSE,FALSE,FALSE,FALSE,FALSE,FALSE
idp_NG027021_3,NI_H071,Ushe,IDPs dispersed in Host Communities,Ushe,NC,Niger,Rijau,10.835937285806455,5.303286492234738,47,0,FALSE,750,81.80149841308594,13.633583068847656,46.29017893250297,7.715029822083828,FALSE,FALSE,FALSE,FALSE,FALSE,FALSE,FALSE,FALSE,FALSE,FALSE
idp_NG002013_1,AD_H301,Delchim,Host Community,Sukumu / Tillijo,NE,Adamawa,Michika,10.54597000757615,13.281779964003976,40,0,FALSE,750,80.96356201171875,13.493927001953125,45.81600392708351,7.636000654513919,FALSE,FALSE,FALSE,FALSE,FALSE,FALSE,FALSE,FALSE,FALSE,FALSE
idp_NG036010_6,YB_INT026,Gasma,Integrated Sites,Gasma,NE,Yobe,Karasuwa,12.87472401139198,10.874723966416695,20,0,FALSE,750,77.52057647705078,12.920096079508463,43.867672667221115,7.311278777870185,FALSE,FALSE,FALSE,FALSE,FALSE,FALSE,FALSE,FALSE,FALSE,FALSE
idp_NG021032_9,KT_H424,Unguwar Yara,IDPs dispersed in Host Communities,Ajiwa,NW,Katsina,Safana,12.541000009353237,7.384299969522838,52,0,FALSE,750,71.50262451171875,11.917104085286459,40.46220848029781,6.7437014133829685,FALSE,FALSE,FALSE,FALSE,FALSE,FALSE,FALSE,FALSE,FALSE,FALSE
idp_NG027021_1,NI_H017,Guilvaivu,IDPs dispersed in Host Communities,Shambo,NC,Niger,Rijau,10.911972775897285,5.177922989359489,35,0,FALSE,750,68.576416015625,11.429402669270834,38.806313203246,6.467718867207667,FALSE,FALSE,FALSE,FALSE,FALSE,FALSE,FALSE,FALSE,FALSE,FALSE
idp_NG021008_1,KT_H429,Dantankari,IDPs dispersed in Host Communities,Dantankari,NW,Katsina,Dandume,11.308999007181011,7.215146969502568,64,0,FALSE,750,64.16991424560547,10.694985707600912,36.31274328878629,6.052123881464381,FALSE,FALSE,FALSE,FALSE,FALSE,FALSE,FALSE,FALSE,FALSE,FALSE
idp_NG027020_5,NI_H056,Angwan Usa,IDPs dispersed in Host Communities,Tegina Gari,NC,Niger,Rafi,10.326710155190035,6.250790833307968,71,0,FALSE,750,64.01800537109375,10.669667561848959,36.22678045046427,6.037796741744045,FALSE,FALSE,FALSE,FALSE,FALSE,FALSE,FALSE,FALSE,FALSE,FALSE
idp_NG021002_12,KT_H310,Gadar Nayelli,IDPs dispersed in Host Communities,Wakilin Kudu Iii,NW,Katsina,Batagarawa,12.963910010183342,7.689689969318219,47,0,FALSE,750,62.82634353637695,10.471057256062826,35.55243779628068,5.925406299380113,FALSE,FALSE,FALSE,FALSE,FALSE,FALSE,FALSE,FALSE,FALSE,FALSE
idp_NG032004_1,PL_H246,Zamkumkum,IDPs dispersed in Host Communities,Lipchok,NC,Plateau,Jos East,9.914195105142584,9.14400496762032,30,0,FALSE,750,56.985599517822266,9.497599919637045,32.24725279401437,5.374542132335728,FALSE,FALSE,FALSE,FALSE,FALSE,FALSE,FALSE,FALSE,FALSE,FALSE
idp_NG026002_7,NW_INT001,Ancho Shugbu,IDPs Integrated,Anchobaba,NC,Nasarawa,Awe,8.406962002151618,9.057597967677513,7,0,FALSE,750,43.98463821411133,7.330773035685222,24.890213660033755,4.1483689433389594,FALSE,FALSE,FALSE,FALSE,FALSE,FALSE,FALSE,FALSE,FALSE,FALSE
idp_NG034005_8,SO_H084,Gigane,IDPs dispersed in Host Communities,Gigane,NW,Sokoto,Gwadabawa,13.49124001000781,5.336099971613195,96,0,FALSE,750,42.484580993652344,7.080763498942058,24.041354916720916,4.006892486120153,FALSE,FALSE,FALSE,FALSE,FALSE,FALSE,FALSE,FALSE,FALSE,FALSE
idp_NG002009_13,AD_H191,Lamurde,Host Community,Lamurde,NE,Adamawa,Lamurde,9.61140000518112,11.891209965155625,58,0,FALSE,750,39.58000564575195,6.596667607625325,22.39770149733884,3.732950249556473,FALSE,FALSE,FALSE,FALSE,FALSE,FALSE,FALSE,FALSE,FALSE,FALSE
idp_NG026010_11,NW_H215,Abaagu,IDPs dispersed in Host Communities,Obi,NC,Nasarawa,Nasarawa-Eggon,8.73640000267876,8.266119968395158,54,0,FALSE,750,33.129390716552734,5.521565119425456,18.74740015702086,3.12456669283681,FALSE,FALSE,FALSE,FALSE,FALSE,FALSE,FALSE,FALSE,FALSE,FALSE
idp_NG032017_5,PL_H112,Angwan Corner,IDPs dispersed in Host Communities,Kwampem,NC,Plateau,Wase,9.182714003871958,9.98032026684122,40,1,FALSE,750,31.960172653198242,5.326695442199707,18.08575807938459,3.014293013230765,FALSE,FALSE,FALSE,FALSE,FALSE,FALSE,FALSE,FALSE,FALSE,FALSE
idp_NG021032_1,KT_H486,Yar' Rimaye,IDPs dispersed in Host Communities,Barawa,NW,Katsina,Safana,12.534000009301485,7.282299969615843,47,1,FALSE,750,20.27103042602539,3.378505071004232,11.471056689308979,1.9118427815514965,FALSE,FALSE,FALSE,FALSE,FALSE,FALSE,FALSE,FALSE,FALSE,FALSE
idp_NG002003_1,KN_H214,Tsamiyar Boka,IDPs dispersed in Host Communities,Hotoro North,NE,Adamawa,Ganye,8.598270003009535,11.987359965059726,11,0,FALSE,750,10.410099983215332,1.735016663869222,5.890911539234051,0.9818185898723418,FALSE,FALSE,FALSE,FALSE,FALSE,FALSE,FALSE,FALSE,FALSE,FALSE
idp_NG008027_9,BO_H531,Anguwan Lawan,Host Community,Bargu / Burashika,NE,Borno,Shani,10.090400006224971,11.985209965095608,15,0,FALSE,750,6.879828453063965,1.1466380755106609,3.893186509971192,0.648864418328532,FALSE,FALSE,FALSE,FALSE,FALSE,FALSE,FALSE,FALSE,FALSE,FALSE
idp_NG037009_1,ZF_H131,Rini Town,IDPs dispersed in Host Communities,Rini,NW,Zamfara,Maradun,12.888800009382985,6.041889970831552,126,0,FALSE,750,5.088271141052246,0.8480451901753744,2.879372458276635,0.4798954097127725,FALSE,FALSE,FALSE,FALSE,FALSE,FALSE,FALSE,FALSE,FALSE,FALSE
idp_NG026010_2,NW_H205,Tudun Adabu,IDPs dispersed in Host Communities,Tudun Adabu,NC,Nasarawa,Nasarawa-Eggon,8.73475000269958,8.415079968258812,106,1,FALSE,750,3.444079875946045,0.5740133126576742,1.9489505303471457,0.324825088391191,FALSE,FALSE,FALSE,FALSE,FALSE,FALSE,FALSE,FALSE,FALSE,FALSE
idp_NG020041_1,TR_INT006,Anguwan Badi,Integrated Sites,Sunkani,NW,Kano,Tudun Wada,11.250920007551558,8.69704996813481,72,0,FALSE,750,0.7818310260772705,0.13030517101287842,0.4424258576455329,0.07373764294092215,FALSE,FALSE,FALSE,FALSE,FALSE,FALSE,FALSE,FALSE,FALSE,FALSE
idp_NG026002_14,NW_INT003,Ung. Tiv,IDPs Integrated,Azara,NC,Nasarawa,Awe,8.258178001878981,9.24204996751378,64,0,FALSE,750,0,0,0,0,FALSE,FALSE,FALSE,FALSE,FALSE,FALSE,FALSE,FALSE,FALSE,FALSE
